TEMP,PR,PET,RH,WS,GHI,SM,ST,DEM,SLP,Pre_NDVI,PV_Area,AI
9.97255707568114,418.5181394883118,1024.088198640573,45.93454132912855,2.524793207570344,1519.430937808042,9.139207970552972,1.015374052152565,990.3726313225328,4.788932986947944,0.2270085297944176,2.224435584,0.3894153186644652
7.957009085861918,186.2640836039365,1108.98404064822,37.24648282721104,3.041359851437211,1709.005004882812,0.807252738145289,1.135256143939722,1021.807170991994,0.0701080853931209,0.1346497105868337,0.308354623,0.1437794885796819
2.236453396960388,302.3703224644988,842.9335939190431,47.08023465264466,3.277560984292798,1504.864197945871,2.312449533933083,0.567573639597102,932.2827810421652,1.728045613806673,0.1556423753088126,0.782688079,0.3714950377196952
2.310758251420564,301.99910467349,843.7572819337922,46.56012897116343,3.290428193726584,1506.665930364265,2.312806008306446,0.5265234496596738,938.5151522962968,2.896938596957999,0.1497735497149925,0.57028056,0.3696186450769994
9.131214132681997,430.0002792869694,988.190836035538,49.23646660597355,2.511474989106182,1497.38381220001,4.501840437221228,0.9972935785763792,561.5971199151995,4.401077431956599,0.2546244546103834,0.679934316,0.4265008914511214
4.840991835093528,263.7500410269498,1008.499843986183,40.41562176212588,3.658862369058087,1714.215215672982,2.07863661258859,0.9558248194340384,1538.125135808762,0.6598786822374304,0.1677759792242352,0.458062128,0.213665066751107
11.05791873529652,460.9949248801462,1050.178541384792,46.20133582548845,2.349209359881548,1498.427522380736,11.30208842802418,1.113468622928898,851.6451994675368,4.583914398398888,0.1570169360130591,0.940367507,0.4176507525779953
5.334376791233846,260.6782435489388,1016.001036070168,40.86928640712563,3.494909949301402,1682.30017104834,2.189655418128394,0.9524994938940164,1443.052217112669,1.030699039497472,0.1697921952020201,0.46043557,0.2186456466291378
8.280368948381746,424.9705270344488,952.8728205851068,49.53906154250116,2.603436258882299,1506.658135435944,5.737997155982053,0.9033059393662156,675.2006530624808,4.039576617696007,0.4033883472409118,0.409184767,0.4253371987755628
1.19764430512211,234.3204218641904,832.3189110645299,53.3169961876748,3.482677069754561,1469.382086277673,2.204095886238323,0.5558904911863085,551.5780730575138,1.078354571000029,0.1909906677337785,0.799345828,0.3095785235741858
1.145170734877882,233.0202540768108,831.1166028177009,53.63371106471296,3.48479211208593,1467.57411980701,2.197277207070915,0.5807736495216188,564.8171173442897,1.062231723933341,0.1660908353395219,0.682822303,0.3049893605679775
6.527039949860326,362.1742554745883,922.3978736776309,46.78749933400492,2.676624092681131,2094.124304633912,6.848875320675258,1.046651381795594,3561.418733951993,2.966695570982951,0.1557851812906264,0.366979663,0.2840462452738575
7.084575817031208,302.3093709640766,1002.538387821531,42.69638278041875,2.734549369605157,1643.221325707576,2.284789088923677,1.027941132388428,1072.048130813329,0.5338148157844795,0.2562255044056095,0.474807209,0.2565420004241323
9.47781055546896,124.6653025818168,1232.61611583927,32.91364328628159,3.100302555587046,1723.324030187342,0.2501360659775646,1.284792130982498,1041.312180434312,0.0870409842232095,0.131647834240392,0.749561613,0.0912725836235866
6.171607490834252,359.9860583158961,899.7796214833841,46.98327698653204,2.714784284088615,2086.18860778182,7.259347861950822,0.9588129202659192,3566.454226766034,1.933960178030785,0.1558066050326464,0.416983689,0.2863539898738075
5.006095144874427,368.7707650723042,937.1035246890732,41.95686692596114,3.609064563904048,1624.594392822721,2.683239308707737,0.6620663487061208,1561.209615832815,0.9529623262045268,0.2523580351249717,1.489001358,0.337358869391569
5.127483589755037,344.1625653994963,943.4289849860304,41.64256029451424,3.502952288173778,1624.15229920157,2.22513937892596,0.7260305678580447,1490.993584416914,2.438717528557896,0.2659624687192993,0.296882813,0.3157244918833939
8.262472971419177,363.6309973528325,1017.174166939957,44.41344278658635,2.732999632392352,1608.887384608208,1.944724580055193,1.017093678801539,1002.716023961067,0.1657178674458627,0.1597993526261204,1.147489321,0.3183091079483571
5.464284112729999,352.3147497080053,946.2475714475815,41.97801477761696,3.371350882445828,1635.839865836652,2.447989092504224,0.781850235003094,1494.631671780411,2.025154465443555,0.2176785511080884,1.33202898,0.3133587641551466
7.357427736105407,347.1567511268604,991.915856332418,41.80968465912977,3.031581128379687,1614.048146693858,2.749889925644196,0.9568643932935272,1126.647359340342,3.153557590338544,0.2079419570971026,1.293541483,0.2991038445195472
5.598118252872231,416.3296714149278,884.3774779051579,42.57286567247107,2.688144661078915,2165.227477016828,10.10302713646233,0.820999552989011,3868.577703715949,1.204682202168661,0.2119779118284776,0.513589185,0.3446264705357301
6.806640116572363,398.4019071810685,954.1163149563592,43.22353007295406,3.16704495490473,1615.156096801988,4.006657093640021,0.8418620763131912,1229.583745560466,4.550313651764219,0.2341434510005503,1.480707492,0.3537028626192576
8.534086414262907,143.6308841593066,1146.665750591144,35.67543154500279,3.101214925808903,1718.728146876048,0.3455003534773739,1.16461835706578,1033.597166904421,0.1098310354653137,0.1762847163715033,0.275532893,0.0996149699853085
6.30461716654758,617.43396924507,863.469489952129,36.36763900637096,2.419520889645375,1680.882550024903,33.5669617486307,0.6078831806599455,3516.5972563671,4.528243312401299,0.2967113002508195,1.007059656,0.6023622928605178
8.418171951188645,340.4085992106728,1033.263525761912,42.49100412515549,2.727983920810046,1585.909746967782,2.33791355072683,1.02395911985946,930.2611948298916,3.471262242490796,0.2013347420542151,0.441391614,0.2963940926748369
9.028192448638402,428.2511191473048,1018.285810970172,44.46507291455705,2.504133135810046,1614.634643393399,9.24213341211835,0.9996435596192804,1466.61695196968,2.093791524654113,0.2316346486870449,1.909000552,0.3458592315727876
7.177916734356261,345.7444896361578,983.678787046896,41.3700564672873,3.095274880298033,1604.441201035139,2.938841248743969,0.9501324334511688,1134.903775475608,5.251285001701271,0.2229728514461762,0.614276108,0.2989381683663663
8.99281997058142,291.7659242551902,1052.265045300447,43.36722096892015,2.604118631602957,1671.442859056,3.335837785760091,1.144912976282327,1457.99341662955,0.5844132670028651,0.1443970985583698,0.625373783,0.2473296824881495
14.8331022621268,905.026095491548,1072.197243577398,67.0168811573529,2.137561258572405,1536.103471176547,35.43803808910248,1.32625201959399,2077.407505766568,6.455197713322167,0.4019348305234788,0.41403955,0.936715164268052
8.330811503565716,397.3339667023732,1029.169528465662,41.68953304501435,2.53677823243907,1630.024824007571,4.151320253638621,0.989601944454977,1299.39732488368,3.079168109476266,0.2435071642272937,0.327836752,0.3320146192357823
9.53673834843278,432.3428555276988,1065.56860255703,41.38302699257894,2.46560538648681,1614.866253316497,6.782817422384682,0.9835578068764492,1484.840378170137,2.472214603778445,0.1952280880073245,2.063989142,0.3415282145533914
8.963050675858529,292.459173224874,1050.906528471244,43.39212583088798,2.605183209739797,1670.712216816067,3.343151105012213,1.112204434591,1477.190325106658,1.135287306468625,0.1397847779808777,1.526575962,0.2469347025153176
9.353680682244038,377.9707950975653,1018.007654457942,45.88311523363019,2.404973061490456,1614.72201308836,7.506377694487083,1.071736551916138,1390.232408288263,0.2411490281907869,0.2234532960553194,0.563202538,0.3173383845732919
8.290722916839073,399.4580928593574,1026.411087931011,41.82644584248251,2.531997623617093,1631.808321841624,4.213587540023401,0.98883704954179,1325.466545419168,2.283633170563552,0.2414110461956118,2.621161234,0.3275965636269159
7.979729623476109,161.2942726698556,1121.18297820541,56.7265934085418,2.468031344973479,1420.88637604274,1.39743912902306,1.262360620261262,359.0868061731776,0.1503154350117218,0.2023874917494376,0.486476325,0.1107341911225261
6.363127519386985,271.1116937275041,986.3554625028396,42.716038640005,2.950058136170913,1623.58472212767,1.972363682623189,0.9136163312137624,1217.897891509227,1.527402909354708,0.2210947953980099,0.463458167,0.2410471274052018
13.91821671379218,512.9657514735902,1103.818480866663,50.34074519943559,2.07610635398119,1396.144551209216,15.84831105198149,1.435623407746077,197.2612574434109,3.860440704353148,0.3200072062478382,0.38005435,0.4373843969753228
6.57993392947874,375.597441260342,967.123944994302,43.1233055797483,3.080415771287864,1611.696282364057,2.81073995307539,0.8196167040667445,1406.97077389934,4.516194967780848,0.2485909279238639,0.776507878,0.3456022652167691
4.64263207232742,353.6015504067772,939.6823024524012,43.24015181567356,3.465689938180762,1633.389594561405,1.987681324555948,0.7524108740106706,1369.222019459859,0.1036155494689587,0.1930833028472268,0.337399592,0.3087120634458972
5.311325179947305,390.8293368436998,904.9888721872148,45.37886606630011,3.245330977535303,1621.603581790088,2.897336155050204,0.7640491408259464,1524.131378932285,2.506910167363748,0.2505588197970589,0.836090489,0.3685751485939175
7.284973616736865,362.2490223074998,1003.481634241813,41.68280443722601,3.003953212314896,1615.848523571899,2.242959977038232,0.8459147270785566,1319.319077546284,1.773876621843571,0.2207290728678524,0.545931005,0.3235811251386444
13.10015190106731,419.6869120026947,1113.751360075542,45.50270774930518,2.207459163240297,1426.287325969222,2.174146962592391,1.34137316452889,304.7439494513816,3.179791437046867,0.3097342223026225,1.174251873,0.3668404976701431
5.899432105948776,352.9556512798172,938.103010002962,43.81409939753555,3.152204167653803,1589.295951177542,3.215266771900314,0.8610950391238628,1331.410496172642,2.097413366952954,0.2517170499811705,0.83801934,0.3163925701533756
5.563117692871538,318.4282616505623,965.8303786758244,40.64074772133877,3.400199363226311,1635.973841787915,1.97591185310064,0.818908863355674,1426.655814242582,0.5397840710734626,0.2032109476392782,1.010001769,0.2903054695450399
6.615978081844212,377.6623560132702,961.4384635375924,42.76263887550182,3.116191295724847,1615.913550327945,2.763521630257921,0.783772814770913,1460.825897578258,4.065124755950968,0.23772637351023,1.00119679,0.3466033051312536
8.561323465785891,361.9635956016791,1025.798018923445,43.10481754386724,2.69344021229663,1591.968916363391,2.396913318139303,1.050371944287007,843.8450330306525,0.2948540695956414,0.1953697197126318,0.396778528,0.3161381694866421
8.523273135526447,362.1169967804282,1022.306754787465,43.17840681174495,2.697008578175633,1590.28028877212,2.516748041332215,1.062610257549443,841.6390542125649,0.2371262079540742,0.1816342364561084,0.681174218,0.30994528749853
2.320252205472528,309.9623208589952,678.0544326216251,40.0572409405753,3.154274460774849,1952.849891492046,4.88285187332211,0.5979051241298845,4486.627180346789,0.7030728389726435,0.1727219785513281,0.563105329,0.2615726439861937
13.98096346487883,593.2000625437909,1117.557050397369,49.49820210329377,2.119600792064459,1374.619053157296,23.07718844264843,1.257271630443952,483.7798830367763,7.44359513027666,0.3412373862197683,0.606843967,0.4982078107791399
5.235642953255416,346.0638395186667,951.7509150773584,42.13295601070824,3.385128949892311,1624.328667376395,2.485634313276341,0.7845051475974615,1339.19567185009,0.0899652046616959,0.2238261718616221,0.425621516,0.3071524531938189
5.772188601969454,376.6643425829382,902.432535693313,39.35330592830055,2.750660833153548,1928.92926949068,8.002476021740748,0.8163683802586889,3748.296354987714,5.6446038239237,0.2103630739359678,0.362274541,0.3025362417030791
7.66425380318593,360.6483364079257,996.2856947124856,42.66083024765541,2.892962229046488,1590.598845972458,2.627232474541077,0.899404187625036,1086.048761115993,7.165017760955946,0.2133086042504581,0.491439996,0.3154281118600206
5.673342909733728,354.6486201165968,861.7969666819097,45.25934899404024,2.650397783345442,1891.586274070475,5.697313432793713,0.8843863879680721,3645.686446251316,1.427669171935503,0.2758665367486104,0.431427825,0.2839041412284132
5.065100928950699,348.2449419187491,949.7914620144452,42.37623998292541,3.406370104424384,1628.464939959637,2.242244230172678,0.7830924342755439,1350.335471413352,0.5392033678773747,0.2663725271842288,0.455316862,0.3052999934147566
6.010979396047264,443.5853458637133,914.994435312185,46.4523392350491,3.022269879028692,1620.733650109005,6.122361093885212,0.8793585156900103,1450.407764845292,1.054753041648123,0.2797601562681597,0.268502278,0.4147474250126607
4.871139368143964,259.7331073073097,1003.376569178747,41.37242518085669,3.544298471503253,1629.198530606725,1.179354256698184,0.8549536302866445,1217.351147365081,0.3603794915982839,0.206744916069037,0.602873101,0.2347235456816452
7.093902435773463,380.7386234777857,972.8596441890091,43.34985552724887,3.082126531652581,1597.27167558846,3.731681777435862,0.7750555063094268,1366.245187287841,6.794758100096378,0.2619704856643322,0.409604513,0.3586356147050386
3.046008581147499,371.8730164958821,848.0711616166262,51.76619393423669,3.338261782606672,1580.031748235816,3.04410671962698,0.6280600845198708,1304.442416931289,0.7153781697099101,0.2904772843508665,0.571115001,0.4215201969003858
6.422207909006556,420.9155294684808,941.3270449405612,40.47921412406856,2.649646521991503,1910.214290927961,10.39477777375897,0.8737843891256654,3701.226960981332,5.345687334508971,0.195954878710116,0.561541353,0.3265200979930929
3.311888891326787,351.8874185193517,803.6231582850999,41.96094839784652,2.755746890898409,1774.384734939742,1.672285493929914,0.6395470340732868,3003.069146862658,0.4504397649705158,0.1765043784844192,0.719271934,0.2930258444495634
5.140727585375321,347.7181459001439,949.7051472758768,42.3285224033317,3.377548106260654,1625.146215848505,2.275830250587144,0.7900000095367433,1338.443693729251,0.1799772850568377,0.2481894989976948,0.319911564,0.308036304258841
5.14644421795041,348.0963803573699,950.197894782064,42.28921239690863,3.379805879278193,1624.919998047351,2.356919965515088,0.7947483660968482,1337.00658538466,0.1949998039286162,0.2573838813069025,1.132301046,0.3087334507848047
5.248142644491371,404.4642371953912,902.6686576600296,45.7521113158267,3.233499743829016,1627.865296576433,3.355250081937402,0.7901967082806813,1512.51231959192,3.711277847222037,0.2436736805374867,0.384460142,0.3853762308448717
3.027512849400962,352.365845063885,786.4192240160437,42.53062403758631,2.733993670596005,1754.709492517928,1.606124528060291,0.6104882001520392,3033.796911203409,0.6082708281322842,0.2264569272963671,3.889450482,0.296378915188832
6.468975795573122,303.181739527322,803.4077084961219,56.31085269396837,2.373763804762897,1616.370045915151,5.056554514468261,0.8645446654092794,2007.874694973449,4.377971839348645,0.1564608575400352,0.391047497,0.3073211676397179
9.302221934630174,282.182843822306,970.8768133895992,49.73906038620516,2.211373819063206,1635.384777871536,2.635085757186947,1.145308474682466,1519.717028690078,3.148686196389231,0.1339675873377887,0.306761771,0.2583857784686903
4.130194505158175,414.6711502472939,781.1674652665777,42.42643279635983,2.92080660758875,1863.816924462316,18.15431150282804,0.7471561177114178,3875.469356946006,7.423144052612733,0.2466338801703003,0.690632998,0.3391879329569555
3.3599080028419,518.9566549814875,694.9131723383011,53.25822921661157,2.537142203662885,1654.782864329962,25.23351595505214,0.4512906877505169,2872.389338138629,15.13395584774601,0.2366673369509308,1.477645472,0.5193595462403826
7.071565399564183,300.1518980256462,844.7351642458319,55.28826066096151,2.318504399301157,1615.245967668668,4.479582945184362,0.8481996171745243,2012.540854266024,3.763337700195378,0.1506677015752468,0.50094468,0.3057703248432133
8.375037312269058,286.2594092457184,914.0722076665008,53.17608908666308,2.182632635977958,1610.895660638544,3.136305314052898,0.9382098319188008,1819.885576705337,3.305764739705468,0.1883629535980065,0.350179719,0.2836100796406221
4.97594196276736,417.6933227575778,846.6771636935315,41.35010659553986,2.817362935659409,1962.202302703686,13.77796029091074,0.7699191568931609,3887.386341989776,6.786960899838046,0.2984650918589013,0.381806931,0.3288835696082974
10.83090747833874,975.0777686216804,896.1636309533936,68.29132889753849,2.258430153662201,1300.321019381413,35.57803901297252,0.8201817064096611,2444.198292220612,8.66655153214739,0.5338307314029976,0.397412897,1.219154308909518
5.601749190186069,389.1488009600308,881.2573747630943,41.67154543837324,2.659693668365824,2192.149448120791,12.1532145955594,0.869725507382353,3848.573910314514,2.217725388207045,0.1796265250599593,0.46610169,0.3063938058167351
4.950844696285975,363.0834191662173,947.2147762678954,42.94586509127648,3.397726478733428,1629.656816241706,2.335621969581186,0.7613872524758714,1357.593420216866,0.1958444672224149,0.2533045631817857,0.453320328,0.3239461566744592
9.288334673389652,251.632652787191,998.0380049045554,47.59663499629416,2.3039730986928,1648.227525821567,1.729915202506425,1.128967247757719,1551.175071710362,1.504810279126775,0.1553953772441011,1.513359613,0.2227784619047151
7.694256637046138,376.275657233719,999.5730138217864,43.35284249181269,2.945120306093211,1598.908987443077,2.862966781838096,0.9284912412743792,1218.265880216167,4.095208626242808,0.2362962537298583,1.049326328,0.3439692878975129
3.653701680135957,296.4036082200293,920.6210894702134,42.30300130665672,3.833924609490913,1656.744428769331,1.684523639229734,0.7626968033694882,1696.061527469435,0.3710276158694571,0.2237003732257228,0.646278677,0.282820456490449
8.72672668301668,885.4720223587718,845.6687453474768,66.38965175550996,2.637060034873134,1531.119935570694,45.22217889090825,0.7567322604306381,2917.963943650612,6.017733343182458,0.5145776666269521,0.393291803,1.007244991528566
4.994327472052107,363.0626997947286,947.3441090641472,42.5622943430146,3.436302717903131,1629.71714730376,2.369482657937974,0.7663698225221584,1371.359113305728,0.5918176408538893,0.25080080629176,0.411634283,0.3235413969774471
5.223650614143159,344.3356365826553,952.3533296214129,42.1158662994572,3.383514007979025,1627.082617115935,2.512032614993757,0.7993252418871517,1336.399725436366,0.1442327702432724,0.2588699171067992,1.756553541,0.3065968373883187
5.47797889028623,347.397396565248,954.0906869577792,41.684727731608,3.415600746719458,1626.116064431259,2.586896122052112,0.7986376187436256,1364.935104677616,0.1468700027639573,0.2445173681222321,0.411918862,0.3044580396285616
7.870505435398932,400.8918991929679,989.1850203663754,44.09872035969656,2.834734217311253,1541.530840087784,3.65497522087859,0.9550177702287568,1000.295115621035,1.496400938448699,0.2113883091869486,3.498711329,0.3596780160041149
5.232393592912075,329.3659008394332,956.2426053424664,41.67132273187629,3.476882489976826,1629.628542652274,1.982108236871915,0.8117409765648733,1354.001927715694,0.4651471239552538,0.2623665269696273,0.809407152,0.2906569570999827
4.777670270089576,375.9761498881483,942.3850526547676,43.16557588093288,3.424808506898593,1623.724497543752,2.481279652914602,0.7295749634870307,1383.978847314322,0.1461448408987981,0.2552136923819822,1.431502013,0.3350029382656977
8.496948289267475,361.6671827696909,1020.879102322545,43.24332684811664,2.697612363277631,1589.510068366761,2.569174693887548,1.056389986933367,840.2886935109224,0.3548225003233316,0.1785536862045403,1.356206729,0.3065250786805938
5.502619111800628,354.1902634837826,945.7454867095596,42.11647646200302,3.352573181585027,1634.453105831107,2.543451380744108,0.7950201046440323,1500.398127644607,1.579842193746268,0.2297770981308316,0.448630803,0.3229679751466229
9.023808571413907,269.2899782170214,1072.875535785578,42.81636201471608,2.653813603275367,1637.179970409737,2.826698013564862,1.135713701224318,1429.890412660525,0.4216886491116259,0.1515214623081971,0.449491441,0.2155313176323091
9.78319751313337,197.6828075346588,1109.444432592481,40.2254061244623,2.549984100290079,1682.493742475038,0.4872478419503097,1.282256370032465,1267.658544272071,1.089543209936076,0.1266446350036684,0.81066797,0.1523147112319087
9.752246537623163,197.924652997724,1109.951172043914,40.19559227730901,2.559672562075645,1684.937808211132,0.4872715214572969,1.303671320861586,1275.269312704763,1.153411941460903,0.1268157889732769,0.281602788,0.1517387687259508
9.495030660951606,289.8811114366579,1015.581013214817,45.86730010498374,2.364636667257578,1660.355553111573,2.943738396219474,1.166720015813322,1433.915790752823,0.7600164988857466,0.1659994797938745,0.431547857,0.2581664184874471
3.861358302682897,245.0177377586921,869.3551106172016,37.34079756006568,2.823779406793954,1776.711135388049,1.968504329283471,0.7698482350649526,2952.367576622596,0.3967623965176946,0.1324538623240261,0.444512959,0.1790757250226756
13.48210613023984,63.09567491643529,1129.035115241477,43.74556412169008,1.490001198180897,1492.776977539062,0.5118486694470278,1.438450073062624,1182.60831618483,0.0920793119594741,0.1531712997204954,0.415125605,0.0417373740214988
3.680159821106649,415.9523405270788,780.1285197705473,45.01192472322886,2.551109764626626,1787.125653006814,2.302105121361294,0.6271703397714922,2952.579195763454,1.000378877597557,0.1587515185069323,0.767054259,0.3624848610818592
4.541227799884121,376.8425123059706,901.7858088924614,46.70370572539876,3.357004094666734,1487.165698022241,5.829404092523376,0.7306513892533588,369.9217768488704,2.624211767571714,0.2867935093129206,0.469026167,0.4029689721529404
9.47517013478207,295.7092075447219,1011.350215823919,45.67832622676223,2.347031732279893,1658.371702989453,3.222353907288764,1.125541637293425,1413.164703696232,1.469148356064746,0.1563606115130168,0.725260224,0.2492678004179007
9.50323900154778,288.3339426777427,1017.601033860848,46.00814934201979,2.370806800878605,1661.629632114998,2.897961328679921,1.140410534061494,1411.226190219268,1.235643680679287,0.169123532785467,1.268184049,0.2565007958282831
3.973682460660364,404.0912036214872,812.4825739291755,43.8945939099055,2.64394796111988,1794.36991668127,1.97741419444021,0.6992080851452439,2921.317139307842,0.1339339154182741,0.1015869048581002,0.691011796,0.3367121613980782
3.561274793318068,318.3226363700423,901.0081298405456,46.74233766272161,3.393193308694012,1606.478167527722,1.707945801842429,0.7324769013392373,1326.319536306902,0.3001477282120677,0.2338916738115094,1.066739541,0.3316177982871512
5.995327652907768,376.9830873666479,971.5810920970569,49.0352298613258,3.589698986847223,1495.354910844134,5.159664170457483,0.9309491307382296,138.7993740044861,0.0587135961363206,0.2067382839129271,0.466172401,0.3644490782594034
8.787093781740191,362.4974660176584,896.5560228276859,56.22753016654741,2.105897284427418,1598.437091329823,7.04848147050747,0.9105259389094252,1733.184915932303,3.900693007861156,0.2023047087072427,0.604182983,0.3656097676842326
9.508863627677236,288.1021036768821,1016.238018893226,45.76975840407689,2.361392241208138,1664.02762842759,2.873924040790402,1.145024282704827,1404.618698069446,0.9131729165152476,0.1640972659643799,0.877852028,0.2556099933855561
9.44485043584337,335.9694901891705,1047.453930239703,45.12905613036735,2.446474667045883,1620.561614252768,5.58350372233865,1.129975366634429,1343.255377173621,0.2318342631992715,0.2129534837927476,1.050470089,0.271729208494092
4.013235587228565,405.7169117266819,814.049223592194,43.8095530204855,2.628693094829883,1791.216021111255,2.030334851701645,0.6704314039475687,2922.224696776398,0.217607422799742,0.1557991076168591,3.163468365,0.3385447784054212
4.957432849952173,212.2880590254596,1008.551600316286,41.42213732749524,3.581943041771662,1670.181867477857,1.204269174176552,0.9162075940284112,1430.87148538207,0.5699086515108329,0.2054648827146363,2.554101736,0.1900951809794299
6.483744948834437,158.2794472001606,1103.83115760116,36.26499372210032,3.769022692382419,1736.973717952379,1.62227108654944,1.180088749957857,1345.454835792824,0.5822352072339471,0.1252491037267179,0.466877492,0.1145955734034826
5.561890310913036,223.0353565575386,1047.438261915753,37.56556483691356,3.791468867666294,1706.741814585432,1.595180076570901,0.9943074777074484,1475.082875706812,1.145089366540584,0.1543446783251554,0.561208667,0.174410214547314
4.35147017117807,328.2311405732336,930.784959089024,42.37424533592525,3.586203982248056,1639.563744886322,2.288141675147382,0.6458883746434397,1729.048303309231,4.316319401377087,0.2633633404968785,0.389944459,0.3068405821352915
2.250810898833316,343.9566169967792,848.5002913176531,44.61030684456184,4.120083539384575,1637.689629336262,4.643706815485793,0.4354761111137827,2026.298413537761,1.466899920398103,0.3476395165557057,0.290561191,0.3515961716844426
9.441206453611272,336.5071133774879,1046.205448312822,45.23703560906392,2.443465492107005,1617.416668125019,5.642897667543388,1.129162015363152,1347.250940144754,0.2275991579472505,0.2335200552403392,0.380117481,0.2693233906652893
13.4340737455483,57.12680403481239,1119.092713676048,42.97967155186985,1.490065655446407,1501.506897821103,0.5431622146672667,1.442380081401358,1173.573420016688,0.1278777489491122,0.1622380092902501,0.88282506,0.0410710857073678
9.441174544937985,337.7904905269693,1044.666770247147,45.30447607603767,2.441439386636662,1615.900895137897,5.716975626252914,1.124366253055868,1349.457677893862,0.1603510099601491,0.2214803302921309,0.56927599,0.2734807428339769
0.7350779339385345,377.1626055561941,669.4095947150579,44.70041905400961,3.11153788950369,1781.907882619761,7.954957591293965,0.7071700234371352,3291.914035928939,1.0576762515288,0.2770217838577797,1.105948497,0.3266436400928845
9.513003600271809,294.9098807366481,1013.997460205764,45.94680374881022,2.344212159232934,1656.784940126598,3.152473571500362,1.16327755496718,1406.643458912312,0.8412956393862911,0.1543497890755362,0.363245451,0.2662448668919103
0.7033580606362411,376.0206417112074,667.7437920463522,44.70161714691386,3.105038791368417,1780.812014623745,7.929962100989615,0.7152283670573245,3294.875115836678,1.492482876606337,0.2860516102576888,1.177178498,0.3240985910998904
9.400119291603692,244.6105667848195,1030.921757920774,45.47421449162633,2.423977677978599,1667.540223158043,1.60491398354375,1.177626586507668,1449.763663721449,1.871386565390372,0.1363672868927357,0.411500479,0.2068927862267373
9.661376406057617,211.1684490478815,1114.677035573565,39.19489028350144,2.588726858095421,1658.483103567045,0.4757529740506221,1.260152422994626,1228.049771983139,0.430041981199733,0.1373643919586464,1.319093297,0.1635339489472597
9.554211917369845,245.7891761630955,1034.101281509218,45.59345795339596,2.378010972000322,1667.228037885227,1.763107499444471,1.2533365167826,1406.872014319683,1.742363414459064,0.1521068967788966,1.356063798,0.2088886957031785
9.37514133249185,352.956967955142,1034.216252935775,46.25237854169569,2.445781250213669,1625.372330155891,6.621399994214123,1.061977704984406,1391.295134535318,0.35537464734761,0.1960234832602597,0.630597766,0.2955197083489088
6.046279474195702,180.0245555019754,1081.383782322872,37.28771616514565,3.729999212780799,1725.949692718714,2.10312902086466,1.151990349046902,1333.024694244975,0.4628092921346522,0.1456017529039918,0.723801485,0.1328482572784335
4.099647139743274,407.9031229469833,817.1461987022327,43.72883289188027,2.611016125763935,1788.331759165568,2.100040136846745,0.6962966831994034,2914.666850454703,0.397299901220055,0.1398026417311296,4.288731491,0.340841768820802
4.072854379055016,411.2077445347628,809.8522683150642,44.08210417292423,2.620236186567742,1791.827433107217,2.123436177196692,0.6756362453688974,2904.322685913063,0.1369467414039561,0.1323380155490736,1.046093065,0.3455960214669538
6.036231519796583,180.5815441322319,1081.136429343322,37.3137839655577,3.730967546601934,1728.442028320854,2.140133582128751,1.142179373017998,1338.520412319465,0.4344520012938864,0.1464994760626024,0.984081319,0.1334591196580565
0.6357302350623386,375.8107923126784,666.3360564002083,44.68338580194595,3.134785683454386,1779.910568982022,8.335861448421188,0.6866035479945585,3308.127796293254,0.5343661107480174,0.2906934607344814,1.123815135,0.3274240630860045
4.203643689648008,380.6812890906275,854.6069356929939,44.77373822101821,3.573889084322764,1600.396167803603,3.258105670656478,0.4410035093711311,1531.763342595403,3.640468547965129,0.3437328945205133,0.37189831,0.4219934392224885
4.346536595178531,412.0100882820269,819.585743327082,43.89214552686762,2.614994063861919,1786.091808535089,2.042513401803407,0.6917953797061267,2872.799276497492,0.9157392371710882,0.1421692711141153,0.403841591,0.3456234878748169
9.194031094280833,121.8031262242003,1237.41777850957,32.25202917585599,3.26605638580636,1721.871520114676,0.3156094972511582,1.405340791978599,1076.162434871685,1.40397711939943,0.1108022711212724,0.936973656,0.0766562205617239
4.303371546259291,335.3072969656625,931.5817667532684,41.24265542344109,3.775121668187884,1643.262854606577,2.200489543125747,0.7168153387969564,1715.757431281386,1.118974015737703,0.213292475165168,0.568747429,0.3128933257021543
4.16451217358541,411.2497747499484,814.4727861242282,43.90277565698568,2.618008607838852,1789.618684618106,2.097645984278846,0.6690859992423291,2903.947683726694,0.3895856647053747,0.1475922585123998,1.053195069,0.3461315583675465
5.770362909370452,157.5202958768555,1069.197284905491,37.03707365128888,3.75378842084196,1757.819379458702,1.982207453627797,1.154098311906109,1542.977743623255,1.249071370197726,0.1202382426585209,1.214906052,0.1157945417135169
4.16855805939232,413.0670763560378,811.2572329813444,44.16824542468009,2.615838519428014,1790.183099082511,2.150534205043297,0.670785797439204,2887.700808258473,1.21071163030801,0.1361516361201417,1.08152943,0.3474838528604642
9.49097114151464,331.6808204135243,1050.851869424192,44.23604214923749,2.437531795443773,1629.575864430111,5.225394993633742,1.151794807473106,1324.553015000829,0.0786084767419132,0.19636149362866,0.924810913,0.2715427051870565
6.405005282877161,367.0777933264407,992.2436706158112,47.6533002431524,3.619620331288678,1507.913876909639,3.774457694547647,0.997492793198266,151.4267200867941,0.1025868864866513,0.2418863844046833,1.35611895,0.3579480850805334
7.505959456823477,346.1308201943262,998.806702679208,41.69928331285721,2.997716300350378,1611.868501434016,2.798556644559841,0.955743272663586,1131.231894738667,3.187689107641503,0.2091786465627215,0.642796068,0.3030945351972183
4.20790692395297,413.5170215808334,811.9772735948558,44.1974297703239,2.61407409226797,1788.66835190828,2.159501985543508,0.6704377081925517,2874.660351751304,0.3505192109324184,0.1494418540792155,1.063044716,0.3480068269717274
8.090249307656148,176.6865668867105,1141.424715199601,56.08313786911638,2.528885579033248,1435.188445368472,3.057739159358619,1.358177520856023,438.0893601120991,0.1703400608258652,0.1494647713684272,1.106848424,0.1237329496209866
8.826349853690557,424.9081623187197,1051.735354397847,42.2770080981817,2.462094561353136,1622.335186609342,6.023068571939239,1.104749330226866,1173.331246114156,0.8647278335841574,0.1779555454896516,1.482174675,0.3372585129900272
8.075079572089507,176.9016288946852,1137.625474707801,56.06484655419234,2.53197909662103,1435.248588471952,3.055731523178876,1.257566745501091,440.5674487881072,0.1339429426902362,0.1624125866413982,0.521631894,0.1237630854495881
9.962281412569546,208.4819128435203,1076.135127253048,42.04935865579173,2.395962455002854,1668.160781417599,0.5829568863409171,1.356220389319092,1243.006891832399,1.137096105123329,0.1314470519592536,0.557505585,0.1625267298584892
4.073241950155592,409.1572004958456,807.093587659218,44.33001541638372,2.60344624563411,1793.22965858667,2.06234711812946,0.6963193453924069,2902.88087265153,0.347342812430653,0.1252998414977376,0.65820651,0.3489641310903447
10.01838125911902,211.8473241221056,1069.00097166481,42.15174762451147,2.349843969208044,1665.084083317915,0.654753354734793,1.341758919483163,1224.935362629448,1.125702129484524,0.1330525637348736,0.568096851,0.1651100309412882
9.58572651807292,231.8932088443585,1067.848801297174,43.54427582362445,2.522544235075417,1664.067276115926,1.208137814749556,1.276540605243768,1361.168770801706,1.507908842559177,0.1389911182305158,1.007805955,0.1863939203573064
9.611665355021607,501.7593840669372,973.5287370755927,47.95343268677673,2.358297455067494,1478.832889237593,10.95412337477256,1.028134747429164,422.3945345269426,3.550621925446508,0.407790999949834,0.340420103,0.5148971730562502
9.50447994214934,309.9351282277517,990.359007174416,50.21294722378531,2.075922462419647,1558.248984707919,8.298748637260239,1.014039378591073,932.8252149824662,7.38128173043013,0.1609041217720128,0.387965091,0.2436461710733966
6.275339994322388,298.4632188104327,822.7593331427018,52.76947274612755,2.279639853700364,1615.688697764603,2.198169332688247,0.8062748233815434,2200.450337550672,1.563459546712175,0.1514715504367247,1.496026234,0.2895623860064154
8.533813569308109,411.6090347886491,1048.928645255286,41.68739897680647,2.563133867738717,1635.03735742535,5.498766279186385,1.055456150512071,1301.032930346473,0.8570867537062379,0.2066265807040338,0.698898117,0.3231820089980398
3.946129667333088,404.6721138541934,811.7584814571162,43.85843034872797,2.619983196968178,1786.893605454197,2.060058718187011,0.6142914134459526,2934.423408930232,0.2474611492491767,0.1682467603085851,3.382732076,0.3413674211996561
4.266131768732348,287.6322669627903,954.1889564771132,43.02234486203606,3.537470417506086,1620.532860338127,1.247529692050119,0.8127817925530951,1324.237086092364,0.5284438327667086,0.2051037083438624,0.498692342,0.2730079593893156
5.475721832427547,217.0532594872693,1040.481105407961,38.6241897557446,3.654447843707683,1737.173385906988,2.323262575666129,1.085311203328129,1437.011920351798,0.5889869418649272,0.1501297018376973,0.813605765,0.1669562094673764
4.303815638746127,409.8279631460596,824.7957996464256,43.41573006272877,2.609360421467247,1785.75886762558,1.999580834771486,0.6100623285255182,2913.336562921159,0.3483114082580294,0.1688145447536106,2.557203176,0.3403808165596305
15.55523165799152,888.3503765882349,1080.353133080965,67.64204109306505,2.038800876794418,1563.362422889016,35.73348051619593,1.468110188926973,1902.391014574253,1.360419104008399,0.4264183649452591,1.792836349,0.9004748589409919
5.615539867970406,303.112446105646,906.6126896002884,43.64288378811131,2.972440547398723,1580.371401475161,2.389694997705481,0.8003982969483686,912.096686710792,4.182234978223392,0.2733001099143276,0.438840618,0.3305769767133407
4.705787906514482,261.2601522067608,1003.82889821305,40.30007719102448,3.721135247889673,1704.37931584377,2.068848799378334,0.9480692688136276,1569.213362151501,0.5180775362062073,0.1664822989516552,0.298194052,0.2104140351945271
5.154290802695759,238.97377465242,1002.588220542536,39.48655966199591,3.650808466291816,1669.828357782407,1.349689229592771,0.8628966209943555,1395.976088630253,1.080399697136448,0.1619437435283885,1.095789488,0.209788311066808
9.96816164232578,229.4058500798535,1082.255490098346,42.79259626105928,2.446089414687583,1657.778332249597,0.9116480778210588,1.305492038327988,1199.947950118531,1.299534101369618,0.1404210951617172,0.398011406,0.1833122983615158
3.215885764123113,356.8779909077066,837.1548964440238,47.52369551986362,3.222573727479844,1488.186261460047,7.175530616777846,0.665120783175014,482.0707598030047,0.8681240857267802,0.3279390372317821,1.351745795,0.4185843702244461
9.284201388239325,192.1475176905874,1140.675183250145,36.55313268792242,2.733324740633544,1693.774094101806,0.6781077907711713,1.355219910205833,1147.930115175741,0.9044370056856774,0.1256853698404335,0.455497844,0.1407751242567262
3.307114535793344,221.1173811889575,941.8409447810554,46.20815124277301,3.313675948498741,1578.537890549674,1.042135325961207,0.8589830464691351,1162.18702724432,2.37826854640469,0.2121911798963442,0.508243373,0.2407021374878741
4.047343995629656,407.9539243282785,815.6749917986053,43.49416279932528,2.592255048750168,1773.852892433225,2.074481298782771,0.6291808366492169,2933.278194887082,0.2236815147071748,0.1750477832166461,0.960371889,0.3426812607130909
8.881486035742107,290.4462369489647,1038.452483334848,41.67827578920858,2.533821611398916,1672.319368666237,3.105322320045526,1.09036462317371,1451.775906836682,1.174177192476246,0.164814459428671,0.656043868,0.2474117216741686
9.51305289435108,291.4561659450982,1025.502530687586,43.68405351209064,2.35105630383565,1657.631124927596,2.794346049191085,1.190196067792344,1357.867968169764,1.07910207358031,0.1516271548815154,0.752944046,0.2492023606455868
8.408962457283595,339.0789347465025,1028.583855555325,42.81196102101308,2.703909232061193,1585.853726466256,2.279599261562852,1.04151821079319,887.3966083956457,0.2904668718995574,0.2099645501384678,0.560111904,0.2982400275153354
3.488201283290199,317.4338191440476,906.6365578729044,46.28293413795818,3.490203574674398,1598.498235772126,1.715062503185239,0.653457906171673,1391.430174928966,1.217518788462661,0.2489566037172689,0.570228108,0.3254865497391248
5.673618966449133,348.9260901887205,953.8544571884378,41.76057656330545,3.321309224439002,1634.567138352236,2.481888802354464,0.815084623759833,1443.181729804411,2.16483982534456,0.21251561449692,0.714003275,0.3113453222269711
4.094274442638693,411.068129038937,808.9747960661117,44.22969088606479,2.611919829327577,1791.913719113804,2.109130449417763,0.6816013409798943,2901.92965971588,0.1752207452824423,0.1267494292467015,0.832141006,0.3467010672893384
7.774059057807292,238.5529363228657,1112.507427564138,37.49630076374936,3.022535203159848,1723.53433112968,1.744736681339996,1.173092034065822,1121.42994559747,0.530846862507151,0.1461902754693091,0.432139936,0.1797995270822295
2.093575238091478,340.8517558392851,841.4051381644817,44.999917034336,4.112859147462695,1638.44603490774,5.253239562882509,0.4218347907713182,2030.35694516816,0.9779191431479424,0.3436540666895832,0.793388308,0.3482186001719674
4.052745497132769,409.0656934564983,815.1885128309005,43.42947821925465,2.586849260563208,1771.641578681757,2.080629343330161,0.620742410322157,2936.251642746885,0.1927979572338135,0.1696815186287497,1.016537569,0.3437260126462618
9.758164702351191,258.0252362863337,1024.021926153026,47.96230996556964,2.316056845085404,1659.45636351693,2.170585838998728,1.222524390124399,1385.322646835126,1.691464031638357,0.1401329002969043,1.246515972,0.2281699079102074
9.448086538517693,331.9985415116826,1056.524034329172,43.7419136377009,2.491382280062596,1629.732490798849,5.039380917259176,1.134932036837532,1323.430306209639,0.3767044482334734,0.1724558690511274,0.779292501,0.2623635042545492
7.632128770506265,392.4245040085854,983.1136934752086,42.24109545501479,3.036976211272958,1589.54598979725,4.480400235680153,0.8274274851635172,1192.042737794888,5.007738163384728,0.2626168145850292,1.086736617,0.3475946303152054
9.098235756789814,437.7274681834789,988.5909336094224,49.14023988164109,2.460944482664615,1518.965309696461,5.020988404507127,1.029488825512126,504.413744540164,4.755978976737618,0.4409331474240885,0.452108377,0.4321783195070845
4.728841618443167,258.6165579383941,1005.189100387971,40.1637749321794,3.726225770215872,1704.005604187761,1.99075009781306,0.9657657852296796,1575.899531027673,0.7626264793073211,0.1644497356070541,1.283834898,0.2083971241162738
5.871974077895442,139.8130485204483,1047.100224529775,49.43387697280164,2.853604690801187,1466.812679461988,2.432782476026992,0.9939344092688288,1072.805129484386,0.8601221226597644,0.1483403564720795,0.785407028,0.1112543111578057
3.460518457443441,319.7956435025638,907.1785265445023,46.38135522989273,3.470546904355916,1597.219778564728,1.668309803247563,0.6787119891684323,1378.954089488105,1.795055185183604,0.2410986338665132,0.486579667,0.3244370335626717
8.628318536821855,278.7376923557815,1091.067145746473,39.54263879218293,2.677848408090045,1671.711307840881,1.717541026986296,1.091688562234627,1348.085025865636,0.1539323329097142,0.1667784516245145,0.346484856,0.2173641867970604
9.571462174814384,202.4120982473709,1129.24516211765,38.53380012047914,2.66113475014729,1666.072766259807,0.4902059337513899,1.292745523204186,1201.209609557308,1.665341689760222,0.1481787286718727,2.883490924,0.154679367496535
4.154599224622639,408.1163005188975,820.6728061708789,43.52930492574441,2.607218578351902,1784.569573505488,2.032246298942173,0.6222067818750046,2919.040229421872,0.1898324653330289,0.1706368693743321,3.433273353,0.3404485986783322
8.253252443686021,382.4138520746027,1002.259056715581,42.30530387155424,2.875044053168786,1575.074293015947,3.830578766037692,0.8941834397213707,998.8757440042394,5.014413174803574,0.2666748445170138,0.260996494,0.3328413165489565
9.620180342724549,269.0689167842166,1030.121786326845,45.54451495215709,2.36425222414019,1668.431215813819,2.563287791721785,1.170658485891918,1350.588075029089,1.616520473510449,0.1767503971670469,0.294248203,0.2228025525370333
7.902126121719764,366.0768247794469,1011.400681761059,41.27053091853002,3.14677258916459,1585.697332901186,3.625213944446175,1.062190031905174,379.7601531976546,0.2063193702493315,0.2468486014816146,0.933713959,0.3416276244786465
3.497885373598363,320.2445283514927,907.3088567466629,46.18586930698379,3.493808928815426,1600.199761082637,1.725891930104325,0.6421955179560198,1388.525049365229,1.622589458657722,0.2439821498383058,1.562469037,0.3233737382695174
3.160472240145275,217.3572806433505,934.5200529851212,47.91246700419893,3.220409341067992,1581.580084316026,1.012755190921325,0.867922928370718,1062.98852270001,2.523930603172591,0.2054734175185806,0.82515422,0.2379544414061601
9.376527668734813,352.911962308024,1034.851310929781,46.1481475734839,2.446746574233013,1624.010988198934,6.544582909828375,1.075734024164293,1390.676978608678,0.1846055673895605,0.2049999037055739,2.33261954,0.2968758270079327
5.965455978343832,389.9758654544747,963.9487849927876,49.75946048550261,3.569608612647008,1495.789269922115,6.576325060417414,0.9117207503124723,134.4946144530201,0.0325875399487218,0.2352106499121062,0.283488274,0.3718349891551243
4.150201277583159,411.5207696431489,810.1950617967153,44.28295697499873,2.607442791170223,1791.408550173312,2.112123207954194,0.6667439839791339,2899.205129834832,0.4851110124778068,0.1337192402496716,0.659942246,0.3468062063365325
4.02872980149277,405.8490595050133,816.1934573297801,43.66642244234868,2.607019725311527,1783.061969116226,2.062731453677474,0.6005926676039383,2927.285815999997,0.8307283851695269,0.167055078635374,1.424589706,0.3397628516518707
4.024511629538425,405.6540777533669,816.1377125352424,43.65242689594173,2.604804982035304,1780.366146729132,2.068303501685976,0.6178529185157118,2927.83966184197,0.7951834481109507,0.1737691594957688,2.832315703,0.3401222626445777
4.197966885232861,411.7896522679143,811.3509318219922,44.32107503726809,2.603958963162682,1789.778536697623,2.11325937752983,0.6637592885115103,2893.521504070873,0.7298511116091336,0.1458333617347263,0.981960883,0.3492203740303945
19.07697259866507,1713.465152997227,1198.886284444404,66.72811924159937,2.082467894156103,1328.939009917497,86.29888248581996,1.827192978097747,77.15841340065833,1.431086298005388,0.4827655356527184,0.497946956,1.545375693030911
4.574919362183016,257.1767336314135,981.1314397704105,42.24604696169042,3.652483090663441,1684.623721554071,2.157211846962288,0.8913651374065836,1636.491794287873,0.58882599747925,0.1999859240834841,0.579090454,0.2218949785260032
8.07455553083974,161.227272394337,1126.97001962789,56.42795076388609,2.467469518659803,1420.698251950729,1.356862161513098,1.26263224559625,357.940555448972,0.241580955809188,0.217144087904456,0.712827758,0.1095296130978785
7.888343775949291,401.0930217506294,1011.80576922847,43.6044648267973,2.513294116925561,1628.93407261153,4.442483191227688,1.037728510360844,1258.295788952552,0.4690094476984385,0.1958074791387188,0.30144199,0.3249791672027443
4.23881879441799,335.9381665602241,929.8254324697776,41.26815868113818,3.788378203408159,1644.908114492454,2.228270847528576,0.7226636579691054,1710.813161503003,1.003199961628694,0.2090067938076142,0.708255532,0.3154920970585744
2.156818756906427,306.9745342457992,838.8862784516964,46.55861820237757,3.298821507996399,1509.923250734338,2.27412620195078,0.4878803737828298,943.564207990278,1.841805414941765,0.2716982824444033,0.877464465,0.3772290208489359
10.71743173176592,252.7643340632713,1057.047105912045,50.79352011427238,2.051163961741895,1537.874513859713,7.026752059548683,1.302741324596381,576.2403163774443,0.2492385037371874,0.1472663036234874,1.238231578,0.1806168558015127
9.361102253134138,379.8448670640037,1016.721028612936,45.94430607597895,2.408299244782185,1614.975370844678,7.596136686140072,1.066334688363186,1390.616588353494,0.1457325315534149,0.2368064376262015,1.487552086,0.3169988469709719
9.79287141430444,397.5261472264547,1086.660098175239,41.38623827619773,2.402724672126621,1603.827551697312,5.282161307000548,1.11544340048636,1155.293915647937,0.9291771231837184,0.2570282678331855,0.926338314,0.299235865779068
15.18368297266548,835.4040893403517,1064.856844402322,61.94596047265927,1.713662739952056,1674.635514137699,34.53607882510335,1.237546709716676,2261.28679728248,6.998936700042726,0.3868833192813521,0.461167949,0.7651166441181455
7.357302056331071,390.6930370558594,964.9622986483748,45.64778490144545,2.868573871305021,1551.196568314325,2.443902071448976,0.9894083112333336,1094.842644860959,2.40990574211154,0.2402955278782542,1.030217943,0.3446586130964462
3.104127786098989,322.052266156898,859.5732720975903,44.26691864674934,3.357843165964847,1528.187428605748,3.091603264900563,0.6308364491136027,842.9783192641523,1.120699211232112,0.2858370345069452,1.186317554,0.3746838001936227
4.56539724655864,258.5361117848765,994.8217966546924,38.98596483826204,3.857595229123441,1729.328246177917,2.517499086384718,0.9800946834767248,1655.833047500616,0.9619540655136142,0.1725467470223141,0.474034701,0.201924840975612
13.07249130144862,415.9142655930391,1109.74730394699,45.72397900048748,2.192373554510239,1423.31495146087,2.154133143152813,1.353832737780451,261.2455056600889,3.181428894124744,0.3112010308149368,0.775203582,0.3626984839865759
9.444775235607825,332.8136703528586,1055.017026470005,43.70991685006802,2.491621550402833,1632.300508073547,5.042872344851638,1.164887842520675,1326.771939733864,0.6042571092399086,0.164813372385826,1.461233691,0.2640086056503185
8.216789281457945,394.4588069837999,1039.173084724643,42.46196341502996,2.594587246476916,1650.384747713952,4.590893311969694,1.069539858207186,1286.220386157377,0.2188443440176615,0.1715109126378993,0.962478148,0.3098828844634601
5.184087023802477,299.9554170447654,912.7119867230816,42.02822265207897,3.158638381824598,1549.321901692061,2.448305761490375,0.8291357494547488,774.9124937491742,0.7363662951222961,0.254101325528132,0.705047589,0.3340271364442536
8.939871040533228,436.2495060433324,1030.986042486182,43.00017528060644,2.546284685123323,1614.492875542885,7.389270235734223,0.9677206808658608,1553.034279849197,2.416301244990152,0.1911635670464385,0.423764689,0.3482041659306694
7.8407056536172,162.2536926402513,1115.961429295863,57.30539477287497,2.450753449087678,1424.915524477214,1.678175058348492,1.269316326613966,376.6448774723648,0.0931822785760321,0.2315484593421078,0.4786166,0.1108962478434946
2.900158711446989,682.0976538153552,651.2754596291365,46.8171466563575,2.527633573291967,1639.716253381958,68.5309275733448,0.3718047750009613,3497.157498907096,0.4663819732976989,0.4828792223823051,0.396356816,0.8081530247848375
13.80185008594598,617.1126541424634,1107.513088374744,49.49867893391805,2.223072428740714,1362.627317314906,20.76669665632879,1.183762585525664,773.967448744327,10.16143805207227,0.4325127703613506,0.432312241,0.5264333056528032
5.04028895019649,285.6183779776681,989.4645611290777,41.16693228524487,3.519867066345162,1712.079539595774,2.620953782196847,0.9378084830209568,1580.818938333102,1.01492091411045,0.18081075262142,0.486304192,0.2368098949515687
12.10613705830255,837.8506566358413,1052.590605219365,52.45639538179856,2.148440313605729,1773.933888776748,68.741907598001,1.092468861106776,2499.917416543939,2.52323409346042,0.3821483796036956,0.753790165,0.7011556267291458
1.078411914160592,364.0961720385198,593.0625003420904,39.8300472030256,3.33537556875967,1917.818744621654,21.48711625432985,0.5032952615467486,4583.44119595065,2.883733191137834,0.2299767353818254,0.515813171,0.3130372339771007
4.293574536534892,409.8163660670703,825.050017466209,43.38518544208529,2.60838399164164,1785.660713319269,1.984976408101311,0.6061889978733689,2916.901156443821,0.2005991936071208,0.1743648840085937,1.290999034,0.3408703372939642
0.7161233794781201,376.6488327984794,670.9307400098947,44.70037202539496,3.133984329021191,1781.12824089626,8.179935553998924,0.6975593600902581,3289.55607679459,0.9246326374123224,0.2759611624084118,1.439912811,0.3292809215453233
9.112831721812285,422.8111482775418,1064.66806242916,42.19761988474165,2.436461216910202,1607.933100170559,5.854257352735471,1.11107401977961,1118.758943610721,3.621225194819841,0.189240067674241,0.884888727,0.3275846897662581
9.481869209174167,360.3413923732786,1056.463310703387,41.49253798240402,2.66724875923604,1578.233097519986,2.720985400575515,0.99783085466004,806.0233264444042,9.03556095972722,0.2500254071547123,0.396768675,0.3014507215970222
9.1181235625441,626.473052844045,866.7744587767284,49.92243813475583,2.069669979767615,1692.06470533639,30.40085053615415,0.3796735554581557,3506.58481566374,18.55093938225349,0.542740188194734,0.356053852,0.7140861983512928
4.230571359327649,409.0569271818388,820.8249500984341,43.61183505430635,2.611422155688054,1787.642377763902,2.073394812749502,0.6473096038321242,2908.471510754338,0.1570762743910252,0.1490427601918763,2.635653355,0.3416056179908253
4.271013907195616,409.3740781700374,822.9962813034105,43.5080331244755,2.610333125754088,1786.67332553946,2.037881981846934,0.6135561536165509,2910.985142487618,0.2068142979079807,0.1650399642230929,2.747715691,0.3407810396872662
12.70291960362668,428.9051216916493,1090.646719907721,46.91661363573652,2.182820586832721,1404.822526466099,5.14796328900421,1.322950983482113,294.2839547385795,4.564051539516051,0.3782288473229138,0.252679955,0.378109365684293
12.31616080925319,397.5748762889596,1086.309605521112,46.67786810827072,2.202369193522072,1444.609229270967,3.861640544334072,1.311535900245032,352.0998689806139,6.978024578567086,0.4142745109973831,0.540087954,0.3501258627882019
4.096536536370182,409.6801495273028,816.3085131785053,43.3518584218702,2.582590158661976,1772.662545943763,2.055406855751255,0.6194653057281613,2936.452995066368,0.2313186758939589,0.1803376609453401,0.700826464,0.3449726062739106
5.886312004672794,918.7039907193054,689.7904158811125,67.38594899014593,3.07953387395625,1509.798863226494,72.8849635427632,0.3953605825368626,3612.230254247846,6.361012295587435,0.4303656008738261,0.421155753,1.104835322137568
7.634052930671866,357.0743364634042,1018.979185852847,41.0190256291147,2.936794828502888,1612.804548132275,2.247651499973872,0.8417342233739461,1289.212649590849,5.924633470195737,0.2103568721489616,0.324804214,0.3126788669594106
5.748824965862188,140.619705771632,1043.409680990331,49.20059129408399,2.88975220492007,1460.701899171907,2.333496215085354,1.021196446603733,1129.454378695101,0.9147913760866028,0.1633177409318438,0.677258923,0.1098188438667024
6.803538986494067,221.886376797206,1086.413690698691,38.02171674763359,3.297254142913378,1719.029167690161,2.105383331693035,1.124444934808539,1255.859583917474,0.816817579874296,0.1504111779797982,0.903538016,0.1696760564940585
7.684183389915611,355.7654518485573,1020.5818948224,40.98114345313607,2.886767999671984,1610.336696035176,2.240480691030228,0.9164201924452576,1221.060610346565,4.412255080020816,0.2282189698767702,0.368527809,0.3109563825409408
9.277546602161786,435.1840972994017,1057.980733338813,41.78209841831249,2.374343978814175,1601.634398384268,6.117652860917447,1.067700134458723,1119.668859839517,5.845657034125949,0.2185934589235389,0.296704235,0.3467233893213809
8.600498465351146,417.6456551320114,1051.772749443623,42.04740694966637,2.541024405356719,1611.662408080239,5.496955133174515,1.065076663933238,1232.076845518252,1.899438776491683,0.2093523507672112,0.865924351,0.3308956112358
9.341852695756607,245.113191454336,1084.136364761346,41.18590794908522,2.551593199488705,1662.829618761724,1.546255794623623,1.202957240718198,1340.991577084096,1.067276518815201,0.1517388536936264,3.289628903,0.1938577117317365
9.36507425184368,377.9057925411528,1018.958823432889,46.04130682239337,2.4202506380962,1614.635073823881,7.605726450921497,1.059205682836324,1391.948136659951,0.0740246691101546,0.2266390751314937,1.058922367,0.3139112551106546
14.05817179795685,584.0804704157731,1116.503364484697,50.33091509893678,2.168712364563201,1390.012241776821,15.7985848606542,1.353203653163694,326.1735334097553,8.18755254768367,0.3330583647334736,0.521524571,0.4840417487315336
9.35774673593244,369.9935552771797,1024.629006585488,46.07073779930422,2.432261766383986,1615.49208289243,7.258590624246322,1.080209248239706,1393.215733302781,0.1711538007513422,0.2067605659683986,0.701987414,0.308315026863115
8.661821041582282,148.9799623643277,1165.046331834609,55.58720046410647,2.424546194367243,1391.311030322816,2.108158431998727,1.375904147863562,327.8980820052311,0.1615940910132569,0.1646365464144305,2.235613801,0.0960557667179374
6.710147247105168,231.8443776904,1014.799413329175,52.26716374672313,2.763287213739086,1446.279000816169,3.697771555861763,0.8697329880020336,1337.541768781885,1.131627691930817,0.1561230884272763,0.530290052,0.1902013482480463
9.41023799284942,429.9390635788652,1050.091855945853,42.88772218021442,2.450539798451697,1617.800275841912,7.270091260553181,1.047459997813065,1312.966650544993,0.4266152418950512,0.241804870584953,1.788423309,0.3400629513256778
17.45582194356439,986.5209462198148,1118.732616499404,70.54808117378454,1.874511632739592,1633.51233380129,46.14377981578615,1.604099031811542,1654.692310967971,5.212528786785093,0.4026661921257053,0.668638166,0.943889836998464
8.677648881445483,415.8836645834278,1051.066670853908,41.82188085373785,2.524584776393036,1632.030080815912,5.444627235296315,1.079293875215638,1252.092140604904,1.033061649620507,0.1732898069120138,1.096418059,0.3248532130720984
8.974913961251483,421.2370806472151,1063.924014631736,41.91405737878534,2.491117198170657,1611.888953470171,5.661102712404511,1.098453845105243,1143.632886189406,3.25536914493765,0.1918601447402601,0.46007335,0.330296070314389
7.162540938733008,504.0097306423676,939.0082435569974,47.9975409382911,2.727132626476645,1580.912809492954,16.47577833890362,0.907178413351691,1382.973128871336,6.6468357268163,0.3180342662136464,0.542052441,0.4465490132108134
8.686970512753941,148.0605490634161,1167.555048246842,55.51455796779443,2.423631929487108,1392.891176496994,2.097966893592845,1.375490031140854,323.0576037701359,0.1525148747999756,0.1466144993608718,1.49417121,0.0960550822205975
7.741776487721118,179.6388859558262,1113.41846518699,56.96844070433732,2.517554773739944,1429.656795665184,2.737606878230317,1.334070935093047,435.5636946533152,0.1101267707700075,0.1374298463387444,0.799368321,0.1285208148530831
6.521881991098579,335.8626076807709,919.8838871508937,57.30003105577848,2.441159477677078,1468.513035460123,10.11375609656999,0.9071974201345014,1196.57066029571,2.141207352239426,0.1423770887144375,0.498019189,0.2822683736128187
1.710197102565259,720.9233837927683,603.9196323963206,43.17095897797081,2.660637208207533,1658.580847236935,70.00718773125041,0.3406907051369928,3646.513659001295,3.139835235139597,0.4503506288725969,0.538598234,0.8474009301039591
6.263620269927371,168.2975399685587,1096.23619431882,36.91191421349517,3.745213780231945,1730.460737042838,1.926391741307657,1.178216621096273,1287.527437831004,0.2647077365938681,0.1333291823196122,0.524223792,0.1244282688958157
4.128769905060094,430.9870053623828,683.293851470482,63.88817785723026,2.921634415729928,2114.526052667574,9.63969776151674,0.7806521151868733,4008.993516555438,0.4334522442495052,0.1548444702723095,0.26230835,0.4099500885951773
5.938963101120437,206.3001607687873,1050.826139898212,38.42663139153376,3.519842747137105,1683.270791750903,2.119865746960396,1.097197805815946,1198.458040293197,1.071907600506342,0.1502645460346111,0.495774044,0.1688789546625433
4.300178149492881,410.5984398331905,820.5087343410797,43.72170170987611,2.615644462163432,1786.62574518391,2.032458223441983,0.6514945192470715,2891.920036535098,0.6435414083397724,0.1481407765179538,1.577171688,0.3436551724257451
3.133721044348853,654.8544514579032,651.674676653995,38.15188806594549,2.704695910970227,1709.449505999806,73.99114784458499,0.2755324656402899,4243.629567960414,7.55282552356635,0.419914763838344,0.410882811,0.7336310531539756
3.71446616549843,205.058571855062,944.0420357201176,46.00732061019983,3.207703101328701,1604.098983598518,0.99420700951354,0.9259685211688172,964.8959757352734,1.528213110621814,0.2068124628085191,0.526756983,0.2228350650655081
4.002239593044511,171.317768533377,1069.58700969427,43.84416640477705,3.794736571394594,1662.245206228519,0.6264541627876267,1.059931283343187,1033.034297760868,0.1378280703498275,0.1661577889237121,1.185769727,0.1603225904919298
7.739005217631689,463.9426574944785,976.5340524589852,46.40072185380473,3.440388104251513,1557.812728403204,7.081680680069893,1.056088566881889,286.5761723440594,0.5378961342799,0.2268041635370487,0.573887253,0.4311698356560082
6.302291154665054,188.0165884359237,1078.554465458296,37.06832412506064,3.579031965724774,1728.791068476671,1.893279962484404,1.126603569055849,1380.734344311932,0.6107247963019932,0.1274352970845186,0.259520694,0.1375602498047262
13.88509778840111,801.4449021600773,1091.056382503845,56.88710079608126,2.526382597046709,1410.405231038411,21.94908660369904,1.23383701055276,302.6263474121095,7.701184526660334,0.3709600605826625,0.301859985,0.6286535180457175
9.584300719909246,231.2818334384922,1067.701918923759,43.45302618821781,2.51447523105457,1663.755076547122,1.140398986720683,1.246150634498506,1373.357077582211,1.055375854396587,0.1382241678125271,0.82464339,0.1930840050685628
9.5318002982339,233.9372905152693,1062.825911828769,43.6195729353564,2.514314351299698,1663.04497748339,1.322349236950844,1.255862504161988,1364.321948318801,1.483404733720045,0.1424885837456589,0.747138056,0.1892384768307554
8.605910638674604,419.9577471139167,1049.322911930255,41.91456014800906,2.534029437681602,1638.708671653818,6.492604503589321,1.057747484826,1262.938243439001,0.4353466374766657,0.230323645940893,1.671328424,0.3258170281293698
5.976266994520274,140.5220739360794,1051.075186221226,49.77577053361404,2.821774341447264,1469.747537166433,2.472260331117375,1.032251238099469,1014.039945118392,0.8406282859925566,0.1706428295399152,1.424783775,0.1112062888918976
9.61770013932617,260.7316753318041,1019.076440323241,47.98575257457637,2.344122464527854,1660.681402924259,2.228726024582875,1.185328246385623,1423.85843805429,2.319141831997053,0.1409745785999097,0.411589934,0.228312014563866
8.203125968207107,398.4337896149398,1039.098069153192,42.84170673623807,2.559969409709687,1650.990456574883,4.899670855029253,1.06909686816048,1284.50246959678,0.2291329679499514,0.175932903975519,1.057496534,0.3121197796287482
7.360760942918779,320.4699286518585,1007.722526678694,44.45126321290495,2.576718979408605,1657.338815825633,2.429857315323575,1.086465897698038,991.5438341589886,0.1194548132875113,0.1856835491437578,3.32318771,0.2807011015689774
3.298719309828689,653.0531197874451,662.3427227752871,38.04935001726578,2.676001503896674,1711.403748059468,71.99515245320232,0.2930429200749291,4192.313383256704,3.38109109844468,0.4341049562126362,0.358700415,0.7263624149239644
7.794505229096907,326.6839578362752,1036.156782712823,39.71610069736398,3.287756423218476,1565.713128865372,3.022007885667021,1.122290139604756,328.1021354809389,2.007293488298093,0.2144579977674841,0.765166138,0.3124527921121975
3.366673340499178,221.8842867531941,932.1635795338894,47.87298688088231,3.14933098857171,1571.181811740644,0.988742078021868,0.8280605945021415,1036.650806446007,1.184723104670712,0.2114130005773422,0.493443057,0.2430927909302415
4.890010163327783,272.1244689395112,1000.867311504916,40.12023688015589,3.636243263251983,1718.907163530992,2.496608238439165,0.9500573110490176,1577.101840498767,1.794413411364843,0.1661132402002804,0.425563614,0.2209221532973756
15.18403117084594,709.9078691832233,1152.556622114688,52.43372630747304,2.261723728155988,1336.1594797834,21.4026086835087,1.277667836775095,493.0076550109173,12.65616774473674,0.4063998131662299,0.488595042,0.5986826037708591
2.259216174982599,379.6771689156154,831.4989061873587,52.64570943355656,3.472681701632238,1581.424851949069,3.787383225292301,0.4897252230678392,1451.642302577568,3.820463032916715,0.3225484300780023,0.580103136,0.4379782642808083
3.00437796977139,367.8078487065501,850.2273643518937,51.65997855064715,3.343052560735606,1579.253781239402,3.008183785110373,0.5878321334719209,1305.306074571584,1.297584881842825,0.3344126922946789,0.68668543,0.4130152838719051
14.90464279600946,716.9233154104672,1157.010081776934,50.86529434861014,2.2393301415422,1363.516484336248,14.42298123576165,1.244273481776074,595.9429834759425,8.627284744200626,0.3830853614478526,0.358307746,0.597813604277813
7.066977148951521,360.2539031339622,966.018092237841,40.14047682307994,2.99059537840168,1610.649366053343,4.240190886406666,0.9794773174526588,629.9298016462562,0.6543649264335868,0.1844710296493495,0.996816741,0.3530459734994313
6.672339252434848,907.5801048695232,736.501602581088,66.41168879377717,2.955785555984671,1513.613982562543,66.16021599318398,0.41708408053378,3523.090377729121,5.914379712047887,0.5167158743134276,0.544192225,1.095961573283615
8.025760029308415,289.2700978221325,1075.184692951206,41.22584334806482,2.670761013137365,1672.302488884503,1.831993626142337,1.128587592508389,1068.969799362488,0.4569514814484964,0.168906278410162,0.989300983,0.234876691657568
8.233970421561944,395.9994714829994,1041.888158210865,42.78575412865367,2.560060967876913,1651.327151674212,4.766396922936388,1.078046232833815,1280.984474969358,0.3034201406236093,0.1745875170297683,3.984522985,0.3067513061821204
1.839746976263836,312.7331015435545,837.5465330885814,47.41650392484416,3.371374586588344,1515.150876011002,2.412357386877569,0.4225753746985489,975.8881167453608,2.535069262352496,0.2802951918428365,1.369686251,0.3882426555668748
8.02137458081556,379.717921932147,1029.783672130877,42.97850371819585,2.568298861957107,1614.251862393314,3.579745870099679,1.030438143466543,1252.428725438842,2.614827212306012,0.233757316826727,0.999531224,0.3088533645874722
9.358418756164603,380.5155343781378,1017.685887274995,46.08026164557026,2.422671980833552,1619.126648784859,7.763304464165014,1.059547248449221,1393.263229286553,0.1392757535434677,0.2439982894404644,0.705544217,0.3158850883761637
2.697975739941983,683.1407476494959,640.8804508760056,47.05448779606218,2.564402664541402,1635.891436731999,68.41038099700614,0.3598719752852213,3498.028601714652,1.928766579240453,0.5031568745147444,0.383323883,0.8117197752476824
9.474631814974163,297.2239164445162,1012.298541421584,45.68295535834639,2.345393631175131,1658.292998550675,3.330691759015888,1.133238971830559,1412.800187035785,1.521807704975219,0.1534644609931458,0.849238643,0.2584476725207361
6.791331821245609,349.7382760823727,982.4518977251832,42.57715826840506,2.976990185374252,1609.51925489437,2.756852778626733,0.9013520821503608,1224.489825595954,2.319236407991934,0.2863693692272814,0.474974004,0.3062668359735349
2.490733015533052,422.9925693764479,730.2943510463471,44.97995603451587,2.61071592319502,1771.37086087026,3.732555614115736,0.6343420128108279,3129.491138496345,1.020789270367931,0.2499763958957618,0.41341953,0.3745139502876355
9.399784823586836,336.8765622560434,1052.953999188827,43.84175636648371,2.45786270374932,1628.441687002821,5.382428603039405,1.154126419583921,1331.019700698185,0.338274345289516,0.2036477134299008,0.527864269,0.2820735596473044
4.982267381163673,247.3272022822171,1013.38376642528,40.8049061287222,3.638312724524994,1688.055383405522,1.850744653355915,0.9467143196894702,1422.584001514358,1.79467642675595,0.1632764998067928,0.467874381,0.202070468510538
9.6642322233655,239.3377629837037,1056.868818248903,44.25087058182011,2.464008530645626,1657.928315539341,1.758856873724936,1.267474824410828,1350.417869819833,1.547409360181907,0.138265366618092,0.591387997,0.1959680747757839
8.444101739631721,418.6148726943326,1043.842246880263,42.19990432557215,2.569905160789837,1619.571809988612,5.570075227841119,1.022683877990819,1239.813414175425,1.159880392213835,0.2117519399890757,0.5861136,0.3326864710172845
8.631732082285529,402.1159165785882,1039.721157858317,41.83316753141919,2.466172704594307,1609.521645831079,4.401129635597411,1.054414735938163,1185.710169389076,3.238782681189805,0.2511891153598034,1.186214111,0.3275976575825073
8.900098201950644,411.6966501917649,1062.708613822581,41.64767419789563,2.510539990741309,1609.736772369272,4.897161932897329,1.082433434386955,1163.411446764964,2.457009402411551,0.2218069396958386,0.97829973,0.3351107262833154
8.457647723259246,418.6720848279976,1044.055225221926,42.1278661918289,2.572221409592891,1619.445734849725,5.564033511700233,1.008175554038677,1254.373526555469,3.006067059129797,0.2256547368662089,0.995222209,0.3331871696978457
2.039814370474045,643.8670071257451,603.4950433040061,54.22126110934912,2.710388153519276,1674.654006752633,84.85028398121054,0.3333915553106346,3470.073449382872,0.5525099259428791,0.4167739240253454,1.115314939,0.7844753025580973
-1.487829438785531,394.5673499388126,529.9305439942034,44.22754902176887,3.089341424490652,1611.327087724429,19.79455134700841,0.6266635845839661,3761.723763579115,1.773341982542283,0.2247808921827262,0.453050561,0.3669158628797218
7.583042978872503,357.5140727593214,1017.123915994578,41.12693163013747,2.949419066247536,1614.445655614507,2.245868153190847,0.8712257603768142,1299.707217081605,3.240099488231662,0.1964014348260987,0.603345598,0.3141263795846344
4.069727593153001,409.9200721638461,815.1671959892312,43.32729990189312,2.581068279267223,1769.217324950449,2.080553280114207,0.656013973599683,2939.827505863226,0.1574141189105263,0.1762643391466846,0.602094522,0.3439586334452819
13.19402989397848,417.4116327236765,1113.084915406187,45.95376836178158,2.184456494003701,1427.39294871416,2.163090585354266,1.361352718151575,246.2068594834431,2.794514710696199,0.2972167295599532,0.856428202,0.366284375457444
7.334991611506839,403.6039370152873,938.3476835966986,46.45498037882277,2.957202874004185,1569.612153873052,5.315933225044691,0.7574850494678432,1488.539242796662,5.788868325501479,0.3771347855844058,0.577486319,0.4013954605375667
11.54443938918415,433.2112087852275,1073.040131794196,46.21206031570112,2.326132234725333,1491.243763111256,9.252326533015816,1.146543209611498,755.4200972568842,3.842417305285072,0.3460000494452889,0.25427679,0.3904674128536945
9.893373750226257,228.9847150670938,1064.762777000811,44.49470518820012,2.42836163698983,1659.598124882671,0.791032948697912,1.285474045389888,1290.65194438962,1.170429219543289,0.1539596941117449,0.581629636,0.1867764345417581
17.03372477387347,1268.516091180986,1075.443658684767,66.30939826125785,1.976992404522215,1180.813796778288,50.42367632586733,1.489458672228736,359.7273947679824,8.816322590646973,0.6309322381267171,0.636523824,1.244357553474609
8.338826872233705,384.9327067845605,1043.4117982044,42.36512717351878,2.5397620128439,1610.91650569428,3.791684055363645,1.007712020389137,1207.865011653487,1.845953855728876,0.2476763306838358,0.622194517,0.3130696853332516
8.6050046270033,416.6266900405709,1047.222532409501,41.79150452291661,2.542752131947035,1636.075608470518,5.533294584309793,1.074207767223949,1258.008182148982,0.945977862696616,0.1621946769252941,1.181988167,0.3261174382158477
8.4362043483106,407.4706210326312,1045.276833466139,41.87311196312674,2.57532558419211,1634.020293891497,5.389278114829676,1.046235222372024,1320.902904468956,0.8945641559774391,0.1953964964018662,2.035907105,0.3203903217387926
14.25121992338369,794.3838822263783,1107.264355671949,56.77157183823043,2.498402059865933,1398.786913716692,22.35971889223189,1.26497718229529,285.5347954336711,8.18918859307941,0.3694511790396509,0.357827388,0.6155499347801446
11.53148210123695,477.2929915100798,1080.674759800198,44.21260085974144,2.252429418437634,1508.831588760422,14.96973085850521,1.165567489946815,837.1647373302768,9.56115052820801,0.3049869619917057,0.783750798,0.3905465025379694
13.40395007297238,430.3672276657071,1107.216540967866,47.1668481621708,2.135614120424266,1411.779036988956,3.748901983343305,1.40766670447329,213.9215787135066,2.880430288006435,0.3484719246562481,2.028720525,0.3731659444853732
9.526015242216484,273.440746818862,1040.449535860824,44.91257199013896,2.431448869339382,1666.467024183868,2.574611399499374,1.222608025488647,1387.302115848013,1.505225048810494,0.1538230390326004,0.295617636,0.2248723368198045
4.092698717008414,408.6087988038216,817.0118950097743,43.42431618317901,2.58963134734988,1775.294940816944,2.050111543160744,0.6289500214541495,2932.755443319541,0.2005733928887062,0.1803502754782105,0.941304203,0.3438171396106734
4.019710160277485,406.4060438477375,815.5233039351313,43.60354812980368,2.600261238803932,1777.085617331144,2.077928857404754,0.6295366474944798,2928.707846258163,0.2158969925683391,0.1778758831086949,0.546554814,0.3401548409254873
9.139549290289308,247.9118153593576,988.5115440618252,47.26460241401608,2.23640605069508,1662.362246137938,1.486824577312829,1.10359254833064,1578.537789875566,1.170061053672144,0.1312722159632883,0.344713432,0.2229753382036285
7.743694121197063,355.3057146601832,1000.421610560799,42.46348382485176,2.881070670775135,1586.71422315989,2.476735001576921,0.9955163131797496,993.6394562209422,3.585842729859595,0.2045475587925879,0.360603754,0.3036580815182807
5.872209692286548,318.0415535612444,937.7272901863764,40.41301754303535,3.089152132015576,1581.997214787081,2.26895297416364,0.9047668687835934,733.1535161301946,1.197529287757976,0.2319850358923977,0.394617544,0.345836358800053
9.164826034258368,317.0291983230101,1039.272864325827,44.19511049209317,2.512802045055518,1631.284187263409,4.927472686607987,1.095124524564279,1442.485349322446,0.7951676398758524,0.1937532959705219,0.935746984,0.2650031326631998
0.5554182826600417,586.7046870772955,516.0473359380047,52.31338932991039,2.801996779487312,1757.131588904686,73.81679134199307,0.3446173823099352,4368.050122229883,0.8029514575803806,0.2488810598797753,0.259570743,0.6295642260001415
4.239595119274119,409.5306550079912,823.1219977725664,43.34261344649293,2.599295413203041,1781.990020149682,1.964178448799442,0.6220611310996873,2922.626372973362,0.2013657634436055,0.1798255882536858,4.724996445,0.342161950686243
5.463568223104835,447.8932877125319,913.4159682088844,54.41648985656762,3.551366947433737,1465.553972174445,7.998254444091243,0.8760645366493678,129.2057458811793,0.1795782455867748,0.2779433845458179,0.645749714,0.4471120908911868
5.773549443984375,187.8853417524569,1083.710977400667,38.01349460273152,3.756662296643763,1671.05705155298,1.250450256570507,1.07377941057649,1129.0091482864,0.2344720824272194,0.1517202532537538,0.494408491,0.1578713088753185
3.056879721746828,226.8881047467549,919.6075663838044,48.60751125877032,3.1857571424551,1582.189219973825,1.029510770088202,0.897331537501351,1080.104789589494,1.538685962674027,0.2009449999005889,0.347959724,0.2531601609333229
4.765606106654952,169.9901082477864,981.2805748413916,49.24802707666027,3.056355070780413,1413.483429715167,1.857156798054236,0.7772049312596888,1483.790486032906,1.583047411111178,0.2676307194527824,0.568684112,0.1441814205680859
5.800139230760321,473.5526071236845,800.68118339694,51.84915164863234,2.223929942255914,1611.077716943586,13.23852572148096,0.5695078431827708,2636.175471064105,9.148211218444327,0.2533409872318315,0.385807153,0.4630418163724225
9.170009805340603,241.0052704466809,1003.980146644438,46.15601518202593,2.356121371634648,1663.61057462757,0.8596817481975565,1.10362321464872,1561.973107231845,1.667751947832956,0.1364374610633268,4.614911444,0.2122057454150663
14.05275368435828,831.0075471678355,1054.653941316859,59.2567245899959,2.155465875758803,1504.651692817094,27.78714679924757,1.172487322891655,1973.109793823936,12.70686484029698,0.3685120653942286,0.653849401,0.8494032260609437
9.079972495439812,270.1993589138435,1068.17669400525,42.84497708882456,2.602579056688404,1659.493180874186,2.7565369612594,1.159777744404484,1428.595474333226,1.478055661293028,0.1518683921766395,2.174999887,0.2192075695575721
8.531405075793796,309.4648412287916,1070.314744224546,38.12303473347036,2.702121818621533,1666.731070621358,2.203072457291623,1.103661789699591,1398.850404952082,1.068560390367897,0.1971709910852545,0.409176371,0.2397137966822783
12.98096622945047,618.9181522352304,1085.133929459148,47.8878883455656,2.281354503652829,1445.034102227798,11.42064694335685,1.095205474223909,1030.72475752262,12.38159310061342,0.4003525453327611,0.415462959,0.5251593948709343
0.4515760280207171,537.9821986093349,561.0418230203568,56.50828951291442,2.879718379473859,1686.788094355276,47.08486647181881,0.5536193030216823,3346.946715579891,2.443699961908721,0.2917223857532759,0.962807449,0.5554365994539869
8.840276268968049,400.2972237041741,1054.227973890703,41.77903054630406,2.446182324360753,1601.168530497831,4.319602486453203,1.015940146571685,1157.422782224768,3.951170184005869,0.2437666638043965,0.508045114,0.3257252434603456
7.445582709750895,403.6147920924739,995.0460080689096,48.21129023253223,3.586427568867533,1518.057481699271,2.940876220783055,1.061608500863312,168.9382111413869,0.5478265096052389,0.2762470006590855,0.337055396,0.3906310967786576
6.979520244316591,442.1092022991007,973.3590616511452,40.35361833217083,2.676827781275006,1989.222226826366,17.46374171615313,0.827148144286995,3772.406740202609,2.374404264970999,0.2473909175158934,0.402631931,0.330427669158237
1.561331123003858,684.7027345124919,609.3924840733802,49.02410986224232,2.634477091595174,1668.72673104436,72.74236084616564,0.3393955296248212,3498.314361923479,1.395883129698,0.4426736841564538,0.65933239,0.801438015209837
6.418790711204703,402.1681551174689,932.5152565290604,52.90501895044647,3.470995037746913,1483.645141846356,4.257182413530928,0.9648108008954708,159.4922763753065,0.3025781580420056,0.2857013176778363,0.530289652,0.3997024166268269
9.74473590276886,242.4117912989039,1023.948403866406,46.44977918910873,2.311321797271317,1656.214508026515,1.275395096402413,1.196215586416678,1390.432331834588,3.315789322316288,0.1408591103809787,0.395043118,0.209503920521464
5.067228969047794,347.2619264212589,949.9672729240432,42.51135901922982,3.392992874218726,1626.559834774872,2.227107319046948,0.7799582662413218,1340.668835127613,0.3782578284485038,0.2275362099134347,0.481694418,0.3096644845401754
9.757836549860176,242.6033286393784,1022.505862380768,46.30275204963785,2.29812069204446,1657.494334919336,1.182307997978164,1.194890585608038,1373.201652785495,2.635728121244844,0.1450895251231064,1.528403533,0.2087478055102366
1.82112894428219,516.713853730635,607.4770188546631,58.00844518854494,2.554973794285955,1687.361036365713,31.88253213294755,0.3800120771434569,3371.810186929952,8.299436312860802,0.4055864851243056,2.312816587,0.6020158788179123
5.77585917849819,417.7078397994097,906.4219857675394,40.12996402897112,2.816437470055844,2067.111145046742,14.25136639567665,0.8557916512425789,3749.882113711407,5.829601650900586,0.1851439631992789,0.955716173,0.3231390902684327
4.882888597007301,379.6076744373102,924.8526327960528,46.38744553157487,3.486216447520386,1506.321532359632,5.315980804959811,0.7679821616823896,363.5201953067643,1.84813023719828,0.2969604917465429,1.219976548,0.3942035819843026
9.084219866208812,271.2634373413149,1066.716421215679,42.88505973812946,2.59451785606786,1661.90219004895,2.76642595858243,1.174155985931272,1434.310628616123,1.04756551812379,0.143275278436641,1.95594695,0.2206580772348942
4.899156652829383,288.1908137100311,982.2571175243676,41.38261054386743,3.494503759567284,1718.287385320894,2.696445723922513,0.9500428885533712,1576.115787280054,0.5176865144334919,0.1640759701073815,0.795481843,0.2375793918060688
10.25958629855719,415.9030602830005,1040.58378741514,45.21343814236022,2.538732597313255,1503.934043207769,8.70229256118583,0.9470439318759678,1074.204032025104,7.737240016623925,0.3829912444647835,0.677787567,0.3838374397201632
9.523244270338752,208.7246145905436,1121.802659245699,38.83695588857734,2.653527078987203,1665.988271897678,0.5410743943753978,1.254420146219664,1243.961894973696,0.5168811991619929,0.1495000012008096,1.762680693,0.1612907745691638
7.087902954603551,356.6241030695685,1003.448136072076,43.35663468369764,2.747962176146867,1632.672970219616,2.483103834038425,1.030800279057771,1149.987755381971,1.340198352066457,0.2170880768275027,1.660676214,0.3119962523214253
6.7245210293261,411.8270612963668,931.5091185137792,52.88743993595826,3.425087175915635,1475.305890417768,3.72849888930241,0.9419752073369132,168.2585404268339,0.1366328024883097,0.2851673664136336,4.083873529,0.4150117234970474
9.87327328462731,228.4195685694077,1065.00412851698,44.44359182645509,2.434854099713194,1660.696739059151,0.7989710436475611,1.291025234356362,1306.898109399244,1.22618220388218,0.1612256745521956,1.080505685,0.1864263135898789
7.960497471612688,264.3110997186348,1087.543062351945,38.93141867811315,2.872604736385873,1694.367544943891,1.60701512466882,1.14535952751974,1262.95197435462,0.4210719165334833,0.1311716594092115,0.582335323,0.1969354322309305
9.365251640814447,377.3208051120714,1018.801073934053,45.93870586347172,2.411559985480349,1613.066237895702,7.514024745383601,1.056829304380007,1389.840291179784,0.1148765494889425,0.1950735232066638,0.882468144,0.3171617777600877
12.95196166177005,477.9193929977657,1077.24215592082,48.525399860329,2.11782482229949,1408.032579950659,9.621280806009384,1.287335155116033,392.507644534297,11.61243907640966,0.3520236115336242,0.369864126,0.4196706571734289
0.7986658182967427,585.9264711740246,525.9638934452853,52.17108813664096,2.771627366588478,1749.15874580363,73.13984176235317,0.3411481037507022,4376.823416388635,0.7243655673744201,0.2564169082823683,0.317359385,0.6299091819055488
10.29729792341225,558.6539290390909,1028.532104236006,45.53395308704994,2.302248922360729,1517.77203252756,19.16527282449182,1.0175085858696,1069.050040585803,6.896086866576102,0.3150256746243986,0.623226437,0.4921326156217889
3.553290002435729,626.333561000868,627.4691486571552,48.96661983080135,2.873608479351233,1762.305429071949,63.04583284694535,0.5364080825397255,3953.6495124258,2.968418728879449,0.3646172026903732,0.250541725,0.6077458524200836
10.33322361644536,364.1754084077286,1086.382209020533,40.43090773349757,2.606442197887929,1563.155671538178,2.334671158042319,1.033909227584381,667.2023170918449,6.022260252520879,0.2683536058497212,0.328284768,0.3027087843049763
8.017587353744043,251.3413338340284,1103.673940698348,39.07562384218448,2.86572899841198,1709.477301654058,1.757201565354094,1.226426615439199,1044.736852344226,0.282782822920896,0.132478600894721,0.457037358,0.1955819676932813
8.959651706898372,320.2856324667005,1012.347612564117,48.06370558211684,2.529811950832324,1652.965955502395,5.231394185737302,1.09404153820187,1549.661139610348,0.2736428484570537,0.1617838012036286,0.900167523,0.2761703613947933
11.08690468602787,504.2986092921746,1003.930925277858,49.39204273367277,2.231267398399765,1436.80773765951,9.34412284215001,1.14877586074688,248.5012944164786,9.866176098657848,0.454289871709661,0.345898119,0.5174765635117139
10.82203637363176,971.4530648415944,883.504315408724,69.09227511104002,2.228614449013765,1275.446591626296,38.60144479268396,0.8765526749990257,2300.007751304926,11.51897244112641,0.5281042421355101,0.251138965,1.22698426753365
9.01072260600734,263.0102994718197,1054.026039293666,42.54924606760158,2.59541578878261,1676.166230599951,2.52745545971556,1.139049974008941,1538.953633249542,2.21718471024124,0.1638127752332092,1.064420073,0.2166180929551318
4.150128806368193,409.5025368162519,818.7007157044952,43.33516800769203,2.586612178392901,1777.108725714586,2.019612257441184,0.6240306667755346,2930.094696048963,0.2804629900290963,0.17590071294995,1.49140441,0.3437259583893705
4.845250527267805,429.3967746236014,776.9502346560691,51.87264218020198,2.427282344303561,1691.158160811581,6.7804281365038,0.6316340904111157,2512.81426540227,6.007859680104646,0.2246335174260315,1.042148853,0.3861973150857044
3.931865013136692,404.6042254671552,811.862187035555,43.82016752604545,2.609461574624834,1781.528327508345,2.108119617182473,0.6169656450482571,2948.374530427946,0.1880637935712193,0.1535825590505023,1.693614837,0.3415966932773077
4.074456934709907,410.3075642263414,815.0788582274148,43.12528645546213,2.581316630031853,1761.487320992355,2.077748991518638,0.6003572559432023,2964.104173468787,0.4081539786738124,0.1760915362956394,15.77402891,0.3443331785090469
6.554178265671003,165.1334627157902,1104.000833044978,36.23690359882272,3.7346914402642,1738.703056307816,1.931628000545493,1.214747081562371,1305.210092292713,0.4452484961623603,0.1330195601289382,0.560955024,0.1191907764398643
5.613196334598439,210.9393798245748,1032.598769713767,39.28283210663444,3.547479412764908,1688.47880476416,1.852123505555419,1.056297384285704,1260.009140616772,1.563065397526358,0.1511420906607842,1.285872917,0.1776890144568715
4.908612742438192,433.8479470438023,903.6562825648672,55.16149855347804,3.578952188800586,1446.740771971592,7.528144825422787,0.8385148011904513,140.1982080644156,0.1013600148351139,0.2740385107001745,1.012732712,0.4421679741351622
7.375867574428211,320.3025862704701,1023.481813811563,41.69936579615718,3.417197166296049,1542.83191826334,3.292759802342155,1.030436029518522,245.8963830224023,0.7284877017273108,0.2655172394381379,0.603136583,0.3075319685968053
7.430876655197342,371.2345152788163,1028.041173895991,44.72613498096957,3.617409677839064,1549.063682798504,3.652473724516552,1.108293464179636,193.0451954886468,0.0973800089583539,0.2300077548445157,0.713186741,0.3641129571366596
5.274851579278856,152.1242741564851,1111.007695604929,41.29738915877144,3.807680939030449,1677.189480178222,0.9591413156980804,1.141886335415329,962.0103968178352,0.2233782233176718,0.1382749955064915,0.593431063,0.1312853774714297
5.37239215676878,265.007581629859,1023.848690857802,40.73475540755437,3.476232604585358,1688.221591345926,2.426851351340285,0.9821792827662652,1399.567081256012,0.5907046184033382,0.1691916438952586,0.715992534,0.2127309167196037
6.937005416222122,700.409179481507,753.9920961065758,55.42175981748926,2.206474676823713,1613.806172665498,64.56022126187376,0.3574785360110081,3168.645410957934,16.6805252858602,0.5302055064116146,0.542897115,0.8772634050737721
3.437355777772749,623.260750222313,620.9680198805403,48.94648790300817,2.882018751104293,1759.416404330854,63.66451894112227,0.5390162601928706,3954.178854558887,2.368599839140176,0.3486761299558671,0.665425298,0.6062052736540824
6.631008345761225,152.0731115440828,1115.487277757184,36.89727614442712,3.617734639039128,1668.607508969869,0.8901502302722122,1.187030242919589,1027.160095021491,0.1804247917312995,0.1213480493841602,0.51474255,0.1248208343980955
5.505918284752166,227.9509200876567,1047.907421200743,39.52201943282006,3.622368603266639,1649.63937226399,1.237654689100507,0.9034714968712284,1183.13453720128,1.544878541634847,0.1660374446623611,0.625062697,0.2034574958529632
2.85728209145734,427.0977109241529,827.0410656627712,56.79773534345129,3.211302851241456,1431.230195937005,9.633872625834265,0.6407139724994747,194.307280953603,0.3154932544590895,0.3120062583878949,1.151964593,0.4904111469525212
9.701597659273302,249.9857322538402,1026.767885197016,46.71043640422754,2.303272396496004,1669.37479888314,1.864421666504213,1.227383823578237,1410.034941925614,1.892245176025652,0.1333094078698248,0.971020055,0.2184019238826237
9.868160195958488,238.6457365027105,1038.313641532991,46.07640395400415,2.319348206419454,1665.037107855452,0.9144853816401894,1.229650323476566,1331.040003425495,1.902678593444387,0.1366049403584107,0.658849097,0.2022839325649465
9.219084354980286,282.0301721797459,1041.621997780497,42.7784058669985,2.492136912480502,1668.973112811498,2.978998785651802,1.133702160586016,1447.854089657667,1.54338247316941,0.1646867871411385,4.280077902,0.2552288837134527
8.153954169411847,398.7738430450187,1035.846349840845,42.87335362544189,2.571859696920861,1656.932049295177,4.875693579757112,1.066461610103259,1293.183856966515,0.3418639130549696,0.1662343339082508,0.303261276,0.3129319503664732
8.211150183043186,396.8891666711072,1039.77557582501,42.80358885645343,2.56069456357176,1651.81252995048,4.821063072026094,1.065053871308085,1283.63290538878,0.1870636002077421,0.1748197159390342,0.605365736,0.3114593478530595
8.171068078671594,398.9876660344285,1035.189993505753,42.80361980654673,2.574946844445745,1656.461094537892,4.900556345729115,1.070875714426591,1290.019656336807,0.2356831873304589,0.1678137175065049,6.0718867,0.3156092761783856
9.211649751340614,892.7944718170589,879.128865810726,62.28255786737122,2.560312844312741,1516.964328120571,55.2217506323654,0.6799607695322192,3102.961174111572,8.516648068921386,0.3952117018724272,0.955418302,0.9459770228933708
4.417067158362642,413.6122180062205,822.4122852496653,42.56334894354629,2.539083781492102,1767.46915410144,1.89245233535643,0.5893098683599105,2944.556270540641,0.2557494712749707,0.1899172961833806,0.625690328,0.3458034768718286
3.819652075086145,624.099950746456,640.8129433012889,48.5022717485549,2.826065697403293,1746.043241935297,59.63865162321332,0.5494110632386145,3948.64954905304,0.5312502774040659,0.3589378429196768,1.258838395,0.6009138822717833
3.708049929003452,372.0555055660643,693.5967025508179,55.23448154851337,2.442390657923161,1616.04681368783,8.630066181162166,0.5416696712984775,2673.810499598146,1.372385886443682,0.1695776885560436,0.260249402,0.3918982447219498
7.556316192035176,351.7623357556994,1030.38268918645,41.99181064751878,3.475590148806351,1572.455375855715,3.833879581343399,1.099611305140756,252.9271499957487,0.3508182470741516,0.244244848959919,0.600774667,0.3296696594812838
6.170440519210969,365.2719391708687,979.8098548860402,48.7026144820201,3.596065787501387,1494.964745199286,4.203876813061088,0.9193321351869704,141.0331514737245,0.1370503269672096,0.2427599840716681,0.521474356,0.3543198742909071
9.3271821529691,259.9426979296502,1066.520896820636,42.37007899014289,2.543665916473635,1673.807415090927,2.392711344056743,1.189702425509922,1384.030123367022,1.296499584065458,0.1384006636649818,8.877535493,0.2127257735990032
14.58507252471335,803.6317417964461,1097.690104493902,54.83241668277565,1.925540320951113,1657.058304376555,57.21670413170525,1.245437746957026,2237.390483276975,10.34412958873897,0.4347639602007755,1.102293154,0.7078094917025165
7.877169566186319,207.5375886487532,980.94243805866,42.97747418005321,2.387729824620751,1669.597706380613,0.9440542245234808,1.018311843365607,1775.705315702705,0.962595033589553,0.1456366565752139,0.463207795,0.1616370454944165
7.406689934548704,318.9494164971179,1025.272683120223,41.72674332475746,3.417913171226151,1543.227340348956,3.321047307399944,1.063502167378265,232.3158157658,0.8217662385822174,0.2332765373164833,1.34239751,0.3071933301010908
8.597008932698229,412.6311526416763,1050.003445029437,41.65368841341076,2.545639235014499,1635.220721147809,5.457648586800532,1.057675452393672,1284.473297419916,0.6063863367975745,0.2053074330810746,3.932148993,0.3217315319352047
9.8008399025537,186.3649183317957,1088.78890085969,40.29375533439614,2.400887808073044,1685.326376339277,0.6253570472563449,1.310202645187488,1300.111611172915,0.6924818442556243,0.1284064724085713,0.685001168,0.1461353369946154
4.844668037821578,378.9754147684579,922.849630751432,46.53673209832241,3.477867906408161,1504.873794287966,5.377322610197288,0.775643070443969,363.4877303242373,2.221782413702225,0.2830786359748636,1.639514352,0.3952470438236855
2.780547154425452,428.725053533002,825.241253116082,56.33088913013903,3.194184017140008,1427.887021028295,9.680260044999052,0.5982966010405917,211.0987412646272,0.3032190945378992,0.3287020965471178,0.6371045,0.494399128871084
6.15751564009813,365.8354859992857,978.9120853327508,48.67507689870925,3.596221614180746,1495.949895297283,4.195192555262083,0.9101441859829764,141.1142300238067,0.1384702616635937,0.2427000722894162,0.383432062,0.3538191902778716
4.616357815056804,376.5103624493173,905.3598092586118,47.1704373414339,3.335095813250916,1485.918064756989,6.211982762699456,0.7664753628687354,336.8363939205236,1.868635536873884,0.2684706737525576,0.818960497,0.4014054296844289
1.117688943772909,363.3169035809256,594.8393361115408,39.93363376663029,3.308797369559774,1945.87720491515,21.61636360357777,0.5080558827703684,4564.550442094223,2.244653164673385,0.2179681522746199,0.328800903,0.3148244534926159
8.31912847526968,376.2744299773735,1008.922414434362,42.48329660723741,2.81665096316437,1578.599544570025,3.602486579768553,0.8928919795654314,1039.394101610371,9.529320069377908,0.2818790572460525,0.383644715,0.325469366729905
7.002438896149837,448.3532303207625,860.256089011388,50.57745716506762,2.15015295404046,1672.046625965269,8.31291427765894,0.6283802728625548,2529.376662678597,2.448367623806372,0.2488624087334994,0.261449108,0.4361632376382136
4.925033025570799,352.6688196762126,949.61269376592,42.58318368850217,3.435324179412824,1634.634055409197,2.178830686134204,0.7435801292351402,1378.756090646197,0.6354123250745787,0.2937893045852157,0.355788725,0.3150179506786292
10.55987295432048,910.7400314173648,906.4349828205854,61.19377061897121,2.196911668673902,1524.693134496637,45.28769733573795,0.6950486021520479,2695.377170594801,17.28861119126592,0.4563516392783384,0.464652384,0.95191624007786
2.216813071807514,321.9195481116491,842.5999832480969,51.86662083654797,3.39329626062493,1606.104145897099,2.969730271456175,0.6399077318563965,1345.758311463828,0.2335559035569389,0.240129561610918,0.57704301,0.367065527785963
9.43619614729971,417.425790330323,1078.213528688772,41.29105700438279,2.419920213387242,1636.751988528595,6.363510489358506,1.142360149257049,1145.94117003914,0.4040076108467229,0.1710591078438648,0.294438411,0.3120930333140799
3.944638363686655,404.7730114964188,812.66556927582,43.78322388854978,2.607521486133296,1779.712916711454,2.108431255707651,0.6256817459243099,2950.928154617059,0.1632254109007005,0.1621089048512379,0.670323357,0.3438542275502034
3.746820143897836,405.1708710279281,807.7369700257851,43.84832775560785,2.628294055387035,1754.536551280481,2.120527785214349,0.595986071339928,3009.831420977787,0.3483956540155453,0.1957328780614939,4.879609498,0.3431193568168611
4.697488459071673,267.6421646076786,977.8128942960966,40.63653394315856,3.692765705638548,1647.918445118304,1.569043322411747,0.8150446871263609,1427.109494079615,0.9191971530137506,0.1674195458325285,0.439343645,0.2376649891632742
0.4650681036999335,587.061382275031,514.3596279220857,53.26471314283017,2.796634949990605,1734.455461022699,75.36841974837343,0.3466878676398875,4333.14550979386,0.6397520503636379,0.3610255931023611,0.83020136,0.6304633417623727
-0.1108690598318482,290.9247990328116,776.0014147317378,57.06111562724846,3.04826400673717,1391.90190065824,2.880813382020158,0.3675405484627507,690.8536422113986,1.575528808272665,0.3030680460053305,1.38504364,0.4060267880639158
4.967311669363071,348.2779551433497,949.167282488846,42.58036915366773,3.420449890250478,1632.37524505931,2.168119419746303,0.7798026025884885,1361.388247270127,0.6238560506801445,0.2243553482630439,0.383275579,0.3101027443655268
4.787993718805034,409.9252931175071,842.948429551913,42.91300635705043,2.600291373900524,1776.767358970379,1.509491492487318,0.6473931603645517,2878.306356852175,0.2305526733304784,0.1657783180771173,2.152583449,0.3395917264346238
9.43472431310594,336.6819211416857,1053.05063361372,43.87754643482307,2.455589897641714,1625.948981454964,5.391951486454904,1.137740095483914,1329.481436418846,0.2764849360497424,0.2091387311786034,0.84362479,0.2697994238895143
9.860319723741087,242.6379273293633,1033.00667482785,46.3640908759264,2.290790712870829,1664.244455310509,1.199627331465029,1.257930466011051,1335.579811243366,1.750386076380184,0.142521512790142,1.448561674,0.2085886165436904
7.050570154112203,363.4866358561442,965.5594334701124,40.05985482962257,2.994432389442188,1612.403022919985,4.238888734020005,0.9821404092658704,626.3238273670282,0.4573046422266079,0.2097467150133771,1.132318157,0.3602617171035831
5.010202516426612,360.5394218576178,949.654775951878,42.78676101323554,3.379243922404888,1624.494191694957,2.405188023538032,0.7589990389963347,1350.19944736817,0.3207396146787137,0.269183550815366,1.65653266,0.3174457306675199
5.2586838623485,324.5771102999674,951.622095070249,41.97243875710912,3.396380557465086,1627.318620742092,1.910371837501587,0.8357244038147825,1318.323420318084,0.2586427079807293,0.2404156029291613,0.302589618,0.2831359188454236
7.26306712704659,369.2478279575087,993.3648583198976,42.39101410518442,2.99716598293639,1610.371514206552,2.18743115934415,0.8314013183414192,1307.329529904822,5.904933903659304,0.2507103805495962,0.64347859,0.3299161173334727
2.037987443612407,591.8927981369343,561.3294385656925,62.97574672621819,2.775861748861823,1830.140513127581,54.56951067826551,0.5916490245910372,4157.475592025795,0.3982428779351117,0.1295708674965487,0.343505835,0.6023732668009361
9.347903632692764,344.7544773753127,1048.518975508895,43.61988070703394,2.46109961229617,1638.196840442831,5.833977514040114,1.161391693344752,1325.353801139178,0.2477979647739273,0.1755380519288811,1.741874674,0.2712022892560649
1.145131239500996,363.7273161952356,596.8560382396772,39.86586554995605,3.310950827548229,1935.73643605155,21.2046954671971,0.5078511833466891,4563.130652040302,2.400882138827561,0.2249252277555715,0.319980099,0.3143060598836597
9.083210459143048,466.3056616071453,971.7487487925998,47.92901777801419,2.564225364748536,1507.129353777468,7.178415686787359,1.019105396570354,294.0368802304931,4.432422019785431,0.3927322114301095,0.342224799,0.4482759103779089
7.315474963283479,349.7949957866051,991.5025329741228,41.60099837635403,3.064576449650835,1615.248679406724,3.018061032282401,0.9402645172259628,1186.539475838555,3.624625821486035,0.2025407263568706,2.725732434,0.3030086419261557
3.055718251642085,380.3475662116016,686.5768942564661,54.86021847864763,2.663751144664069,1587.793693103464,10.19796261945864,0.4604686881606297,2869.217159668728,4.337044541739741,0.2220684059641365,0.503403373,0.4028778568460288
8.25113487148195,434.5173951435638,851.3032072658552,49.07294569118022,1.775871541669021,1571.919708319545,7.253003810815986,0.8321206661662248,1996.998510383952,11.60903532455545,0.297052387683177,0.719508197,0.418680620477525
8.636847928106013,162.7966832168864,1132.849625620275,55.41480529596402,2.403512956061406,1390.516345276186,2.563552567816845,1.261722011951026,448.7943175144931,0.4588755157929717,0.1676218921922759,0.521927525,0.1109696973831487
7.597187389088792,162.8250843516447,1115.137600036118,54.1546395801991,2.598588292647704,1454.514797784762,3.68408321069584,1.303746536776221,553.6503077404507,0.3233472142626274,0.150773702515763,0.538616665,0.1176933287592071
4.710190778156537,434.667473166779,772.4222733454394,52.02235842915753,2.466029824480807,1698.841306169237,7.212601575825857,0.5969159814361248,2546.590494426686,7.648361376537419,0.224394593382352,1.534196629,0.3945881802228179
8.823419635490652,437.8015214499887,1040.579174628834,41.34195468391588,2.438538691568388,1615.968196059719,5.823360580796789,1.009769912278164,1189.452592932659,4.989545666586326,0.2436100817343814,0.594018574,0.3664991542052346
9.0963549077739,273.2632598898884,1063.949332649486,42.91077983453694,2.584244517130908,1662.328966323588,2.799299958451194,1.135010851357621,1436.469248059913,0.4704558849753163,0.1409037003672947,2.889226055,0.2237957856807095
9.158988996538003,181.3020104070445,1157.207811354088,36.02941956964708,2.783189046666478,1675.917264314364,0.5350022599779066,1.337340823642605,1178.683814746949,1.160723574541608,0.1249433188423021,0.732802535,0.1314690581164884
4.747419705183983,449.5549333139588,894.4417936184203,55.48017117685486,3.583705296993849,1449.751594835953,8.481176635353439,0.83782685937019,142.9676009125259,0.1042882779635637,0.2428271388388227,1.584213161,0.4593404870035591
10.941209080999,890.691491817908,868.2802600101078,69.1946943913312,2.163943582056134,1269.357764329443,43.7691870386598,0.8475078573868124,2201.734777500776,6.635934529644378,0.5533687674847267,1.076087193,1.143812202993382
9.667911717373292,186.2837694441691,1121.181762171581,38.72506669121166,2.594049165248078,1684.742906586574,0.5354391632606653,1.352011478370171,1225.271510304016,1.390936120490211,0.1306313248547049,1.75890284,0.1406047217441086
3.052718821334051,392.9481178908267,780.9846735552569,44.41127939872039,2.680579366319713,1737.432229342934,2.216331255298516,0.6479521901926992,3103.471163235807,0.4556205002477209,0.2004745602283759,5.013538644,0.3410129581856844
3.249349124439871,389.8887373305464,791.0666272544262,44.04586452360817,2.701811577392494,1754.499189751663,2.157365065775169,0.665944880222693,3073.211706540917,0.7145632221748549,0.1642003811084384,8.230495893,0.3351600578994114
2.981961800877354,397.8550353265734,774.6821486381623,44.5580917930757,2.631592172333068,1723.741012004434,2.235345478835554,0.6348887571203528,3123.803020564818,0.5967568627073805,0.1983942130128941,4.390669282,0.3468945822574616
13.21086902601765,434.1927494468299,1099.581889827937,47.50849943709803,2.136263052329749,1404.263047343361,4.697178373826195,1.302911400150546,348.9123215676839,17.01043964915153,0.3098942269890334,0.615557078,0.3826077456122522
9.11576572479732,221.2013412754601,1032.49989002027,43.6978155961109,2.494990124099972,1659.875542965585,0.7070244266975133,1.180980178351488,1524.901153356715,2.685419724845966,0.1307328272639346,0.603122875,0.1889629620449032
3.113802475119807,389.9113766130886,785.4636084092901,44.2450343833537,2.706953586756427,1746.622871460341,2.151338747027977,0.6564040330488612,3090.208487926432,0.6589250790159626,0.1875883847560692,4.888655776,0.336075147099755
9.074366100562134,269.2619388666308,1069.634372587226,42.80963808564512,2.613422776756118,1653.110640275702,2.758009537331513,1.173705954728635,1420.652998772317,1.665262788521572,0.1582141047845545,2.645192679,0.2217813895544842
5.17331509821857,376.9384698569468,940.145661511115,46.21410309556339,3.488364352992508,1505.529753955318,4.842119042816915,0.838511936925607,328.8164654517682,1.706088205713103,0.2789690354575079,0.312437361,0.385504674720348
3.202996247985815,392.7793404661961,787.3909428903454,44.18066561892779,2.67877195319511,1749.84397876089,2.206923082541327,0.6535364353946808,3090.198881188312,0.6443577475913644,0.1957115748692359,2.609401448,0.3409698671386065
3.021091355820952,396.9904116263654,777.1469902557169,44.52113799609218,2.641701163415131,1728.434302239551,2.258343123734938,0.6398790496124942,3118.939234405857,0.5240517226321464,0.1856615014174631,2.969811278,0.3464319415090638
11.51129180862297,638.8360976935624,1041.981593506315,48.04195009084894,2.400190312575219,1452.980736705744,24.1923513376633,1.033039477396481,1005.351733091836,6.465881530664745,0.3812102177433816,0.339583755,0.5551566066973892
7.64377897677638,363.6654419055994,1037.577688554099,43.97771047920294,3.593178152986591,1557.916509180893,3.564090867028539,1.124345813863224,224.5720739293981,0.7352591580712705,0.2405363847689096,0.574624588,0.3434326776853552
3.020852328501272,400.3142024145863,775.6563172845644,44.53944574417861,2.621474072956325,1723.978482216456,2.247761405224544,0.6373295340946123,3130.043985185622,0.8565288396579357,0.2015702941912044,1.469397873,0.3489005659541999
-1.125085308324278,463.9078625103405,516.0756819814486,49.64707676142565,2.76848562071059,1666.64853948701,16.90224175114343,0.4783888952991116,4212.065842775341,1.275768760351449,0.2332662690166936,0.518334628,0.4705756336593702
6.55955099325041,360.2896846773217,954.6695268743388,42.81477018361993,3.124119813065733,1624.369094607564,3.240527852538417,0.7907687469501717,1360.496619138053,6.090877885101156,0.2193330802101773,1.281085368,0.3227367781963348
8.917408767402419,227.1858935589568,1024.796129646722,44.17969852802101,2.537784193059448,1642.581113415361,0.9991057489013586,1.142576410335952,1531.007040205187,3.276500836278532,0.1434617715988299,1.987250501,0.1929647017805617
2.932731229253416,399.1323672269465,771.8926926982333,44.64871763470384,2.622139628069184,1718.812099017083,2.21381554380009,0.6248059145598994,3128.450354475879,0.1693317924488355,0.2003096177677298,4.357655134,0.348803387772099
5.909352608906661,195.1290249954332,1061.169833559524,37.3340463234962,3.687278564251837,1658.10213829236,1.27658868047508,1.001924641697056,1188.197737739752,0.1822839502090481,0.179084048556371,0.428575384,0.1562997918223575
5.127623509568996,378.0364696669368,937.8429391424004,46.28859111635823,3.484018021003721,1505.406948919595,4.883736071798062,0.8401917830065055,330.8705691636576,1.666865184196003,0.2847885597149259,2.36593127,0.3859799706334011
2.972462758226144,395.9762598711565,775.6425015517901,44.56375117723476,2.653534017585638,1726.226120203926,2.24675857646971,0.6381265766268066,3113.364579645694,0.3416978806577797,0.2124158728289932,1.53425868,0.3432506090496668
9.538896427695269,281.6671476635552,1022.255031195324,45.51224485212573,2.36562979874111,1664.821795172577,2.745451887066649,1.168724634653458,1384.051274474629,1.622109520288942,0.1575319108003376,1.598430355,0.2467248601802442
2.890879484545056,400.8806860354934,769.4790406356765,44.71425711846764,2.61619038652663,1716.990063575888,2.213165150377316,0.6227103706921637,3133.896994255505,0.2110291532031339,0.2057044645145302,2.881201094,0.3507183063890514
9.550731886100609,302.8477845251814,1015.819385846496,46.13811732845683,2.347760762837658,1659.618311558165,3.232137243300362,1.196469051047914,1366.771414204843,1.605655670467676,0.1693622337958459,0.499113372,0.260199795464851
5.055971625822305,352.672350582515,951.215789974807,42.55698511589671,3.407852302696012,1623.788265904018,2.251408908328075,0.7633723149352344,1356.08644203404,0.6316351965817608,0.275172572428843,0.321280785,0.3148798133369957
2.992725314388171,403.1614157339693,773.7892569163217,44.43972882736056,2.620784126348856,1726.353090220869,2.311778184363249,0.6264841329343088,3137.357238465518,0.5389788171275933,0.1938114817275534,1.35830666,0.3521399244086272
3.041593708337468,404.496252435622,775.2338831186626,44.31925632236554,2.617030727016794,1729.16434950986,2.325994677102413,0.6299189885987176,3140.254568472688,0.2596801116754335,0.184101814880359,1.876822206,0.3537568060506263
3.051253503233888,406.7046022663515,773.8929255408932,44.2436886385895,2.605188644160118,1729.109532568177,2.332221876040396,0.6364285479709157,3142.601865867892,0.155972457414959,0.1881069965097539,1.762028547,0.3544955379364706
9.20896106919784,408.7151173209648,1069.407190215553,41.2068276862762,2.451133336818183,1641.363853127603,6.081021291753132,1.133231345179049,1203.323793965511,0.2996370607777251,0.1714096139752584,1.680228527,0.3158309280915977
4.816255933158771,382.3984024570368,914.437028694445,48.34010369989787,3.328488622677725,1473.861508219887,7.565633531943591,0.824735316514588,250.5650031046117,1.250630918200068,0.2836978983504443,1.529832982,0.3929775231833962
9.481668832053494,279.8030438363418,991.5683160372924,49.85811843243929,2.306962843571277,1635.47733488618,2.546922232356484,1.127406250536657,1499.374542482041,4.872585712616385,0.140072092229401,3.161530009,0.2551075343538422
13.24355044797332,452.6729245205516,1101.87894738749,45.71953452893153,2.194426044748147,1409.577826470269,3.768944745036238,1.365000745687887,153.0361085679796,3.59302418106266,0.3620782257109511,1.026358761,0.4170481533942513
12.99903080445038,432.3433489554465,1102.967590589145,46.00199456292338,2.271040228740505,1416.988237150991,2.038828223972816,1.251314969397121,329.6437981335361,8.884418446282417,0.371828127064823,0.395259965,0.3925623913009651
9.68058221375284,269.9572428604517,1035.061724226215,46.18849229725097,2.369157633222854,1665.774783399454,2.673444691169024,1.234139949013954,1369.328374692223,1.359878878647297,0.144803066163789,1.833788715,0.2285923858909998
3.593444743425001,401.2208486974989,799.8808601556506,44.11705009876762,2.633832458607145,1757.77661994252,2.25773921698317,0.614852082314053,2996.177789016941,0.2881169538633323,0.1797653200722836,2.695060816,0.3410189897249081
9.64918311447838,256.9140450533457,1056.184242163347,44.48576267480465,2.435104884782739,1677.743968525871,2.310182710821763,1.239303152385481,1358.323804911629,1.409233781981142,0.1339346386261117,0.350260421,0.2142756470427685
3.519203051410004,397.6321553154039,795.0296342800088,44.06366593881448,2.614868775861299,1749.268895320386,2.142247292274547,0.603125280862758,3006.892128363754,0.2406430650868601,0.1942958908758401,2.767478645,0.3399705495001495
7.770234868395609,233.9484738192568,1115.778518430344,37.53130161411554,3.026622460630038,1719.695699826979,1.62725737208724,1.101806742681966,1095.824509422108,0.6695081228274509,0.1438891162793469,0.41228651,0.1758835847734638
9.671121584755412,254.9874460756911,1057.886764872282,44.3863303930936,2.4342662810514,1678.383117552353,2.235865172203516,1.255609543520019,1352.710632385933,1.44064234109732,0.1357790128635293,0.389705233,0.2102299195883981
3.635501574051518,402.6450547940728,803.4789639624981,44.15099994994056,2.647630964625444,1759.393638147489,2.296439644680377,0.6004906774443959,2995.059069622667,0.3202945443197246,0.1781894433283142,1.378499634,0.340197019508321
9.900272307433983,232.5006757616618,1075.651088725943,43.12845235195921,2.44562676087828,1661.223791038183,1.097964202545324,1.30098340354109,1246.176261633329,2.243825181650713,0.1545354472240556,3.53928441,0.1859018953657859
3.546665031483493,399.3433909366497,796.1234541920857,44.03198759033361,2.609420700412115,1747.359318562991,2.085644718393795,0.6010186040784011,3009.343345134101,0.3332603804493367,0.1824884374025045,0.635373444,0.3402568290711632
3.57592900259477,400.5479559503169,798.0110216268974,44.04491927714783,2.617507122808641,1751.355503285538,2.125298366576841,0.5998222072906506,3001.70926097659,0.2504992549341332,0.1915996264603664,1.982581738,0.3407930876135567
9.630874164966457,228.2617601577776,1073.351669534713,43.40279945396609,2.534479651885115,1664.720548403266,0.8322198422123442,1.290718073113367,1344.438600499022,1.867862339935476,0.1404340251880002,1.635442418,0.1845503127224785
7.88407388224088,243.0488693166575,1106.667664363022,38.61162484832221,2.9028602933484,1702.600472376392,1.466984909073205,1.222655683390466,1101.683968837824,0.9464720531001648,0.1355317824711438,0.442880491,0.1792806468520332
8.979013124885759,430.4707816435786,1060.607257651835,41.45808402005406,2.491471423731206,1635.651062855822,6.502780168589561,1.098635673929978,1227.556385381171,1.373894716231064,0.1650371378041668,0.348630478,0.3368084738093985
8.527409205875614,273.3306232725939,1006.907357771261,50.94315196343068,2.211579846627127,1481.478012775688,3.481735909584966,0.9351473894412248,1258.932804243242,2.387332407430494,0.2149446877566038,0.46858562,0.2307374294850801
1.209216353471452,237.8117861842476,832.8015843916455,53.05408898826713,3.490246698055729,1471.374324419405,2.265448738301266,0.5202694838836819,552.2551551837508,1.070503801790226,0.2369270589678702,1.437194173,0.3218412732130238
9.72375654536964,203.0136795315402,1121.39571791251,39.34026804691938,2.596521763143388,1658.825987886111,0.4341191782983538,1.374031262739543,1164.399512856209,2.038197285783706,0.1351349047053467,2.66987517,0.1586934207631379
9.662337561275422,227.9513272955544,1074.062522025966,43.35015657116345,2.524152578697001,1663.992298671178,0.9045723629444984,1.288570136595661,1347.693724714006,2.20798207844238,0.1391219832325355,0.761737853,0.1839673353103169
3.482158860255624,397.3819466390897,793.0917004685687,44.06904866808932,2.597758107183025,1743.26011751435,2.093476764265553,0.6207877613443921,3012.718492485906,0.2474331260399278,0.1935567248981874,1.926421796,0.3415466903980051
6.993471460169409,228.1377014490916,1099.251430438403,37.44334803713613,3.303414507132981,1715.423920563137,1.901580145328413,1.115920826915646,1249.865382261764,0.9016550682960436,0.1643907009063013,4.090553673,0.1682001359083195
9.817013838335546,229.0331012143675,1060.813855867633,44.37999085040284,2.411977843363978,1667.375308189308,0.8216267326617518,1.296078409877975,1315.526985005412,1.865093010000112,0.1459430497590692,0.265081973,0.1878278276037443
8.074730435996358,441.4934959815815,841.9379250538789,48.77107404472813,1.770420515755577,1570.570312336586,7.767266073709655,0.8559649094830206,1962.823088632742,10.75700105182537,0.2598351782106982,0.442818668,0.4203725223040938
9.278604755436245,273.4281717751139,1041.106568321755,42.98268344531616,2.483394028573779,1678.790595134706,2.739516163228779,1.198624358286918,1425.074432606005,0.909354216233688,0.1271823141503399,0.716696565,0.2323103434507293
2.419240420927028,202.8849565951835,969.3713139154648,47.1735936419549,3.624582889706237,1620.992170898804,0.919753351601866,0.8215247669764194,1109.369406541814,1.862414514917637,0.1802393709642537,0.937420949,0.2211710642861615
2.436818823293646,202.5157841877939,970.2693072168704,47.09576387905676,3.628621605891865,1622.214596023128,0.8859654429311993,0.8317674760089436,1108.690019338145,1.178237905392464,0.1980196572508627,0.778410079,0.2110539219228631
13.79998859055619,49.33262802035915,1095.859918358807,43.90278628579252,1.30773636435295,1483.532184074201,0.3972815553625518,1.426194487771358,1277.766540455734,0.2767055583640577,0.1483107302205767,0.492360134,0.0391278461634253
8.349599099518397,278.3273910009832,1000.317269864245,50.99733537491988,2.226123834980743,1484.385854464365,3.693262962419803,0.8911105324712494,1328.859257172587,2.437396877818418,0.2251791522170727,1.560716786,0.2408763935608809
3.450504180356733,399.7651990188003,873.9812056532288,46.22762619059105,3.510374719646137,1581.833455680685,3.808311730545575,0.4922263790507787,1555.61846134267,7.012000603414085,0.2844742066561594,0.434331753,0.4193491568379956
7.701984335190826,163.6407841293447,1122.746976983356,52.3926728321236,2.727028848926908,1444.552925830998,3.42524289757742,1.237415492524519,777.9623025397734,1.685662274882757,0.1440349917943293,8.23486291,0.1180903213466202
5.392569550072639,347.4426935729527,954.25667887751,41.75933187903872,3.416668132888744,1626.085832519149,2.549485718851074,0.7757291163798294,1358.236476201845,0.2193484923054627,0.1856836353071116,1.168562916,0.3011641615747995
2.876493275653317,373.7411048134943,843.1304425206835,52.12300022152239,3.348256307752969,1583.258333934977,3.065109120366586,0.5865723884142963,1323.293270458415,0.6260224047177585,0.3270054675370372,0.462785896,0.4226116371642697
8.288405424753506,404.9441786127409,1039.865904684944,42.42445518468556,2.587559843801196,1656.724706850461,5.169547750556445,1.068206476412504,1289.388797372773,1.48081737840701,0.1576575664291936,0.621587893,0.3197081850093079
1.684773166926025,317.1550288956653,835.141190582847,47.76021731423158,3.394981126714512,1512.50554099027,2.511252808565711,0.3916203440094005,1040.972784321592,5.333323161025301,0.2867650889792373,1.021894299,0.3916136801565846
-0.0421437663869602,625.0348093419427,523.90432793253,53.12846401546096,2.742408499027782,1607.812164944716,84.05852311824648,0.328083961751787,3592.858585371418,2.87036814881182,0.4220015632530208,0.554455683,0.7344747766918692
4.772572889788703,357.1296627541055,945.1249917695568,42.7342491237597,3.477912635572833,1633.832903873749,2.116607357865442,0.7554214494472918,1382.960101202919,0.5957808994269758,0.2654924523013144,1.055736193,0.3162713117240634
4.805044457713437,356.2891016299451,946.2118682911564,42.62458152362391,3.489056711157928,1634.689956045848,2.123918281052535,0.7586815194136711,1381.375152399141,0.7691500580477878,0.2388461424712011,1.210902065,0.3107964486437397
4.90691862709833,215.0235410755435,998.70746702956,41.13320254033247,3.597266559965102,1690.180207168311,1.551810881071845,0.9783659600613672,1354.242926637884,1.0019198419663,0.1580375457418956,1.3016763,0.1873677589381976
4.308689789674477,411.0059036150864,824.0196708293362,43.15280691221891,2.58362648748876,1779.135359552155,1.886403728966192,0.6192971332013909,2924.317916486175,0.8302015372103928,0.172523430742568,2.620635993,0.3440984406685457
4.850199913066522,270.6695776889509,1001.286255696078,40.02224303957284,3.650864059744458,1718.462475482924,2.491724899156968,0.9562847599830254,1576.577131869588,1.090119574956072,0.1675557029706534,0.257285959,0.2177612926886979
9.537848194727642,318.3106294068029,1056.275045338953,45.41639379995992,2.446142894539832,1623.024232699898,4.48110170915632,1.166496185820226,1312.911842031024,0.2364776131517988,0.1567023936086698,4.076366444,0.2597625213400104
7.004219866295274,289.0173380085301,1015.401349883837,41.96467608813709,2.642283837930824,1639.742359099643,1.190558075571536,0.9420555936962944,1799.154639807331,2.164260782087613,0.1513060927417903,1.309265216,0.210791901938426
9.490079989476056,325.7886038354031,1051.637766589201,45.67891403842502,2.460266005083547,1619.10560041195,4.961066635881989,1.114095665915112,1345.425779186683,1.308523387281648,0.1937528791783442,0.42625592,0.2637744128480537
13.04504122469101,432.7397163780075,1103.801227447822,46.07097724952644,2.261018743422272,1415.880869228679,2.099122006130522,1.268880816690469,300.9850894408761,7.238002981727504,0.3572072663437514,0.885782682,0.3908459072677514
9.124793269187409,270.3067435478057,1067.398230596191,42.77854057693733,2.589335984274883,1666.010684439288,2.650428985584345,1.139867779157371,1435.249306681429,0.4025256938846505,0.1447272441075557,0.831259151,0.2209888457272479
8.288476951507668,222.3531649067614,1134.350662413829,37.49166339674338,2.91053345879343,1709.541645077774,0.9316198856352396,1.259139008546553,1108.659870619038,1.419579861075598,0.1457082420929026,0.430849556,0.162264345306772
8.362855179442654,153.120210297635,1136.729083994865,36.24372459159776,3.081532701895005,1716.811908961055,0.4488597254969622,1.228123068233366,1029.694441355236,0.0835493209873194,0.1597825256719721,0.617902693,0.1078409887601801
13.16315356504174,433.2703361351933,1105.862406206588,46.29403890444357,2.235130137806805,1415.769981318587,2.172996181447537,1.284400547975986,279.7836621649297,7.072952788464317,0.3745575006041479,1.239109362,0.3931138800983739
4.082604138709772,416.3229996926576,798.6096828770972,44.58143280789313,2.557406072405941,1785.952795694041,2.106974778989076,0.6262171959815536,2916.931664824986,0.8012298230364677,0.1513553225454344,0.515521807,0.35558911589925
9.079730167518989,270.8722067156059,1067.200067432031,42.95633350446527,2.607912309399433,1658.05070837746,2.777542947260777,1.167258421153971,1435.022567370899,0.7896342626482165,0.1554246612443288,3.539791381,0.219554306210234
9.91473749679809,234.4491019725859,1082.117594832554,43.17214285247042,2.47925813666729,1651.239159041089,1.273635459260016,1.270418543766618,1220.404486651522,3.31429335669216,0.1592993351893937,0.59705994,0.1851074253555719
7.134285953409601,281.8768937508003,1022.15083737157,41.94617230105747,2.634585362201133,1641.173767982171,1.03010040280756,1.003915808120469,1756.929666639383,2.043732851119465,0.1443471880700107,1.17478066,0.202508097457724
6.201856614506148,344.8822853227671,911.445707517922,57.22793677562809,2.456056938598679,1450.857295926081,9.444308835360562,0.8479278346816495,1324.665807061772,1.835783288205316,0.1587283895560662,0.601148019,0.2976656699978762
9.124183592398548,268.3352698918095,1069.284132154642,42.71614054126175,2.594168528902727,1664.473116566576,2.627887034023828,1.184604373852128,1426.686774794815,1.526022319607427,0.1511297976001893,1.309041031,0.2169116765962188
9.38563652338892,336.0728195239633,1054.322386030754,43.74811212478983,2.457185074554304,1631.53956715182,5.29327694054608,1.164299445486647,1329.483665909409,0.3437327581021953,0.1908573000322822,0.366004122,0.2718872991786807
9.159262658486776,263.4514724381388,1070.133486575375,42.53052560935006,2.582959636039146,1656.384683510015,2.593746115335051,1.190359997003219,1403.361397685517,1.55494096333964,0.1655323197375946,1.613523307,0.2102770619055611
9.291940176033686,169.2480150697866,1170.696127778118,35.6167254167309,2.804728248525517,1671.392787078277,0.4453646555540425,1.353361640917931,1157.273554824817,1.03167912967243,0.1288968134223274,0.45816335,0.1217127844433834
6.322944167004843,340.878011081155,917.786071368099,57.10515604750002,2.456236248258696,1454.267162080488,9.506421533948746,0.8567304419956855,1294.219679661486,1.710432732703914,0.1515775212937164,1.066581147,0.2936518185655759
9.46530776678849,293.222621724312,1018.113032118562,47.86776563178342,2.404846637918633,1666.599319281905,3.390682562913732,1.193222418487932,1433.629239312176,1.158632372314664,0.1260480527280617,0.57565666,0.2550311922084065
4.212729609261937,420.8017910315363,884.6347064026974,55.98367026745573,3.523374395130058,1447.502668541844,8.21495693436029,0.748972709317217,144.767126302984,0.0919549346872088,0.3201768281178335,2.880944021,0.4352756592403425
9.392401829616423,336.8122790953292,1054.059396324432,43.69786170230359,2.457443054527003,1631.657677806937,5.324397124534742,1.174852149219205,1325.953207236842,0.2777414005560621,0.1737230019965279,0.624003022,0.2665879099335542
14.29619583586996,1043.176983156942,1040.523151848495,70.91241778832256,2.335168827123777,1523.24093057423,50.55201631734163,1.23331264762158,2150.351251981378,5.718756797536429,0.5186608621498009,0.60361643,1.168067644573691
9.443491054332032,334.9482215977332,1054.793053306201,43.80319884593688,2.461993193791993,1626.082159238696,5.265974288836396,1.155749261570834,1324.166878338785,0.1647422725749944,0.2062601721022211,0.806308691,0.2686826783444707
7.854571272380706,889.9189831669636,789.3679366844613,67.4403712217273,2.742609500442332,1481.432919354244,51.51864258993133,0.6333760462874375,3141.051479346565,9.640272342842064,0.4243510150358605,0.359430592,1.056859926092163
4.748216362784651,355.2719924397652,944.4938356305356,42.8458314240752,3.46726285249962,1634.147377866016,2.055238440017512,0.7599728361861801,1382.586077013666,0.3617807263830163,0.2639225377447272,0.67381259,0.316441439144782
9.300635669777623,334.0561560613521,1035.110055631035,43.44231437595292,2.444441954152823,1638.349090061956,4.89168617875511,1.094805617618302,1403.53809640067,2.106711872322419,0.1699579797567977,0.528453907,0.2749888895640825
4.873248897663113,348.3823589267427,949.2103401473686,42.49053892915192,3.467932935970537,1637.287911498814,2.121495212253469,0.7682733905086582,1379.55802216259,0.4848822686257059,0.2340731783800052,0.858573842,0.3073545839452424
9.124194793915256,266.7762103712766,1070.080878892243,42.66989771754845,2.596818590306671,1659.845319520624,2.635231421453314,1.19741375022866,1403.851614947907,1.29391147584327,0.1527024033054811,0.97264562,0.2145226051494482
9.101322291665712,268.1153485210082,1069.525774687517,42.71056726214938,2.599232555888529,1657.403484980593,2.684867419844597,1.18532477666873,1415.36744688107,1.741380418744677,0.135859986366973,2.253067929,0.2176238827898681
5.429862930062519,345.0551103641821,956.288647787132,41.81060760969023,3.411418142992196,1626.135088763928,2.546906720767453,0.7870634482552112,1361.911124593513,0.137044024700657,0.2445973515694876,0.799052315,0.3031648308789022
4.319353277320413,322.6554077902432,897.3780820125468,44.50961890678786,3.231767625232643,1522.128736617175,1.371996480506444,0.7401615122648703,567.1439260697551,3.375854680051011,0.2725978542170905,0.30809133,0.3643002192132543
6.54860048539646,368.8649702080406,975.9496394491158,42.03914590553817,3.100121918943908,1626.344402267691,2.882005410685442,0.8783123385166189,1348.431029614161,1.866689529561592,0.2265639988634364,0.653134617,0.3252462304293347
5.376565225175528,260.835958273709,1028.017915103635,40.74675537873053,3.477552498729747,1687.344873353903,2.444741354188799,0.9963463960449196,1392.253313314367,1.171926731895072,0.1525255832578659,1.675697818,0.2122926740411481
3.435185011469081,395.918527697526,792.2744677783601,44.07901740200638,2.619354946955741,1746.433424932954,2.159582569591403,0.6158199157394587,3013.035275782027,0.1995744462955501,0.1928719714401565,2.289508393,0.3391872130058047
9.505333875180478,225.0973130528479,1074.586398194256,43.03845259212832,2.570138566799494,1670.357790214081,0.7367489334113636,1.240697802341937,1401.293044852412,2.363566760639728,0.1361394960798807,0.276274426,0.1823861903451948
9.00721509124932,182.7232733576502,1142.984726301037,36.00756331926164,2.796618286760723,1665.253179117839,0.47411357951438,1.33405603886753,1138.519614553741,1.255143578751836,0.1216802843439117,0.62674477,0.130966156012931
5.568499827450845,382.6455087206099,952.0055487443008,51.14761325741981,3.516678043562832,1477.585268907566,8.022151373440265,0.9138313572229846,136.1481977953016,0.0773600154152499,0.2155146541801057,0.5256741,0.3680432748457284
7.269657456801362,208.8066139172927,988.6831140449398,41.99764949298984,2.556197231238897,1661.606171105796,0.7031107908291013,1.051158306465784,1707.519943653829,0.8900874459026074,0.1270554335837136,0.93529666,0.1599667175237074
9.662616079310432,207.8660618318595,1063.060668433388,42.79891224524802,2.447129113293431,1671.487996670126,0.6269987527476348,1.258240997632889,1366.753167298525,1.948672957553501,0.121336349115272,1.045935638,0.1693833410665444
9.424882572206023,145.2285367333051,1198.711182425554,34.14741874867977,2.966536697728626,1716.860006263186,0.403750455534138,1.220239631683773,1050.198602166156,0.1837021972608427,0.1811447547264914,0.44691853,0.0992042885857576
7.406121534381397,215.1006409094269,991.4394108743404,41.97154998682925,2.518650403331154,1660.526922433924,0.8216756909341736,1.022265946832518,1711.50052168615,0.8625028368590691,0.1223651919215346,0.909792995,0.1673832345663132
6.874445991974458,296.2861389683321,1009.454755900435,42.01178549284587,2.652696231557257,1637.766198697447,1.364634642250481,0.9140367257404438,1842.19669544987,2.266377847214021,0.1622647695861103,0.43357021,0.2177757339139416
9.772863388303888,206.8245260833083,1069.282940467952,42.88015191622281,2.449585131007834,1677.952352675916,0.5656923423820993,1.279411870878187,1336.301549808213,1.278264174306495,0.1240996938963676,0.597828235,0.1675041123686335
7.661409255178894,238.0744182823907,1070.178764854919,37.89350205872238,2.652898356012487,1669.187200065066,0.6241119402465211,1.153164630949495,1653.435845405171,0.7365402378143556,0.1405830479771158,0.647500105,0.1586686731326521
5.409224984007916,310.5648053679306,960.4412879325004,41.42666776529916,3.401368851500038,1649.098039289581,2.179222407505537,0.8827619390368249,1278.298033480241,0.2045991499409207,0.1447934501133974,2.271307746,0.2788569335224802
7.259793018271411,311.8183470413961,1004.945405348642,44.48459808925939,2.595558973463033,1660.049066928622,2.366695209752305,1.089131212545028,994.0370053306848,0.0368862196657858,0.1534874256499067,0.83847465,0.2794835523982972
9.223151827427971,162.6286570609962,1192.865120604781,33.9864591071067,2.962074966640801,1697.418517901111,0.5188046039115645,1.333955894023504,1246.755133358304,2.628588072573762,0.1237099313669014,0.556671945,0.1143058475206615
6.857553975318497,232.4302656879489,1020.303161437238,39.24546252817564,2.762125207157742,1684.170300771906,0.7310499563684412,1.15579437216094,1717.690810733778,1.666280006704017,0.1192439379023253,0.99868313,0.1528848044593873
7.221782799161895,228.1539796452236,991.072415372287,41.77350043302016,2.593810900885026,1656.532692893428,0.6845275516393081,0.9824206249458644,1815.387063638765,0.9740254900379848,0.1265372482204005,0.675295866,0.1792612852160335
8.612871596308484,228.3495750237669,972.7834801272564,47.36359505667245,2.324710361478424,1654.797981561332,0.8377961465379204,1.06565859056394,1666.759120579389,0.3121009191647447,0.1605661790420723,2.639692885,0.2059053639776664
9.800424295889204,264.5202865747128,1029.366199655692,45.20367577005919,2.295278232740295,1665.196037902118,2.574443106505913,1.239265623920013,1288.675818593476,1.200613513267117,0.1360636336410489,0.577477451,0.2236294133275371
9.605223586435438,254.7178785789108,1047.21590727317,44.86137460704944,2.420016723889721,1671.534093996529,2.234245194329104,1.232175702986452,1366.249328336577,1.28876940411633,0.1204361623720492,0.810799637,0.2122050985896131
7.077772724051155,292.923249035075,1010.241695014297,45.0728732279426,2.599837331893344,1653.498799672038,1.999902954641098,1.065689201291863,996.1371624066315,0.0903651447372582,0.1825231410074379,1.131444416,0.2508959446983938
8.026680844301092,251.1665546763565,1105.678889354345,39.00286189039024,2.870248159774093,1709.905380708725,1.74705742082006,1.242984687816157,1047.868682872405,0.2987165051026973,0.1312407212870352,1.031064785,0.1951150988891123
9.234968594648192,190.9230669131668,1141.278516553062,36.95068961489936,2.750433604063845,1706.539687053743,0.9149913624161874,1.277239627108681,1350.068579491694,1.298782517894911,0.1185461776719979,0.682458,0.1375875137665929
6.670317665883491,240.390256416012,1010.057610653019,38.92738884748812,2.793789004273499,1685.888998908184,0.8506043898510214,1.117757890093403,1784.052426414631,2.490152496548039,0.1168513421539483,1.083220401,0.1597427809368385
9.508714988217765,126.4110327087793,1231.851332947119,32.73177000026123,3.142249909557348,1742.66913536762,0.4265067538830563,1.327882508590477,1035.195758411471,0.2643259534720936,0.1152762711287842,1.080586297,0.0930562996946233
8.793117985323615,419.2675732222024,1056.55004579018,42.44256150436319,2.48185331503764,1623.270954051617,5.717343323893005,1.152979644376406,1170.366798891113,1.280644298331141,0.1634793365672143,2.34774855,0.327364795941051
7.724853394040951,382.4317109438741,1004.086246358919,42.64972548023658,3.286572805638725,1585.302651357139,4.252087267059369,1.054922294018688,367.4116633354378,0.2543777567731021,0.2297166015251101,0.788414406,0.3541362215721633
7.392363341498407,393.3954594858517,1022.157693852374,44.99299914464231,3.61657251297013,1549.85141154388,4.458193068567806,1.084020602503343,189.315961976515,0.0573705849693253,0.1573209576043448,2.632943068,0.3832969098897438
9.197124151636524,297.3941623911206,1033.609178416965,46.32932465067137,2.53457026499816,1664.16937199546,3.555009786988401,1.161539878189111,1480.864279211625,1.537149076653698,0.161732647735971,0.276760329,0.2510524586562975
9.617888780219255,258.6024815041952,1019.693807646327,47.7297716792743,2.334931648763152,1662.465133708555,2.171151368718514,1.215129460051292,1435.307121746506,1.473517050060373,0.1411730619315385,1.076141975,0.2268870654876613
0.2569750035253272,238.2110305250993,821.665077531884,58.11550115551011,3.38403289272935,1500.229930400848,2.385631981925115,0.5657409119483299,687.6832949161528,0.6289306847568643,0.201822991222132,0.627846283,0.3221050976685535
8.325783684560294,192.8222548543151,1147.014083703317,33.3763958653411,3.0860931288141,1678.668622447146,0.9140641436732508,1.157811099468961,1601.393090550679,1.398916003119719,0.1456872586928396,0.569741083,0.136139982822629
9.7759146351826,188.188672473345,1094.018648561317,40.39259777820106,2.477496400440704,1684.873133355278,0.4934488723351346,1.344309392967411,1297.74234412734,1.215623346477961,0.1182360154406085,1.236781221,0.1441931103523648
4.521817405008374,372.9098017626191,932.6339605418128,43.7016518035319,3.449234354381291,1620.41984551914,2.550049362524814,0.7123142308859265,1389.397903921914,0.1810705246946585,0.2904230893212391,2.277798193,0.3365859608620336
8.04178474576151,192.0945213304016,1131.108062790256,33.24495010289488,3.157992610224769,1686.935635547449,0.8586054374461604,1.16095737421893,1640.688018608304,1.752268453313014,0.1409075416490195,1.036008713,0.1380914500280665
9.076104180595228,423.4545311751845,1065.005913251215,42.0462648319451,2.458859971894286,1608.037216288666,5.897349600768229,1.113463655524023,1110.564871184848,3.482504385946642,0.1873733608395393,0.883858243,0.3290389338921887
9.608937674451278,192.2446866408926,1057.155042643585,41.54505884773791,2.353267499714333,1640.809308231176,0.5118011200099659,1.342376404950208,1308.346260144872,3.458992341162292,0.1290015335110625,0.587283234,0.1563850579256063
4.854884090687904,277.8994718495204,979.5306174015602,42.57022869824927,3.506036932534051,1710.054400249746,2.57880625166464,0.930351154864172,1582.552081418752,0.2552059400619436,0.2244937672569306,0.721825388,0.2342260013723466
9.010050149779484,178.4510413373849,1147.408970262136,36.09008015608757,2.801286489038842,1666.091221471075,0.4591609063325393,1.321064190900989,1174.098617107419,3.384425405401982,0.119913222130677,2.114430619,0.1303688577287549
9.74516075402773,255.8133735471816,1023.879160789545,47.65764619174917,2.302439629029858,1662.552651549973,2.124849556209848,1.225360920756398,1394.202656358193,1.537091081531557,0.1396580767348569,1.413829535,0.2240557238190613
8.99325063736118,267.5836196270597,1043.946489183652,42.68659735478339,2.582295818678849,1690.263320639486,2.747566817377753,1.139668120923438,1514.02972048028,1.823609203650601,0.1394221333789225,0.68490328,0.2230857624388418
9.4684665965512,411.7334191592045,1067.981305855744,41.63792493473319,2.469825942745054,1620.781308222083,6.395347834742142,1.042865089842558,1378.535946467735,2.675565788521958,0.1969187293074986,0.551906628,0.3150318539168421
9.494694381025989,436.4517434978611,1059.732087315158,42.40971929901785,2.492889545374747,1622.431573514308,7.131006449610285,1.083060183222285,1315.094671043291,2.148915481671698,0.1635934880239489,0.604263645,0.3455960884991381
5.104601777828762,160.7684206627083,1104.080425746387,41.4033872827391,3.805788913631482,1676.790013365218,1.067566565955067,1.146268372770309,965.660209816164,0.8789010067674686,0.1299825519311897,0.666714927,0.1376138340819097
8.147319018691304,209.8057698288172,1124.86710106559,36.74873059330276,3.027832952880123,1698.981783370572,0.9698852910076052,1.137590420045681,1669.170628476766,1.811741236466858,0.1456267670629923,0.72170055,0.1531003720231272
9.147299313065531,419.6517054758126,1039.167936602435,43.41560474200276,2.513697737062055,1611.314756833804,8.005248340597364,0.969464624556562,1463.04604842484,2.019117167317089,0.2739561526924652,0.534136925,0.3314487931771096
8.898324637813444,436.0712604968282,1061.714820382858,41.6070179350688,2.535870467292876,1623.654802395084,6.543738119694805,1.063537099390181,1208.61131400583,3.131793006333469,0.1617431438694665,0.871844251,0.3479966918492611
8.98265951693647,420.5875562670756,1064.62501739297,41.88397451271568,2.488896194487965,1612.693988007186,5.679152901588211,1.104984161307732,1148.467888108512,3.102655944637506,0.1933645749963511,1.290433608,0.3283380697827465
8.645320408953873,415.7556952894694,1052.273033137268,42.35054301149309,2.511925263091382,1609.305113974717,5.352198956803577,1.08312512788746,1205.276102316134,1.553630163584253,0.1892463244527733,0.480903935,0.3287718118724672
8.377667336737076,415.849127933362,1044.124414521138,42.52539276318385,2.562482142210911,1618.567002118196,5.456108234261833,1.059873100174245,1230.380556864423,0.5364928328468145,0.1788154201146593,5.290304966,0.3308140733572112
8.95035896034483,429.1320906817122,1034.716907858247,43.00844988420219,2.541542929812094,1611.034111465502,7.336863572995338,0.9630645733921852,1515.944874547844,1.582067030796706,0.2183919125860934,0.558730671,0.3492223615880884
10.57337830540022,265.7917558632697,1060.614740872199,51.17461251181089,2.082229023534895,1531.67365553168,9.465171846201754,1.276068741739529,596.493428637126,0.477542831791285,0.1474784928910949,2.686542843,0.1948524665097348
9.834712473429173,189.4138593360848,1088.353212363926,40.59627154083197,2.43300785451114,1686.473180497226,0.5111047918494511,1.365539441555038,1287.860075888864,1.602832676828799,0.1229172539490598,1.083141311,0.1445839211893091
8.918654111177293,407.7234167801925,1058.219768619989,42.08828822624711,2.433507447755985,1638.86955317895,5.599167078028189,1.137014269169919,1186.293505974962,0.7067168899834052,0.1748802317579559,1.292329505,0.3129965088373873
9.541463466188626,207.571613642525,1123.155528145561,38.74582333963336,2.651832498490595,1663.647656492375,0.5388802019114931,1.289275940041646,1233.435366341401,0.7679262659955772,0.147642176258945,7.853611283,0.1589709674039064
8.43338409275804,419.4468138195941,1043.621565939422,42.17210391258106,2.589433627790537,1652.179142957514,6.024980921044205,1.074541897515999,1281.748897145622,0.3282291636812072,0.1634135031695288,0.595310004,0.3238244219182308
8.9227903293388,419.2077006326724,1056.639099966195,42.30501447218264,2.452483461250578,1607.833640846632,5.551377570282856,1.146466394027323,1120.211455043495,3.119900986344729,0.1626371039081249,0.268817245,0.3363759069415713
6.099523823850749,387.6768655415298,969.8893294339564,50.11541966911945,3.602744237420534,1494.601154398352,5.288339771517318,0.961780968386614,138.1932447627999,0.092023349994491,0.2325514499272593,0.265073756,0.377049785868059
3.440375271251279,423.3607966069769,847.8987814979332,55.68367128725745,3.292590503119155,1439.251891080476,9.664227132147127,0.6860068231970813,159.0187009826187,0.3385187895575497,0.285024141400136,0.638258217,0.4623028045530299
9.338827972717716,252.9575004694809,1075.082680306012,42.10731779806005,2.551039722283539,1663.277751311689,2.106890548253113,1.242122110912164,1363.530897989363,1.72024038203599,0.1500854488827714,5.415068218,0.2035729783987081
8.312944367831383,192.4444198930912,1145.700386417873,33.30738879682539,3.089211079880581,1679.614634001551,0.9103570330443446,1.182050113921044,1600.642784875287,1.756849245626508,0.1551522823067168,1.469903363,0.1357580147324219
4.269729745565236,326.5476411075095,937.25711390904,42.7524333780859,3.616139623032345,1638.14599609375,1.91182608190699,0.7948145891367991,1408.449366082529,0.4813305182266711,0.2290876206124538,0.48794444,0.2940014351891586
5.313463962953774,302.0998579369381,959.1318686873668,41.65228341258464,3.424096564604897,1650.878077571499,1.749809432861526,0.8678715175967376,1278.916290918084,0.1916684812560073,0.1735885534458199,4.658704304,0.2658791880748496
9.319143322705552,181.2463158276364,1146.144524335896,36.10090784077042,2.72343264828908,1672.169380065079,0.4485780033776632,1.333092417181235,1130.434579761558,1.859301668546793,0.1214866229359196,0.484815252,0.1338531446463859
5.157884385842654,325.3581585372123,810.0518721729143,51.93819215640997,2.786264890918134,1933.380349985525,6.059911147630215,0.7920150775538699,3952.162833979015,2.872148362513965,0.2073528655989154,0.70704818,0.265487072646902
8.842230424569465,413.6989815333774,1030.246419508549,43.69349839849152,2.575370712726432,1606.740560310193,8.158843382682242,0.923827287145636,1557.799520542347,3.262676510082798,0.2848063274562433,1.048418682,0.3289020920743564
1.521256232736498,306.3153753234402,525.4647981802165,60.55723477824379,3.281243063436233,2262.618304161659,9.641465863822836,0.7297556209440359,4524.022269005409,1.382295279227091,0.1021079029358321,0.287279622,0.2843949201022784
6.068955851012649,430.0319477548587,917.040022679052,54.53365140252238,3.41354903265287,1468.524438205295,4.939194112960911,0.9304583766700276,176.7929550566496,0.1068885438308499,0.2387950450716588,0.470868044,0.4520100233042151
5.672324328790124,483.4315360112785,886.9634539565752,55.44353415734492,3.27956001557624,1444.577710889162,8.671374001124544,0.8309953738540603,193.6107300056446,0.164825724224494,0.2394732986951909,0.494737885,0.5137760363348246
4.567356026105412,421.3557852547873,899.6265323006328,54.73794628345487,3.575473931188976,1446.203915282721,7.678749243327665,0.7743084088563839,144.0108828114553,0.078907463694482,0.3328789994252205,0.509847737,0.4276208052514418
9.493140544581442,205.1161008725838,1135.731457508691,36.79920674600293,2.688362556598623,1667.320401507385,0.993951737910234,1.22977248285104,1096.497215973849,0.3799121109162702,0.139969790943428,0.664059998,0.1604980487032894
4.247932918002858,389.8628759915372,920.6469989971266,44.90391446809058,3.46744047143286,1616.980891821695,2.74216875313642,0.7042634860511842,1410.391621866385,0.2259279238895908,0.2930232075998732,0.447476591,0.3651565941549644
3.34597792614323,303.8469462431561,879.9684341481367,47.4970375581948,3.353395222573183,1610.106343185896,1.901769123901149,0.7588813198127424,1293.400487626751,0.2798933334453517,0.1578316281716261,0.360643356,0.3236870684910097
4.546351279329743,388.8854785906395,934.4556980721404,43.65694476120802,3.493519348139329,1610.962989339978,2.90607376437228,0.7268023703061235,1417.300996284391,0.3663643617613741,0.2964352077504944,1.270422782,0.3492887472087371
9.640193186554676,202.9556852562907,1123.0452923721,38.84075585702036,2.607522684124389,1664.690931319414,0.5362443296645352,1.339744511713801,1145.537060720907,2.160910126641103,0.1311159901448504,0.959446825,0.1551734626086435
5.162047722975848,448.0012823394333,905.8212651296892,55.20584668350672,3.557040437913557,1447.86955704861,7.739795644949161,0.8586686237532412,143.4564920985091,0.049155565202508,0.2112927077222981,1.141537329,0.4504003609523899
7.6734664638204,368.3955062183599,1023.830762999258,44.23563775036543,3.558452603964067,1560.227223913174,3.27641920099677,1.098892983621225,222.6506316661117,0.0844905016792093,0.2028135026005385,0.591611017,0.3496480742550552
-0.9537500902799518,469.4320735805509,510.5563012228394,45.25465701006927,3.263711988034849,1855.973152041219,46.04975839759113,0.4828845684917042,4602.743976916581,2.656423095135721,0.3147355440740191,0.572785588,0.4578431499931167
4.64661505349737,326.5812595479044,945.6814331685688,42.53129142362151,3.543850179111163,1636.028906648961,1.730625026013151,0.7799069803384885,1370.148815156845,0.2214556254388866,0.2448413125615555,1.15820898,0.2942046356835641
9.40262985619766,262.8237764688601,1055.668067087607,43.44782624403363,2.512768687169897,1663.451821177048,2.405953493687733,1.180500219432414,1392.296625810238,0.807746269160008,0.1287932238125761,0.55953518,0.2144404584397448
9.342041675254109,345.2809220178821,1047.302947229138,45.12624736112456,2.479503943431908,1618.790272254449,6.058823917622973,1.118759766166865,1367.145330453848,0.1939931612438491,0.1310800698813993,0.48061743,0.2803670895755443
7.675999980398068,368.1715048300005,1024.367655253006,44.16622025440071,3.555168005068626,1561.296313435392,3.333202103361076,1.098600261387172,223.1937920697423,0.0900908229942853,0.2224433428296255,0.423876532,0.3464101337034062
9.02151801176892,405.7910787982824,1066.937270811861,41.36549923861588,2.483419804258368,1652.256896972656,5.889585282296794,1.138293965931908,1230.088795802904,0.2604365951615844,0.1567369031406628,0.265155383,0.3124863625033601
9.892878917137512,188.7939019371496,1065.974545945298,40.6424772484368,2.296493375858397,1673.54986578354,0.7051662245925356,1.35697136056663,1277.118609593773,1.174313614515615,0.1210152563783928,2.334754713,0.1497703979006241
8.404112421225465,397.3508621728021,1051.287384536635,42.53192498616075,2.576172055028389,1654.466138695827,4.563961175809763,1.105894017690309,1256.363544150266,1.07789899166518,0.1369026822663815,0.614602524,0.3060947211832145
8.373259041351364,398.6193911545284,1047.753491819367,42.52085041414068,2.560714697008431,1651.362979470069,4.886431671945522,1.112819930675633,1265.419840344533,0.4492070248363565,0.1459469808161903,0.778268133,0.3118899925530504
5.159472699605661,461.7326626100697,900.1547250628305,55.554859543361,3.549784771240931,1439.265981537987,8.338328391156594,0.8332242341341498,152.0392353026185,0.1801597058681495,0.2438585131278501,1.445234305,0.4700956939622465
0.3629631317656048,240.5939186326817,822.7651893987494,57.58412552108393,3.369186656235542,1498.579703556576,2.435841324621367,0.5416362640131365,693.5296582755238,0.856364592325856,0.2142495993967307,1.63613531,0.3291461299500123
2.360582602756109,431.2878877603099,797.1830936155444,54.16402331030974,2.81245299277659,1410.019646173976,9.375134917469277,0.5896609832073354,219.0406410333801,0.0930563836565589,0.3592494860929551,2.037723924,0.5357726670074596
6.359569355307104,383.5963961261377,985.330377838718,48.7820947727069,3.635442839168234,1507.665994841914,4.021058519513545,0.983329166691617,146.7298018413493,0.1767293494508338,0.188764286210196,0.516761393,0.3799778707093256
5.990896318006475,381.1643923291971,967.6683964599264,49.40551946619952,3.571825864504522,1493.43066096322,6.107828619635181,0.9677420147560492,136.0062725348657,0.0773532507865658,0.218266802395382,1.005209769,0.3655838783804659
4.486120931504964,450.0422264281001,883.0186792221026,55.59522412734927,3.602837779865518,1437.971738404865,10.16042914970491,0.8012470033906944,151.7134786384343,0.1602083914864067,0.2813621394770894,0.613655575,0.457584666797926
7.697133887560429,463.7971416036725,954.1928041726096,50.36147490080539,3.351026071507106,1495.24848850074,7.579596826325145,1.040977804873137,145.4580072525178,0.0654525942025643,0.2301896577079164,0.94070044,0.4461143490862625
7.268043279513158,414.2497726391975,956.6814157641044,51.56426829347097,3.431746723548481,1478.914547755963,3.852107239752525,1.000888465502403,138.3294820017383,0.1779637496697226,0.2656773566898362,0.282854068,0.4059067858084743
7.121813981755548,405.2597957562823,953.4143009500856,51.71466271176524,3.451700082133508,1474.394272244184,3.61432896041961,0.9928674789078006,141.7734805211809,0.1663649871444365,0.2781687445489866,0.295487386,0.3976018826884811
4.887703479498237,468.8511573039419,881.7366237890463,55.87316721154973,3.532292509076165,1424.724263916584,9.460185843515232,0.7541217462088766,156.6879884304976,0.166620067119407,0.2950398723568098,0.74695034,0.4791142103359243
5.127621385175532,299.923997018435,990.5630369541552,41.52892099832545,3.487509742047585,1707.191301540579,3.088386130882509,0.8790601597161027,1543.715703633462,0.574142244721578,0.2095502713551889,0.911590255,0.2460011966059211
4.219800766669247,323.0721954428446,935.506188384095,42.87824742263806,3.609794207621232,1639.832212815505,1.850125244147576,0.7968597189005455,1401.567568734976,0.3714414734563043,0.2375824618141095,0.30865003,0.2918924038379748
6.036844792260966,399.5688137615245,963.8402381670282,50.8832257206825,3.595959204198422,1492.175186265959,6.045018534452458,0.9600000381469728,134.6959375576282,0.1070070741674633,0.1770074002046787,0.291443682,0.3867801941737636
3.599334948024802,300.116651633543,914.7678324651451,42.42438256976569,3.828871072927901,1659.990805018862,1.681966373524579,0.7461593223846222,1709.507890083351,0.2351628475945059,0.2482350674533619,0.560472069,0.2825588588427338
6.363043012425508,385.9756108960001,925.5195274476728,43.49538347668965,2.699230552325619,1998.0060722079,6.768753212016624,0.929700348981246,3629.49327688958,6.258645132428915,0.1661203846460271,0.428581931,0.2971891242623901
2.848328686913345,428.5488324800849,821.8288295786015,56.44293716779053,3.204691657934653,1434.347221257854,9.83420719038258,0.6277433684778043,201.5994656239081,0.2151434654737012,0.3330158177786287,0.431275372,0.4909828796204044
5.915882696506526,363.3538159966253,962.6782801051454,48.82167331503493,3.552440758603358,1493.330179444711,4.805167419671942,0.8816181299167049,142.497804483306,0.0556678831053168,0.2809816570294027,0.320143091,0.3541565801091753
5.777664273698034,379.7432410378869,954.4363266279378,50.21331579854662,3.529959282431844,1480.131024660276,7.521261476000573,0.9082915058418182,135.4131156178879,0.0537968546369788,0.2229204632549965,0.257558711,0.3627063840363414
9.42458899000014,419.8694100619208,1076.820086068285,41.36790591390849,2.41760396262522,1636.459121169331,6.460636240708095,1.158628146975462,1145.094963251987,0.5771277867291013,0.1596651623339914,0.66106652,0.3166416329313636
8.691594671369563,422.5196447344417,1051.955614110106,41.42767256408687,2.541579002260272,1645.442155196062,6.255296997471389,1.049103643193684,1296.016852386115,0.5962317604355081,0.1530270874004681,0.830246827,0.33390137564074
9.671642347584685,423.9042715714577,1087.642729467173,41.00503564697532,2.398823843883529,1617.561977942013,6.729426737412588,1.14680331170063,1155.840526654882,3.685017804044993,0.1712883881322103,0.64503058,0.319623270300925
9.707554357800756,423.3778717490558,1088.095729571341,41.03610855792653,2.387763334891599,1617.050442150922,6.691937566088365,1.15731299065597,1127.296544871266,2.301101203297828,0.1825996671696331,0.707209359,0.3209365528195692
9.71238501357414,242.1578524161955,1055.068435558086,44.77502670537571,2.424679637518772,1661.504565738315,1.875973779952314,1.265347877237146,1341.216826519487,1.262760371286801,0.1224188850400949,0.292272586,0.2016271056425141
8.890519528267252,409.8638936973216,1057.248440279019,42.01069734331473,2.444562226526557,1637.297517151392,5.894546882833712,1.123809101080978,1195.470377753763,0.6334811894319883,0.154872860980881,0.357192975,0.3165134610964111
4.959784816071911,357.1189754483494,949.4528040869866,42.60707663675171,3.425497607285303,1628.10845811632,2.257975574034295,0.7461491481020109,1366.539294248639,0.4443732061934638,0.3031582066139828,0.364818925,0.3155589389815457
5.522469252650391,299.854475651394,969.1251215951928,40.85015617176348,3.432543408294807,1650.213253631828,2.112485988608701,0.8821827093508651,1290.163906283926,0.3557504491927424,0.199935444416309,0.711968596,0.263851344518259
4.719228832755971,449.6506907118239,893.0518781874541,55.69176587390584,3.585339610820063,1448.566139009851,8.345861855457425,0.8442306485354509,144.6741791854605,0.0901959405473128,0.2343792213309687,0.979648707,0.4573327849505203
10.04065678925346,430.9355317067539,1089.008090014331,41.05010647542877,2.321295214974295,1598.634930485551,7.240700444914546,1.212555158964336,1002.474407466765,2.654582125257438,0.1656400026221585,0.352202481,0.3216724468483273
9.32326882841318,410.2527092094364,1048.867709078225,43.69251575348535,2.478673672080981,1621.648972634213,7.846508549291245,1.06198397945853,1340.274145310537,0.5110024120250671,0.1743563336474158,1.968703849,0.3195470348470942
8.973811065235516,402.2933668646459,1067.365585946067,41.45942474712874,2.50983034203984,1651.572782417693,5.752650990643073,1.103328129581593,1237.027414724647,0.201041818319543,0.1621089365140731,0.778174932,0.3060863810352477
4.675120654627458,462.6505104465622,891.0507796845984,55.43527189727759,3.5888597472294,1447.271797760519,9.257088426877951,0.8343000145439202,147.0609909439794,0.0659563969093582,0.2012516923447182,0.365342018,0.4805648675125477
6.382723207476175,373.2359526749988,986.8249034734444,48.18593490263324,3.632775209866959,1508.826677123863,3.913822404085378,0.9773074345009196,147.7899014619971,0.1022120589452147,0.2414846367963466,1.045154809,0.3610336310769679
6.04514862779085,394.8679835454781,959.3591693990328,51.6354562259148,3.625451141748721,1496.976054369436,5.177320577367436,0.9435247518543736,136.0904949527812,0.0644287964143012,0.2331542848870299,4.250125902,0.3857596210291069
5.918141743444649,387.3075442148719,964.0092493109096,48.89763863067528,3.538094450895737,1498.368637612391,5.493992380030189,0.934135280453666,139.0967607845012,0.120821994614791,0.2231346140332506,2.281981835,0.3762185821196946
6.442355975235996,406.6115380875927,936.8030202622584,52.94669149104912,3.477347782746389,1475.582890006652,3.949276730409489,0.97033720872939,178.2382204236249,0.1501857454394183,0.2539937965565601,0.608902929,0.430036111192229
6.711225416777728,384.1616773852421,996.2843445763468,47.72446596878437,3.640829810676612,1515.861551556812,3.85247426668565,1.028878684025347,153.3803450964159,0.0602939287047789,0.219707916290506,2.911895258,0.3707724843568991
1.660336467261119,301.8272324137477,532.4741433671535,59.585019458594,3.261988854172529,2272.341292596726,8.40293870627918,0.7506398216053745,4472.699782924106,1.143787332095181,0.1301758949598775,0.567049305,0.2892122954514219
5.229101510056991,350.5027944130561,953.0281157095538,42.16911886525922,3.405855423939831,1624.484572277174,2.335237958047555,0.7779206122260245,1349.251549662724,0.1356192166494458,0.1834873196137597,1.278744276,0.3089085065063299
9.28153280796008,281.0250493784192,1050.166869706012,44.04639477311211,2.501869677102152,1647.840269471183,2.854527428719444,1.138582392582312,1412.96592992034,1.126521791625983,0.1693772916025671,1.530909581,0.2319427441573776
4.150008807686233,419.220785335872,876.1806689467794,55.93096280986068,3.504583234651549,1449.779810932787,8.749027307262116,0.7488142604770277,144.8662644062783,0.0978736089088549,0.3046665459376858,2.329795558,0.4381644966741836
7.214639717494342,222.1176041799289,988.1984606091136,42.07292689570836,2.575839199396226,1657.92110798527,0.7367333458124531,0.9984280853919678,1766.949561464043,0.8727697338767504,0.1282653095265418,3.190333173,0.1727999689038758
7.225946691082282,281.4037890100646,1019.479451012866,42.05921582962071,2.599616566172142,1638.42308646722,0.9490552847777544,1.002825933357449,1727.626116640382,2.098701304320182,0.1502595697282803,0.946343586,0.2019136628265576
8.312422728761929,404.7822554314847,1041.06149182304,42.5328672695164,2.576495117628218,1650.411113313051,5.084592602898167,1.071683648833595,1271.487471856613,0.404050171871767,0.1548352428135981,1.612269953,0.3192726389436484
4.278971798908716,395.1475833396045,916.9550818634024,44.75381616954447,3.471444504998046,1612.994791151602,2.849369047806532,0.6976714434671679,1424.647599784203,0.1883107932577581,0.2922072719416005,0.305172455,0.370936511259454
4.486532371320118,390.967786896554,927.3326882030052,44.17357507250131,3.472961718254508,1612.417856012183,2.835363333550189,0.7047398577931065,1415.745645821789,0.2309491424424233,0.3035487223249549,2.126480071,0.357693350154133
4.449625470593043,389.4725503618266,927.231785234078,44.29657387342066,3.468092202823206,1612.482101182506,2.809409512276511,0.7133504644453454,1411.11039695714,0.1763267771693444,0.2864386260460422,1.079725205,0.3584789657820152
5.284396157919681,335.4629765599633,946.4326127548328,41.92832042387466,3.370648241414861,1625.670828330395,2.025189926633857,0.8287766879213777,1319.582621430741,0.197436609000273,0.1851341821602908,8.445359065,0.2971187645516003
7.74452239003813,362.9115633391272,1000.113665974834,41.03605458487766,3.16616307065021,1588.902638000889,3.55962762754228,1.147508297973386,392.6375297696638,0.3800911495355657,0.1469060749077987,0.408136129,0.3398788319836353
5.257719205962319,369.8958076232472,888.0052432055747,37.724072394487,2.883640348133749,2104.528155251229,10.62874635178932,0.9025388449936352,3825.225056691044,2.654003246030948,0.1333132600503673,0.344113559,0.3001308014156228
7.710842288986629,366.1586730076125,998.2889622538232,41.13881712232619,3.181309114788159,1595.962258353162,3.680506954868024,1.1525761820311,388.1620349457014,0.4263966390702994,0.1470610475962306,1.540385566,0.3420196236400528
9.21122196434525,410.4067116098317,1069.612042951241,41.20748386893224,2.444261549814944,1640.405617844552,6.19250821908163,1.126140442525331,1204.290522312084,0.2766956801783708,0.1578934628350611,0.448111078,0.3107536100733523
7.730568209101928,364.3824978444382,999.624656518882,41.09862474934036,3.173347098565989,1593.390283482881,3.595252457367776,1.146272108961312,387.7948302819164,0.3007917965191357,0.1433233566108721,0.417650843,0.3393004371174296
10.54810445007893,264.9999329807404,1059.990462569636,51.26371989571663,2.079604295423693,1534.374970302554,9.24402206522967,1.293539528730399,597.7448589664874,0.5398789493076946,0.1392735670462298,1.246778576,0.1917994899155502
3.619832927582003,297.0040688541238,920.190360684035,42.26417710839029,3.852978465087785,1659.131507215455,1.680238503918671,0.7569167182611715,1707.74904141057,1.068519340363559,0.2327478805632704,0.582099342,0.2791263503332121
5.034025368116435,159.1202139979622,1102.660162603961,41.78434857276533,3.802398634403242,1679.861750018321,1.012680784597926,1.149552525554756,956.3148564665609,0.3150722732657081,0.1305138484584119,1.593992048,0.1385416188115943
9.500529367770358,316.8070451870308,1056.154443179423,45.16456686518365,2.452634027255692,1628.027011399151,4.482309361267275,1.130366966363286,1328.846780008601,0.7189450832365837,0.1833405515574187,1.033458955,0.2575557933130102
7.131174327688345,302.7025386279214,1002.443106415072,43.60402825583012,2.711393013019511,1652.694670425849,2.193673891265689,1.052240369604065,1025.194471473098,0.1292932584597731,0.1922135151562942,0.812674283,0.2630626213248501
9.762123105732904,252.014697374096,1065.645622751891,44.07473204715911,2.456894440191477,1661.212952296128,2.071453152493862,1.264311591059245,1290.813926285667,0.8698747850822038,0.1482970636837834,0.648812633,0.2055784253607036
8.957902388826003,190.8005559796724,1176.059077485329,34.45133939737929,2.956812037265013,1718.631489293262,1.064236790716228,1.263833920448494,1471.733107655441,1.130723613332493,0.1275292037928397,2.344562749,0.1301094193621672
3.94546791355552,494.6908133047136,833.0562139433916,59.4989247646235,3.505227273360494,1388.067574363084,14.53775152516446,0.6309641072245964,138.3846472094394,0.0501780532283097,0.2707842842423423,0.323630876,0.5585386503051436
7.588167987224165,368.0130835154174,1027.072314109304,41.85263004803117,3.449324633259514,1578.251902781764,3.940641518840277,1.080314778733596,263.1256628483843,0.3221212554397334,0.2298027822587566,0.851088992,0.3505788117752224
7.175166073002199,233.8486016498472,986.4094438132688,41.95645154756713,2.596691042042653,1654.212078773033,0.7586595488421792,0.9924686483729872,1820.070244486615,0.928429993490392,0.1372125703505495,2.9072419,0.1847827321238719
6.281449859938167,374.9220523886459,978.8263342620888,49.60146522636776,3.640201366311806,1508.609871235031,3.992755681983194,0.9705438542749276,145.4828768287292,0.0682308153994446,0.2234227704660006,0.633661419,0.3565130290220253
6.265708837608615,375.869914398892,977.051085240451,49.6746946740134,3.639766252667286,1509.256468451677,4.031367813192428,0.9615439832693268,145.5957248458663,0.0552417486316299,0.206207671215557,0.660875685,0.3596358176588452
5.465196859352313,381.2011287027583,926.0040931601408,51.35531740927768,3.536360606872138,1483.347300025005,7.964667653309999,0.8572546468502068,134.1394558050837,0.0464759147777474,0.2424202532130094,0.939564902,0.37478989149146
7.301207987140515,264.6319134960926,1034.26297136927,40.46203863212036,2.637952427916697,1661.422220364046,0.6410246359401315,1.014946449252246,1706.647482607078,1.507928248890195,0.151828254169133,1.419360843,0.1819504496298945
4.650316196099372,354.4886273134279,940.03521688013,43.18841632678655,3.464596095083829,1633.350494751407,1.982616195744894,0.7666492836090779,1366.091665056316,0.5096128884049811,0.2006948276568687,1.297925388,0.3116219832410676
4.573964874245113,418.9243020901421,900.3964860278055,54.64637072766895,3.566594511458201,1451.048365746622,7.545192125960701,0.8262953006675728,140.0138068286629,0.1271265459262901,0.3094302197269151,0.34126222,0.4221159270923706
6.644315990897601,350.4422721515221,998.8198925563536,44.23150244472684,3.485659565608127,1520.811652398433,3.062098442635411,1.02530107876706,200.6642059930309,0.1492095389324934,0.2130879043685509,1.529894891,0.3446974932035841
7.719936603705069,378.825070236428,1004.695967542544,42.67978670901459,3.307658977669442,1585.559113144893,4.05323455710522,1.057795812286198,367.0338592849498,0.3768861508829056,0.2357669685425366,1.114638064,0.3418817890295302
4.934685694941747,435.9463441313881,822.8631123688469,47.04841293091585,2.822938659048022,2209.222278539206,10.69074615433214,0.8892633211176674,3948.404776762678,1.522302145176586,0.129627882643475,0.787008239,0.370271361308173
4.609828557534889,321.875191378521,944.9157841245712,42.49105350062059,3.577543790321364,1636.720735537329,1.580907481600543,0.7765024827987124,1397.629977953167,0.8093703573642719,0.1932153125086202,0.693244507,0.2906472614070859
9.431302802568144,332.6904592476637,946.7532055860656,54.34008205044067,2.173377678999246,1596.300884138931,5.414954782719009,1.071116638486156,1447.192181331268,1.422117823410909,0.2436148157060459,0.31400164,0.3170408974604124
6.512407290427917,299.8549623249273,806.0035918359757,56.51382218022791,2.353918785194375,1608.305577875529,4.853719749901131,0.8857519804490472,1980.206226494932,0.4936303779960356,0.1322106085512693,1.857247889,0.2971026957685317
8.896048562551794,425.4065188366587,1000.399329027114,46.79113829948805,2.502342199011932,1606.202567866755,9.86417067323016,0.989057873947564,1452.198543119854,2.181788254116623,0.1819914829131886,0.377219846,0.3598939144825119
17.42302339462251,1440.76655072659,1123.92856059323,69.03916355246619,2.203751563917277,1330.392442016964,50.17779362729399,1.566398269856996,357.2750910570725,6.547864152407443,0.5881603026106842,0.36162633,1.418814217411967
7.858142536998133,356.5539017261127,1022.662946402965,41.92006255604304,2.864766097799396,1607.385712978055,2.037780229981305,0.997222077200112,1107.726338362215,3.024929517810639,0.1769706773224551,0.343979004,0.3056118703256378
11.92707677008891,845.4191304261707,1046.479750010343,52.74255003486876,2.159713984008495,1731.606911107114,73.91928787985476,1.074428439402319,2517.78521597641,3.894318826485768,0.3672631344223027,0.445660305,0.712127357215203
17.06075313615201,1195.373396498729,1141.107338950606,70.64279397500286,2.849979254992403,1318.603682277513,34.47766479166658,1.710147730978149,20.52309224225473,1.353251274213702,0.5587719133931494,0.29302992,1.1237411020533
18.66151156454076,951.505882199,1159.713625630106,68.52340291514264,1.762373832182929,1662.664153927147,47.14724158484279,1.725535544922002,1473.71127763913,4.179385923247327,0.4096108195432745,0.548570688,0.8798546799131897
18.62027568521195,1515.439413731307,1152.677400241486,68.0833376109189,1.989078210373154,1289.468852125928,83.86402849409971,1.790794251013712,60.5833868615215,0.9193708370030224,0.4907956860074876,0.580423649,1.433497045723762
15.30330424122353,929.1235805716864,1111.987097232089,58.06222059511576,2.336962269141508,1294.24009791324,31.51891532462936,1.343719139375623,396.9658938759252,13.52608465787672,0.5139394304045289,0.295634257,0.8130828319599667
16.69703735222336,1210.045900740778,1130.676953659514,65.01348828928201,2.286251794495114,1288.613793322665,35.05075312793215,1.569782838955468,109.1797405400777,2.964310779676541,0.5075560519767088,2.093845714,1.068333835437857
6.230033380561846,380.3744867976976,946.7063900068424,43.38599020791892,3.151374292183445,1617.644614917412,2.858518780539265,0.789821255683533,1466.771931431235,4.093689108001531,0.2548462188630509,0.416813969,0.3501897108706671
9.89092714831808,235.5152612346535,1080.649286628068,43.0336200593728,2.475644838941969,1652.930171470925,1.506700303121748,1.310427553582383,1258.631688338632,2.080820424025712,0.1447380797368005,0.990930776,0.1892492853745908
8.911172049558546,438.1697473498418,989.1621538083012,44.56502116016599,2.59345635330774,1532.246308682601,5.090771723443209,1.035468216306661,387.8466790658763,5.004926841483342,0.3079453809239438,0.674823629,0.4081008403822593
1.988313481413798,398.9239109036545,788.7665532944785,51.08479248190535,3.851445476995879,1549.60941004146,4.764178175622571,0.2835736602699601,1754.175882584964,5.22639742979123,0.3592356799955939,0.518237796,0.494248763472724
18.70637412113992,1723.447538307565,1184.393662494594,67.8753584359183,2.130460294199811,1298.933647729465,73.75225451585692,1.833201787358773,81.80083895425335,1.14985229232769,0.6104028306758977,0.384274484,1.538098869004777
18.78974797120495,1616.693833265604,1153.483258468721,69.17184891075472,1.930996565050082,1350.603011841569,96.79475075380384,1.816975811727997,357.1101769757416,4.844923769917375,0.5920107837750106,0.720366288,1.519098835384417
18.204707608877,1476.9998198806,1152.90182818365,68.89731819723782,2.180569879087996,1339.14365057265,58.87289992039025,1.782821884322603,90.57823977856036,1.095050708749192,0.5679100360429941,1.237835076,1.438358739648713
9.009566391669082,437.1334530844077,986.6471695896494,48.93811428490969,2.487668597594626,1519.44203420271,4.908603940799486,0.9732641166867654,581.1088153772188,3.793790268230103,0.4938737537675596,0.335632972,0.4346669968654288
7.328793235187009,366.8417696154659,1006.768015637116,41.7058125242845,2.994354322049881,1610.539129667662,2.288124796617564,0.8645605091709153,1325.968852000294,2.727695568139637,0.2283635850997764,0.512947001,0.3192624761593487
8.02771505028325,500.7475986530728,989.7190325328388,45.9818766494008,2.619321519511376,1573.95913156856,16.69900874274859,0.8969934656757597,1332.109150399679,7.169868123415129,0.3714981614997823,0.3128697,0.4280560842484232
2.413656564075432,555.2227524176005,648.4185268138999,37.36918692662869,2.547569887680268,1689.89147092585,33.19911304410046,0.3600695284361966,4122.215459879801,8.486564825833746,0.4038813991469551,0.629499437,0.5783879095523202
16.40044439698852,1260.093649229379,1027.478574044561,69.45643383940615,1.709231594194538,1254.675010384491,55.65917974859081,1.419153315528461,1321.815915975913,10.01697788486172,0.5508688745489096,1.488203257,1.338629652849832
9.258677508718929,251.6571095485965,1076.629368578691,41.89493459298521,2.588313378835542,1659.804122126653,2.037059803066668,1.198732197932943,1413.145432955229,2.023187147008886,0.1927354408022465,1.258474202,0.2021625349536195
2.430917586926213,555.9497526764043,648.2961331546724,37.37402397223263,2.546674366505861,1683.429690319314,33.74118119477034,0.3195976953608647,4235.653559294378,14.01637952151444,0.4003955714474544,0.425018893,0.5923069299194476
8.028172257098383,525.1485183041424,952.5675151198944,46.57048578792104,2.703437799997689,1547.556435553937,19.7665923463913,0.8588292480791065,1418.747778167283,5.054913132055338,0.3402464814960206,2.031234537,0.4604846369748225
6.493298508984608,367.4541484385944,965.1761696709308,43.33548520299775,3.024326726538012,1622.35583995057,2.895916351337568,0.8610322782805425,1324.562856337087,2.426842136612525,0.2507732876019673,0.649269053,0.3317008886451385
9.657257625851695,283.3141104258577,1039.7844320184,44.73932401727293,2.392352609198984,1662.316349707667,2.663705176076589,1.235952623324702,1333.912452449426,0.7302850148553052,0.1667975968107958,0.776628736,0.2416585496160796
9.669930861694551,283.4785483820808,1039.634445557575,44.64767508919586,2.387308048210836,1662.395757346811,2.6522097571585,1.255917370082848,1327.457055368936,1.171383874903796,0.1570921195126121,0.46220987,0.2406113104520872
