TEMP,PR,PET,RH,WS,GHI,SM,ST,DEM,SLP,Pre_NDVI,PV_Area,AI
6.70383720326048,232.1662262448961,1014.52574629463,52.26745688091486,2.764427134042705,1445.595603377845,3.684347098643694,0.8683607962628329,1337.426698947205,1.146205118571374,0.1651120406500643,0.530290052,0.1892208010590099
4.144144322561745,432.2035075966597,684.1225461149643,63.87919107725866,2.91892919586555,2111.24597891287,9.630016489023047,0.7634832709739711,4044.706994841854,3.978147425150121,0.1639485520285494,0.26230835,0.4034145730721709
8.663252701657175,162.1423354060108,1134.564224258669,55.29648113239434,2.403527027037741,1390.564168600247,2.54112765862867,1.252609541571098,448.874516621398,0.444573600560345,0.2078476416796206,0.521927525,0.1106255952693514
7.615546983729902,165.5108217419037,1117.138272650803,52.48060176877405,2.732942961954723,1445.179454039112,3.42939519341724,1.204916836398941,802.0942128947448,3.140025040215478,0.1641057359572946,8.23486291,0.121059250894879
4.759917070966846,170.1534662450397,980.8309772833968,49.2443910742177,3.056872853543637,1413.143326427097,1.84206391226508,0.7776272165582552,1480.797867790288,1.872407347150574,0.2607372870142475,0.568684112,0.1423067915663547
5.969783597510551,140.2582732302981,1050.84819353325,49.79137551567971,2.822549316176337,1469.053760949727,2.473736174909558,1.029016616225724,1014.049964929436,0.8535983816445194,0.214062805969493,1.424783775,0.1113821105323929
5.870552253847074,139.6157748532245,1047.26578674055,49.45420094874251,2.854254155502495,1466.743052990296,2.423892893288481,0.9976822863585412,1071.87037312159,0.8808837235728496,0.203496538593375,0.785407028,0.1107977894011407
5.7404001269234,140.8826332833759,1042.866061011125,49.20612697101898,2.890118809122978,1460.6746484164,2.335457443261701,0.9840430544609616,1130.188484972892,0.9330314163201652,0.2143403733613525,0.677258923,0.111127178035918
5.002150972762712,438.5944925872668,826.2006111027483,47.05656743336224,2.813591934616377,2196.993991204669,10.72147880370576,0.8696828661091587,4018.916450547646,7.281000608267078,0.1552298693466564,0.787008239,0.3570395625269537
5.591240873384329,415.378515590301,884.7500198855099,42.51861616583421,2.686768699877994,2141.330711972856,10.04275435495188,0.7851362299544696,3954.725554373481,8.936232490707246,0.1734155264245428,0.513589185,0.3340439683022457
6.734209800660524,440.0618933384341,958.3342972867996,40.42193992135735,2.690459696958567,1972.73906894841,17.64998858950112,0.7791579323877981,3840.264193744432,8.525677040108187,0.2538300651310762,0.402631931,0.3308561582198603
5.73791614343023,417.3426527089007,903.6032651777396,40.15846543243529,2.820071655622457,2058.1201154992,14.33475597571258,0.7550197921916161,3926.003268573125,14.17186080977497,0.2553285253847461,0.955716173,0.322520379923369
3.855240370793925,245.0213409119711,869.0838755674001,37.354790606194,2.824934727160863,1773.224589604616,1.966322473309753,0.7863978568134506,2951.146418621335,0.3689570914517118,0.1711445270724246,0.444512959,0.1749408227634773
7.583545378508297,164.0820039002415,1114.106509382118,54.30949681954428,2.598100537371889,1454.297692945057,3.720717550811501,1.297742883198655,553.862166774606,0.3112944213373317,0.1617538286670486,0.538616665,0.1194828300465443
5.669458851866499,483.8163231790197,886.7988963213213,55.44713978228747,3.279996911078424,1444.382243209629,8.676273286794787,0.8241999694973026,198.4600649763267,0.4231277521184893,0.2761107234135358,0.494737885,0.5130305683214988
1.515246915836406,305.8944203070309,524.2787859152847,60.52156489099271,3.283659701251484,2259.031095777088,9.63622856631249,0.7199244002783233,4557.177108928305,3.694278709726156,0.1247937499452428,0.287279622,0.2821529656097845
1.646064307545776,301.5354574090397,531.3934622544433,59.55485612465863,3.260654592415552,2270.624643980831,8.394036224087104,0.7530324218584793,4500.544350863036,3.535890409883089,0.1645162869946959,0.567049305,0.2862007822021711
5.603985090462237,374.8254704340499,891.9343144571856,39.40642822747587,2.772751556685178,1913.510746519614,8.258215336685547,0.7819242883953704,3775.75692057681,9.614150769292984,0.227153762217046,0.362274541,0.3023985742049135
2.026690735015608,307.3360784941295,656.2101269032052,40.19564503229503,3.202823701121181,1942.095014689707,5.267986533162113,0.5906345521831726,4499.004125809846,2.758437630229625,0.1878739705361519,0.563105329,0.2616063757349841
5.60022464421208,388.6944243261702,881.7638434866154,41.62442453996194,2.6577940116681,2182.136056795776,12.12042284131358,0.8762569858778306,3896.433407033258,6.161012152441491,0.1548396864880517,0.46610169,0.3044774677513666
5.189951929846557,369.6538470535405,882.4548603102355,37.74474642726661,2.88362479760046,2088.847036367739,10.65450718248074,0.7899449980229075,4010.816337509157,13.5938963269198,0.2117126276290483,0.344113559,0.2927783039394702
4.036989197748356,413.8374132056623,775.7853294666087,42.49891747343695,2.919541239771577,1843.943902978121,18.72167625944991,0.6637720667583175,4048.41189124001,15.07249143049806,0.2570019157660067,0.690632998,0.3361924527223416
6.103214009251709,359.8069663296573,895.1295515804538,47.01989711247408,2.71768585855711,2062.253388547057,7.349365979030826,0.936784429249578,3636.735383176697,9.305067270989758,0.2206167243674258,0.416983689,0.2854913497489542
6.429340533303366,361.8238701202218,916.0718883741812,46.79543711800564,2.67956016086925,2069.76275001098,6.956905683110626,0.9587846804142608,3645.476792610415,9.794922617067147,0.1866104891567201,0.366979663,0.2828423996011673
-0.9448338555197876,469.4019292747341,511.0764132094384,45.25244130610727,3.262200546974733,1854.438825408376,45.99061131597024,0.458485761533728,4642.260003720051,4.667275816530962,0.3040946664309056,0.572785588,0.4608592049200116
4.942208217482699,325.6560404041036,797.368624154491,52.04596166416881,2.80866980304262,1923.181368425658,6.170913573966541,0.7680313764218674,4012.205180327073,8.676494765595711,0.1823983486713916,0.70704818,0.2652865775434541
-1.20051614476882,465.4960521773364,511.592334193127,49.76282275008929,2.775413625311475,1664.708041176685,17.14743878281583,0.4632029549925563,4228.576046398885,1.987711215875038,0.2612827320636987,0.518334628,0.4748990568209221
2.445895532352077,555.8921874316043,649.0230361594237,37.36528126016178,2.545430830706401,1673.078356921407,33.61664328578887,0.32700976227083,4174.54646373593,11.60384140113287,0.3964962291815979,0.425018893,0.5879994743389404
0.4006227852737547,587.6216657101089,511.3348817133128,53.29364352047914,2.807195073721472,1732.954574176132,75.59094014061783,0.3443417249848057,4388.365032346626,5.019786670578043,0.2942284553912951,0.83020136,0.6374531280747617
0.5147735589847958,586.8472072269575,514.4103779670249,52.37922479562029,2.806369352558495,1755.671077116038,73.94219706675008,0.3392895020915521,4374.282780973189,1.417958305287285,0.3084722276528401,0.259570743,0.6310142629510248
0.6660330676914222,586.3710308886249,520.6696938162104,52.37488291048581,2.786123019021688,1747.336715760447,73.59167339344044,0.3401832567182765,4390.489150235579,2.82491150144654,0.3011355870480258,0.317359385,0.6317819437543298
2.032765096416897,591.9307589558084,561.0736005322191,62.99025434825713,2.776295845615622,1813.491863348837,54.59466858888742,0.5215749427748552,4220.325166143381,7.87746255657234,0.2044421945597965,0.343505835,0.608318162751436
0.5715393912782087,358.0613045570703,562.5810063992451,40.15183911374063,3.399966598763577,1932.63858796758,24.43631483196407,0.49814428327745,4617.282530773124,5.758766156406883,0.2689973675178936,0.319980099,0.3137082457457383
0.5114520639673193,357.3127038680714,558.6974118625303,40.22612624695502,3.40511761783646,1940.943404944881,24.86381480997806,0.4973650519213233,4625.192488264576,5.830276167651733,0.2808973252598266,0.328800903,0.3139161505195456
0.6324244643058691,359.8082655468316,566.3317246888622,40.06027880312357,3.402204390379338,1922.861142061139,24.33226451709031,0.5024341595713728,4626.68804281985,5.204248200586239,0.2639274448799614,0.515813171,0.3132425621746244
0.5811557706381517,377.0665374790629,661.469902004896,44.84482945132014,3.124580440033711,1778.905318635829,8.517919376448319,0.6867009088736499,3295.28174618814,1.751883818191298,0.2899723744350101,1.123815135,0.3279974650397439
0.6702186371602789,378.6134022008158,665.4355736254524,44.90531705809554,3.117510999173951,1778.375242101974,8.304271464632766,0.6762554736147617,3277.322136390611,1.603121857518908,0.2884905614579164,1.439912811,0.3290006006934006
0.7067039849472094,377.9740312161536,666.0275539788246,44.86384391746448,3.100426671842561,1778.080037566915,7.966553520146037,0.6769179747636422,3270.512300249603,1.76613776447265,0.2808292811250691,1.105948497,0.326837284577353
0.685070961218921,376.4054984942375,665.6485009954625,44.780523083109,3.096589226195939,1778.502444574925,7.946757746041279,0.6760595613952358,3269.618911930349,1.732010238921672,0.2812829015356667,1.177178498,0.3249110025352995
6.595720998639226,243.2682360792128,1005.704211508336,38.92773329793393,2.799047328030524,1685.453070993373,0.9483762789624296,1.097618251957241,1797.999681293938,2.621536878732454,0.1299713740478495,1.083220401,0.1619007660095579
6.860184532198481,232.4828199404835,1020.352039889664,39.24897888895698,2.761719980663901,1684.25185872314,0.7293593509610597,1.137206069496974,1721.73490007063,1.61427935213363,0.1277505341020914,0.99868313,0.1536433179782401
7.650657607098506,238.0645496437701,1069.38663364892,37.94252222733126,2.653501836634557,1670.238114505341,0.62468972065702,1.154189527206741,1653.59362540285,0.724002849903222,0.1435000369975756,0.647500105,0.1590213888814681
7.242089834353856,280.1244297726598,1020.894765507691,42.06059635718954,2.600849571606957,1638.079062466656,0.9657388817571284,1.00193786222318,1721.202670197026,1.989689684594376,0.1690813200024731,0.946343586,0.2016084995822546
7.143940392040728,281.1695756314652,1022.967594369318,41.93103488412157,2.63500195794444,1641.31620413829,1.02121834959001,1.005293215130225,1751.916116335231,1.99569039209739,0.1413918857921219,1.17478066,0.2016697961672796
6.990067668572286,289.8962290794842,1014.027225943653,41.95932441498754,2.641210511625741,1639.866904927042,1.295344477832069,0.9665881315095476,1799.96313105374,2.103410799356816,0.1472859105702712,1.309265216,0.2108760925273018
6.832678386707104,299.212546783728,1004.573891526137,42.02478867780758,2.645806695586779,1637.341994211933,1.65802798031075,0.9164277215517378,1848.503397310075,2.219146958406351,0.1535288239081236,0.43357021,0.2201711626036252
4.189135574244011,410.3632983339647,811.1111587306318,44.35465962098711,2.598838056246771,1790.34210526017,2.075502208977899,0.674492806219987,2894.169696401587,1.267800044508071,0.1423974849361828,0.659942246,0.3480141655161202
4.10966536589564,409.8868317158091,809.6296788962746,44.24200821283906,2.607975410052723,1791.66310379684,2.086360805854448,0.6863011675059258,2901.914292798402,0.488217433851958,0.1350643047628632,0.832141006,0.3467341553825758
3.944517397881021,403.9642025237391,810.8166407911481,43.97794904086387,2.644295310122049,1794.421156265568,1.969197638109716,0.6919778738079453,2921.277452229504,0.1702941190555971,0.1395158512812433,0.691011796,0.336755089514156
4.263799996284464,411.9803848613082,814.5454363847929,44.18891966592411,2.606366468079405,1787.885268702009,2.085593135338272,0.6678777213993735,2882.280439869204,0.7133253758023392,0.1466615807790389,1.08152943,0.3478969164884666
4.340266732794812,411.8049104688037,817.0316645263886,44.20139483610212,2.601159935224294,1786.191516345448,2.026883768757325,0.6558047737538838,2873.613742542644,0.6656848457333137,0.1752251318279669,1.063044716,0.3481702612031591
4.087294728406707,409.9321922556136,810.4314509848288,44.09817620013395,2.615196312140355,1791.500636496086,2.100175996843975,0.6931708130858287,2903.576692134523,0.2871249024239961,0.1286531399431982,1.046093065,0.3454304867609314
4.436606663709772,411.2414259887072,822.9940200638308,43.84421272229397,2.608896004082265,1784.592437011277,1.95905927189909,0.6717514903985893,2869.990535591824,0.6175685149148402,0.1473957579656188,0.403841591,0.3449810686030219
4.19391605767297,410.6459229607805,815.713771498653,43.88528711262887,2.61675648453284,1788.96091517495,2.078367923790872,0.678074179194548,2897.981890152005,0.6383261589322902,0.1477151449043675,1.053195069,0.3445681371107544
4.000454275013976,405.5363980616804,813.1046563125774,43.86102045684417,2.628830949523304,1790.825794430758,2.032281356798012,0.6813207048051383,2922.52710465349,0.2689123285472575,0.1557208952624731,3.163468365,0.3394075500177667
4.37303831745483,410.4464311574939,823.3745733326245,43.65390871497349,2.614721124455686,1784.997266881511,1.987999088882811,0.6656792151306875,2881.440171043288,0.805057501281579,0.1392555925321251,1.577171688,0.3426744778099974
4.252091808016341,409.2248256228474,821.1473222219538,43.61877002671906,2.612558634811553,1786.606523586055,2.03946940326226,0.6639771402992279,2900.484923250628,0.7177116563617758,0.1454140601376985,2.635653355,0.341461872274537
4.069067969191502,407.3023838703417,815.8309536328945,43.75562123478782,2.614520304264279,1788.244031270205,2.075417468084976,0.664625523373321,2919.036657105858,0.3732338720309371,0.1557555932724587,4.288731491,0.3404774920594063
4.339234707081443,409.6073714202696,825.0727528681932,43.46477672018381,2.611065635706946,1784.519889892886,1.980504422757208,0.6407401675874984,2896.022394633803,0.8009951660742329,0.1554727972221217,2.747715691,0.3407260629264044
4.389327818419867,410.0744191979496,827.7555042318395,43.33335864859961,2.609196375900494,1783.205856404182,1.928079301780884,0.6251274600500375,2896.420117858206,0.8025852382854995,0.1694628548156228,2.557203176,0.3406593895811745
4.009499261265815,405.8953166111441,815.0652148071918,43.70568617929561,2.608574057260457,1782.760701445092,2.07370694063908,0.6241628755394746,2933.819549367063,0.4454413666818153,0.1512998833335489,1.424589706,0.3408728094532319
3.908684758448811,404.621268717995,811.1120735957675,43.84706256433687,2.615176886074853,1781.226379767555,2.132832270200508,0.630900412755629,2944.884865897275,0.3199127857825085,0.1592672430907911,1.693614837,0.3407887564712759
4.187639165503527,408.5149605829374,821.4413111242192,43.48064666561974,2.605737347035456,1783.715508759086,2.014204240605819,0.6224039735525966,2918.828022644876,0.5523273579674223,0.1736400003912095,3.433273353,0.3411505237464207
3.924360228625833,405.0582854890576,811.8785101070306,43.80146400791542,2.611224889015381,1779.376060444806,2.122388713018805,0.6373032334442152,2946.379223381487,0.4085627948128198,0.1525212124948363,0.670323357,0.3413550325284863
3.999804395205717,406.1193339749652,814.7437303884008,43.67412447538621,2.605856151440878,1779.459122850477,2.084624687536614,0.632318895561366,2937.936791791076,0.4705392969455488,0.1475958256827136,2.832315703,0.3415543607492274
4.327232029254202,410.2001219872823,825.7963220180841,43.24582705613166,2.59690709599613,1780.998306372498,1.890290866438688,0.6194901523715373,2909.681601566215,0.6746130204812525,0.1771710937310898,4.724996445,0.3421950324538479
3.245827170373372,394.1862060259573,787.840340849284,44.16456949989607,2.65907679769709,1744.52106234181,2.233099506376037,0.6466808325986814,3067.682841310851,1.616965775512055,0.2233395132603041,2.609401448,0.3397092101911761
3.409341414888038,395.7864307179688,791.942197113429,44.08038750982959,2.629719502909071,1746.817196861618,2.190859334393608,0.6286136440954778,3016.407968677225,1.010789111302296,0.1849358096333458,2.289508393,0.338849883029254
3.083331518709796,392.5610454623881,781.6175465866023,44.32710927453353,2.671155639889141,1734.294699146228,2.228351191230224,0.6521264040856705,3098.127568743382,0.8773629113927132,0.1887796399536858,5.013538644,0.3393824643281521
3.000742934084193,394.8172778053412,776.5599359039695,44.43977609322006,2.650703563409567,1725.576511645601,2.239708932990239,0.6482381656368993,3111.035546751122,0.5105342680536237,0.1687665423711355,1.53425868,0.3425327316409868
3.049105191757789,396.2953878795943,778.1756828340498,44.44087648981277,2.640977597532558,1728.055688493572,2.245676004506788,0.6395301257348704,3096.771365618943,1.37050438434175,0.2143894831618965,2.969811278,0.3434790479956788
3.012759568615436,397.1554387719699,775.8080391471075,44.47022723334159,2.631110169482656,1723.324349152691,2.228689324259495,0.6347543460229738,3098.135645631944,1.388361621020838,0.1993794302308742,4.390669282,0.3444020692592172
3.078442443469194,400.32942782593,777.8230810065098,44.43965302556433,2.619035051414465,1727.206078354556,2.251091283662533,0.632075300406349,3090.444171372132,2.11910201567395,0.192738828392617,1.469397873,0.3468403861328443
2.94821266476192,399.0337252678333,772.054720834949,44.54053300738951,2.619487878859305,1718.724963817741,2.212528162270493,0.6317430705440923,3114.762260458574,1.30221404504189,0.2037531698918339,4.357655134,0.3477559399100139
2.918064796999841,401.0362031993509,769.8478853665597,44.56659961897657,2.61127325254992,1717.801124545526,2.221133357017723,0.6329708111407752,3130.48519535809,0.7815918658814999,0.2040191660716267,2.881201094,0.3510577794475449
3.023802982703278,403.0405064787155,774.3777866621225,44.40570647179303,2.613278543816156,1726.129963252085,2.277982486053792,0.641178517907192,3119.255860597244,1.37143303996913,0.182998470795592,1.35830666,0.3513124297564734
3.525325496789518,397.8797753162964,795.5318952740967,44.06688819824775,2.620795583065628,1751.554120407571,2.170283378319569,0.6143350084264607,3004.730427439695,0.3085878086944203,0.1704076040434394,2.767478645,0.3399333846848503
4.469245372943513,413.1618846676748,824.4939105708276,42.56260572761179,2.539781999373519,1767.055760819778,1.824398326440933,0.5928786535394213,2926.502509159875,0.9701238750673772,0.1873244271262727,0.625690328,0.3447898454873402
3.42699326396179,398.5245512197107,791.32173765041,44.10352701258332,2.606543517442867,1741.497886587601,2.125099684446006,0.6111065544489696,3016.296899693092,0.8267100267590768,0.198523455814236,1.926421796,0.3419305416303869
3.075007793958453,404.4689003442055,776.2491234745535,44.27856180594513,2.613036756758559,1729.214740281585,2.306529776684207,0.6460561261738929,3121.523931280593,1.593556254067504,0.1774733405451298,1.876822206,0.3523518273906605
3.058623505466165,407.082478628501,773.8750740195396,44.21818388874593,2.602879822808188,1728.91359134749,2.329439546987681,0.6453327780311994,3135.886669433474,1.21584125595665,0.195810222329627,1.762028547,0.3559395282203632
0.3210718689868637,540.6874906220972,552.3521317784603,56.70373407612369,2.894520633374017,1688.416542442649,48.34311517600697,0.5390940213713423,3374.672108624216,2.739231831091435,0.3080461000767364,0.962807449,0.5629565248701066
4.126264788824517,410.6766852352373,815.9677297352001,43.03802257070085,2.576474313149911,1761.36812072564,2.021681676462976,0.5973435680839565,2963.238672628233,0.9973003095768822,0.1874436792061388,15.77402891,0.344600052442317
3.73660687739923,405.3485402795355,806.7911732003362,43.84154088533159,2.62534222283751,1754.290881496534,2.12704613843489,0.6035073687173168,3001.2558979674,0.8291580488798418,0.1772033717513079,4.879609498,0.3426015298146158
1.574243597101599,721.529391337167,596.0941440370826,43.35639677841216,2.682508983193168,1652.273842860811,70.41261387530763,0.30962516123892,3705.784309866384,7.068215784508957,0.4668811849685867,0.538598234,0.8605754359499241
3.383079098386236,623.5674151524912,618.27151942224,49.03085137488878,2.890541069533311,1759.176356260294,64.21614351669676,0.5195550495592693,4012.050741408497,6.151279709611924,0.3706236065425448,0.665425298,0.6120234309283736
3.722738890582018,625.0503817865045,635.8099173440525,48.68214059498041,2.844697509553442,1744.034906151547,60.4184811863272,0.5268712230981375,3981.679369874043,4.636300223461661,0.4006447954441146,1.258838395,0.6093623046646187
3.443123596281346,652.3475572177322,670.4661427250775,37.89475242621656,2.656381463210002,1666.286858790545,71.43192870913408,0.3110805263147,4058.005957279123,16.40762102122536,0.4563831839867269,0.410882811,0.7181099871587756
3.55421156528129,651.0297112334199,677.6676570478907,37.83880485650664,2.637375818283128,1677.659592799193,70.12431058298824,0.3091773378452902,4082.275991520877,14.99608369270921,0.4516677620683316,0.358700415,0.7174877096912387
6.167729946300346,617.7959218603744,854.6341711001575,36.5182097458807,2.433667276393406,1679.371098644885,34.56711743448233,0.6023235776891511,3490.808734325157,6.390391524895959,0.3086909316157817,1.007059656,0.6039772992949101
7.293292524429739,209.4113736893549,989.4774193560914,41.89139780702424,2.551352279098756,1661.95325938197,0.7278840376520581,1.06781634276018,1706.886700860923,0.8930632269745127,0.1449880545970438,0.93529666,0.1613415896269837
7.430530861870127,215.618361404853,991.7103789784574,41.92867666468022,2.511033010026306,1659.694082054448,0.8344645706187191,1.013263795215257,1713.521515814015,0.9184201286805664,0.2030612440413368,0.909792995,0.1711694985319663
3.674114267766281,371.0343827417554,693.2548937924463,55.3020132939723,2.456825152288612,1614.683940473613,8.61800176397656,0.5452758451374552,2677.796347931884,1.280734710510019,0.1846068507492463,0.260249402,0.3903929830126749
9.756751517385394,188.8560895701613,1093.355297557444,40.43936737769629,2.480655346610698,1685.777350117294,0.4870121040525994,1.334764214502122,1311.875097585431,2.108045698128016,0.1242138200201129,1.236781221,0.144572110906449
9.555365799464054,192.784454396821,1055.361399848715,41.554990224763,2.363215244695833,1631.242623719579,0.5401376569283242,1.264422895753918,1347.311312354419,5.421572024616046,0.1341844347372214,0.587283234,0.1572301068623423
8.59826316768402,228.5615450934865,971.5444237903314,47.41647235949808,2.324668546217966,1654.517705418002,0.8381602993493136,1.077836822896049,1676.413688578756,0.6772205549891142,0.1398074690843097,2.639692885,0.2088979443369353
7.005975298694901,448.41806704572,859.929637457777,50.57420865068634,2.148363901961651,1634.935697336818,8.339610515504663,0.6653095603421116,2410.840407290161,11.54093233068737,0.216001315088423,0.261449108,0.4248780866773419
5.789421212821648,473.7810113707893,799.9424379850992,51.86094638197944,2.223463135902361,1603.313639507872,13.33186142273789,0.6205177868432792,2482.952434510245,10.35934636078048,0.2384180514939478,0.385807153,0.4562073859238066
2.638819099698885,683.6867780338371,638.10546411347,47.12553772449338,2.572590042759845,1632.295703656559,68.68134408837413,0.3457170186710377,3527.820335746306,4.553833385867547,0.4879499196805176,0.383323883,0.8181914405416827
2.872716309473489,682.5069873534374,649.5580015196228,46.83486232471881,2.533579714428857,1639.323612307794,68.7079128061333,0.3652103851886751,3506.955084794842,1.675826419469264,0.4513127363022058,0.396356816,0.8111035522028719
6.70773543970454,383.8563923229618,996.1803662366932,47.71868955865438,3.641561191146,1515.94919957014,3.848438426070096,1.027539857117078,155.1084840817464,0.3325548539276415,0.2583657616335532,2.911895258,0.3682774530532508
2.034359561143239,644.0108096210575,603.1149514477703,54.23348779138706,2.711062070512002,1671.902085124359,84.90956777591924,0.3199035093081501,3478.279332784912,2.111187129864171,0.4391076530023061,1.115314939,0.7879577622092885
6.273088965832948,377.7952404122432,977.2589217316806,49.65045665722133,3.639696770782315,1508.447013318792,4.053476253696915,0.9696066077918836,145.3913152784951,0.0598888423592792,0.2221912690683926,0.660875685,0.3655520159340544
6.289973881506191,376.8827180362088,978.9035856129572,49.57704895620876,3.639785992183017,1508.280667684472,4.020587156506134,0.970285803395364,145.7173824840187,0.0687993248035359,0.2280321383221556,0.633661419,0.3615002557389924
3.091807840146064,322.1164359944153,859.1447484293936,44.31219872351613,3.359146880806705,1526.566075683537,3.096030543534732,0.6060440748522758,864.3426858851395,2.621711376235695,0.3076223268795334,1.186317554,0.3795568644278999
6.361489795227384,382.20272502728,985.2675110835304,48.74768522147494,3.635099381712852,1507.363126243396,4.004034994814317,0.9979752865777354,147.3428537053559,0.2029550104520537,0.2021491823642788,0.516761393,0.3747842714259919
6.656008114869334,349.5285876269405,999.8619814502672,44.20327944086051,3.486567655422405,1520.049988631577,3.044327374829721,0.9869174734849108,202.1495475923586,0.6483347440618863,0.2525272988014411,1.529894891,0.3434157489604327
8.931795234251348,628.7798319909234,858.8707176070683,50.14303063216541,2.08455460434886,1606.993483929271,32.36472634669942,0.503329315712755,2932.080963193199,28.67323900545228,0.4236871745688144,0.356053852,0.6539096636094378
3.686589307840391,415.8512328365417,780.3921490391152,45.00778595827234,2.548537991627181,1786.064868775295,2.30216135403875,0.6236007362479861,2931.98082652407,2.687930828339202,0.1627733112023246,0.767054259,0.3590660236807912
4.124603401864563,415.7019719177396,799.5233810368237,44.65356054418658,2.541815716732815,1784.203234847874,2.101084440905595,0.6521017564519197,2885.736951178905,3.592796469515018,0.1528672550619821,0.515521807,0.3545156717370546
3.035195741955679,352.473544618412,787.277347049658,42.48842560110629,2.743719709881912,1754.783393421477,1.626069695216332,0.6390747308091068,3032.850812915302,0.7372003328997796,0.172647586903139,3.889450482,0.2954302882440862
6.403704295587064,366.9332214927898,992.2111285633384,47.63819070725827,3.61981896678972,1507.608903005296,3.772712469499181,1.006319590489589,152.0961220407635,0.1878559309825392,0.2549161696089417,1.35611895,0.3557339690093188
3.316513267784829,352.1021507192748,803.5987891946057,41.96409170893102,2.754138284320445,1776.548393490322,1.669859104661815,0.6720902287216485,3003.498949432651,0.5270896874747175,0.1324632502972069,0.719271934,0.2931835741873055
2.49205555901897,423.0180326909239,730.3541956633702,44.97824665098399,2.610891074372392,1771.228336472044,3.735846818346036,0.6270936526690416,3135.915203514274,1.587137938524729,0.2407739578375624,0.41341953,0.3755547459254973
4.803416296326353,409.6287379404832,843.1185453055797,42.90566055240762,2.594907801977135,1775.988525846322,1.523659649012396,0.6544654581360052,2856.557394084181,1.817940807378204,0.1569738960913416,2.152583449,0.3379129849306078
7.327396007602222,264.3346301313176,1036.809305758284,40.41368155414962,2.640271407476656,1661.65425277342,0.6791097093380019,1.007897464728792,1707.954064691496,1.379109589075529,0.1605992922834263,1.419360843,0.1835703332298258
6.387680287765325,373.935894963035,986.802359454642,48.17827310410488,3.631533582627735,1508.433997876041,3.915042741198908,0.9935971582002951,150.0867070352486,0.3480320898938542,0.2059503137400059,1.045154809,0.3607148671866264
3.292976041121596,389.9873676020813,792.2175415731097,44.01238400138878,2.688117760086955,1752.668693388854,2.170536423530716,0.6559583433551165,3051.000529889187,1.197089722453319,0.1589669644662759,8.230495893,0.3342847616486954
3.122672734221699,388.8978513242928,785.657288986641,44.19725052669604,2.701131985798413,1742.036164952406,2.158575303909651,0.6642787154407764,3086.075326183347,0.58973713913531,0.1756802119739511,4.888655776,0.335493290048096
3.54267415519029,399.6376074953389,796.1434409420563,44.03024699619546,2.609565422085895,1747.173477647578,2.085104930969727,0.6100254053805154,3006.419877088065,0.3860527638555591,0.1785963998108591,0.635373444,0.3414809531310372
3.577132887194906,400.7507311383779,798.3758397040478,44.03679711315328,2.617478728820409,1750.633921291873,2.111609660541781,0.6079589260546894,3003.817237359171,0.3690871495390319,0.1726769478481407,1.982581738,0.3415934308669754
3.599989623391199,401.2046510359907,800.3805037588608,44.11185454998412,2.635775021324683,1757.693671063074,2.259573346186983,0.60452794436938,2998.232645863489,0.2939115631520947,0.1735983181790928,2.695060816,0.3407886726252262
3.652035759014727,402.9171478152816,803.8512797029414,44.10401200412373,2.64443714463377,1760.043422500675,2.279239023629321,0.6010871653972385,2997.94660188952,0.3013077287800133,0.1726597228582139,1.378499634,0.3412058885066233
4.063134752153389,409.7228429136994,815.2798721102763,43.33096698545567,2.586320019720221,1768.518297277739,2.079417039285206,0.6082933996126331,2947.401158362973,0.6408987545466672,0.1674939198529791,0.602094522,0.3443700171433112
4.099050037236951,409.6252459748269,816.4402929229535,43.32993172379418,2.583981247881686,1772.109994502272,2.053716551548292,0.6158484952687204,2937.196387196523,0.4785353702586173,0.1896041964362144,0.700826464,0.344049945961954
4.034770766095287,408.7608723034997,814.9742274566836,43.45011384221329,2.593117645202681,1770.9721103827,2.087032891428974,0.6133093390425192,2943.411209599568,0.6911523005546111,0.1743858586610787,1.016537569,0.3438984984652614
3.99661056780261,406.5793484425186,814.6440757009477,43.63635605819185,2.603690274790076,1776.562268107111,2.092089030108616,0.6338030962478529,2939.058916555645,0.6207169272133154,0.1678416518433396,0.546554814,0.341886549336782
4.015572618627476,407.6582562819247,814.9210691791609,43.5541437609191,2.599001605547408,1773.96382383552,2.089124000365263,0.6208020401557369,2938.66592288323,0.7622181020345551,0.173726542147712,0.960371889,0.3428653907368768
4.174583290289613,409.8801239382237,819.22512645148,43.28358531595386,2.58347685199822,1776.745345234349,1.9991390987536,0.616609804174456,2931.052554312593,0.2454572560260801,0.196334364829687,1.49140441,0.3440782769065796
4.083517748315367,408.5574041553365,816.7414562190543,43.43766870353999,2.591419979900721,1775.275744397937,2.054001940791133,0.620247625526485,2931.766581593127,0.312089816768393,0.1882808337429498,0.941304203,0.3431433600913811
4.387161350254257,411.3865421259869,826.5960292291453,43.06533482374142,2.58089333164503,1778.204146330186,1.79052245083033,0.61254033047462,2911.230390170294,0.720792955968059,0.190860008150899,2.620635993,0.3435878129119759
-0.0571780478521363,625.0852209562299,523.0026176647771,53.14295159784867,2.742972858654844,1605.691480853586,84.07960843138822,0.3220812277780462,3624.580849576112,4.843514116699264,0.4459651456184126,0.554455683,0.737852587031788
1.551377245717856,684.5784157222679,608.7662778942887,49.03941361827938,2.6377851560347,1666.48509204922,72.73052271028293,0.3259136679659803,3540.329924157063,4.73724424805822,0.3972489863117621,0.65933239,0.8080819291307032
3.594457445250661,626.8464484687074,629.9205771673056,48.91990196796041,2.868804857189083,1758.394704811915,62.80512873122517,0.5023331148999984,3995.011745422376,5.748126148252943,0.3921318111030351,0.250541725,0.6193480789565255
7.099489848429947,237.4036412368496,981.00962265441,42.02084847812912,2.600810121336307,1653.916577335084,0.836309046526104,0.9381845970350658,1832.130676350129,1.279900232097943,0.158252827593987,2.9072419,0.1886738796807431
7.206713784211252,229.0593368413644,990.0076606129508,41.71151848370664,2.594546390407011,1658.11187297448,0.709103711090641,0.9615655809406348,1818.488493366244,0.979951716237035,0.1520249925474961,0.675295866,0.1812603141738638
7.241172254901167,223.3975295102195,988.467056187284,41.99234891014525,2.56975155792057,1657.558863434536,0.7694252993656994,0.984664667836332,1767.16153936154,0.972847581099361,0.2075305046251388,3.190333173,0.1755986160032241
6.247841572652817,298.7044134666097,820.9280707250995,52.8702509465537,2.280623377049074,1615.332786994806,2.247237637598858,0.8190009834110391,2195.379429773366,1.212144376839032,0.1524228692981525,1.496026234,0.2881187175228709
9.802957348851011,186.3469202991994,1088.870460167642,40.29750734182964,2.401014869325133,1685.022011843253,0.6258286196448918,1.300221278916919,1296.379909572733,1.031477885443697,0.171608814708107,0.685001168,0.1461527802137115
9.900899141865004,188.8073153790157,1064.855249846745,40.68534220619666,2.283453993252085,1667.489612172847,0.6951173466011582,1.309684796459889,1274.792028292134,0.938869282493463,0.1454174114478411,2.334754713,0.1527418981808908
9.829120107018303,189.9117611217236,1087.672626219036,40.61871960927955,2.431843251976669,1685.641930229202,0.5269893770452009,1.357782321528781,1281.520740223526,1.671809550768808,0.1196867524340473,1.083141311,0.1453940428048663
6.058314857693902,394.082072210029,960.1411847965878,51.60973317881599,3.62480831546312,1494.921457350855,5.202595503283907,0.9297613205165772,136.0810210008237,0.071329401519673,0.2525762614752338,4.250125902,0.3832113717532207
1.835248253695758,312.8649726361352,837.2260317944091,47.41548148335307,3.372748981270181,1512.233981682102,2.423171245729376,0.4250857164966521,977.5767426290604,3.809705669477093,0.2936154222298046,1.369686251,0.3879886352639174
2.207544090189519,302.505922872681,842.6058715535128,47.06705880742643,3.286412302198243,1506.205770061632,2.305566577933088,0.5432141723187295,884.8662141310032,3.595634585622404,0.2431448904108865,0.782688079,0.3716287082537912
8.529496244748824,143.6052342590838,1146.50779802023,35.67911018830521,3.101224278385405,1718.633085018321,0.3452347458031105,1.167804642600111,1034.165461430205,0.0788637677271101,0.186123309653463,0.275532893,0.1006936253700883
9.163105178231872,122.0572698886554,1235.092862752165,32.26307397689678,3.268230406685581,1722.076147118549,0.302301613701236,1.366737607165595,1097.488486240185,3.692411570640094,0.1281841473666968,0.936973656,0.0780276660839662
9.511486084588094,125.8770257717425,1233.520863786908,32.72469612046605,3.145138501618446,1742.957942288087,0.4085588152396704,1.293661918477608,1035.264008833752,0.2909648791853133,0.1470811475873474,1.080586297,0.0867413934758518
5.767751347217459,157.4938268882443,1069.136951379493,37.03932653390219,3.754493698888375,1757.147276145893,1.9725653866597,1.133902959084477,1537.908229745013,1.169059521013816,0.1212223263336088,1.214906052,0.115640413667919
6.258031106206976,168.2255715896843,1095.992309246395,36.96432476255971,3.745210466912114,1730.787230654679,1.935549405534526,1.175612963125017,1287.70078037091,0.2834727295117887,0.1410228294817082,0.524223792,0.1237238840618297
6.481157192047147,158.2909517770499,1103.663018805331,36.27483326546162,3.769087680996105,1737.341410904013,1.622444715372601,1.184233487497946,1342.268669640546,0.8164400599469815,0.1255223029125471,0.466877492,0.1144102641813345
6.051160705235013,180.3430303001343,1081.557318666023,37.28149162415307,3.729249368359664,1727.003628879163,2.116414962434904,1.141371455317519,1332.234688173549,0.4800404753184738,0.1449164763102169,0.723801485,0.1330825302006437
6.044030679603631,181.7361549690907,1080.92383197329,37.29570681220721,3.727602905710163,1728.321842417739,2.162383548396868,1.139336311216794,1335.630168392182,0.6095835507275625,0.1395451663501666,0.984081319,0.134388082506998
6.552214735893597,165.1705509452939,1103.816999905875,36.24193574802951,3.734269486778414,1738.95721487545,1.935972433979846,1.19772387281765,1307.311970123708,0.5684067896451456,0.1305897866271453,0.560955024,0.119659873430168
5.478778965325287,216.4708862899426,1041.224265275257,38.60704081386657,3.657433314098375,1737.143198955153,2.328191543872111,1.077092264281535,1440.521645513831,0.9333758566614744,0.1510079949066329,0.813605765,0.1656854765220604
6.292790295533105,188.3674153587056,1077.966524702381,37.07190225496772,3.577082115004864,1728.570671596554,1.894666314793249,1.11575626956569,1382.812197316205,0.7377003544633043,0.1291949490087305,0.259520694,0.1375194647723785
6.805202979312909,222.0345363068544,1086.626147231664,38.0018984023143,3.298872530492632,1719.044725999331,2.109486034317664,1.122322112674151,1250.772006828023,0.9344153492275088,0.1529817949525002,0.903538016,0.167476147737918
6.973527160742946,227.9440549504657,1097.877005833975,37.51896883980231,3.300021915912264,1715.613409497462,1.937724176361134,1.114426062631291,1254.911941724554,1.349453514854396,0.1547302911145746,4.090553673,0.1682777635573988
7.959947011086649,186.1151103095854,1109.712188120279,37.2487618782773,3.040569985937296,1709.329324296239,0.8165323823245523,1.109612587458149,1022.183728880477,0.0675221282897103,0.1796441135589283,0.308354623,0.1397604663835009
8.358897234501237,153.041706111566,1136.55950775533,36.25185806611312,3.081689531212796,1716.368458141875,0.447497491424724,1.167582378629108,1030.584526801645,0.1015347958622369,0.1726712257494409,0.617902693,0.1085697244454004
8.016790629381651,250.1697548945559,1106.300144965512,39.01031350518634,2.87424382984572,1709.710984197779,1.752170335152624,1.220725568494182,1047.827073437352,0.3626415339088357,0.1383255741948517,1.031064785,0.1908653932023202
8.010658965659863,251.1409005345303,1103.349653793945,39.08433392802081,2.866299405837117,1708.706191615759,1.762002370893237,1.210915084273329,1045.210912885564,0.2734844061958548,0.1508763383546911,0.457037358,0.1928154443205595
8.25814644094202,225.0051493881496,1129.265057365404,37.58192001373258,2.907892709327919,1708.656259417072,0.9836878803162148,1.24623227518804,1120.133935666453,2.231696086015636,0.1409440982070187,0.430849556,0.1664907083578942
9.478554545428128,125.0473442197716,1232.791483760234,32.92363266537269,3.101504768548947,1724.691099126942,0.2589504875445449,1.246666240809433,1042.045784915886,0.1127354214095955,0.1802287563779395,0.749561613,0.0855521457768814
5.390250884992663,260.5163120081178,1027.993690366203,40.68963579730907,3.479435073535457,1687.745399331441,2.427434010456663,0.9901713942113864,1389.211951326154,0.5441030346537625,0.162546011052284,1.675697818,0.2099068459030946
5.381168401748956,264.861610304353,1023.872858511924,40.70165206010587,3.478173657640906,1688.595960113062,2.422177375384283,0.9724755999638548,1403.77883483812,1.014430290647726,0.1715126106848601,0.715992534,0.2139836110062839
4.849576786350885,269.5202908044338,1001.641827397459,40.06219779355203,3.652163939403623,1718.477449394204,2.463734138212659,0.9521898001948702,1583.51964634101,1.167291006554317,0.1788862479257334,0.257285959,0.2179658936536138
5.333741811901598,260.2100790396913,1015.833597881981,40.84745987856397,3.497348956720862,1683.232902361971,2.139319676029773,0.945024709645598,1428.385779568897,1.21315569170394,0.1830160181733427,0.46043557,0.2150069278845695
4.883791865700735,271.7171541948579,1000.978279282541,40.13302149283309,3.637604217732942,1718.84308314746,2.478901124940025,0.9529131654204676,1578.01322073749,1.232961344667829,0.1741340834669527,0.425563614,0.2206523873909772
5.052490770416649,286.3043940406573,990.0349977032292,41.14924455843055,3.518100787917389,1712.088959956856,2.586890863657211,0.932142185717399,1589.471988683005,0.7704697246097546,0.1837980753668655,0.486304192,0.2369648597972266
5.130487843739163,298.992265516356,990.7406352520088,41.51916569673793,3.488905551938501,1707.467042488907,3.028411593931681,0.8956997505853075,1561.759716607335,1.361853521483293,0.1957215296303043,0.911590255,0.2469284579905407
5.133646279407039,343.8242599267917,943.5081138268314,41.63652592252277,3.50206638703057,1623.881349061769,2.228924578314419,0.7201379416575887,1475.91182203848,1.484011283522879,0.3078892514899314,0.296882813,0.3138620494960244
5.018615091991696,368.4208340700348,937.429724542645,41.93775804516755,3.60691203794233,1623.896350907862,2.67925536488247,0.663056082913808,1549.80766386296,1.972126721547954,0.2718116671226391,1.489001358,0.3374175151004789
4.961781034357579,363.2738705723628,947.1524461962184,42.58040697388183,3.4470189817588,1630.037325366446,2.354586832845169,0.7604647670575644,1385.651462593997,1.447448440476221,0.270592280004515,0.411634283,0.322665586473051
4.946832310713911,363.6438663883998,947.1082510863122,42.93579560285942,3.401129515296857,1629.737280674737,2.339682013178113,0.7631705071000096,1359.719477391451,0.3683895226261947,0.2504930240779061,0.453320328,0.3222949312357984
4.65370900607904,354.9965755392985,939.7145101857666,43.2313916787399,3.461337798948752,1632.854566251418,1.993848892412346,0.758584061552786,1369.640022899891,0.9902865218604936,0.2395970595710218,0.337399592,0.3132653081460491
7.776894655342955,235.3439249301745,1115.015748561892,37.46596373764399,3.031860907924762,1723.08555528778,1.684514612144125,1.169408713400282,1114.378259858979,0.9400721062290208,0.1468851394111242,0.432139936,0.1798703147417641
7.770924405892569,233.809230724384,1115.863793204171,37.52866367993837,3.02691202840782,1719.848282063368,1.626604513589811,1.115242931840049,1101.024790956302,0.9026973741794666,0.1454109164694159,0.41228651,0.1761563936269674
7.959957485399365,264.7560335982358,1086.656112983727,38.93039925415762,2.867434514752528,1695.865374489369,1.613320606819149,1.126037312777394,1267.995950005967,0.6123973175105967,0.1553416726220779,0.582335323,0.1986821787689136
9.406371246136212,145.2965728513415,1197.633980049875,34.18265532072255,2.971255015330942,1717.287545215278,0.4149875267940539,1.219736296901202,1051.096637343835,0.1715015589164183,0.1689526460663339,0.44691853,0.1017921098462697
5.261924796447254,151.5241655416291,1110.902979434797,41.34985971971652,3.809840903245306,1677.692457779357,0.9661345629841356,1.143534918454059,961.0147498320896,0.2294709084726399,0.135108682967104,0.593431063,0.1312282091168951
5.105148027461928,160.4815958236057,1104.140866348934,41.38043895409649,3.807533864029903,1677.523163538157,1.063890474708338,1.140245987345506,964.8467201991608,0.4657712605835943,0.1423738468885198,0.666714927,0.1378167825938142
5.92371135472882,205.4235011707748,1050.736729823417,38.44195450180072,3.525291317375407,1683.313064567087,2.065208169777542,1.090522135419557,1197.937937445234,0.8434692905215043,0.1545426720685388,0.495774044,0.1693098302211891
5.613709692510519,209.6679478081278,1033.549259146082,39.28178178326448,3.550798062447087,1687.892696074748,1.822236921573505,1.058188294166481,1252.030319824461,1.320541895955705,0.1566768963851418,1.285872917,0.1744431534012878
5.560101733901197,223.7252616709545,1046.5588309636,37.58373739435449,3.787153766169983,1706.561187100573,1.603237655892166,0.9913674789628166,1481.08115760553,1.176213644596422,0.1465365724526094,0.561208667,0.1745326494082467
4.998005115406541,246.6947460898581,1014.023535568672,40.7701559088015,3.638114874667943,1688.176479252205,1.857577203766629,0.9380946003123064,1434.597674084486,1.910480407192868,0.1639615873091643,0.467874381,0.2025397810460881
4.567766839038713,259.9523671468781,994.3621599677922,38.99733542175905,3.849487053846187,1729.756777810844,2.527351571111418,0.9676740086824134,1668.914950628939,1.757725802204815,0.1670947287303471,0.474034701,0.2107454169740036
4.757727918865944,257.972477889405,1005.927147126631,40.06054787928047,3.725695944192136,1703.898404144359,1.963334609800629,0.9575456981669862,1576.7676982361,0.8610027343134655,0.1606752179172117,1.283834898,0.2069703870854016
4.742294927015089,260.2886596933536,1004.779873054644,40.17816697424428,3.719545644839806,1704.135049814518,2.037075683260077,0.947629668030462,1572.719461863705,0.6988910534848163,0.1623759872134089,0.298194052,0.2099779642264626
4.837649919293505,263.8279455921824,1008.250831939657,40.42358015179596,3.658600604562461,1714.163748253947,2.084215718391449,0.9513001886515848,1544.970937867425,0.8511297068280171,0.167669101607271,0.458062128,0.2130808822248455
4.90814149441231,288.0390671980252,982.8010966534692,41.35817099937791,3.495544570197984,1718.076279224404,2.713164450776202,0.9398460895841102,1585.410665725242,0.7515500215931998,0.1833483476770598,0.795481843,0.2380772058646301
4.863959227537705,282.2672350247401,978.5642030410436,42.51374628888045,3.503090355096238,1710.226156733414,2.679388917517872,0.9212603832843176,1589.5268777259,0.6707853279647293,0.1966849102746166,0.721825388,0.2345777590629028
5.905547357030176,195.4550304911699,1061.479457579586,37.32352773106932,3.691616413655008,1657.856312677904,1.288867291979791,1.005686247969069,1197.053313818026,0.8789776152573581,0.1653421376143141,0.428575384,0.1587498768336408
7.075583956256376,356.3268070049634,1002.235062415429,43.39045709720811,2.748496023871743,1632.283367194885,2.498704955503579,1.023391400693691,1152.299258675689,2.599819063643315,0.2264279620391306,1.660676214,0.3145280933363623
7.355777154685182,318.7500832908226,1008.94123161504,44.44856526282472,2.573695836216471,1657.064209547621,2.375558479551354,1.077837013564037,993.2563685171548,0.2036015547381053,0.1805344845169776,3.32318771,0.27959864432768
8.03166919221015,286.2049685767116,1077.046073807375,41.23117845978113,2.671424937247231,1672.109292559091,1.793126213743799,1.124860295595097,1066.602680600233,0.639833611177253,0.169088037081615,0.989300983,0.2274573521579506
4.562907343646713,257.4142432640526,980.6186757060948,42.269176081991,3.652884286341262,1684.923158938925,2.158950598316533,0.8796461368406342,1649.527881716781,1.606754140332987,0.2025047893258899,0.579090454,0.22309718644607
6.638599452776329,152.2606686620046,1115.800668919047,36.88496251521507,3.615505985188319,1669.062934741892,0.896989580245348,1.181734154421083,1027.045786764353,0.1780348193734906,0.1273659188179845,0.51474255,0.1232651244800256
5.160747468229076,239.4757176086367,1002.216230821444,39.49243681697341,3.651182375803587,1668.932893245042,1.356885313344767,0.851437422141395,1396.756007969656,1.299840215843735,0.1749190610454831,1.095789488,0.2108145130136526
3.60348419910788,296.6471721716168,919.8883496352536,42.26836964834628,3.858987779039559,1659.564466345961,1.674276139546957,0.7388663303988288,1719.498180651784,1.145549589059557,0.2263548873090708,0.582099342,0.279939708628699
3.64929352170942,296.7050857404736,920.2437648523588,42.2888880732875,3.836487007644048,1657.440764044839,1.685419591124064,0.7471525985540268,1705.966178440915,0.5716432992756798,0.2111042383544229,0.646278677,0.2787720544812893
3.596956476129987,300.0401146637452,914.8204116015304,42.42470686371381,3.830169927045899,1659.630336581325,1.681098035641784,0.7348463537295213,1713.338793683761,0.4574882227616013,0.2509652787437367,0.560472069,0.2833140663620526
6.355665090704894,271.295771130255,986.0898337067124,42.71321914965477,2.951981227901824,1622.220304120665,1.961594722832874,0.8958790213171357,1228.374813661633,2.185827176566118,0.2509412717189198,0.463458167,0.2387655640853174
7.137107032777621,302.1234248377505,1003.084636020746,43.57951891698235,2.711876217396969,1651.889116145832,2.181958886923929,1.049021207690674,1028.001152674085,0.20944564904007,0.183997893639257,0.812674283,0.261579228671741
7.085068286705749,302.6586158643968,1002.636708031741,42.71011070712021,2.735150179744862,1642.823295627644,2.290011040391124,1.024382929957923,1072.31659305927,0.4635414940824065,0.2212690797119746,0.474807209,0.2615369927096743
5.777843381529725,186.9860861138724,1084.173939779041,38.00128879338525,3.756020198064665,1670.892755872728,1.229023347940928,1.067696158182713,1129.860005412377,0.2168528487110949,0.1508523649874049,0.494408491,0.1553516100133743
4.946115940360254,208.7952275463911,1010.040017222616,41.43355885307415,3.590553810798867,1669.874282564746,1.175483162280627,0.9085956592157712,1440.876110592404,1.230703331172178,0.2077489083186511,2.554101736,0.1854997677057287
3.702490679364654,205.2748813013096,943.9824104301332,46.03723869698197,3.210889062537499,1603.745300256443,1.006216081444137,0.9224797215096152,968.8389182418924,0.981746706635574,0.1885485642482074,0.526756983,0.2232593738265479
2.433907879272449,202.5925675662445,970.1244182211464,47.1030706720604,3.628753115978685,1622.345343137923,0.8924922924615144,0.837232635195602,1141.437631337066,2.22028233555723,0.1949528336023794,0.778410079,0.2139646693308111
3.179729912366646,217.3056467636106,934.4999975257552,47.92248185205607,3.214682988438515,1581.443353856241,1.016258049563082,0.8575253465317481,1073.772548316884,2.661160802436425,0.2022364513572555,0.82515422,0.2393995951133117
3.348273936913798,222.0754634043629,931.5672625324348,47.9088363360717,3.152881977396578,1571.323908015069,0.9876913512204204,0.8617128350115839,1037.495558681973,0.9275534360801556,0.1996818460903821,0.493443057,0.2443106153688935
3.314245229896167,220.9441999664019,941.9282777668476,46.20602687427922,3.311937030007344,1577.527461678011,1.038503898345077,0.8582185544399578,1144.404318718378,3.199919826198138,0.2185691576780561,0.508243373,0.2395895157034382
3.066125600221872,226.8736893616972,919.8530779714488,48.57025304334511,3.185708674550545,1579.56414807867,1.028146988721861,0.8743439755111806,1083.768525198688,1.82619605379994,0.2163919306487015,0.347959724,0.2524321334866438
4.00004914491431,172.0597538301347,1069.281755129212,43.80933261291183,3.797528707412969,1662.280598681652,0.6363810961709848,1.053842141421613,1033.353312484444,0.4019650139987026,0.1649195816152608,1.185769727,0.1600458610358304
4.650987820591956,326.6595959451221,945.9130078294604,42.5208625358384,3.543447107011719,1636.225397042778,1.730393570747151,0.7743872601207279,1378.282877955154,0.5843403051645941,0.2519537248769201,1.15820898,0.2957246422490845
5.519588383656356,299.3062268787803,969.191927429354,40.83350893821418,3.433294234883868,1648.944270493147,2.057707365218423,0.8660235329699871,1300.036376486531,0.5928449409940195,0.1917227916103278,0.711968596,0.2648642129979632
5.413340376937916,310.0832242261307,960.8419407063996,41.40718383686527,3.401785040008069,1647.225507413938,2.165849211696017,0.874059164278969,1278.534562867039,0.2014554633058011,0.1715670883044893,2.271307746,0.2804176823342877
5.326890999776825,302.8120933027895,959.8099137062349,41.59707393068828,3.423846910603317,1649.516628842273,1.797309303908013,0.8723656125579239,1279.415807864692,0.2074006603546192,0.1691833644899209,4.658704304,0.2685582958260125
4.875235427401152,348.7700755346291,949.3017306552366,42.49657914532441,3.466528318727207,1637.157516789601,2.127186049609617,0.7591875295568841,1388.043298733325,0.7038604856704439,0.2720489758931685,0.858573842,0.3109789445797913
4.915272909990486,353.0029402365772,949.3775446605956,42.56425994838703,3.442478146678725,1634.318635616403,2.187042337732814,0.7454832787950574,1384.29289260171,0.720674102877666,0.3098088865599884,0.355788725,0.315862044234149
4.975853238435914,348.5363056520005,949.3659629033798,42.55199779056704,3.421419226559486,1632.067653814454,2.176782222250136,0.7698187102514277,1364.701233344396,0.4428918877493483,0.2694263447574501,0.383275579,0.3103469774471871
5.0600393001983,348.0390840333957,949.8252664005404,42.37735988644482,3.407560305529763,1628.944817397245,2.247201159571317,0.7826507429327311,1356.93752296003,0.5518433855388853,0.2893356550540337,0.455316862,0.3089853415981982
5.142179676113624,347.9002417840771,950.0704192190916,42.31327774214823,3.383503830161307,1625.221572801342,2.32219389662453,0.7875549408882115,1341.860829875885,0.3530059974586868,0.2600505463506555,0.319911564,0.3077155377390105
5.074601892329436,348.5775881045768,950.1316978688166,42.48102720466147,3.396511760317522,1626.41136888521,2.236153274917941,0.7808146288901094,1347.035424957713,0.4281997191036517,0.2675801677628309,0.481694418,0.3083667841294772
5.260290552807633,325.5660110154604,951.8221667715596,41.95741684850808,3.399346717652875,1627.319706722033,1.926923059956422,0.8303054142485636,1322.918817494331,0.3857173359540654,0.232304307284282,0.302589618,0.2856336551813055
5.214288760392713,343.0870072661131,952.2838843036286,42.1086991870125,3.390770942298619,1626.906045872837,2.441177875328548,0.792520940346474,1340.645070914006,0.4136415434264757,0.2634708590868497,1.756553541,0.3049466660762013
5.049425878881792,353.1346782311512,950.9713301862528,42.56825677121599,3.407791894420927,1623.997383908668,2.252137921543892,0.7630652577388066,1359.159827150057,0.5842112207078929,0.2859556879210161,0.321280785,0.3133727331745851
5.233255973626856,346.1873618660052,951.6850635190032,42.13759875447106,3.384999903121523,1624.732236786989,2.478493354359819,0.7849052069111023,1340.039208569146,0.1481211704582402,0.2448754269999745,0.425621516,0.3066464256197979
5.229723415751022,349.8626281921641,953.1249221601676,42.17080136905222,3.404986555651249,1624.664742269012,2.355684048290983,0.7728308125969254,1348.938350757503,0.2079659275612279,0.2558080769788666,1.278744276,0.3088412240116452
5.32779367618706,332.8315712713011,949.3619874835877,41.8365060042452,3.378881541080249,1625.040915830179,2.018895181090854,0.8265510497318659,1321.911031388553,0.2377812255163804,0.1752374516621317,8.445359065,0.2962282495300076
5.389361182755226,347.854828865861,953.9800643992944,41.76307275630504,3.418197233055313,1626.207289215285,2.553092818768377,0.7761662838899231,1376.550839471304,1.416082354624566,0.2692677039364578,1.168562916,0.307402220600202
4.240314414707773,334.9347927824741,930.4199230483396,41.25744653556112,3.788959016448062,1643.774556749934,2.202193547555302,0.708876511182326,1704.15209978497,2.968864870547177,0.2155357962958571,0.708255532,0.3131356218696525
5.430825044856333,345.8197486849606,955.8220167916772,41.81159352432345,3.412065160492115,1625.729224332421,2.559161302714283,0.7851397441994077,1364.093167171347,0.1776590850984823,0.2628646100429747,0.799052315,0.3036418577427519
4.291547516250277,334.8230703972131,931.6753001506088,41.24813076901367,3.774970396058624,1642.785226261151,2.181683151530193,0.7094889814881592,1701.910804812932,2.64366717315513,0.2231048918621909,0.568747429,0.3111841275072217
5.473611918050676,347.9170831885319,953.8291520422954,41.6872349817028,3.417369869028689,1625.393990780905,2.597913009025313,0.7880824799864515,1373.623184559796,0.8599484227662335,0.2695826666743693,0.411918862,0.3061454315395521
7.538905613971365,345.2036170446576,999.9925617757856,41.73907629903066,2.984292900657904,1610.952565221989,2.728896286457991,0.962001586101709,1118.836331213104,2.814937829496535,0.2154021761501217,0.642796068,0.300881106445924
7.277951378610523,349.526993916704,990.0854731437514,41.71324912318885,3.068773519430678,1610.873557170266,2.881722891623433,0.9041318729003324,1192.819612342452,4.949051059785319,0.2165377582268167,2.725732434,0.3054569969866531
7.362937335896369,347.1992363529823,992.2940632955778,41.79490097106872,3.030979735980946,1614.440075875241,2.760097781276412,0.9527390544194024,1131.903128272673,3.182082353047757,0.2156300797578311,1.293541483,0.3001029708482974
7.184223499932565,345.630093143222,983.9987024183522,41.37331108548303,3.092542978889447,1600.335917903218,2.936381776950435,0.9103630402517364,1169.798130053403,6.224817882253973,0.2128483311739853,0.614276108,0.2982078951601447
6.74242739722886,350.2725013526541,980.8387392148024,42.55726351142809,2.992979441894547,1609.991522724872,2.780757060091577,0.9263767614208333,1179.777793609156,1.872911227733992,0.3129994978245282,0.474974004,0.3037519605444004
8.490565287790744,360.838909919602,1020.811690125109,43.2534302476195,2.698461535638548,1589.704242641465,2.516003600081209,1.053722743855294,858.1051846088673,1.170991564285245,0.1934473024976654,1.356206729,0.3135026211982782
8.523210180569238,362.0971647324446,1022.409785077206,43.17713797405759,2.697205045347368,1590.881061514178,2.512275493386978,1.055777316167653,858.0991521262416,1.193690498876559,0.2120810894062732,0.681174218,0.3150927198278514
8.561175352179179,361.9982713554825,1025.820861668501,43.10334453657635,2.693684923852912,1592.528414739434,2.399263246104019,1.051379538750903,862.3030606526205,1.392055622915693,0.1898327729125687,0.396778528,0.3171175434477932
8.411854696737395,339.4417518477974,1028.837846883986,42.79870791186578,2.70549825460845,1585.626084929523,2.298007313718699,1.040287785700477,897.1767179844586,1.052339102061477,0.1937427360287727,0.560111904,0.2959133885240708
8.4045628578043,340.1764034731569,1032.187823850157,42.50900516885886,2.726890125071104,1585.903798528526,2.31480289925816,1.033571684141768,920.7827493984754,1.587480865570053,0.2188894173592256,0.441391614,0.2963411396284403
3.55079426356428,316.5333535729461,901.7748250608316,46.6736874671831,3.406523252590321,1605.072773794248,1.681496888887327,0.7369956738973332,1333.626257792569,0.7475890128090572,0.2474522320712298,1.066739541,0.3272786319239208
3.507534299084927,318.1310960628402,906.6939467362356,46.29096316196777,3.480845695315046,1596.89772553375,1.725857459983432,0.646683519843905,1404.723676719435,3.039528095751104,0.253838553395436,0.570228108,0.3273078079933413
3.517422809745936,320.7090417333122,907.423533188105,46.19626558504986,3.484935715514825,1597.847052956839,1.734272775751352,0.6503197766344326,1405.887154910609,2.884220391260379,0.2224753625188215,1.562469037,0.3274825909659947
3.459179123044712,320.3517250070174,906.4529094620628,46.35369550459041,3.473999038896478,1598.118249540335,1.703921584941545,0.6737836012289473,1389.514863682667,2.132839167435564,0.2514935449389804,0.486579667,0.3250472036751397
2.302611571179336,302.3498801241541,843.6274971120586,46.60211914208932,3.290250467436518,1505.670933000835,2.317342386041193,0.5208752802211913,888.263008634726,3.377538001773607,0.1691617997920591,0.57028056,0.3689883955287116
6.102232946896572,387.0541454108138,970.0785592800572,50.12087933949004,3.603461825372954,1494.59097278887,5.25649514365889,0.9610302134788118,139.598960919765,0.3195329502557745,0.2079671233123115,0.265073756,0.3740478128513556
5.011041664129149,362.8118549310049,949.4738691548962,42.78642682370369,3.379990176361374,1625.116914709263,2.426488701605485,0.7563124361402992,1354.33756399476,0.3079268085402117,0.2650260450833919,1.65653266,0.3216041882770994
2.159119992571439,307.3570804273899,838.9928503831769,46.59377437182046,3.29640332555491,1509.507013823025,2.297483701607872,0.4818597152000163,932.7479846504584,3.696420955372582,0.2837301445684317,0.877464465,0.3798575560004545
6.14614785296221,365.7069622719521,977.9609798832684,48.73476481554754,3.595201838606425,1495.262032659333,4.201107818747238,0.914748144886576,143.6033799821386,0.3954563766537149,0.2529256795480156,0.383432062,0.354053204484299
6.165129147538503,365.1597908772504,979.3541896961816,48.73389203207409,3.595543606293162,1494.394002028288,4.207176376375656,0.9160369552843072,143.2883235785725,0.3982438157737628,0.2907903733813218,0.521474356,0.3536904375501012
6.03579263531527,399.3687435903518,963.824786270112,50.87972474525458,3.596317901130788,1491.4349633371,6.047267544468888,0.945046943539212,135.284738686814,0.1101155556372265,0.1909520547126476,0.291443682,0.3859503335739484
4.305881753800552,322.746852802184,897.1088246608227,44.53291976251613,3.233208204871473,1516.481030309324,1.396723689808443,0.7437683229795089,557.4417758900242,4.431061723233586,0.2795061965745528,0.30809133,0.3607995794916088
5.45878206476528,447.2801951292106,913.3023532111022,54.42206192410838,3.550983224322424,1464.864190279808,8.017462672934991,0.8463003420034791,129.6220329357045,0.4099257715719204,0.2659330916350984,0.645749714,0.4451383041256381
5.995833656793192,377.0547745235617,971.6079929136152,49.03518652515819,3.589582839439818,1495.407802925039,5.16829853488839,0.9296947497302922,140.5037041201712,0.3564460413800183,0.2769319073233111,0.466172401,0.3647541158659143
5.156757610787284,458.7772484621664,900.8210070897184,55.55334451838687,3.548369642686468,1438.513506292978,8.340696095489703,0.8192927757870965,155.0056601568166,0.2885014949691596,0.2724107979927275,1.445234305,0.4636896958814487
5.917196676389851,364.5975580017012,962.5977786592852,48.81792743854822,3.551792472911012,1494.317611028214,4.840150440365009,0.8856127551590527,142.6528835905495,0.0587977177743999,0.2769645981152878,0.320143091,0.3561255984407859
5.967423603639608,389.9967965787748,964.0144505035676,49.7524283932484,3.570013474464374,1495.827044571558,6.564962248600172,0.9211592501186626,134.2625387550709,0.0732995800597996,0.236771259265982,0.283488274,0.371893406257005
5.987630776976327,381.9349215175301,967.3772467097048,49.41985170135308,3.572152202889281,1493.395147048109,6.134825949088317,0.9545856219409204,136.2569602020932,0.1244267831604732,0.2432978191723523,1.005209769,0.3652096868335844
4.886164871882055,469.080015085389,881.6535941456226,55.88531415682063,3.532019360986222,1424.207001433536,9.46949730906236,0.7711528255901796,160.498335722896,0.2942113489477873,0.2970373798992718,0.74695034,0.4823313769969559
5.923828986150657,386.8638972995587,964.28033617297,48.87517650861084,3.538008489503992,1497.637050789882,5.480979366850042,0.9304120848672288,139.8590226549005,0.1719158081094129,0.239138810989732,2.281981835,0.3745314077283418
5.156201152277862,448.2619349156898,905.3984871697784,55.22240561827625,3.557136140004185,1448.048830108884,7.763456736237372,0.832792615367748,143.637838571453,0.1256698251449827,0.2237565400650321,1.141537329,0.4469785859172729
5.184295119102798,377.012755909154,940.3440989746574,46.21363982403375,3.487952783595757,1505.342872282339,4.835771678586522,0.8347168675829647,326.2414750267294,1.645942135565584,0.3041767028363389,0.312437361,0.3848047520877372
5.133770255030672,377.9403989431578,937.7671271919108,46.25089559554185,3.484789993987825,1505.441828165888,4.889688992427703,0.8323308107900681,322.1416671194351,1.435960644677369,0.318354775136018,2.36593127,0.3863513586904931
4.887145360451584,379.5239602856614,925.0370739901,46.37566122135593,3.486264726952352,1506.495787590634,5.308346455326276,0.770389778840891,369.9905806196472,1.823571555439801,0.3250218614593664,1.219976548,0.3946207162188309
4.912916187919251,435.4293403360432,903.7194992867012,55.14407972169772,3.579011267675511,1446.016891411204,7.58004042745602,0.8132213961110961,139.5420950075458,0.0962714862916841,0.2925825466253828,1.012732712,0.4361446113060275
4.847970501877192,379.2319130748388,923.079196720587,46.47756783912629,3.478702412180894,1505.118882378228,5.383256838945797,0.7789477491333721,353.6347693898799,1.882601758503168,0.2973331561369841,1.639514352,0.3944917622841062
6.870993630918059,397.3685681420799,956.6525356370868,43.2125711850786,3.148926685011776,1605.56737240544,3.964276875714762,0.7872235411976917,1272.680588275748,7.263854812790817,0.2683447166224746,1.480707492,0.3558325274799956
7.762143790933875,404.5606686405025,985.0822551469238,44.11370153934291,2.871621490390065,1535.333743426464,3.682988991314741,0.9387610290717904,1003.315471110652,2.154426736712797,0.2775356008460217,3.498711329,0.3676534103208084
4.772883376318879,376.9468343159187,942.6066797592832,43.16572886076555,3.427910405321737,1623.866009051572,2.490818727444076,0.7314134349488315,1386.08862229276,0.2313385209416195,0.2707453923834423,1.431502013,0.3356063895302957
5.53723206303391,319.7828546511706,964.8029460692233,40.65337659333236,3.407806386098665,1635.879928112848,1.977105128546198,0.8087428750539721,1432.957173859787,1.113497824865637,0.2162913281520858,1.010001769,0.2877898254394883
5.676686277703309,348.4559013333524,954.1533712425638,41.76023732621236,3.319308859684439,1633.719836435364,2.474482968651606,0.8158676907956265,1438.215237375888,2.776342541253872,0.2149930486856882,0.714003275,0.3117125486252793
5.460116096102497,352.3477069123615,946.2053899145908,41.97506175729905,3.371994907130863,1635.581103116171,2.430718222840303,0.791204675239173,1491.341281626417,2.62069112296988,0.2250834579678512,1.33202898,0.3178505309608274
5.485450138439062,353.4942437161093,945.5949875323078,42.12237069216357,3.357696569767062,1631.247067278088,2.523583160838628,0.7868786233147402,1481.165405602028,4.190852788181788,0.2199207958683703,0.448630803,0.3189227197744901
3.35322457010968,303.8348776859521,881.3395356801271,47.44363813866526,3.357250673110564,1610.213407950138,1.871531401480165,0.7523579939244688,1295.53656876038,0.3358141936955696,0.2259101655055451,0.360643356,0.321498037659415
4.73499681816825,449.4372317198299,893.9874005808343,55.59796099226324,3.585551253118921,1446.836131880991,8.367701177231924,0.8199395910662299,145.6640035567082,0.1884381873410989,0.2704381293066913,0.979648707,0.4547198855004071
5.769405155614171,378.9518012939368,953.8554593841776,50.23703059948424,3.529903683435106,1479.77265458562,7.503791390618918,0.9127962468056964,135.9783754627556,0.1222213818555843,0.2642520331009484,0.257558711,0.3640238662723274
4.746114853170502,449.0637811465352,894.2423403717265,55.46415435012283,3.58380481586168,1448.773861578653,8.46168282117868,0.8232152057491843,144.642388036254,0.2114033564813078,0.2887838561708344,1.584213161,0.4510583424379049
4.658251898421113,355.9429727158939,940.1179339233432,43.16904925449051,3.461448449300635,1633.089249698211,1.994774611198512,0.7575723730481217,1373.824275647394,0.923191193296465,0.2840440069719772,1.297925388,0.3161587656115149
4.74183578546285,356.6700983142285,944.3421954927484,42.80135939227002,3.476711021962905,1634.241372836053,2.06708478521643,0.753674885738157,1391.262681310987,1.199955542539706,0.290081043981385,0.67381259,0.3197476461095022
4.607729327886076,321.0965023633147,945.281520417889,42.4778802295635,3.581565685845677,1636.683638142447,1.583282721553889,0.7775795523210157,1405.355094303151,0.7944902066028131,0.2720066879160585,0.693244507,0.2937248925952129
4.867546646783844,259.8546679494054,1003.080678250079,41.37533237045346,3.544887467768199,1630.166515032067,1.188835112899841,0.8687801773770669,1226.857130260808,1.402687476397302,0.1969157703862963,0.602873101,0.235887054386813
5.510856556328215,227.6712834661406,1048.098640105493,39.55114488849136,3.618809408513924,1648.252228703094,1.228599052555532,0.9041309796081114,1181.453324109432,1.07994739467104,0.1711178467785399,0.625062697,0.2030205594475598
4.700930963562552,267.5671900792285,977.9794896218732,40.63417561034725,3.692108147505506,1647.711092340484,1.572328047262673,0.8131067343268755,1434.453085424733,1.05861466107329,0.1927325565238992,0.439343645,0.2384284721269234
4.514021619693765,373.8857309381297,933.147626109733,43.7183603381383,3.452464727684616,1620.778625839391,2.534774983948919,0.7209717208959695,1390.513722656405,0.1898639024447305,0.2802009031344757,2.277798193,0.337294304727572
4.960467763227545,357.0823000321387,949.4601040385828,42.60677049383163,3.425403882635374,1628.190574314297,2.258112148900565,0.7463204324153669,1374.427068988976,0.8525309685092183,0.2852550629554758,0.364818925,0.3162348557510416
5.458103196780214,380.5060123079894,925.39818797707,51.37790073077501,3.537242802846781,1482.410054678536,7.964900550019918,0.8576108668960811,134.309755603674,0.1100544349856491,0.2688204608644097,0.939564902,0.3730660675928244
4.681581332572262,461.7757356477287,891.5577638843397,55.41739718429336,3.58905932394561,1446.374236172971,9.212976919225236,0.8205644352795474,148.3840652788384,0.1608000056870041,0.2073305784898905,0.365342018,0.4723373243455465
18.20536039616365,1477.463666149454,1153.065398523703,68.88373072013957,2.181375638633505,1339.28939261589,58.87589373087526,1.779930621045542,91.76899018506914,1.186722964688785,0.5679477707689827,1.237835076,1.4389667673025
5.566850709256765,382.4118240356021,952.0041075669088,51.14960564872876,3.516159589895425,1477.333223337239,8.028579675396946,0.8983634735055197,137.2006656410789,0.2265104492521663,0.2649992985944522,0.5256741,0.3666860425385772
4.47979392642676,450.5911105930603,882.6432936821916,55.62283729672989,3.602620108084758,1438.113432701425,10.20491239102447,0.7869288828488585,151.9570153225279,0.1346141371672834,0.2999395435645214,0.613655575,0.4613647948146185
0.2564740503126751,238.413410472626,821.8198596581094,58.12390325398461,3.383978566035919,1500.260445062404,2.385886831954488,0.5424529206438665,687.9199864013164,0.5668062297292467,0.2512185667876678,0.627846283,0.3209609653950763
4.538241865298218,377.1371759062722,901.7541353499764,46.66920801796109,3.358383553249865,1487.187899977797,5.838925666118394,0.7259619072270191,377.9381228726353,2.375864246753761,0.3378796958500475,0.469026167,0.4022426643748922
5.614758607451902,303.6066276683012,906.4613395125006,43.64746960096621,2.971649210289265,1577.89990765321,2.372362889333093,0.804409532640339,907.0813502901648,4.26775794829544,0.2765043118463796,0.438840618,0.330702495805049
5.145906017510464,300.0379174967576,911.432325635022,42.07684474589678,3.16366331717036,1549.688468231122,2.471123787325409,0.8108663584714281,789.1774555508315,2.109589944368472,0.2639079274268138,0.705047589,0.335583831232713
5.821460879816915,317.4774963314375,936.4281182613274,40.37455469797926,3.104609331400113,1581.485025044314,2.283804374275844,0.8833427876408059,735.376516217244,1.224837053286352,0.2463906914409823,0.394617544,0.3420658988860202
7.676628866370162,368.0789563611518,1024.403883784202,44.1615702675662,3.555136025782133,1561.040419263037,3.340026777150555,1.082420596064053,224.2752966226745,0.1490304721929378,0.2780472058831179,0.423876532,0.3450481946741962
7.674176141119492,367.8833631452181,1023.964640881427,44.23265368566747,3.559432171702518,1559.62352233885,3.281281780614001,1.080362652436932,223.4289532367822,0.1359099206559118,0.2740574256826404,0.591611017,0.3455429129356227
7.06397557801166,359.9615767402374,965.8917752795186,40.12030750853555,2.992287009296079,1606.330797112018,4.232103990694046,0.9905055156375806,618.7398476023548,1.024441568218067,0.2152789613429784,0.996816741,0.3485040051734359
-0.1358684151147316,291.4916651163372,775.3381516812663,57.13170685498346,3.051191339959805,1397.149559074178,2.883468184027453,0.3639105012143971,716.3536185012013,2.012321438072647,0.3075518358035847,1.38504364,0.408537181611867
0.3591432723113656,240.1451574028867,822.8400692558897,57.59555571539487,3.370143473077843,1498.903571908434,2.423546178362205,0.5485399869308074,686.905261275673,0.6651773110402561,0.2590495382267485,1.63613531,0.3194812105980106
2.219754651612741,322.0589963687643,842.550174580888,51.86652393768135,3.392507604787692,1606.489189377304,2.967541161125697,0.6369277370772799,1349.534621565045,0.9223985170945784,0.2445465026379575,0.57704301,0.3698471051486144
9.587220952706655,502.0013693176908,972.8012302133502,47.94313375727821,2.363557571294531,1469.919160030947,10.99994674293132,0.992328682412962,445.6205662682958,7.102529880350006,0.451406010271738,0.340420103,0.5165964629639298
11.08652697636192,504.4187494582519,1004.077703250226,49.3841849025967,2.233335031652415,1427.982948371984,9.349954862732728,1.170082801270169,178.4950632374689,8.42067626295198,0.4613532229758315,0.345898119,0.5156946253905748
7.049082794468046,362.5913414947847,965.7682763028296,40.01498417766031,2.998194747636684,1607.827842562572,4.230832088969732,0.9850155691417964,628.2822892016557,1.306294534297404,0.2146072163799388,1.132318157,0.3515567057645863
7.896550182198272,365.7364764201037,1010.872551581945,41.28253925773592,3.149520411359807,1585.264612920216,3.600841077865509,1.072554379616577,380.2909017879962,0.2551478731671995,0.2604882817214037,0.933713959,0.3416229463253351
7.737612220366332,462.8798045729702,976.8015897600634,46.41433494467719,3.440606061952376,1555.363633681693,7.041041399837098,1.040378443514185,284.753815288606,0.8988645338783171,0.2491705843807232,0.573887253,0.4345828163945773
7.696629816895102,463.7687374705495,954.168262269688,50.36213029740265,3.351145025879536,1494.453991755393,7.575356794935901,1.03096979569454,147.4420820774627,0.3274512997233442,0.2737401100264289,0.94070044,0.4427885241144011
7.720142523736999,380.4974179187134,1004.430378232922,42.68484320512119,3.305792315010049,1585.752282056115,4.132824049313858,1.057560400038059,364.6685706924956,0.2290336672926776,0.2472880891839623,1.114638064,0.3445766152286472
7.721298905330074,382.3032526889094,1003.827600120402,42.66542816574797,3.288047257465002,1584.834819677031,4.221598825901371,1.053357387066844,366.7284808298967,0.2374583505149454,0.255451323540778,0.788414406,0.3501936704958203
18.6604953705896,1726.692441253713,1183.400817951233,67.87774681982953,2.136763543750251,1298.048132927183,73.88824781923297,1.82216400862609,93.17400682596028,2.386916924176401,0.6378243477186951,0.384274484,1.54549973596113
7.426576718911745,370.9384822401048,1027.98045803145,44.74199847831911,3.616399536066701,1548.594380779336,3.647951740084026,1.085859567069543,194.5484426729356,0.2454547580987057,0.25182245850538,0.713186741,0.3589387290545287
7.39716260170411,385.5666275748764,1023.947374489079,44.97838353942204,3.616545013242888,1549.292460536198,4.096384334648056,1.089851855161798,189.9324325352562,0.1126775331262404,0.176477523078505,2.632943068,0.3696247082101037
7.790952358392159,325.996143703486,1036.194622562123,39.69024357212227,3.290946041063562,1565.533761867609,3.000708063205829,1.098464886741914,328.2428225454365,1.045934907615796,0.232258440834013,0.765166138,0.3106370574326976
7.552562255369157,351.2056524756655,1030.188068672987,42.00403848477163,3.477142725429221,1572.279931557821,3.775601214754703,1.107231080304662,249.6162198741722,0.4138585563228295,0.2562526090046501,0.600774667,0.3316989564899648
7.593564947875609,364.4123484192046,1028.104962951433,41.84142669041955,3.447202110973997,1577.75285940748,3.798381602790416,1.088708154411474,260.9016190164262,0.4243469308641946,0.2401311511576968,0.851088992,0.3463570192399559
7.647301032368563,363.265765698946,1037.729255665558,43.9609625088373,3.592587227691494,1558.041131889461,3.529997305522799,1.109646987180811,219.2956057578138,0.4370890664761748,0.2758469436598381,0.574624588,0.3402275397960276
7.122153090374323,405.457995231786,953.487476412718,51.71516153784194,3.450937634990411,1474.746721554202,3.607261917267238,0.9770724261165956,143.3517370883979,0.4298320136225964,0.3164716466273098,0.295487386,0.3975564637758016
7.445266776417574,403.5249625815158,995.3003821629476,48.23983082692045,3.586180309913345,1518.088314993704,2.935546114426231,1.050908005775075,166.0033629960171,0.4422086404710506,0.2935678895700673,0.337055396,0.3852992657707245
7.270923359038486,414.1032303037338,957.2462184278612,51.53827877421651,3.432631477912528,1478.507599773519,3.837989634378974,1.005132339604784,141.7876667685613,0.4876027909660171,0.2702880142972866,0.282854068,0.4072666464347968
2.393819201730276,431.9850793116204,797.9665504418358,53.84870905493098,2.815343114902101,1409.694999361166,9.3976725047049,0.5709733319559965,230.7816980165132,1.458459421726475,0.3629850358197878,2.037723924,0.5342462212378889
2.840021974047152,427.9534534674085,821.2797912934141,56.5233310872207,3.203837690694844,1433.96497101966,9.826758609212792,0.6243404212314438,203.7472820398568,0.223341483066411,0.3624868484159086,0.431275372,0.4905640393670151
3.426822320984208,423.3984064562416,846.8593430716039,55.73162014512872,3.292732550134273,1439.082032254508,9.69423922208165,0.6847895994095965,162.7903465400699,0.3017459996708488,0.3408246092202396,0.638258217,0.4636412053804508
6.068424552645413,429.3738987162121,917.0173798475536,54.53327990840809,3.41438363900011,1468.919962063697,4.909980091714859,0.914423645049154,177.8571866905689,0.220864858665548,0.2946385519612848,0.470868044,0.449179309524182
6.417849246503097,402.6769304774265,932.5365043667896,52.91138023798758,3.471194807853107,1484.108233193039,4.267371482866596,0.9509626217109192,162.9388564798915,0.4188059291748274,0.2967099110881298,0.530289652,0.4084261432482947
6.442118034416473,407.3191469259698,936.6996018492988,52.94986150457363,3.476340387159281,1475.724140948949,3.976500326745315,0.9505124674641676,180.6214562040245,0.347726412115933,0.2628392366429712,0.608902929,0.4228041606263855
6.732494170390956,413.1783887533301,932.8420371994438,52.78750465857902,3.427900011376669,1475.272963953548,3.747750481366116,0.9562068056271382,170.9274852674933,0.287578150321066,0.2830198396660481,4.083873529,0.4207556459630662
3.940026708949262,493.5804349786068,832.9299068897705,59.52937835782256,3.505142954441637,1388.792197358707,14.46658836862052,0.6373339584117282,142.7462748032876,0.3928387754555368,0.2540133039398375,0.323630876,0.5520027920358684
4.146126920230143,418.8739483516731,876.19366762082,55.94774830262162,3.505387479413209,1450.122572402468,8.733565735147408,0.7551546981240802,146.030085050451,0.1711152045766139,0.317201324706983,2.329795558,0.4360851246468178
4.216941765350758,419.9392231413708,885.1756100307161,55.96917806546016,3.524306641387806,1447.684497683292,8.17405543931958,0.7556054349328061,146.8211129219297,0.1783018725427735,0.3320114462751204,2.880944021,0.4338772802655633
18.8083240295545,1615.411955727762,1153.973216758943,69.16001235596772,1.930533703084723,1350.283469214975,96.78344237861268,1.784483137319101,365.8590629031459,5.961283937054028,0.6497870670305673,0.720366288,1.520140523580744
18.62084803975072,1515.502457377755,1152.674492110696,68.086845430599,1.989337804187768,1289.920281609496,83.87502325489945,1.790415581267209,55.36047975293744,1.023166003042408,0.561178672775586,0.580423649,1.432067718050362
17.07067398191491,1266.496514123748,1076.022532077338,66.32654394669596,1.972429023135644,1172.454582854566,50.33185652403997,1.509957706630577,323.9135625917244,10.3154725646029,0.6562775238827085,0.636523824,1.2361791327827
19.0809338153236,1712.779722923239,1198.97919044296,66.73861722328608,2.083490776357205,1328.993575368401,86.24947087033763,1.826178153673398,60.97956430256246,1.195997369678721,0.5437360899017772,0.497946956,1.540774335912521
9.507688905876824,433.6143385526019,1060.494231174599,42.38186225549432,2.480817186200962,1620.463700735948,6.991102916943846,1.059624248476642,1321.880972012828,2.005084137218702,0.1841414804251962,0.604263645,0.3408099283336852
9.57021174918205,432.3920531053018,1066.284006633884,41.39204464124783,2.458416638060896,1604.154649450388,6.778939833173377,1.020941336983984,1359.052184172808,7.049312038654312,0.2076528791812927,2.063989142,0.3362677663743044
9.395296204036018,429.6364059873849,1049.77729403118,42.89759560289075,2.451138600445225,1616.639391701788,7.259532388329538,1.045616906952072,1326.263957176297,1.064554261327232,0.194396069992106,1.788423309,0.3382774176984877
13.8863274609175,801.3067343063755,1091.046739421481,56.89115383166742,2.526155820813975,1406.351326393648,21.95418158447406,1.256864316342908,273.232855103946,6.538557042807543,0.4005145620427936,0.301859985,0.6270678160233216
14.26459491731179,793.8533820053098,1107.095755487817,56.84113976640351,2.496804852358448,1394.148858587036,22.34247655956413,1.293260591024521,235.9266399744925,8.14641057179364,0.3826171871256592,0.357827388,0.6113813061663294
9.788147873881211,397.8489546304543,1086.288636031306,41.38827222872843,2.401499308214832,1603.987089721835,5.297902003186866,1.125047090989198,1163.859462591711,2.111414788558209,0.2419473127946774,0.926338314,0.2989158161611107
9.466026333845392,411.7299582317224,1067.782039647236,41.64611537859069,2.468992779413606,1619.473462434643,6.400895866438135,1.066346091805136,1322.508768413025,3.053384601884891,0.2025067856105676,0.551906628,0.3159102615433107
9.12110064504794,421.8783855915157,1036.535391118168,43.47966592716789,2.513492193626369,1610.653249228662,8.089499483652766,0.9793588985787548,1469.577876478984,3.107463764245958,0.2444471409136326,0.534136925,0.3325703354217459
8.945787290132081,429.4918385412512,1034.195542030775,43.03265731025886,2.540523280884028,1611.611690860581,7.362168874750606,0.9757181492683537,1497.28503840555,2.072377959476429,0.216992153146952,0.558730671,0.3456481742660121
8.889824883579157,417.4170751152977,1029.340467659279,43.71888194692603,2.558658539254555,1606.691976369042,8.275312556714814,0.9330620589881248,1549.076195301518,4.013639184854289,0.2546463528764737,1.048418682,0.3327931756626509
8.971804431936542,435.937670312013,1031.875142418244,43.00833066397718,2.539391448463748,1609.580164255128,7.368512042094766,0.957503046937574,1510.039901944645,4.874171340750004,0.2124884232596637,0.423764689,0.3550839860864959
8.012639086548003,380.1893209567138,1029.005822131972,42.99030704993638,2.568181044738641,1613.77858081916,3.597685385499944,1.035040806697316,1245.420882692923,2.913151692646692,0.2260088848469807,0.999531224,0.310578752402254
8.346601383145279,386.2422872735173,1041.978517074508,42.38787045104866,2.531845666946476,1609.396553690165,3.842054484649515,1.027347031365303,1201.25633325387,3.129978660935012,0.2364623030347705,0.622194517,0.3137952640898366
8.332654165540102,396.8262453121772,1029.443025774209,41.67889994995608,2.538562378385326,1630.412733534419,4.138596033530646,1.008749015831381,1298.568067578378,3.255963797392266,0.2334578668068311,0.327836752,0.3244376874118547
8.286847245928175,399.0387570906877,1026.522569626458,41.85546168336352,2.531874841105713,1630.771728398615,4.207862204872058,1.013647570425167,1292.311794223067,2.611046456812335,0.2491791577297945,2.621161234,0.3259294501446377
7.892709866956115,401.1830268341841,1011.651711536935,43.57719109359315,2.513773443627538,1629.645341093283,4.461405302344997,1.041071534430687,1256.268692267605,0.5783501105422092,0.2259072524941879,0.30144199,0.3261408662282906
8.866964860944906,412.323336481459,1061.605403195336,41.64055330216373,2.51676589560756,1608.273237772815,4.928558626938944,1.070575278184935,1150.927650277094,3.864320016126862,0.2384800838105329,0.97829973,0.3283484789954146
8.472640880098314,418.4571917526617,1045.072324249208,42.10902345081032,2.56994312089038,1618.835679302157,5.546208173700169,1.023374831961166,1247.062621350568,2.771249786262103,0.2128879294549666,0.995222209,0.3339948643886294
8.277334767578047,404.3509118440767,1039.768733905532,42.49427413822343,2.585599884178762,1656.138948748764,5.112970467747239,1.069795767214454,1289.394405239962,0.9828316269979996,0.1740456399207671,0.621587893,0.3182003304944353
8.146817656623572,397.8232365439059,1036.570522956729,42.89623011204716,2.572290232117149,1656.489700517776,4.817025417097588,1.04933437032639,1290.783809206554,0.2511903646241979,0.1886942065378037,0.303261276,0.3128633443357516
8.21918468080898,393.2644801940848,1039.485912762387,42.46489237898179,2.589277415846441,1651.66562307639,4.537716889462922,1.057932217681523,1285.722940280172,0.2663421943897354,0.1893848818503826,0.962478148,0.3085372262694504
8.308541398029888,404.5201203332117,1041.201531372624,42.52262138983019,2.574476216322587,1649.892102479689,5.058582447081008,1.072318427039257,1275.363599907512,0.695247979377176,0.1850664302469208,1.612269953,0.3177184195942064
8.390425731760702,415.9716804615126,1044.155663814927,42.49975450742535,2.561682201816329,1618.208447914543,5.452253471862283,1.044773660287953,1238.463570566029,1.477918021523699,0.208334509734479,5.290304966,0.3309396760893185
8.600509663201631,417.3923867644436,1051.226133002968,42.12440055887911,2.535816756425386,1612.718352643284,5.485872386040499,1.055143179347069,1226.427775549659,1.926271179301054,0.2139654570839178,0.865924351,0.3307928657733185
8.64685922722601,415.7097772278328,1052.361714016137,42.35610656689782,2.511610109915625,1609.979427704978,5.351948526175547,1.072637579818852,1190.628049568025,2.270188692446616,0.2126102068492887,0.480903935,0.3298582202737938
8.205875866975184,396.8670043658923,1039.179606022645,42.80088299839696,2.563544991300184,1652.441049191783,4.811053127928131,1.05489375856199,1284.147664587683,0.2299060535264362,0.2042662730805866,0.605365736,0.312928428752219
8.238745837962995,395.8595791497738,1041.860476494387,42.76956114473251,2.564519159054293,1650.790959067591,4.741814992374266,1.059671445459099,1279.72602629624,0.3060439577052709,0.1822303357999468,3.984522985,0.3088177173485499
9.273402003109222,435.4644241818042,1057.699311109113,41.77782326245435,2.375568719875064,1597.552140297729,6.128593668814166,1.07865883649588,1075.131216805244,6.162552770326158,0.2514569657469417,0.296704235,0.3496725465117913
8.396941968286981,396.8627238908476,1050.502102924175,42.52699946692997,2.572037408745178,1652.43649814248,4.577101798485658,1.096278822681604,1255.444856413735,0.8222996048093152,0.1700580737954899,0.614602524,0.3063745301405199
8.599713759047155,415.9552345130714,1047.269784412297,41.81380716114167,2.543333733958642,1635.641812757427,5.517942455195427,1.066093940327413,1259.905679087382,0.7081625993328621,0.1842678926016746,1.181988167,0.3257799707219961
8.676809725875353,416.314356483729,1050.396138677309,41.84533820724324,2.523490318532141,1632.107443049095,5.490919534380108,1.06551489290978,1244.216949256821,1.028894068844166,0.2083993376276621,1.096418059,0.3255279625067413
8.372518085132624,398.9526550817193,1047.292426858696,42.54614103921868,2.559654595914882,1650.754816744578,4.908529321351552,1.093149346463593,1264.467994424956,0.5374826984334345,0.1789239428116914,0.778268133,0.3100339553192281
8.525427197708565,411.7731115909376,1048.410661704846,41.70152374008086,2.563744183750805,1635.063823147735,5.537880730422388,1.051863721254947,1310.06035127822,0.8613713380450935,0.2134995460043131,0.698898117,0.3222594712063863
8.597976605647206,412.7800220078453,1049.610966409474,41.675218884717,2.544115662834483,1634.429699944582,5.487118430941633,1.055629976127414,1284.086159262355,0.961835052879056,0.2014678944312061,3.932148993,0.3225249409658689
8.797812141492162,419.1869551668273,1056.751017360487,42.42886357445342,2.483520313236236,1621.809569136546,5.705924444047465,1.120301276530806,1171.151542190529,0.8303836746280245,0.1854635905823005,2.34774855,0.3273789854053313
8.92509167007264,434.9648247569472,1062.312032063604,41.60164754960266,2.53056400984055,1620.200528868614,6.485347992613337,1.063735880033811,1198.203494024822,3.944755057640577,0.2049052057135,0.871844251,0.3470079330025972
8.832780585363542,423.3755603352849,1053.441322579582,42.22490232171487,2.470470746132752,1621.510869157651,5.959367435090413,1.102754082564789,1175.442521753109,0.629808505131718,0.206427482698688,1.482174675,0.334438160256213
8.443442683461699,419.5316109380647,1043.171641486002,42.1198487479431,2.584887312074994,1650.538170289029,6.086145786104818,1.064535996675657,1283.068242639006,0.5227402737060622,0.170083656679388,0.595310004,0.3266303603803775
8.694716780937982,422.5177142402503,1052.067850902685,41.42975329219413,2.541069501448073,1642.875864589933,6.252222255035965,1.036760970335211,1286.460592657035,1.066249663210538,0.1833541381401687,0.830246827,0.3314518823282464
3.189847328492974,357.6904486435899,836.9430676327096,47.41305054076643,3.232722085161014,1485.54441088829,7.248890786613759,0.6508618141377489,502.5860459893775,2.664149620715967,0.3480026952078483,1.351745795,0.4196826664767902
4.604744074628885,376.6833922227069,905.1967117152784,47.11283465060914,3.339247634500738,1486.265277584826,6.221753550434207,0.7593011686035441,323.9953129946605,1.502197288742982,0.3168289878558674,0.818960497,0.3982548375619461
8.978367724112033,402.4949085037821,1067.216003903179,41.43049242477272,2.505518451612443,1652.02672576521,5.731659453050382,1.108491669229673,1236.179570737183,0.2199321142077289,0.171177646334772,0.778174932,0.3069907045806786
9.0307417821453,405.0304111767605,1067.27563426281,41.35197922818087,2.484114429931832,1652.037671696606,5.847894670442591,1.125099013304334,1229.103429281482,0.2391506710116039,0.1697574592279732,0.265155383,0.3092731487623595
9.208340652000942,408.1734075255772,1069.608179566161,41.20311848288343,2.448877289041314,1640.877885076037,6.058102729491222,1.131466103479334,1203.533807476254,0.3379427173166589,0.1840868244507655,1.680228527,0.3141166196214972
9.4394075092127,416.6729066366228,1078.45203667321,41.27834413276179,2.416813581001732,1635.505623905275,6.348301011871855,1.151552466430369,1147.890652183817,0.8190893956191514,0.1801005806739247,0.294438411,0.3144686576653298
9.428864588192068,418.8278345961968,1077.275327706277,41.35770772453165,2.414109744371678,1635.107751445497,6.441002060898674,1.155542617536348,1148.695124112678,0.7964437248795491,0.1667006027179966,0.66106652,0.3172046206031795
10.02846829348729,431.4402944175,1088.189310743152,41.0483924564876,2.321736309303602,1599.587161007307,7.251289776692817,1.191353814394176,1009.205742469305,2.941198091666702,0.2330645070959318,0.352202481,0.3250113766495585
7.995973851824028,525.2897272831391,951.0796865427136,46.5966947094486,2.708167931934488,1541.549352743954,19.86122402854693,0.8194574687605282,1449.384101627687,7.043731060199761,0.3728302495636514,2.031234537,0.4601283655338236
8.608012883251263,420.2252163283695,1049.278808666838,41.90073583645663,2.534786885724579,1638.50015985076,6.489875110991321,1.053619276991747,1271.622901637314,0.88425808215631,0.2025398629465834,1.671328424,0.3285619774470149
7.340030388999974,403.6374575990549,938.614265028358,46.44927381900208,2.956610911725984,1562.071423727483,5.317364539166466,0.7199728171999421,1516.30001021742,7.278741472654898,0.389709429782968,0.577486319,0.4062819245430619
8.83086097892425,437.7810418437009,1040.944858968824,41.3464015549927,2.437295988319248,1611.279595210374,5.834705060544636,1.004779259971992,1171.034521435132,5.449962183830349,0.2662982808263619,0.594018574,0.3659933189418267
8.45484597814858,418.4979262285042,1044.645976052952,42.1784858652134,2.569344927387884,1618.902053412166,5.569811533854133,1.029405781504064,1242.457029388696,2.04931162647475,0.2032030248406216,0.5861136,0.3338958935525459
8.43946640044862,408.629140995909,1044.984631701121,41.89899557960558,2.573049953666708,1636.07885579912,5.45777759020022,1.053400609005073,1316.030258777602,0.8429715387600606,0.2066174332586163,2.035907105,0.3204659367269611
9.222441335236168,162.7603227932425,1192.570213437146,33.99117113213092,2.962257509074611,1698.764091644261,0.5343482615820218,1.334230577835034,1243.863344112614,2.416520808531271,0.1231639932468761,0.556671945,0.1147380095015872
9.101708262475976,422.5069746756071,1064.711009942561,42.22736759103507,2.439007418087533,1606.35310789013,5.813198099507932,1.120299197203343,1095.417786650933,3.915015101821949,0.2110400929049629,0.884888727,0.3281570829173082
9.073614348994296,423.373982697558,1064.767147726031,42.05654588632596,2.458235523572396,1606.688428105253,5.874546581830749,1.115937834387057,1115.101145476108,3.824298609502967,0.2059049076433746,0.883858243,0.3305161021822152
8.972916482638551,421.328416496572,1063.788208287768,41.91573642345332,2.49134242054027,1610.566769233773,5.666183410748783,1.098710699676677,1144.092387599118,3.744035795973462,0.2105228918142637,0.46007335,0.3299729975688121
8.982421434381996,420.3758895877583,1064.16500737583,41.93362693935219,2.485146343281027,1610.915335652847,5.65510526861694,1.102560530442864,1157.786913298569,3.172555084581609,0.1859193658808955,1.290433608,0.3294349974907792
8.910392564766545,418.3249317246864,1057.320633513983,42.3589362675456,2.456698713510666,1606.179548397545,5.498571044316879,1.122648666659165,1119.11375238433,3.631599619155993,0.199688954457104,0.268817245,0.3326413655828908
7.150841650876169,504.48877717061,938.2361684026936,48.01253619192259,2.729733866692836,1575.95974124768,16.51929531008373,0.8846469253633258,1395.108992296806,6.23942161979997,0.3365670639806234,0.542052441,0.4474775828129566
4.573845663734518,418.8911301180754,900.3699686999893,54.64484380217429,3.566544409351098,1450.75765037794,7.544513180140656,0.7930655912958497,141.2865979193282,0.2018025648730333,0.3195981825794105,0.34126222,0.4239615771085434
7.332983481321424,391.7073469473542,964.166172694228,45.67000871255476,2.877167852298322,1543.196455724716,2.502053634339941,0.946602332599704,1130.433266502407,4.756145399807844,0.2632675144056811,1.030217943,0.3560843873551609
13.18877537630628,453.1074154108838,1100.942936323079,45.64674525158489,2.203732536038153,1404.642302650464,3.810135994939553,1.341349750400504,167.871858160591,5.448182210285771,0.3770683869047549,1.026358761,0.4170637771891413
4.81367158493846,382.3244608408268,913.9664270524454,48.32526830332112,3.328788820163024,1472.152022220522,7.570075885497864,0.7920609464980092,247.9828196214544,1.172545145511499,0.3052701207713685,1.529832982,0.3950172227731528
4.574576069858352,421.523397753939,899.7496917981044,54.7080234456072,3.575107174051174,1446.360248250124,7.679438856836756,0.7864208965231066,145.7453927262153,0.2496399978783783,0.3382741383244885,0.509847737,0.4292423159889431
13.40210912361513,430.37601147889,1107.258416977614,47.15050842195095,2.135613474638687,1411.257832672644,3.747582873359342,1.420757355082775,186.4737954820785,2.361944269883373,0.334777556301565,2.028720525,0.3728230085790557
9.05148890565489,438.1162326994435,987.8149212026816,49.00219686110791,2.473494092006426,1517.406992162656,5.016446349362361,1.015263787031307,495.5275520791167,4.931073187258701,0.4454907765939052,0.452108377,0.4318702070563736
8.986478537799023,437.5156915947921,985.91378492885,48.92026685633419,2.493183793633967,1519.868248526998,4.924903559782826,0.9945306786879926,533.5560029342859,4.561708723012699,0.4671035516923487,0.335632972,0.4326331771681314
9.08780910977591,430.748019903151,986.9225684441856,49.15554877935677,2.516816874685754,1497.442421024678,4.514065142484691,1.019047113690693,506.8335371385241,5.971288334254123,0.3519577380723086,0.679934316,0.426355609988624
9.08328916743784,466.8240332710464,972.401368568616,47.92193775520681,2.571672474545128,1503.244039493401,7.223139559304395,1.051732189759764,248.6222290710556,5.33481115472051,0.3872446779216937,0.342224799,0.4463314514974226
11.53778133317693,433.0739537232066,1073.021074124396,46.19627203943923,2.327558949404441,1488.316375282663,9.230331069115875,1.152615793812583,711.7687320027596,5.796697151784168,0.3245008991113483,0.25427679,0.3853941215714618
9.964763134611202,418.4072066132753,1023.878333283602,45.92792479190658,2.526727887271173,1518.657878962579,9.130125237707492,1.009617483293019,999.1675067568192,3.837658994096669,0.2825013396872791,2.224435584,0.3876880972481128
11.06366125560101,460.8800557318193,1050.424726214464,46.22395860647154,2.349591510642594,1497.87290304082,11.31612262965113,1.112709805539388,830.9505665406348,4.290867759173096,0.2697227917795347,0.940367507,0.4157708148128621
7.761895129289577,354.6151124950143,1000.913982586838,42.47411106195528,2.875331046215316,1582.993189295957,2.476707483568107,0.965954768221386,1016.21699594261,5.034182821482925,0.2403228043188433,0.360603754,0.3057258581417959
10.66812046878753,911.1239599883075,910.4481904207884,61.09361756077061,2.184657858401157,1493.231910075155,45.05722015471076,0.7780378522530013,2540.476492983296,17.1221273983179,0.5456115112383503,0.464652384,0.9391237933612552
6.837951751702753,701.0126193990553,749.1864024378585,55.53890841125999,2.223210933516051,1520.235210577876,64.90513436182074,0.379470636298575,2921.826157626003,23.98518989837952,0.5462350439658396,0.542897115,0.8624417624940445
3.040537850255744,380.3297293817819,685.7719405652927,54.89027911994774,2.66625889238987,1582.69473514559,10.31290973659052,0.4621452905409594,2817.777101976276,6.295982110076263,0.2113135405727674,0.503403373,0.4024160874908764
7.852873048669096,207.577037490436,979.6691210979336,43.02870350857042,2.38872088403487,1669.815334907711,0.97040058109605,1.022158291293503,1783.021876919759,0.7959035787723948,0.1513003378270473,0.463207795,0.1657150352277002
-1.525845207342117,395.1652422053372,527.8360462491736,44.28256319088519,3.094539452578345,1613.900860105039,20.24526680614097,0.6028134849889898,3795.304124027262,4.486909772613094,0.2167378980996674,0.453050561,0.3711761015527498
7.072407533039762,294.3849540243283,1008.75522519515,45.08751193185046,2.608848854561945,1653.295986053257,2.033407861356814,1.065116291494767,996.4492188140284,0.1104753149147165,0.2010557899170775,1.131444416,0.2535313688261532
8.268796464328158,425.2811269324229,952.5972003007732,49.52139617584886,2.606380145790663,1507.124160796851,5.747236447796975,0.9205585291764136,648.5844715070901,7.002821238206515,0.4627912130173378,0.409184767,0.4262028986140729
14.0553041702946,584.1517550898991,1116.5475259768,50.32022262005577,2.169647120402158,1387.839399957904,15.80208835210391,1.366622889567816,306.887851585191,5.003991225426506,0.3424633386798592,0.521524571,0.4823840202379606
13.15970980747331,418.3505939038975,1112.769459378873,45.87580376394279,2.192089993490849,1427.725095587608,2.208959402954736,1.356494964906236,246.663840623532,3.495410944685343,0.2906953895886389,0.856428202,0.3671419857225301
13.09618447719684,419.7080081840259,1113.393018320038,45.52598260249364,2.206135143911454,1425.568420560365,2.198977959852762,1.338404679894103,294.8466215733849,3.609791929646041,0.3193427159849081,1.174251873,0.3664439166648185
13.0633371145009,416.0325656116646,1109.749034248967,45.69185294120722,2.195179351031817,1423.575231225038,2.151588695703389,1.356829593651612,259.1433663635176,2.737276285261388,0.3140200835464058,0.775203582,0.363954957809705
7.664059045393275,391.2228203461387,983.8699477219046,42.27500494873576,3.022326419572458,1583.595897765487,4.399442721103129,0.8024586095635171,1187.110571387793,6.747903708454828,0.2931200657861874,1.086736617,0.3464895288175418
10.29991501818514,558.2558608245015,1028.495439126599,45.5477185448189,2.299650560146767,1517.64549982395,19.13492564701435,1.041984984140343,1040.664508789563,4.800473978909619,0.3560091004588159,0.623226437,0.4899984632039223
10.30901666995857,416.5286620673237,1041.08179453081,45.28661155232548,2.518800353462746,1501.397594066409,8.75252393480284,0.9889012376664954,1006.432026850936,6.393555070961396,0.3586117574784624,0.677787567,0.3817063334673593
8.82226244942743,400.4331517606711,1053.343233186171,41.78041403739522,2.45035545598254,1598.659010588967,4.333379573244501,1.036863001990837,1112.65517452907,4.503072297143846,0.2217258932942825,0.508045114,0.3219557872836873
9.210989129325093,410.4513597437382,1069.600205961862,41.20801583032558,2.444304992247065,1640.070157914209,6.189503513062246,1.129659984207178,1202.868446599877,0.3133401286018024,0.1874766390973546,0.448111078,0.3129291521758398
8.93426472014216,438.0622257501447,990.3042069739106,44.58558349258566,2.591968854431363,1528.131598444997,5.0448688066698,1.049618697557108,347.4281765970962,4.547816008014695,0.3418890266706468,0.674823629,0.4056697832348218
16.68642494014487,1209.881670131862,1129.936550725286,65.05193714718239,2.285865684979365,1288.677876353016,35.09198811604946,1.576045557410557,88.80634893285917,1.966582053508512,0.5165301999226704,2.093845714,1.068451758743411
17.50066838824132,985.2358402235022,1120.407478004134,70.47457191983234,1.871377190018471,1629.347166441566,46.02449271418072,1.598941345615963,1634.629258317529,6.805615968923274,0.4387028774211401,0.668638166,0.9396335659204084
18.68903449395654,951.4126826118217,1160.311367670479,68.53113416281859,1.759407049864872,1660.7868988823,47.09575975923833,1.736798867340244,1436.369444473144,4.65627307652704,0.4482813400893481,0.548570688,0.8767692830638526
14.32703483947524,1042.949151568059,1041.345097762711,70.88975641797428,2.3331091817691,1513.310123211692,50.532002384,1.225297281792572,2117.585848931058,7.682731292940256,0.5461191257609537,0.60361643,1.157701688812679
15.53798626921907,888.4682781496365,1080.056851836802,67.65596259714479,2.041496820098159,1563.316950197565,35.74476576570406,1.454016857408445,1906.937534977816,1.865597511686382,0.3867673827255055,1.792836349,0.9017557708651092
14.8335476511036,907.9532590760392,1071.860786423311,67.03980104370723,2.144719258696405,1537.902628341161,35.51558966735858,1.330325148064081,2065.438043548587,3.362128729652325,0.434764376200012,0.41403955,0.9426350859787016
16.53740055705201,1259.637055757417,1029.796444450976,69.46840457424823,1.696595042048592,1243.069906660074,55.48832635724317,1.459592850400993,1246.845337938557,12.44707091372607,0.6393556645011378,1.488203257,1.32923760755268
15.17153290700231,835.3785218230521,1064.711641924718,61.94848435892063,1.715361643460675,1670.311766730032,34.54631280401892,1.29509933333444,2128.09847975837,6.116159159405185,0.4456066279718106,0.461167949,0.7661687765078534
11.25552993606726,973.775316168401,909.7697290659526,67.86560276153364,2.209419097263002,1287.095325150259,35.07018978844146,0.857860458056415,2318.014685816322,11.41709016307909,0.5398639911740345,0.397412897,1.199052516594055
14.48819374399525,804.4127890307261,1096.696846982876,54.87020419639895,1.941109949700423,1654.925916074794,57.30100429987818,1.185936685208944,2325.035645934811,12.17251238957203,0.5453289047722131,1.102293154,0.7068165154587422
10.83046825195156,971.482990845378,883.960459066947,69.06713371610657,2.227968951661022,1264.317995306592,38.56728322490087,0.868809341478024,2276.79865279619,11.18501305690872,0.5561382536696019,0.251138965,1.224621886641567
13.82518880765212,832.3284267241609,1048.754957076041,59.53486666629931,2.182221116909172,1452.117652242023,27.98510916691161,1.176371332259255,1887.197346967205,18.45931797589356,0.4093495229393573,0.653849401,0.8502525305142011
8.824119020509576,884.8972199410312,850.6945510347557,66.25481299103284,2.622870895524031,1517.350102792193,44.90362009527924,0.7488234458218046,2878.309792483842,11.03955889711982,0.5131001128665681,0.393291803,1.004799461144037
7.868598579492646,890.0200909702373,789.961413610035,67.4248930371955,2.74212379299001,1479.855153029227,51.46150347608067,0.6444371412826376,3081.573360737385,9.448634025668168,0.4621462143905218,0.359430592,1.051793164930872
11.01428192617222,889.8440497019182,870.342800074049,69.13869348709717,2.151908422996448,1255.761326247944,43.62913270889958,0.8345586355923481,2181.997068967341,9.905522877626812,0.6246742894587345,1.076087193,1.139453854950037
6.455564050798881,918.0630845883338,721.7058210345728,66.66528773924524,2.979847955615322,1478.461555090299,69.94887379685366,0.4070395893948285,3524.282295101978,14.50325534756764,0.5056725904714976,0.421155753,1.105951560987631
9.212455385938764,893.9139596936488,877.8635263688416,62.22995139439599,2.568371626049953,1467.780831829555,55.57963314487431,0.7357828883475851,2872.78225546546,18.28917870517354,0.4956727338886111,0.955418302,0.9338616130793186
6.796426935709648,907.2550844503892,743.2731646609365,66.25131910894406,2.931122173121099,1501.626330911709,65.60704372892246,0.4511890975179797,3412.055316407833,11.15793950085448,0.5264227053887596,0.544192225,1.076772863648522
12.05104795389159,837.6020523786153,1051.14899573031,52.50376393592226,2.155839583630868,1771.766823729464,68.82790635835019,1.077637628773788,2486.769494027229,3.732687224339735,0.4002876967040588,0.753790165,0.7069923496841671
11.9247855450631,845.2199057854294,1046.266796509691,52.74995084022465,2.159148068433979,1731.122246932098,73.87522143737928,1.067855896176167,2534.356230607465,3.566604358585346,0.3990914313578902,0.445660305,0.7135743014307567
15.31390265784676,928.6081914763644,1112.036346347213,58.08731423958318,2.335216281941301,1279.627425859103,31.49230500081321,1.329898442339826,348.9814746757176,10.82297407595733,0.5617880340601275,0.295634257,0.8110469281650792
8.771517415304201,362.934181760479,895.6394722933616,56.24409827662412,2.110860751568612,1590.65381990253,7.076393684209607,0.9235364323763692,1668.477540423449,6.490475085351421,0.2035983630757524,0.604182983,0.3679522139485297
9.4298735733697,332.9499448842377,946.3435169128034,54.33929531076483,2.170423247938393,1595.124211508938,5.42620718479172,1.059236134032254,1476.659286206416,2.751833857882484,0.2135598345421311,0.31400164,0.3221339731441364
7.03988528474408,300.1527780866614,843.373795913986,55.33959922486195,2.323128437169864,1608.46806975066,4.544965705311,0.8122081001875735,2020.672046559014,5.605633573969925,0.1761672235627087,0.50094468,0.3082068717085037
8.368604237558188,286.2935139224169,913.5501077269644,53.2223267567656,2.183876211507528,1610.180540847945,3.147212076959659,0.9613351976843184,1782.28907111046,3.527650703732746,0.1588731346127906,0.350179719,0.2831025864273353
9.29785188401518,282.0536264811532,970.7909390752272,49.76109542749719,2.211235907898935,1633.942702267269,2.630358854873493,1.121376215863895,1531.495230226599,3.564887361625428,0.1400945065323947,0.306761771,0.2595467067363179
9.520881720701896,279.2508001945429,991.9013095518928,49.90939261431439,2.293316431588449,1634.557036129737,2.543670391543053,1.117319904860248,1489.772634780301,5.069640074380677,0.1506242966268886,3.161530009,0.2549973280316405
9.296650084014372,251.72535358568,997.802573628075,47.61537447273313,2.29806218055903,1647.535565081108,1.732561719004195,1.13924560171897,1535.259486306894,2.709795246081721,0.1436927194037994,1.513359613,0.2235835853083385
9.139080075123788,247.7177738861848,988.85401487273,47.25322790427517,2.243021877521087,1661.703992773897,1.523536857405909,1.105043856947058,1580.343378767709,0.8294562365960183,0.1308992928830379,0.344713432,0.2224592816306955
9.763847011810356,258.0405207428604,1023.914151452727,47.96690506575106,2.313751452984916,1658.920579347587,2.173397673675376,1.192067743044089,1383.097664729095,1.611071800080854,0.1499724319105723,1.246515972,0.2280390336989007
9.611966545616353,260.9552852857347,1018.667639333848,47.98894670870914,2.344151814322851,1660.41780046344,2.238167944824584,1.183660815993905,1434.15379422416,2.282491967057035,0.1436848007071907,0.411589934,0.2298058656523024
9.728722727708243,256.222520179716,1022.993047868535,47.64470869568371,2.305179272522551,1662.041074015552,2.129789973704033,1.206844156231797,1390.762947597116,1.611797012641593,0.1404286652910575,1.413829535,0.2243650191431464
9.607125108353854,258.8982081855761,1019.134405971401,47.70509027512578,2.335741166515792,1662.559302267834,2.192841857728004,1.199013564421393,1430.425750398959,1.964360254333538,0.1326061990050469,1.076141975,0.2267417048745884
9.158890061087098,240.9094904975597,1004.089951842981,46.16350274641761,2.361953736462066,1663.350160872606,0.9598310935261825,1.111230090206007,1560.90502112878,1.513660418965863,0.1354635083784816,4.614911444,0.2121023429153606
9.74532042452256,243.1236844569199,1023.020442164698,46.460386944112,2.307595493652522,1655.612616116492,1.284008737831739,1.190004495525017,1393.816470540103,2.98340994757253,0.1511700479425134,0.395043118,0.2131066526424736
9.752157718313098,242.4969371152884,1022.70117193204,46.30287094481447,2.300661416400873,1656.337458629735,1.173296134012679,1.194947010340847,1381.180859900284,2.53560736813416,0.1496624539353948,1.528403533,0.2145012278149396
9.710011920328329,249.8301069703262,1027.063794200234,46.74219171001742,2.30409180372301,1668.898814190555,1.855134128978512,1.219618149733619,1388.987518456764,1.763799848558215,0.1384704753183579,0.971020055,0.2174455093474049
9.85118423790765,243.0015625705732,1032.417895033629,46.37095353686306,2.292220083454328,1664.064196965196,1.22078102268383,1.221341951555654,1333.616167182086,1.546324906943928,0.141871831250723,1.448561674,0.2092327465014703
9.851875244608458,238.9925187408137,1037.577504550229,46.0625710997736,2.323234417084489,1664.131545861164,0.9294126295416948,1.223264307550998,1324.448950845089,1.680527939362407,0.1356222806690036,0.658849097,0.2025414463938881
8.938560720177726,226.8409837096401,1025.089393647079,44.19883783080912,2.533214462268774,1630.548821514841,0.9942529050340332,1.10370771918858,1589.736450257759,8.325879953824284,0.1479913901607436,1.987250501,0.1949213206680165
9.397433207392316,244.7269418267983,1030.833490818215,45.47266902679328,2.422981027195805,1668.012332548153,1.620119620413318,1.178223632765414,1459.400807619597,2.250454655719217,0.1410491789877938,0.411500479,0.2081499467847216
9.058383434124368,221.9147375944759,1030.572955166134,43.73024479615229,2.506446573569312,1641.60384136972,0.7824951868073606,1.147685313157786,1565.035830096427,6.922873441109777,0.1357571937590302,0.603122875,0.1899834587519957
9.535638455092162,246.2030063762984,1033.332663099303,45.58311745170237,2.379941324367669,1666.054464351316,1.783750303539004,1.202910723061172,1411.14428732849,1.559484921637931,0.1477128028712427,1.356063798,0.2098878165545653
9.46921236209958,293.3376366982982,1017.9937572034,47.86935211262963,2.403034098101502,1666.217861698826,3.393463877183544,1.186079213609168,1432.066205505678,1.630276862247265,0.1348271080455808,0.57565666,0.2539077193830286
9.6484664539566,207.6876077910472,1062.121409980289,42.80970921868698,2.44588677330094,1672.19620708681,0.6221219623233667,1.223560629854691,1366.314847016667,1.913165257453705,0.146833268588878,1.045935638,0.1697571551871672
9.768991385359453,207.2945944748509,1068.437722710204,42.87960210892217,2.443900342558568,1677.965222337615,0.5936986691375753,1.245890116780307,1343.287110180509,1.326063935798359,0.1400166224698264,0.597828235,0.1690099004119378
8.897693743233113,425.0535332533328,1000.845034555605,46.78015497983469,2.503331480744917,1602.934881214845,9.835664905257412,0.9764515408306078,1486.299809334496,5.106340202230989,0.2080699580597013,0.377219846,0.3588825607006837
9.818194468409336,228.7529836392931,1061.024640749338,44.37222502881121,2.411511473854297,1667.187289024931,0.8203302141774086,1.252897114619158,1316.68197489269,1.88690732759362,0.1446036597597647,0.265081973,0.1878267329056649
8.961710258352412,321.097675375475,1011.159342686927,48.05989746051026,2.522961303441495,1652.256021649716,5.282258025084916,1.089495345393902,1550.523365432935,0.4560419857553238,0.1667910861434555,0.900167523,0.2764385704195143
9.879011479976016,229.3230231759662,1064.551820426859,44.49667386527211,2.425878961130054,1660.033085253551,0.8215111797720573,1.269238848665105,1289.867619446163,1.643162253659891,0.1502713852183106,0.581629636,0.1874323645350784
9.872967350345442,228.6219945094957,1065.034073680628,44.43448842605619,2.430157321007982,1660.722465795215,0.806574303045873,1.275510027339953,1298.995505839268,1.575387804125601,0.1500673993188712,1.080505685,0.1865524997143316
9.683756267220524,270.6652611297558,1034.291998970582,46.17947482210665,2.364646976828097,1664.859066941951,2.684067292849855,1.222316859613509,1368.549433458513,1.600317850041293,0.1528322018468201,1.833788715,0.2315344947699459
9.71112761424823,241.683274655587,1055.208438046168,44.7472736518905,2.42487936456995,1660.913652224854,1.863586439274769,1.256111655179647,1338.820579942358,1.246851214734437,0.1403182091676394,0.292272586,0.2006552616479515
9.51223577917114,288.5541831125181,1017.255410587745,46.01239915079178,2.365443703713374,1660.764273780434,2.910273908388912,1.158092636455709,1415.765316922457,1.475019490752709,0.1593186857695845,1.268184049,0.2500348748459241
9.498008177790586,290.2717360527631,1015.234043497153,45.85892344901605,2.361091911948262,1660.644242783074,2.964140997297045,1.151914605023964,1419.558119288031,1.308159626323295,0.160118719957559,0.431547857,0.2516365735039597
9.509957119669982,287.8103254179928,1016.56457173678,45.74981979654729,2.361984430296109,1663.995506367254,2.867704992161419,1.16260112547096,1406.891594699236,1.28503407929146,0.1594195436932732,0.877852028,0.2541823469455337
9.524512943663549,293.4023004244768,1015.692628054485,45.98244426490377,2.348490400927726,1656.868356382312,3.065990532392246,1.155419224777276,1402.390746105285,1.250800814825194,0.1634923658008246,0.363245451,0.2572274039962329
9.61871449209485,268.5036302759726,1031.31308092471,45.53679639043873,2.368824695767529,1668.533645626901,2.55205957726512,1.183832306778459,1357.98510736156,1.478335056137038,0.1613938142773922,0.294248203,0.2270570839517114
9.486646525607147,292.1445833079337,1015.411333066608,45.66456042529622,2.359239159690147,1659.26802996202,3.087048824954528,1.144710987176915,1418.676536817382,1.116001871892902,0.1622108244476696,0.725260224,0.256212533079839
9.542036868897506,279.4078858733717,1025.167918641189,45.51851965813261,2.376818716213148,1665.821103570497,2.707981774915292,1.17322546801865,1395.718409711116,1.368268440234955,0.1503813448616393,1.598430355,0.2414748514457471
9.496445544825429,292.1967222878212,1017.404368589674,45.70056539381824,2.360725650131012,1658.889069136271,3.088943346752172,1.151661640150571,1413.585175477519,1.012279677217693,0.1576852981050309,0.849238643,0.2562182825023252
8.970070419381155,428.190858944446,1016.284248559262,44.54875352407132,2.512918901405004,1614.607592986714,9.293944113063487,0.9993809070101228,1474.886941033251,2.719893518271386,0.2193426368826626,1.909000552,0.3492905832856651
9.548709394577926,302.3817010692517,1016.245720579458,46.12748887744168,2.349938394272472,1659.616115412435,3.222530927665158,1.174131762208977,1377.915351040256,1.306384568788489,0.166980869553439,0.499113372,0.2608079445733291
9.797578780427672,263.7382199807812,1030.652322280141,45.20154210866407,2.301329070114446,1665.106504053793,2.556368213533236,1.234592581325278,1292.178598914973,1.262182845125101,0.1490353841317603,0.577477451,0.2234203049605804
9.35504064719711,380.7992226550878,1017.866527621102,46.10658691755545,2.425840999413185,1620.321928809298,7.797632345341838,1.062321319221853,1399.914962065945,0.453575953134813,0.1921217395447736,0.705544217,0.3178731064119206
9.362002534685164,376.7840211402525,1019.896500543138,46.04822735259723,2.422962089617001,1616.62757029404,7.563492538970239,1.064676683151909,1394.772733769999,0.331917903613369,0.2106555394915303,1.058922367,0.3141520943229426
9.374953269979052,353.3893531705073,1033.746009130665,46.26598946595896,2.444933416248681,1625.145352853868,6.654333336704632,1.078084781410555,1395.123876231822,0.2828991342665655,0.2018788399774549,0.630597766,0.2986328190410751
9.35536680354795,368.6982886790129,1025.532371359303,46.07247785053474,2.434138603270098,1617.437504858701,7.202402068401737,1.067896771381832,1400.182850008687,0.6266474467212745,0.1978194427775274,0.701987414,0.3058850922361247
9.66669063971433,239.3107588877062,1056.89843924513,44.25767377272084,2.462448742735071,1657.522316063696,1.763876507485827,1.258501628354638,1347.349985495119,1.661319262860638,0.1463170264171447,0.591387997,0.1957575194288564
9.206134518918615,298.3766697035707,1032.568228337968,46.31701292970576,2.527535890693859,1663.276214840112,3.566910877469672,1.148881034660738,1470.002993449865,1.403207785851896,0.1571322352155948,0.276760329,0.2513013252379072
9.372393931816871,353.0030737792525,1034.978883205096,46.16107888146384,2.448239811615672,1623.773052401628,6.569857170112206,1.072933905481483,1395.304347649701,0.4169958535333927,0.2084942522924455,2.33261954,0.2941833202116431
9.353501831059816,378.0091276497743,1019.189165920199,45.93712676570476,2.414735494224799,1615.347422853945,7.581951959277657,1.06359560715284,1393.329846628978,0.2867637020307066,0.2177426500554045,1.487552086,0.3168835635046745
9.35797056422454,374.5227483772413,1021.392906594216,45.93683682422269,2.418742190275456,1613.523878232604,7.43375178537766,1.064405026904226,1393.106207666127,0.329794048853863,0.1964404167388201,0.882468144,0.31500342832169
9.628701745952066,255.4872342312481,1047.284824579209,44.88819559954302,2.419221988640752,1671.307721433161,2.260333174555455,1.245007293215706,1357.076716987096,1.833912745975609,0.1429970200579077,0.810799637,0.2129760300628012
9.344485379734056,375.5458597212192,1021.034476575291,45.87239486229145,2.412559450483057,1614.63851182597,7.489586939615365,1.064410301190653,1392.376266850172,0.2817320083257643,0.2142594504499508,0.563202538,0.3158120119072995
9.57424892295048,231.7087357331339,1067.669617867344,43.54625473915698,2.526291574248511,1664.03524624932,1.172099256094219,1.27228033036984,1359.125427895851,1.61448241859274,0.1478013612535904,1.007805955,0.1874495307121021
9.524479305446514,233.9704859373592,1062.754750871994,43.64207697590341,2.519159001335478,1663.005816272837,1.351790502925166,1.251466451826393,1378.004681640761,1.583105537807597,0.1493815761978224,0.747138056,0.1905300749535763
9.52728708376006,273.8049517517778,1039.794763675199,44.90965680526188,2.428352718190466,1666.396882465271,2.57733238433786,1.216015296919672,1388.286100992074,1.825288746543104,0.1502528513347415,0.295617636,0.2291080316663381
9.598378373734446,228.7170867722634,1071.879406138253,43.41436596852887,2.537731621988718,1665.131159520758,0.8532089286359976,1.277269855222068,1351.125469468209,1.696446893436844,0.1370827667948985,1.635442418,0.184852370783284
9.648195702981472,256.9082903294821,1055.995193219373,44.49393542546722,2.43594084946851,1677.776962887876,2.301352456904074,1.235134725519392,1348.849559233208,1.509569160366558,0.1407825024647046,0.350260421,0.2136984641683957
9.574283227785402,230.7982525047309,1068.109728457518,43.44136026586806,2.520857144739512,1663.800314852911,1.118956898899651,1.263977460118824,1355.092315105,1.589070266256046,0.1463564513850717,0.82464339,0.1885355525789879
9.672291774562725,254.8686051448655,1057.973868159996,44.38181150235168,2.434308487863024,1677.765434289228,2.231517850821498,1.240685170089544,1342.232563857677,1.544570166348788,0.1419027669501867,0.389705233,0.2118270755291028
9.491072059754156,325.9366715018332,1051.490853493228,45.67848758472723,2.459378723000866,1618.805670358193,4.970060299083109,1.120735223959534,1353.366713129813,1.090550943290241,0.1897878221265643,0.42625592,0.2642311901891112
9.961006621299424,209.5190661588316,1073.284643372722,42.0508576210293,2.382522536504171,1667.228945134517,0.6001509064812477,1.338989668079948,1239.920787334243,1.412977744578199,0.128188215471501,0.557505585,0.1633549802286118
10.02034612515041,212.1472476805449,1068.032062796359,42.16010959217714,2.344303174518028,1664.131281057687,0.661071853747625,1.323407946712142,1227.956534599793,1.21029284709487,0.1384822588753068,0.568096851,0.1695516310347149
9.441617713432104,339.4247518920598,1043.597316217715,45.31510967224822,2.442458616935932,1616.733847324298,5.798324567702196,1.098514026517885,1350.683151810914,0.2361328133365483,0.2059727689791741,0.56927599,0.2796280401511186
9.515129968052138,225.2917478972228,1074.247012061635,43.02300697530227,2.56603586808018,1669.342402391273,0.7678205029435765,1.240862715855385,1381.058372866286,2.43408074946311,0.1311056190865684,0.276274426,0.1820688623168252
9.650925364501015,284.6411635696666,1039.054685127364,44.74774246852875,2.392607175831473,1661.805413824446,2.693278723340698,1.242829642770876,1330.184736238595,1.080031344646355,0.1598702432445465,0.776628736,0.2382253727868275
9.440764992711523,337.6169476970596,1045.795025135774,45.23767466999143,2.446802371102605,1618.257952753521,5.698152360354448,1.102685523798621,1348.086227797213,0.2498890446964656,0.1989130061602264,0.380117481,0.2749697168689584
9.343022274693912,346.0456136107879,1046.354412559556,45.11549974171582,2.4776390263023,1619.359791701969,6.117848675395135,1.098745251586001,1370.400151007478,0.3661927674045676,0.1845241432924156,0.48061743,0.2807034098096737
9.332828670109986,411.243845581166,1048.653339558526,43.66811158020447,2.474642630340024,1620.846985905189,7.866651653192488,1.062771923164543,1341.441788810217,0.5760417397349114,0.1950742107720892,1.968703849,0.3227599762376612
9.665874236354624,284.124508301409,1039.163150541368,44.64754361648361,2.387091011171944,1662.453150526823,2.669177267117839,1.252582892383478,1321.724170998544,1.025198424919508,0.1436019590193801,0.46220987,0.2375012570301218
9.44465693958267,336.1242899113178,1047.746722534534,45.11718678619898,2.450203056690559,1620.570691466998,5.588405795649981,1.11091335252834,1344.279910695594,0.2566570632822911,0.1896339817274553,1.050470089,0.2730862394397153
9.758669828035458,252.3541565889018,1064.981993325112,44.08011006790223,2.454278318093732,1661.922290035942,2.078745642640116,1.27553183878474,1294.41278887241,1.49321461319514,0.1469708677615759,0.648812633,0.2057528709034005
9.48834662219334,331.4299115407846,1051.468383071245,44.26569069639571,2.443010959827264,1628.85826088091,5.191523237340642,1.147361697408514,1325.930921988109,0.2584324555144955,0.1910125247356992,0.924810913,0.2679792414073534
9.917087038447686,232.8213778701647,1074.122767580967,43.15848530690705,2.434121096751027,1660.951745519602,1.173605933203634,1.290611681647071,1236.449528642929,1.57871355439005,0.1554660045458429,3.53928441,0.1865513233982574
9.914403406342224,234.4946586902301,1082.016745258626,43.17962276353595,2.478867964475864,1652.513770998743,1.278500400624148,1.282155445319738,1231.540478367724,1.867340886303456,0.1613712919166599,0.59705994,0.1871030652579143
9.42453466957272,336.3743399303752,1053.187024956914,43.88730534462886,2.458544770719878,1627.144004363866,5.373646191991767,1.13112809294254,1330.795349588721,0.3568148099423208,0.2110431407207975,0.84362479,0.2730419173876359
9.395174170301622,337.0125094011789,1052.793991978123,43.84567928888796,2.458378800052957,1629.052173497148,5.390528487981774,1.134407497303129,1335.486867316201,0.6689939529489446,0.2077460724763215,0.527864269,0.2734889123820537
9.16173288551616,316.0544448084331,1039.458211688248,44.18532193830985,2.513991548248394,1632.172712754042,4.889819367935512,1.095997625679859,1440.926667248959,0.9382077487000277,0.2026210719596881,0.935746984,0.264781632170393
9.433587773660893,335.1495152716556,1054.548266059981,43.79178928876178,2.46489188070804,1627.141628736264,5.269459649995547,1.143317497081364,1327.489528896402,0.394177929189652,0.1784998219442818,0.806308691,0.2683950785656919
9.37939131113215,337.8652464898739,1052.841744979429,43.75092013153389,2.458979330910905,1631.792489968218,5.407893648735898,1.147070092194869,1336.544462740171,0.8010212040141694,0.1675868749177663,0.366004122,0.2707725124387308
9.886382501847953,235.1649640845353,1080.99623177832,43.05007187630273,2.478114767937521,1653.376059005105,1.446086722508078,1.296913664731383,1246.07338247807,1.71393574564608,0.1467174271320104,0.990930776,0.1885339059406488
9.507755222390204,289.4026760820464,1027.444936733468,43.65732489300465,2.362557301343874,1657.204417384978,2.798781542128446,1.210693771666101,1361.499027978139,1.15686853834207,0.1580415191841721,0.752944046,0.2490164327695565
9.431157074187722,333.1262813022741,1055.253428307338,43.72133634253064,2.48704074536647,1629.797440661676,5.106005241512768,1.14649608999961,1331.514837991126,0.7151206742907191,0.1768625969830557,0.779292501,0.2662503956954067
9.384838251997952,338.5988251901215,1052.492235298289,43.69651802963993,2.459702961101018,1632.28730157418,5.435465557694989,1.156416924946813,1330.253709021981,0.5436750519336626,0.179742996797434,0.624003022,0.2698727967369839
9.422749939882138,333.5500606022474,1053.785636536166,43.68752682110368,2.490798725266592,1632.725570012651,5.089256370195327,1.150925663888658,1335.109461460814,0.8475708706260799,0.1596350415363683,1.461233691,0.267461697989903
9.278645570773428,282.7172542372945,1048.834088721557,44.00150510642197,2.505572077019682,1647.955056718021,2.886107564690889,1.14929195434928,1416.888221703451,1.191503382937129,0.1724401346572508,1.530909581,0.2341677093075744
9.40115726242144,264.1326176925963,1053.47486801113,43.42277348449526,2.501631853082356,1665.088924156317,2.427803939971062,1.186632863052524,1395.669675288184,1.013207520963889,0.1467460739827464,0.55953518,0.2148305809121613
9.348369080630036,344.5326687216747,1048.551834915917,43.63564715562953,2.460890134034301,1637.621164770434,5.822397803091499,1.148585545382936,1332.889455102734,0.7068353198206531,0.1850566927439951,1.741874674,0.2721903301615069
9.96451414682365,229.5951911947646,1081.957432802874,42.79803289552956,2.44589727908304,1657.369475317545,0.9317464923314532,1.309093428549108,1209.515297641053,1.593048349145978,0.149935512214518,0.398011406,0.1835095282321022
9.27774498128024,271.5944862147105,1043.165275458906,43.01434048411674,2.494152007423631,1678.070168304756,2.696728069044374,1.170696406496132,1428.480395170264,0.967435926579086,0.137955338917677,0.716696565,0.2281463790840356
9.300059636555602,333.8550096260398,1035.282134908423,43.44395796285503,2.444919046899936,1637.758503724706,4.885765806071737,1.102793140655129,1394.590513183625,1.514001999781163,0.178395903976753,0.528453907,0.2789897555818134
9.012930530572955,267.8546291339553,1043.497190811856,42.68490533658107,2.570757100592755,1687.746233884447,2.734269918253202,1.120934451182175,1517.079188458085,2.106084371451756,0.1449586571659661,0.68490328,0.2268083034656258
9.015400806339414,263.0194644078685,1053.844894203037,42.54649124655189,2.593263062988994,1676.521232481235,2.525302618377711,1.14212200845207,1524.423889901866,2.088883941765832,0.155279987419899,1.064420073,0.2179321292468878
9.214424873502669,280.9434007088173,1042.389806500437,42.77691633916382,2.497559341912507,1672.202413039039,2.947587425240713,1.163277539415821,1437.453817582956,1.328274788163449,0.1550568222685613,4.280077902,0.2404255397421401
8.98734462551117,291.9116804427949,1051.576506435846,43.36296943311347,2.601992530585523,1670.619017635792,3.344868177685593,1.127917403105374,1465.656128981948,1.15560517321641,0.1483928997860832,0.625373783,0.2416499056108379
8.958080095920364,292.7379124334707,1050.527570286684,43.39162800174098,2.604227955338061,1669.818642751018,3.359825135713982,1.126406768987037,1473.043133297695,1.210814490385994,0.1669370315668672,1.526575962,0.2423574147677476
9.751100406493563,197.7027198574344,1109.961625978388,40.19916323030839,2.559978233283977,1685.046964458693,0.4865742090401171,1.296236942378738,1280.01357774117,1.343455983452791,0.1286096234233762,0.281602788,0.151736241036552
9.784011499774632,197.4470385568221,1109.608442094994,40.23203115139015,2.550145800412589,1682.865656387278,0.4868984954912528,1.293082382686475,1270.779102836257,1.159512159897589,0.1296036925026789,0.81066797,0.1520247593457002
9.31132963608356,261.7991211540813,1064.189733369985,42.37680249833458,2.533403812930852,1672.193190529308,2.425394913386361,1.200943789710119,1390.229636965589,1.208159909802436,0.1431756502265214,8.877535493,0.2124745646879641
9.135907961545842,270.6735861532968,1066.314865772002,42.78410390270224,2.584624962974042,1665.852053513516,2.65706587286607,1.154695858022162,1430.40144751613,0.7551789382490914,0.1448701845974504,0.831259151,0.2205863080067956
9.097445820898352,272.6525607040627,1064.817752666987,42.89880410798494,2.590269670908878,1660.812704707799,2.784700428512695,1.14749861072572,1431.318693502053,0.7062151061395974,0.1449763577661332,1.95594695,0.2251635406293325
9.11031659443888,274.2465293227947,1062.47246941277,42.92539889767362,2.580699038223116,1662.467758257349,2.800214600665949,1.145665256079648,1428.162431249825,0.5477556819588458,0.1528200133220699,2.889226055,0.2294970874635483
9.13691468363903,268.2812120672389,1068.554834039329,42.70417390408062,2.588608963618579,1663.333019538528,2.62617994034878,1.175513334387888,1418.166801995514,0.9355755179205788,0.1478231225291163,1.309041031,0.2171279713745804
9.078135750240552,269.8306774198669,1068.95711505869,42.82417343921952,2.610661430033632,1654.146900428605,2.763789058133275,1.157231178186578,1421.016735438074,0.8992921230418149,0.1618937741111156,2.174999887,0.2205824332885649
9.131569674006885,266.1245712135185,1070.345975801271,42.6413280278273,2.595787404623357,1658.607611581388,2.620585923622981,1.18568147528565,1408.608565608421,1.090005070076008,0.165243364829903,0.97264562,0.2143237597807767
9.023623543609038,270.1365563249794,1071.206133016746,42.79608632111841,2.644410312707963,1639.898734990294,2.818441531678917,1.147232445199152,1430.91475042185,0.8220827972990747,0.1799746317018055,0.449491441,0.2168023517505762
9.153055027061844,264.0594456458188,1069.679856888528,42.51168099604013,2.58136254105785,1657.2613730132,2.59136816415499,1.179001188204144,1405.907824347866,1.113703198645443,0.1582908581905437,1.613523307,0.2132214602855343
9.335764735872354,252.8500037011908,1075.048683909444,42.0960450825018,2.553981890806903,1663.06110648576,2.101159073041737,1.225862919197712,1375.289254541873,1.563599675044512,0.1588504584177801,5.415068218,0.204126844674815
9.282026120119262,250.9057607707084,1077.227062503011,41.90564664257621,2.58155752499884,1659.736361325626,1.99276965484686,1.203559432793478,1398.346310813383,1.585612556669465,0.1714350867445535,1.258474202,0.2018500046689683
9.332237401726248,246.4914359793166,1082.597988957957,41.19387835255751,2.552307581047638,1662.719048229976,1.587858862414716,1.20730184968121,1347.568430798732,0.9989615148125062,0.1597151374379017,3.289628903,0.1964812390403526
8.880305239050077,289.4551393228685,1039.896477226959,41.68287079673316,2.541087329888168,1669.878855012762,3.085645686282715,1.102195720918207,1450.112929503802,0.6114223185925843,0.1735423359286792,0.656043868,0.2401253536661484
9.661580588253225,187.2102451622136,1119.799919788947,38.75432132280912,2.591015029553209,1684.739593734349,0.5495887519683884,1.337598277228011,1226.602982427635,1.322714122739327,0.1398402874624205,1.75890284,0.1421217175334357
9.66833922723299,211.8861381913618,1112.270190801606,39.2250130717437,2.576443003541078,1658.524843998254,0.4822055531979199,1.268222066933458,1225.652348818252,0.6530669923525712,0.1547956174259173,1.319093297,0.1636722494138391
9.514580981598384,208.9303776596994,1120.696151735845,38.88155782225831,2.650252586195304,1665.70741622494,0.5343854444974764,1.260540827170297,1242.638688648954,0.8447580743351931,0.1514864369744962,1.762680693,0.161030211420509
9.554318514766775,206.9929038596403,1122.969954104222,38.7783363406675,2.645411167804645,1661.228463660287,0.5362768399875452,1.301864864475095,1217.806596887474,1.485455928159237,0.1532165501707208,7.853611283,0.1590395078891154
9.211523259446508,190.9272578590504,1143.927629483033,36.90895831411038,2.767581053511047,1707.149124473902,0.8545733860311997,1.246944706540277,1359.997697328442,1.620453563764166,0.1328231868768462,0.682458,0.1394167469946212
9.671117053657468,203.5758171719316,1123.991001445313,38.78529298406856,2.608249664769317,1663.332075648612,0.5300306282739884,1.31681715344462,1154.708107517665,1.959850168254849,0.1521397790703928,0.959446825,0.157628893205581
9.591655218352257,202.6147833853041,1128.779667314869,38.53121783496054,2.649533170109615,1665.536797116498,0.4960671689456801,1.30387642654778,1176.413862910887,2.113811606286415,0.1496936704481603,2.883490924,0.1544356199927526
8.62685865986327,278.3608456958576,1091.825229471744,39.54657511217729,2.681420562907553,1671.505935737812,1.691563924982417,1.124088870365912,1349.02329317142,0.3656518586481743,0.1636952837657957,0.346484856,0.2171709796112226
8.140372336829708,209.7766247992953,1123.663257953284,36.69476061553382,3.027722315041033,1697.366570468427,0.9854343736444544,1.137644630588419,1668.730410676125,1.7548060895405,0.1366308514794532,0.72170055,0.1529313944516829
8.957972579887532,191.0559055939117,1175.244769229048,34.44808988378816,2.957347571301987,1718.480654179145,1.062862063725304,1.234334010253829,1478.106995780031,1.295816555718137,0.1399013175465614,2.344562749,0.1314503213578801
8.539549460917794,306.8374953716476,1073.56684857277,38.14486556938663,2.707337225430511,1666.9089388115,2.027954173697367,1.108294268949212,1391.439496436393,1.093454268609111,0.1726479906074806,0.409176371,0.2380467356551143
8.29807972694161,192.93908717102,1144.736869899626,33.42816651539647,3.09256220185267,1678.013702544145,0.928761543453412,1.172840648740458,1607.9619026337,1.595426579340348,0.1471927193166541,0.569741083,0.1360529665145448
9.277325368866665,182.026945686399,1145.464283035595,36.05558580173008,2.736704715001713,1671.365359204508,0.4540805930076698,1.300957165537744,1146.395196099479,3.062754892675209,0.1260926572358431,0.484815252,0.136516939664499
8.272116246123984,192.6482572308304,1142.816707571826,33.36122508960531,3.100367476801531,1679.813384668937,0.9200063468788512,1.174039909824583,1610.034996680154,1.779672953968829,0.1435242933018779,1.469903363,0.1363343655014796
9.49786380439098,203.4749717063985,1138.087354079739,36.77794052355021,2.693251136295043,1669.158452550743,0.934613848785564,1.240108829812592,1104.763977504861,0.73266321632257,0.1596188290535958,0.664059998,0.1574772437789667
7.993420385960702,192.9781443370188,1127.311584243266,33.31630258571703,3.167229139106533,1685.89027542027,0.9012545471856924,1.151189375928511,1647.150232388622,2.084535958102656,0.13889607670361,1.036008713,0.138637867907978
9.00020951327871,183.1592321880357,1142.39616916858,35.99439721398559,2.798889265085241,1652.297314747997,0.4795176746697593,1.275636483563649,1205.339592276072,6.657322491571561,0.1296301811677458,0.62674477,0.1348586626810205
9.290163542304327,192.771426593069,1141.226357258483,36.53894813445146,2.735883181028387,1693.180793706237,0.707437079374873,1.340676202492898,1152.677503200864,1.06230501169493,0.1226682892535652,0.455497844,0.1439584933975639
8.910371404464604,182.4174724850238,1141.274293224078,35.97101442835478,2.827101424480825,1652.963739614033,0.5066804662036223,1.2716114817342,1228.161282442105,7.048968212336155,0.1274221204657482,2.114430619,0.1341723177700471
9.155210021257089,181.4835758966803,1156.825562602671,36.05706401821893,2.783679882314799,1675.32719040268,0.5359889230149032,1.299744807470909,1191.487092092626,2.753521598898149,0.1187922556325624,0.732802535,0.1319806966280175
9.272839793432022,169.7832923191971,1169.665054641069,35.60031869802829,2.810028862677056,1672.505606671417,0.4456253714352223,1.354677387158221,1160.054084041023,1.135557348988563,0.128227086062661,0.45816335,0.1222474611693312
14.91143628710115,716.1303785400137,1156.372345103796,50.90065672962043,2.234764310015258,1361.653586704939,14.41527263464531,1.294257441445031,547.8068744596721,7.032178210409079,0.3911935147511572,0.358307746,0.5940356872684008
15.21569584440212,708.3123923713121,1152.840014954342,52.49093494836637,2.254730188739422,1337.692180806434,21.32631293849774,1.373835090789504,363.1175515734313,7.207478796203882,0.3945446847612185,0.488595042,0.5857116453503378
13.82050140160578,617.0970708875153,1107.914475354747,49.53052423007706,2.220353924437989,1360.612812017452,20.76521638147259,1.258441767068537,666.8352699628115,6.406503761828842,0.4258092193236508,0.432312241,0.5191537756916816
12.97409164539903,618.791358375207,1084.628090491048,47.89969911804378,2.280863376101252,1442.477094246033,11.4357702384494,1.112804633699661,969.1157035157552,10.11537335424219,0.4210022207222126,0.415462959,0.5257077427748993
11.50083917793212,638.909191196978,1041.466719896579,48.06447173685882,2.401671320592099,1453.041612497736,24.30118948322368,1.034242741927537,1012.777093810491,4.908420293363631,0.3939024994141822,0.339583755,0.5566308373846957
13.98277648252255,593.2199393629638,1117.773303598155,49.50095426874127,2.121083433154168,1374.649189437464,23.06471463924814,1.283339252546989,449.0583390483229,6.025342246815272,0.3876480593289066,0.606843967,0.4947449776123269
8.2667048699372,364.0467847195666,1017.316264093232,44.41030316955102,2.732695330278252,1608.906343007749,1.936674585537056,1.010040351923037,1004.588761902451,0.1265710560397456,0.1903776293494694,1.147489321,0.3217151970218335
7.600564630573435,376.1451092665432,994.8874647123556,43.45906758508441,2.965494554825536,1594.327862977288,2.918536288605952,0.8925643501716657,1221.935810589697,5.601625803335209,0.2545409469238178,1.049326328,0.3423820383262028
7.106912256688106,379.6185620886473,973.2242333355692,43.41079755930112,3.071169879202188,1591.255772341141,3.599518793102952,0.7859065561276241,1370.088829713901,7.879877997454344,0.2609655110029972,0.409604513,0.3580232451100194
5.249203015917714,404.4401570995989,902.6987798035088,45.74820771799352,3.23360066756443,1627.665627878721,3.35529736756526,0.7729474948511845,1497.986684106617,2.629330648283034,0.3249999833136123,0.384460142,0.3836129920456772
7.203185254192803,370.9636161893062,989.8622624004432,42.46283835726594,3.010998973998754,1603.264129339991,2.26315954476033,0.8156437891846127,1316.304059553179,7.224541719059968,0.2654987067907892,0.64347859,0.3341118156861265
7.843327884997413,357.3017739842246,1021.563882311263,41.93723208910712,2.869730805916505,1605.185468632553,2.055881290539926,0.972222042347378,1136.554985454017,4.084371788557912,0.2015846420904785,0.343979004,0.3094810108515997
5.333075395148097,391.4737299913371,905.6088286924472,45.32278493954419,3.247203452542909,1621.767823944617,2.940020738932055,0.7570219762102651,1526.516185897631,3.365602865591178,0.2835019714124598,0.836090489,0.3734224621540176
6.239812811696063,381.285170696203,946.4607305566632,43.42736234249987,3.14966387877967,1616.622341309569,2.874123238264743,0.7894354566138002,1452.020708257323,4.503714268359596,0.246687592903497,0.416813969,0.34947936855051
6.615257705585388,377.8700129959374,961.3710328256956,42.77609466926948,3.112424373207098,1611.449741513343,2.793171874428118,0.7799336117035587,1444.255307013663,5.020019320561519,0.2444569015756168,1.00119679,0.3473208452320853
6.578125763445504,375.9272531981714,966.2466021830523,43.19092751390513,3.074161046647235,1611.383224817077,2.811267486669936,0.833960810770366,1374.859835558831,3.535013527257888,0.2659361719859243,0.776507878,0.342458171965093
7.625711171241772,357.390923533738,1018.567520304162,41.10128171544196,2.9352182598457,1611.034280869589,2.237157305739403,0.8729055981463412,1267.252091385036,4.727872087481544,0.2137298000086278,0.603345598,0.3138463144847465
7.276042721290708,367.9169558218919,1003.975414434474,41.76561595994441,3.005331829752942,1609.034551717042,2.334582745293786,0.8651406684775694,1302.881043207174,4.061017054202114,0.237675606816803,0.512947001,0.3231963330748748
7.661825737751029,356.9046184380898,1020.080382059203,41.00768633783473,2.928372399003657,1610.609055247255,2.238886438656753,0.8627683281381349,1270.819328994651,4.836119203513531,0.2261869714124189,0.324804214,0.3143289720276392
7.315153339788432,362.6616494377396,1004.966301191312,41.63089104380164,2.995632971210746,1614.720066993986,2.269497079464955,0.8535833509705597,1310.85934181932,2.895518630944372,0.251348590860273,0.545931005,0.3234231484203625
7.675059238017646,355.5006091975288,1020.560326633052,40.98002670460355,2.894251343890072,1609.313234446329,2.23867228670908,0.9103220914803148,1205.480643046264,3.97021357774015,0.233007936883175,0.368527809,0.3103713892471523
6.574929352431089,359.7072315297451,956.8611670863088,42.88062657357696,3.113774666276637,1618.771871849574,3.195308135624594,0.8176648782724101,1353.053227407874,5.567067119374439,0.240595034144858,1.281085368,0.3249881271061671
6.490932778783529,368.5070910281659,972.668769765828,42.16449454863105,3.108496212073497,1625.663447569273,2.866135944595747,0.8804066887054627,1346.837068582346,1.977074261136252,0.23494551028222,0.653134617,0.3274141804277153
5.871459728544754,354.1577970088487,937.5743673902634,43.79392044805439,3.171988629787007,1593.785010519223,3.207620081203182,0.8509751014012684,1334.388834260784,2.346314514062115,0.2800078366178825,0.83801934,0.319459990321039
4.274261799238198,394.781344339432,916.7237620414476,44.76251668217918,3.471673403662134,1612.803190115621,2.848052652302521,0.6933338454771615,1426.011367554463,0.3053783097610366,0.2900731574997109,0.305172455,0.3721857650939146
4.248337144657437,389.9168720912397,920.5601309679234,44.89942803384677,3.466839952789352,1616.579818847607,2.751950043824189,0.6967311165706405,1424.40549684744,1.764135673374029,0.2784361074010771,0.447476591,0.3673889711455593
8.125437525798201,437.525401552107,846.1253540959216,49.18922179159071,1.7838191296868,1566.170447515882,7.683791717301664,0.9057749096173848,1859.962087666233,9.011858943407848,0.2664684497170518,0.719508197,0.4107546403686894
7.965859318563503,443.2319679033313,838.0945207982189,48.94173499522815,1.78113484762209,1569.64472566259,8.103324627547643,0.8657351112698797,1934.50263289559,10.13342735495541,0.2635578584990594,0.442818668,0.4219223710774319
3.040766060998723,371.9878203461809,847.9337415297321,51.7727656078244,3.339138623731344,1579.727938966594,3.044687599583821,0.597120022926613,1306.770743927316,1.73923385061456,0.3115091847846483,0.571115001,0.4198029252131776
2.871108998833974,374.2104754629639,843.1031124636621,52.10310010247517,3.352248120006546,1582.165899987068,3.076574679055691,0.5913954685464607,1323.605319540187,0.9014016271022198,0.3195747224682539,0.462785896,0.4244313275027335
3.000765794044078,368.2070746774234,849.5986862492637,51.65554680340127,3.346451009062629,1579.481029390091,3.030316422384439,0.5864950216021089,1317.960399581827,2.608483163241173,0.3343185024531703,0.68668543,0.4159789208786765
2.247234638382053,379.8614474338767,830.949228509458,52.65479362244753,3.474912573969519,1579.795209843771,3.788935553018435,0.5079087507464775,1414.996102262841,3.66789334189737,0.348687124197975,0.580103136,0.4363191053869802
2.005067339394501,398.3207273022938,789.1002520240363,51.09532414746032,3.843852964051384,1546.148954013545,4.775682885190529,0.3336466254901951,1677.358080990021,8.104012853302477,0.3637440614120592,0.518237796,0.4824432135498957
4.211052202654874,380.5678691877661,854.7643837414754,44.77772015897246,3.571203679550095,1581.892457369275,3.255316907969832,0.4794451278192865,1466.43285982035,8.924382455412335,0.3454959818008382,0.37189831,0.4162233443834511
5.205125860032778,328.211866155048,955.6671909194426,41.70030362141946,3.483200712901257,1629.864512291841,1.962083110868432,0.7984882122071041,1373.745437963745,1.504794580458573,0.2675758889250413,0.809407152,0.2904055481069204
8.036712614041639,500.759283439163,990.0954477352012,45.97501354921214,2.617717864336031,1570.276955338947,16.6980358017642,0.8905795298981125,1332.237013199039,7.272452314789677,0.3643741946020102,0.3128697,0.4308709611214263
13.91760147186977,512.9323042798579,1103.814469969721,50.33719598917701,2.076164899912351,1396.931884989879,15.84158148141458,1.44862844705726,184.8647348551424,3.008969058800072,0.3327423147935466,0.38005435,0.4362126874447786
13.2102592369956,434.1166541886877,1099.502115148339,47.51011066533955,2.135778797781644,1411.004474492032,4.67919418297923,1.396548084260866,218.1082598490669,4.108877166993831,0.3242843623465611,0.615557078,0.3792439600173574
13.04254549630016,432.7739819688044,1103.673641695083,46.07644728026577,2.261250118100805,1409.429196400049,2.1007353053758,1.278970673413432,262.9341518323343,7.436507509156329,0.3669695445507351,0.885782682,0.391215375505741
13.17515928750455,433.0154382791968,1105.960658305218,46.33976444852458,2.232173461731684,1411.65167201675,2.143352098187377,1.32102717552122,229.4079012980185,6.163282861799142,0.3647794546437505,1.239109362,0.3900965435359313
12.97819197382982,432.3885875705136,1102.594547917497,45.98176154881791,2.27479075303349,1409.643215952617,2.039286656854954,1.265464263763255,281.9528743263179,8.07787486489238,0.3916232987059067,0.395259965,0.3909517552882534
12.18603085805632,398.5200557126789,1084.437620420037,46.51649536540841,2.229521637306689,1425.783823116493,3.971562335384129,1.257759522870359,425.3713046168361,11.73110862542945,0.4009588230058023,0.540087954,0.3523403688066914
12.94494825182565,477.904723537956,1077.15853905539,48.51250657631677,2.118782760975785,1405.445012604609,9.620703159977312,1.310276446982329,358.0201364057551,7.910974519953588,0.3610245875278374,0.369864126,0.4191806690651353
17.40469093179654,1442.915732017615,1123.397014735755,69.04868963836441,2.207078610385484,1318.498673890686,50.22813445661154,1.64700604645187,215.276910119144,9.2321606383527,0.636615961978356,0.36162633,1.376366065410558
17.05703601173138,1195.425028664535,1140.808460273151,70.6496227994181,2.848282943137416,1317.884404736037,34.49682235804181,1.71712979599247,12.65442503223126,1.03811747136512,0.5424338299439687,0.29302992,1.126420711507788
12.70111039441038,428.9179160669625,1090.572454122387,46.94081221483548,2.184063325683169,1398.638116931132,5.1757116866146,1.314910593274502,337.4243088759187,7.526770555031542,0.3795047086108654,0.252679955,0.3784625776303005
9.480456267192,309.9126728525021,989.3783158214502,50.26648237948486,2.076569690289195,1556.29771909202,8.272215048099858,1.026436963434658,952.5603473798144,3.908630324179645,0.1919866222581078,0.387965091,0.2411864735829532
10.7186572650765,253.6257896019142,1056.915409408674,50.79403625400548,2.050036640604512,1537.349299082787,7.022474105885958,1.272419697355897,577.1597048412092,0.2429361910258058,0.1833668122709471,1.238231578,0.1815176706107287
6.521776171246014,336.8011011813911,919.7709650145988,57.28265893323902,2.441659526406477,1468.478604184048,10.15352137028327,0.8621063417062961,1196.232251513226,1.977573901643689,0.1721658086135932,0.498019189,0.2844427554541583
6.231138702083785,346.0868558584767,911.9184163006122,57.15093689691922,2.455291350658104,1455.19866138316,9.484722776550328,0.8027668902026083,1323.089457539432,1.780085057312584,0.1840471235873584,0.601148019,0.2985943806376092
10.5673042337461,265.8826986559673,1060.056200169505,51.1972585558041,2.082550323808523,1531.155286639717,9.48775942318785,1.256891065062168,593.3568912166246,0.4829340871458234,0.1615063857809985,2.686542843,0.1919152429245079
8.525812346418212,272.6275994026295,1006.508447822026,51.03125875150135,2.210215525207236,1478.467161324639,3.529421805528685,0.9206123799580068,1223.438392112574,4.501843144718236,0.215581876306698,0.46858562,0.2284397629486925
8.68516381359881,149.808879276843,1166.383310934705,55.54162971219832,2.424611239030061,1391.847806357328,2.138573300836027,1.345684914527379,328.1281595821895,0.1590851639104646,0.1742721673133634,2.235613801,0.0972141556787435
8.731954485974196,148.663913961691,1170.216674672168,55.41887042372589,2.423793791759335,1392.507286120474,2.125418582650811,1.349076016723934,323.1979480166087,0.1481749782582588,0.1916967683516083,1.49417121,0.0965585510844772
7.740065151076668,179.5312486033674,1113.116946698967,56.9686243506756,2.517002298501922,1429.667739581598,2.738167163832195,1.308963038288054,434.9675316317935,0.1079892640020233,0.1828648543951623,0.799368321,0.1279432166617868
8.079854458059176,176.9612067913349,1137.860308354027,56.05179353362731,2.531797837337097,1435.220204620983,3.055767478602986,1.300496402052042,440.5314066541334,0.1245215766075331,0.221537119786492,0.521631894,0.1240402353506807
8.103713186582135,176.881535502034,1142.270267264363,56.0523341977888,2.528710887248889,1435.231564853236,3.054735739838246,1.316831342638737,438.6687330978984,0.1649927959715683,0.1651670088499604,1.106848424,0.1238875423322024
13.4314623181016,56.91045804327628,1120.148422488332,42.97374788823333,1.492640981250058,1500.966720424234,0.541971758893509,1.392475961938943,1173.524453516267,0.1227615486307186,0.1834330087264045,0.88282506,0.0402883216536773
13.50231014171866,63.26706748696936,1129.59315133042,43.69562055676132,1.489221118342092,1492.760260719746,0.5123888048865687,1.401254135805385,1183.702020495193,0.1189475715979999,0.1850370712622659,0.415125605,0.0418220465358878
7.84293344066737,162.5119221574026,1116.087173475836,57.30273329729303,2.45052014745567,1424.731940167359,1.687726896568598,1.284244684527944,376.6670052578412,0.0991410707979621,0.1660253371575668,0.4786166,0.1119032577208744
8.003254080928325,161.4228531295585,1122.935102248649,56.66941754655675,2.468067825517193,1421.055725946373,1.407585332882079,1.267042519196764,359.4757866581542,0.0930094053269744,0.2155381596449655,0.486476325,0.110796935868899
8.097643599625854,160.7869158293841,1128.736565729474,56.36883962519017,2.46744540837335,1421.339527409424,1.358773108661839,1.267368942221696,358.0186393938682,0.1010461648871009,0.2231050372050623,0.712827758,0.1094411983357271
4.9654962426714,418.0696082071036,845.1043734805988,41.39611347323441,2.814433997480416,1929.8601251389,14.31998104407785,0.6741438741069212,4067.419200777837,18.76960958229511,0.2569192712587141,0.381806931,0.325765525366224
6.397485212821761,386.4611467244901,927.133628965286,43.51966838877642,2.68936091463348,1989.18186443291,6.772038972682729,0.8629336349502549,3771.945874338392,10.82413894619743,0.2084763400250348,0.428581931,0.2960512037064083
5.684757962738608,354.7593400276076,862.6032048469419,45.25817352601416,2.651311644138683,1885.783311645305,5.697215713397711,0.8484254145908954,3751.392168989852,10.65349644055722,0.2030397860941604,0.431427825,0.2814528203241787
2.421982089383628,555.1595810748955,648.7960076910808,37.3642130729627,2.546469556330915,1677.325129935156,33.07008222166135,0.3373185753991645,4154.131808386584,10.43078492573511,0.3901769404123877,0.629499437,0.5840310170284371
3.262191794832769,520.1370370378505,689.9779436856019,53.41158003633443,2.548539927621494,1653.070261125787,26.15339892450631,0.4815792452382447,3032.568889135127,16.13448565087073,0.2654959206681666,1.477645472,0.5331905373588692
6.498763876474,300.0860765073593,805.9483667621635,56.48718608460878,2.357090247494344,1606.937959482215,4.874376011543638,0.850475466949631,2035.935910434276,4.121475911208368,0.1510313524036524,1.857247889,0.306540179028526
6.480816167203209,302.5265269543208,804.9699895107358,56.25505265725356,2.373054592599805,1613.301385210146,4.996315273398053,0.816105123565828,2072.033358491602,5.833559643679835,0.1688001481569388,0.391047497,0.3142782125182899
1.894310112187104,515.2318933668214,611.319307827141,57.87674800893689,2.548309525402339,1670.843723945278,31.14688535953787,0.4040278470129082,3186.130670028759,10.39284838135125,0.3689584894648699,2.312816587,0.5713442160117729
4.798121753286587,433.3075960634886,776.0411642695268,51.88238542802149,2.454717110006647,1689.541239667498,7.002443699641456,0.5801993810833184,2590.043883952118,9.848707227803564,0.2623183893578348,1.534196629,0.4034842213849173
4.776238945200288,431.7339830584625,773.668293809141,51.93886574633913,2.436576338736717,1683.014643584716,7.055758715482881,0.6003467376179844,2536.62497206165,8.78116219804601,0.2599245801650227,1.042148853,0.3941440211681676
8.168097474109834,383.8889452493338,999.2022539195332,42.30074871063425,2.895993929943,1573.05565285165,3.949485783918949,0.8990783369936401,1008.969104624182,6.106515959758397,0.2870155236959661,0.260996494,0.3335009775486972
8.299869485779631,376.5297960954216,1008.033683300971,42.49315204575552,2.82035371572815,1576.159803233408,3.610956923493032,0.9453840667892026,947.8505463751984,5.931554255380975,0.2590915580188352,0.383644715,0.3216099160366935
9.493330946704155,360.463370812356,1056.065107214814,41.52533377684544,2.66294380016341,1576.764756189307,2.765375594061081,1.02684059131802,747.5584684513559,5.885822682614991,0.2608590017493765,0.396768675,0.3002595782311886
2.1774188823667,341.5687498407258,845.2696774737409,44.86382394637792,4.10159636212079,1637.63313362154,4.940733835163558,0.4270637067616369,2018.689895144868,2.39936255732048,0.3255033416459057,0.793388308,0.3499667036634579
2.28729120531661,344.4669937247724,849.8934651143887,44.55416990323558,4.113530869241756,1636.789141109194,4.600390384973869,0.4367517380707681,2012.140479211056,2.485057488222388,0.3405285998351421,0.290561191,0.3499579344902039
4.342857360314802,328.405264930101,930.3447487250168,42.38584595827925,3.589563324408659,1637.553467091731,2.295490989749748,0.6713911802955081,1642.982183156846,4.718185649671815,0.265108718890319,0.389944459,0.3054399079874784
7.26081197904991,311.688869580624,1005.231811982664,44.48338457887117,2.596038584023175,1660.206670869954,2.347715525703715,1.07558909822526,994.6836929107736,0.0741631304520387,0.1794082665477438,0.83847465,0.2710349699725141
4.265522996432859,287.8368347364399,954.1342687189576,43.01355876291922,3.539821076440678,1619.866411061546,1.253672595541772,0.8139419885547527,1323.167791198375,1.07442630261201,0.2071761821718141,0.498692342,0.2742530036625933
4.531170481449362,388.87777286345,933.9638942112382,43.65519489254252,3.495681364949914,1611.045213470983,2.890481864111049,0.7180055244259063,1426.430855661461,0.9847821177634968,0.307537796996817,1.270422782,0.3509340413093773
4.270123444942399,326.8183847058435,937.2848962305897,42.76300969707169,3.614655173977321,1638.317071566829,1.913153842939002,0.7870256401373498,1421.980599040016,1.584342949221285,0.244539929614473,0.48794444,0.2979256234765217
4.20033764430984,324.996327903143,934.8291392354398,42.89014066632995,3.617452437435571,1639.533425042564,1.890006597271281,0.7907861723123517,1414.899880307207,1.442026109753594,0.2306927699614371,0.30865003,0.293402775474905
1.115015012701556,232.6813780402268,830.2016569066416,53.77260172820861,3.484175612364905,1468.767637222349,2.186611808907386,0.5580873288501792,552.7762262617863,1.280408799675234,0.2249177230462771,0.682822303,0.3083905271982647
1.170807554818628,233.7438733267434,831.4848743751292,53.41710871977884,3.482374146028541,1468.964959569767,2.185005679220086,0.5636015642031977,549.5321629930667,1.71666399922305,0.2033907214588047,0.799345828,0.3091840251876129
1.186100038821129,236.0705747044574,832.4424650024071,53.06916544030398,3.49244340836665,1469.42739314895,2.210699247991894,0.5373136134605099,562.6634289047611,2.069344391293583,0.2161760441124686,1.437194173,0.3138704215865477
2.852773287269726,427.6083958550752,826.724922834369,56.6742909304643,3.211313751146737,1431.115755798093,9.641371091001323,0.6279679028009402,200.6754993925684,0.3457886748722545,0.3286723327142128,1.151964593,0.4894901734610378
2.779665161425433,428.8465623349167,825.156408227621,56.33540376399699,3.194519198015774,1427.899273120784,9.68222875825314,0.6049237244203913,214.5062966654922,0.2617686840420687,0.3226562525230877,0.6371045,0.4936515893497473
7.403634490942438,319.5891281491707,1025.323905525558,41.7310754136597,3.417878333431228,1542.939861904821,3.339312159474434,1.05635557726076,237.6971715460534,0.5810514937508179,0.2841112529645108,1.34239751,0.3067120886241575
7.373515445029742,320.3816016886127,1023.357101853727,41.69638229352388,3.416870040077052,1542.71821949708,3.291555242990923,1.034816406944824,248.7436321133288,0.6697180682175874,0.3081365984857288,0.603136583,0.3097079018423858
8.888909090146244,410.2326712226379,1056.728249511926,42.04607394438298,2.446741863208421,1636.851933683285,5.90789901961127,1.111929445953337,1192.66688749616,0.5226400395546419,0.1870156019971872,0.357192975,0.3180182744366898
8.917188029384057,407.663897524879,1058.007833910571,42.0832373139648,2.434439606911065,1638.392578075023,5.594972110633085,1.121623443993186,1182.70925111923,0.6710722441309275,0.1935967033617707,1.292329505,0.3147202764123891
8.622607908936386,400.5376702549798,1040.277748800103,41.86228460702137,2.46905510799376,1608.22265717404,4.354410726863325,1.053369051289086,1169.496284937653,3.732168535497391,0.2195813676591481,1.186214111,0.3267405760531036
9.722863787463224,423.9558247701605,1087.591205999922,41.07715934577998,2.380391561850254,1616.84438779403,6.740496264089236,1.156605558740854,1120.347851747853,2.349288570720148,0.2090815379726243,0.707209359,0.3183557468316272
9.700859408090295,424.5540187870269,1087.293077454398,41.04953428879703,2.387231728141859,1617.042145001794,6.77562049812538,1.144700533411361,1136.297702804961,2.480012545376967,0.2153072258340009,0.64503058,0.3185581616466959
8.985580705612222,430.2145468359071,1061.085761694527,41.4682813163783,2.491530518217021,1633.559709338668,6.49991228202281,1.101819656416438,1220.649528325339,1.523946257452148,0.1713388579500187,0.348630478,0.33540282015916
6.009453742197239,443.5978023767859,914.9163311088416,46.45315951637946,3.02265293607987,1620.176559567642,6.122947811123559,0.8806756816962157,1452.029065463416,1.209784027836929,0.2721136395994451,0.268502278,0.4148972133189212
7.671871509438319,359.89342219992,996.6125086974224,42.67018969274579,2.890799867368715,1583.809310072822,2.611445915043265,0.90908383619931,1095.17374337489,6.53595873809805,0.2351800429374693,0.491439996,0.3134916400923338
4.255054349178768,410.7423637123911,812.9736638342614,44.39044151628488,2.594571947162277,1787.663284827678,2.062976460526031,0.6635251619732688,2879.078134030511,1.972810149136188,0.1641955154446094,0.981960883,0.3478573640282824
4.078802190438887,408.9506461799662,807.0547058164838,44.35055296114957,2.601545393289285,1792.286168570515,2.053983574064561,0.6814419358567705,2898.478840534931,1.265939389896809,0.1320636932483764,0.65820651,0.34756143128579
10.32385120244118,364.2028762293352,1086.076771422234,40.44086901364107,2.607502740544343,1564.191157876342,2.337945008084874,1.044235401825866,667.8832184209159,4.2032638871119,0.2575964079826667,0.328284768,0.303283824417775
4.361814897147354,410.3314214236657,827.2641681989691,43.3018640798683,2.607309939803266,1783.287566523417,1.934825268412384,0.6172308889794365,2902.595971716919,0.9360833245073724,0.1847098232461026,1.290999034,0.341143104605607
3.931559360316697,404.3532937462322,811.6158159132962,43.87494416265281,2.626815107976038,1787.264237397033,2.082229963132764,0.6381917653852751,2934.527897649304,0.3998938560536062,0.1599084956617942,3.382732076,0.3398230570823988
6.423185248550037,421.1197750781961,941.5952049971388,40.53531273804703,2.653321482914671,1911.602848205813,10.38787720653143,0.77086962905726,3871.405944558254,14.00963203153447,0.2379728757140607,0.561541353,0.3189047226318514
1.683404419016537,315.559297763535,835.5558192784121,47.90978028364206,3.386596652386447,1513.343361537474,2.489502506545204,0.4322666006095704,1013.600265394558,4.108475827183733,0.254900224049591,1.021894299,0.3932179552178074
7.878929654779876,242.8450468553469,1106.535561471428,38.61654621252814,2.903785941435297,1702.026124027844,1.464854287622173,1.225835823370942,1106.509017145105,1.118088432564765,0.1382590892370212,0.442880491,0.1796152933871958
5.018007018009914,159.3805075337021,1102.125180950775,41.77741241399087,3.807137623726995,1679.398902985546,1.012608213679311,1.149733613880342,957.684251164593,0.6141253145550505,0.130123710541692,1.593992048,0.1381440695471976
4.929399041413341,213.8035727713791,999.5848805094524,41.0287269435158,3.60382014406375,1688.833762247068,1.542941801404334,0.9643068811736396,1346.849371938954,1.220885829523216,0.1652615814576024,1.3016763,0.1872578083986123
2.413343097324151,202.510752935372,969.2897972377724,47.16687717777295,3.6269825220253,1621.865948488405,0.9063165835309174,0.8288203474737308,1149.908691596368,2.410012818447824,0.1863174567127904,0.937420949,0.2175808176092369
3.446311233657917,400.5864217360462,873.5327153378049,46.19804525144635,3.515336214131608,1580.472469642389,3.816821239095706,0.5143136081845866,1505.645406869386,4.427809515950091,0.3006365080802718,0.434331753,0.4175807713070353
4.768871997482957,357.3179705769275,945.0080754821574,42.7342096849553,3.479839287820406,1633.885536819901,2.112572261598326,0.7490900028715335,1394.465462883569,1.304927639475995,0.2689221715437029,1.055736193,0.3180726423070361
4.796379876170951,357.2145721107392,946.095916956822,42.618382084068,3.492932113853164,1634.980669653681,2.132609669257233,0.7546628766473699,1395.257780373288,1.259074977523152,0.2763857050966164,1.210902065,0.3165218621204599
9.627814789493277,228.0779509639501,1073.16085017788,43.34583969175263,2.530779074411874,1664.55107092844,0.8972919654387996,1.279685784331128,1334.89011168646,1.535333298380968,0.1388294169763077,0.761737853,0.183682862323844
9.52904693088256,318.8739139716533,1056.003488736775,45.40075935210321,2.449763982823169,1622.788273832782,4.522087915210458,1.149924225776369,1323.098944236717,0.8020543826099122,0.1747835333050559,4.076366444,0.2603225743997299
9.50676105873073,317.0502206813747,1055.928648404095,45.16166268566517,2.451874813398471,1627.547146704298,4.479963776593586,1.129344572166825,1342.043071724714,1.133790988325739,0.1787536772713781,1.033458955,0.2588680716653739
9.753020822271768,203.6379211514413,1121.951237487222,39.32796231971392,2.590283637612191,1656.729528200243,0.4464727291356112,1.323009330752675,1168.990822850479,1.982430974645708,0.1408737266997849,2.66987517,0.1598144357847104
6.514871307078973,366.7714424191358,966.2664219265444,43.27257157672558,3.023972732948434,1621.857416051757,2.875491637727166,0.8798422876164339,1296.024789205128,2.416022430760876,0.2907384720433378,0.649269053,0.3285442173654659
4.470732096351655,391.7600940208284,926.994574840583,44.16265789586809,3.479318467204112,1612.58142230201,2.8712938703163,0.7056685058078024,1423.978032655107,1.12251081605978,0.2945032458356263,2.126480071,0.361314195622437
4.440409002092069,389.3812342148593,927.0668041127587,44.31237628396335,3.468442873278815,1612.663431461474,2.811212761642201,0.6989149225084886,1420.734411172261,1.338036761364919,0.2845852597868722,1.079725205,0.3595547812351902
7.753737425680229,363.101581884561,999.9415344728144,41.07153618075498,3.161053422060627,1588.567959560909,3.543605240470641,1.113444956767177,385.6798473552025,0.437015142376057,0.1714871604573759,0.408136129,0.3430372796718463
7.735863144487261,365.0775732636653,999.5308787801856,41.13689518858931,3.170219393225793,1590.875478159235,3.602525160594957,1.119502846565262,384.966211665693,0.4545214869957149,0.1734305661646928,0.417650843,0.3409689759491306
7.719357770586375,365.6420159047137,998.7598755403392,41.16044136377421,3.176545993643036,1589.650283597833,3.638463559199388,1.120887198114441,383.8293237272183,0.457839063019179,0.1647370081838439,1.540385566,0.3391055937299106
6.345956521999277,342.1402885412921,917.6079516762996,57.04430427822219,2.455203714379636,1456.686209020223,9.530297989473327,0.8220195433042782,1293.001400742401,1.736495637466483,0.1858759168380125,1.066581147,0.2930442669479757
10.54028715571964,265.0522267784575,1059.466310885861,51.28626729447235,2.079380822545733,1534.161111684522,9.23088167828778,1.276857207591261,595.4411638640095,0.392707714283483,0.1469370687806759,1.246778576,0.1925468148363414
8.351122196433671,276.8142637118565,999.7150008706772,51.11575518351008,2.222543538846616,1482.607971009565,3.750642640998501,0.8799554649748024,1285.623545788202,4.340152727507776,0.231657886133304,1.560716786,0.2364647764657691
13.78438584476808,48.42235964176874,1096.960623660397,43.9422763637124,1.305568632457368,1482.727399511404,0.3865945811144726,1.378520542953542,1277.801242729652,0.2706235576709556,0.1722801879794382,0.492360134,0.0368807828998074
9.069060929509218,268.6828823076793,1070.765758277859,42.78645534139333,2.622287815219926,1648.658644726098,2.763094920309562,1.152705724412977,1417.177453281708,1.001014228075946,0.1550371365848598,2.645192679,0.2180172437318679
9.080914619022517,272.4546567003464,1066.484534375833,42.96560316620688,2.607184843730369,1655.975961145784,2.814504086176901,1.142957369490072,1424.458294023698,0.7339165294853349,0.1626467064441976,3.539791381,0.2247184990379253
9.10721701302564,266.9258072591087,1070.461288792041,42.67520733572597,2.603717009774962,1654.587746153195,2.669849372885645,1.16835132069056,1409.944619076364,1.02860476854409,0.1547871491784094,2.253067929,0.2165401368644147
5.142723370809283,347.9373593420119,950.3850650370376,42.27391431154076,3.386357807483614,1625.6583092805,2.363536978637481,0.7894599752968087,1343.432122729091,0.4078798526160849,0.2605160592676653,1.132301046,0.3079913361754489
8.195739271260004,398.0480410183372,1038.694858619574,42.85729194499873,2.563429584011329,1651.091989757274,4.869529684125964,1.053755093119235,1284.721244343079,0.2569288873579717,0.1896457078903205,1.057496534,0.3135947970137387
8.162445930336744,397.425085421157,1036.42828971992,42.83055159543397,2.573789056844693,1655.957245159877,4.808024554410927,1.047992122951392,1289.246124421356,0.2474612617372608,0.1844122061509696,6.0718867,0.3130340069853335
11.54297079754497,477.125129632308,1080.565499878412,44.22578228869003,2.249325972832553,1509.537663954376,14.93709284335276,1.135351747817207,872.0709238455555,7.940258673119629,0.3127732607657968,0.783750798,0.393105113734293
