TEMP,PR,PET,RH,WS,GHI,SM,ST,DEM,SLP,Pre_NDVI,PV_Area,AI
6.703837203,232.1662262,1014.525746,52.26745688,2.764427134,1445.595603,3.684347099,0.868360796,1337.426699,1.146205119,0.165112041,0.530290052,0.189220801
4.144144323,432.2035076,684.1225461,63.87919108,2.918929196,2111.245979,9.630016489,0.763483271,4044.706995,3.978147425,0.163948552,0.26230835,0.403414573
8.663252702,162.1423354,1134.564224,55.29648113,2.403527027,1390.564169,2.541127659,1.252609542,448.8745166,0.444573601,0.207847642,0.521927525,0.110625595
7.615546984,165.5108217,1117.138273,52.48060177,2.732942962,1445.179454,3.429395193,1.204916836,802.0942129,3.14002504,0.164105736,8.23486291,0.121059251
4.759917071,170.1534662,980.8309773,49.24439107,3.056872854,1413.143326,1.842063912,0.777627217,1480.797868,1.872407347,0.260737287,0.568684112,0.142306792
5.969783598,140.2582732,1050.848194,49.79137552,2.822549316,1469.053761,2.473736175,1.029016616,1014.049965,0.853598382,0.214062806,1.424783775,0.111382111
5.870552254,139.6157749,1047.265787,49.45420095,2.854254156,1466.743053,2.423892893,0.997682286,1071.870373,0.880883724,0.203496539,0.785407028,0.110797789
5.740400127,140.8826333,1042.866061,49.20612697,2.890118809,1460.674648,2.335457443,0.984043054,1130.188485,0.933031416,0.214340373,0.677258923,0.111127178
5.002150973,438.5944926,826.2006111,47.05656743,2.813591935,2196.993991,10.7214788,0.869682866,4018.916451,7.281000608,0.155229869,0.787008239,0.357039563
5.591240873,415.3785156,884.7500199,42.51861617,2.6867687,2141.330712,10.04275435,0.78513623,3954.725554,8.936232491,0.173415526,0.513589185,0.334043968
6.734209801,440.0618933,958.3342973,40.42193992,2.690459697,1972.739069,17.64998859,0.779157932,3840.264194,8.52567704,0.253830065,0.402631931,0.330856158
5.737916143,417.3426527,903.6032652,40.15846543,2.820071656,2058.120115,14.33475598,0.755019792,3926.003269,14.17186081,0.255328525,0.955716173,0.32252038
3.855240371,245.0213409,869.0838756,37.35479061,2.824934727,1773.22459,1.966322473,0.786397857,2951.146419,0.368957091,0.171144527,0.444512959,0.174940823
7.583545379,164.0820039,1114.106509,54.30949682,2.598100537,1454.297693,3.720717551,1.297742883,553.8621668,0.311294421,0.161753829,0.538616665,0.11948283
5.669458852,483.8163232,886.7988963,55.44713978,3.279996911,1444.382243,8.676273287,0.824199969,198.460065,0.423127752,0.276110723,0.494737885,0.513030568
1.515246916,305.8944203,524.2787859,60.52156489,3.283659701,2259.031096,9.636228566,0.7199244,4557.177109,3.69427871,0.12479375,0.287279622,0.282152966
1.646064308,301.5354574,531.3934623,59.55485612,3.260654592,2270.624644,8.394036224,0.753032422,4500.544351,3.53589041,0.164516287,0.567049305,0.286200782
5.60398509,374.8254704,891.9343145,39.40642823,2.772751557,1913.510747,8.258215337,0.781924288,3775.756921,9.614150769,0.227153762,0.362274541,0.302398574
2.026690735,307.3360785,656.2101269,40.19564503,3.202823701,1942.095015,5.267986533,0.590634552,4499.004126,2.75843763,0.187873971,0.563105329,0.261606376
5.600224644,388.6944243,881.7638435,41.62442454,2.657794012,2182.136057,12.12042284,0.876256986,3896.433407,6.161012152,0.154839686,0.46610169,0.304477468
5.18995193,369.6538471,882.4548603,37.74474643,2.883624798,2088.847036,10.65450718,0.789944998,4010.816338,13.59389633,0.211712628,0.344113559,0.292778304
4.036989198,413.8374132,775.7853295,42.49891747,2.91954124,1843.943903,18.72167626,0.663772067,4048.411891,15.07249143,0.257001916,0.690632998,0.336192453
6.103214009,359.8069663,895.1295516,47.01989711,2.717685859,2062.253389,7.349365979,0.936784429,3636.735383,9.305067271,0.220616724,0.416983689,0.28549135
6.429340533,361.8238701,916.0718884,46.79543712,2.679560161,2069.76275,6.956905683,0.95878468,3645.476793,9.794922617,0.186610489,0.366979663,0.2828424
-0.944833856,469.4019293,511.0764132,45.25244131,3.262200547,1854.438825,45.99061132,0.458485762,4642.260004,4.667275817,0.304094666,0.572785588,0.460859205
4.942208217,325.6560404,797.3686242,52.04596166,2.808669803,1923.181368,6.170913574,0.768031376,4012.20518,8.676494766,0.182398349,0.70704818,0.265286578
-1.200516145,465.4960522,511.5923342,49.76282275,2.775413625,1664.708041,17.14743878,0.463202955,4228.576046,1.987711216,0.261282732,0.518334628,0.474899057
2.445895532,555.8921874,649.0230362,37.36528126,2.545430831,1673.078357,33.61664329,0.327009762,4174.546464,11.6038414,0.396496229,0.425018893,0.587999474
0.400622785,587.6216657,511.3348817,53.29364352,2.807195074,1732.954574,75.59094014,0.344341725,4388.365032,5.019786671,0.294228455,0.83020136,0.637453128
0.514773559,586.8472072,514.410378,52.3792248,2.806369353,1755.671077,73.94219707,0.339289502,4374.282781,1.417958305,0.308472228,0.259570743,0.631014263
0.666033068,586.3710309,520.6696938,52.37488291,2.786123019,1747.336716,73.59167339,0.340183257,4390.48915,2.824911501,0.301135587,0.317359385,0.631781944
2.032765096,591.930759,561.0736005,62.99025435,2.776295846,1813.491863,54.59466859,0.521574943,4220.325166,7.877462557,0.204442195,0.343505835,0.608318163
0.571539391,358.0613046,562.5810064,40.15183911,3.399966599,1932.638588,24.43631483,0.498144283,4617.282531,5.758766156,0.268997368,0.319980099,0.313708246
0.511452064,357.3127039,558.6974119,40.22612625,3.405117618,1940.943405,24.86381481,0.497365052,4625.192488,5.830276168,0.280897325,0.328800903,0.313916151
0.632424464,359.8082655,566.3317247,40.0602788,3.40220439,1922.861142,24.33226452,0.50243416,4626.688043,5.204248201,0.263927445,0.515813171,0.313242562
0.581155771,377.0665375,661.469902,44.84482945,3.12458044,1778.905319,8.517919376,0.686700909,3295.281746,1.751883818,0.289972374,1.123815135,0.327997465
0.670218637,378.6134022,665.4355736,44.90531706,3.117510999,1778.375242,8.304271465,0.676255474,3277.322136,1.603121858,0.288490561,1.439912811,0.329000601
0.706703985,377.9740312,666.027554,44.86384392,3.100426672,1778.080038,7.96655352,0.676917975,3270.5123,1.766137764,0.280829281,1.105948497,0.326837285
0.685070961,376.4054985,665.648501,44.78052308,3.096589226,1778.502445,7.946757746,0.676059561,3269.618912,1.732010239,0.281282902,1.177178498,0.324911003
6.595720999,243.2682361,1005.704212,38.9277333,2.799047328,1685.453071,0.948376279,1.097618252,1797.999681,2.621536879,0.129971374,1.083220401,0.161900766
6.860184532,232.4828199,1020.35204,39.24897889,2.761719981,1684.251859,0.729359351,1.137206069,1721.7349,1.614279352,0.127750534,0.99868313,0.153643318
7.650657607,238.0645496,1069.386634,37.94252223,2.653501837,1670.238115,0.624689721,1.154189527,1653.593625,0.72400285,0.143500037,0.647500105,0.159021389
7.242089834,280.1244298,1020.894766,42.06059636,2.600849572,1638.079062,0.965738882,1.001937862,1721.20267,1.989689685,0.16908132,0.946343586,0.2016085
7.143940392,281.1695756,1022.967594,41.93103488,2.635001958,1641.316204,1.02121835,1.005293215,1751.916116,1.995690392,0.141391886,1.17478066,0.201669796
6.990067669,289.8962291,1014.027226,41.95932441,2.641210512,1639.866905,1.295344478,0.966588132,1799.963131,2.103410799,0.147285911,1.309265216,0.210876093
6.832678387,299.2125468,1004.573892,42.02478868,2.645806696,1637.341994,1.65802798,0.916427722,1848.503397,2.219146958,0.153528824,0.43357021,0.220171163
4.189135574,410.3632983,811.1111587,44.35465962,2.598838056,1790.342105,2.075502209,0.674492806,2894.169696,1.267800045,0.142397485,0.659942246,0.348014166
4.109665366,409.8868317,809.6296789,44.24200821,2.60797541,1791.663104,2.086360806,0.686301168,2901.914293,0.488217434,0.135064305,0.832141006,0.346734155
3.944517398,403.9642025,810.8166408,43.97794904,2.64429531,1794.421156,1.969197638,0.691977874,2921.277452,0.170294119,0.139515851,0.691011796,0.33675509
4.263799996,411.9803849,814.5454364,44.18891967,2.606366468,1787.885269,2.085593135,0.667877721,2882.28044,0.713325376,0.146661581,1.08152943,0.347896916
4.340266733,411.8049105,817.0316645,44.20139484,2.601159935,1786.191516,2.026883769,0.655804774,2873.613743,0.665684846,0.175225132,1.063044716,0.348170261
4.087294728,409.9321923,810.431451,44.0981762,2.615196312,1791.500636,2.100175997,0.693170813,2903.576692,0.287124902,0.12865314,1.046093065,0.345430487
4.436606664,411.241426,822.9940201,43.84421272,2.608896004,1784.592437,1.959059272,0.67175149,2869.990536,0.617568515,0.147395758,0.403841591,0.344981069
4.193916058,410.645923,815.7137715,43.88528711,2.616756485,1788.960915,2.078367924,0.678074179,2897.98189,0.638326159,0.147715145,1.053195069,0.344568137
4.000454275,405.5363981,813.1046563,43.86102046,2.62883095,1790.825794,2.032281357,0.681320705,2922.527105,0.268912329,0.155720895,3.163468365,0.33940755
4.373038317,410.4464312,823.3745733,43.65390871,2.614721124,1784.997267,1.987999089,0.665679215,2881.440171,0.805057501,0.139255593,1.577171688,0.342674478
4.252091808,409.2248256,821.1473222,43.61877003,2.612558635,1786.606524,2.039469403,0.66397714,2900.484923,0.717711656,0.14541406,2.635653355,0.341461872
4.069067969,407.3023839,815.8309536,43.75562123,2.614520304,1788.244031,2.075417468,0.664625523,2919.036657,0.373233872,0.155755593,4.288731491,0.340477492
4.339234707,409.6073714,825.0727529,43.46477672,2.611065636,1784.51989,1.980504423,0.640740168,2896.022395,0.800995166,0.155472797,2.747715691,0.340726063
4.389327818,410.0744192,827.7555042,43.33335865,2.609196376,1783.205856,1.928079302,0.62512746,2896.420118,0.802585238,0.169462855,2.557203176,0.34065939
4.009499261,405.8953166,815.0652148,43.70568618,2.608574057,1782.760701,2.073706941,0.624162876,2933.819549,0.445441367,0.151299883,1.424589706,0.340872809
3.908684758,404.6212687,811.1120736,43.84706256,2.615176886,1781.22638,2.13283227,0.630900413,2944.884866,0.319912786,0.159267243,1.693614837,0.340788756
4.187639166,408.5149606,821.4413111,43.48064667,2.605737347,1783.715509,2.014204241,0.622403974,2918.828023,0.552327358,0.17364,3.433273353,0.341150524
3.924360229,405.0582855,811.8785101,43.80146401,2.611224889,1779.37606,2.122388713,0.637303233,2946.379223,0.408562795,0.152521212,0.670323357,0.341355033
3.999804395,406.119334,814.7437304,43.67412448,2.605856151,1779.459123,2.084624688,0.632318896,2937.936792,0.470539297,0.147595826,2.832315703,0.341554361
4.327232029,410.200122,825.796322,43.24582706,2.596907096,1780.998306,1.890290866,0.619490152,2909.681602,0.67461302,0.177171094,4.724996445,0.342195032
3.24582717,394.186206,787.8403408,44.1645695,2.659076798,1744.521062,2.233099506,0.646680833,3067.682841,1.616965776,0.223339513,2.609401448,0.33970921
3.409341415,395.7864307,791.9421971,44.08038751,2.629719503,1746.817197,2.190859334,0.628613644,3016.407969,1.010789111,0.18493581,2.289508393,0.338849883
3.083331519,392.5610455,781.6175466,44.32710927,2.67115564,1734.294699,2.228351191,0.652126404,3098.127569,0.877362911,0.18877964,5.013538644,0.339382464
3.000742934,394.8172778,776.5599359,44.43977609,2.650703563,1725.576512,2.239708933,0.648238166,3111.035547,0.510534268,0.168766542,1.53425868,0.342532732
3.049105192,396.2953879,778.1756828,44.44087649,2.640977598,1728.055688,2.245676005,0.639530126,3096.771366,1.370504384,0.214389483,2.969811278,0.343479048
3.012759569,397.1554388,775.8080391,44.47022723,2.631110169,1723.324349,2.228689324,0.634754346,3098.135646,1.388361621,0.19937943,4.390669282,0.344402069
3.078442443,400.3294278,777.823081,44.43965303,2.619035051,1727.206078,2.251091284,0.6320753,3090.444171,2.119102016,0.192738828,1.469397873,0.346840386
2.948212665,399.0337253,772.0547208,44.54053301,2.619487879,1718.724964,2.212528162,0.631743071,3114.76226,1.302214045,0.20375317,4.357655134,0.34775594
2.918064797,401.0362032,769.8478854,44.56659962,2.611273253,1717.801125,2.221133357,0.632970811,3130.485195,0.781591866,0.204019166,2.881201094,0.351057779
3.023802983,403.0405065,774.3777867,44.40570647,2.613278544,1726.129963,2.277982486,0.641178518,3119.255861,1.37143304,0.182998471,1.35830666,0.35131243
3.525325497,397.8797753,795.5318953,44.0668882,2.620795583,1751.55412,2.170283378,0.614335008,3004.730427,0.308587809,0.170407604,2.767478645,0.339933385
4.469245373,413.1618847,824.4939106,42.56260573,2.539781999,1767.055761,1.824398326,0.592878654,2926.502509,0.970123875,0.187324427,0.625690328,0.344789845
3.426993264,398.5245512,791.3217377,44.10352701,2.606543517,1741.497887,2.125099684,0.611106554,3016.2969,0.826710027,0.198523456,1.926421796,0.341930542
3.075007794,404.4689003,776.2491235,44.27856181,2.613036757,1729.21474,2.306529777,0.646056126,3121.523931,1.593556254,0.177473341,1.876822206,0.352351827
3.058623505,407.0824786,773.875074,44.21818389,2.602879823,1728.913591,2.329439547,0.645332778,3135.886669,1.215841256,0.195810222,1.762028547,0.355939528
0.321071869,540.6874906,552.3521318,56.70373408,2.894520633,1688.416542,48.34311518,0.539094021,3374.672109,2.739231831,0.3080461,0.962807449,0.562956525
4.126264789,410.6766852,815.9677297,43.03802257,2.576474313,1761.368121,2.021681676,0.597343568,2963.238673,0.99730031,0.187443679,15.77402891,0.344600052
3.736606877,405.3485403,806.7911732,43.84154089,2.625342223,1754.290881,2.127046138,0.603507369,3001.255898,0.829158049,0.177203372,4.879609498,0.34260153
1.574243597,721.5293913,596.094144,43.35639678,2.682508983,1652.273843,70.41261388,0.309625161,3705.78431,7.068215785,0.466881185,0.538598234,0.860575436
3.383079098,623.5674152,618.2715194,49.03085137,2.89054107,1759.176356,64.21614352,0.51955505,4012.050741,6.15127971,0.370623607,0.665425298,0.612023431
3.722738891,625.0503818,635.8099173,48.68214059,2.84469751,1744.034906,60.41848119,0.526871223,3981.67937,4.636300223,0.400644795,1.258838395,0.609362305
3.443123596,652.3475572,670.4661427,37.89475243,2.656381463,1666.286859,71.43192871,0.311080526,4058.005957,16.40762102,0.456383184,0.410882811,0.718109987
3.554211565,651.0297112,677.667657,37.83880486,2.637375818,1677.659593,70.12431058,0.309177338,4082.275992,14.99608369,0.451667762,0.358700415,0.71748771
6.167729946,617.7959219,854.6341711,36.51820975,2.433667276,1679.371099,34.56711743,0.602323578,3490.808734,6.390391525,0.308690932,1.007059656,0.603977299
7.293292524,209.4113737,989.4774194,41.89139781,2.551352279,1661.953259,0.727884038,1.067816343,1706.886701,0.893063227,0.144988055,0.93529666,0.16134159
7.430530862,215.6183614,991.710379,41.92867666,2.51103301,1659.694082,0.834464571,1.013263795,1713.521516,0.918420129,0.203061244,0.909792995,0.171169499
3.674114268,371.0343827,693.2548938,55.30201329,2.456825152,1614.68394,8.618001764,0.545275845,2677.796348,1.280734711,0.184606851,0.260249402,0.390392983
9.756751517,188.8560896,1093.355298,40.43936738,2.480655347,1685.77735,0.487012104,1.334764215,1311.875098,2.108045698,0.12421382,1.236781221,0.144572111
9.555365799,192.7844544,1055.3614,41.55499022,2.363215245,1631.242624,0.540137657,1.264422896,1347.311312,5.421572025,0.134184435,0.587283234,0.157230107
8.598263168,228.5615451,971.5444238,47.41647236,2.324668546,1654.517705,0.838160299,1.077836823,1676.413689,0.677220555,0.139807469,2.639692885,0.208897944
7.005975299,448.418067,859.9296375,50.57420865,2.148363902,1634.935697,8.339610516,0.66530956,2410.840407,11.54093233,0.216001315,0.261449108,0.424878087
5.789421213,473.7810114,799.942438,51.86094638,2.223463136,1603.31364,13.33186142,0.620517787,2482.952435,10.35934636,0.238418051,0.385807153,0.456207386
2.6388191,683.686778,638.1054641,47.12553772,2.572590043,1632.295704,68.68134409,0.345717019,3527.820336,4.553833386,0.48794992,0.383323883,0.818191441
2.872716309,682.5069874,649.5580015,46.83486232,2.533579714,1639.323612,68.70791281,0.365210385,3506.955085,1.675826419,0.451312736,0.396356816,0.811103552
6.70773544,383.8563923,996.1803662,47.71868956,3.641561191,1515.9492,3.848438426,1.027539857,155.1084841,0.332554854,0.258365762,2.911895258,0.368277453
2.034359561,644.0108096,603.1149514,54.23348779,2.711062071,1671.902085,84.90956778,0.319903509,3478.279333,2.11118713,0.439107653,1.115314939,0.787957762
6.273088966,377.7952404,977.2589217,49.65045666,3.639696771,1508.447013,4.053476254,0.969606608,145.3913153,0.059888842,0.222191269,0.660875685,0.365552016
6.289973882,376.882718,978.9035856,49.57704896,3.639785992,1508.280668,4.020587157,0.970285803,145.7173825,0.068799325,0.228032138,0.633661419,0.361500256
3.09180784,322.116436,859.1447484,44.31219872,3.359146881,1526.566076,3.096030544,0.606044075,864.3426859,2.621711376,0.307622327,1.186317554,0.379556864
6.361489795,382.202725,985.2675111,48.74768522,3.635099382,1507.363126,4.004034995,0.997975287,147.3428537,0.20295501,0.202149182,0.516761393,0.374784271
6.656008115,349.5285876,999.8619815,44.20327944,3.486567655,1520.049989,3.044327375,0.986917473,202.1495476,0.648334744,0.252527299,1.529894891,0.343415749
8.931795234,628.779832,858.8707176,50.14303063,2.084554604,1606.993484,32.36472635,0.503329316,2932.080963,28.67323901,0.423687175,0.356053852,0.653909664
3.686589308,415.8512328,780.392149,45.00778596,2.548537992,1786.064869,2.302161354,0.623600736,2931.980827,2.687930828,0.162773311,0.767054259,0.359066024
4.124603402,415.7019719,799.523381,44.65356054,2.541815717,1784.203235,2.101084441,0.652101756,2885.736951,3.59279647,0.152867255,0.515521807,0.354515672
3.035195742,352.4735446,787.277347,42.4884256,2.74371971,1754.783393,1.626069695,0.639074731,3032.850813,0.737200333,0.172647587,3.889450482,0.295430288
6.403704296,366.9332215,992.2111286,47.63819071,3.619818967,1507.608903,3.772712469,1.00631959,152.096122,0.187855931,0.25491617,1.35611895,0.355733969
3.316513268,352.1021507,803.5987892,41.96409171,2.754138284,1776.548393,1.669859105,0.672090229,3003.498949,0.527089687,0.13246325,0.719271934,0.293183574
2.492055559,423.0180327,730.3541957,44.97824665,2.610891074,1771.228336,3.735846818,0.627093653,3135.915204,1.587137939,0.240773958,0.41341953,0.375554746
4.803416296,409.6287379,843.1185453,42.90566055,2.594907802,1775.988526,1.523659649,0.654465458,2856.557394,1.817940807,0.156973896,2.152583449,0.337912985
7.327396008,264.3346301,1036.809306,40.41368155,2.640271407,1661.654253,0.679109709,1.007897465,1707.954065,1.379109589,0.160599292,1.419360843,0.183570333
6.387680288,373.935895,986.8023595,48.1782731,3.631533583,1508.433998,3.915042741,0.993597158,150.086707,0.34803209,0.205950314,1.045154809,0.360714867
3.292976041,389.9873676,792.2175416,44.012384,2.68811776,1752.668693,2.170536424,0.655958343,3051.00053,1.197089722,0.158966964,8.230495893,0.334284762
3.122672734,388.8978513,785.657289,44.19725053,2.701131986,1742.036165,2.158575304,0.664278715,3086.075326,0.589737139,0.175680212,4.888655776,0.33549329
3.542674155,399.6376075,796.1434409,44.030247,2.609565422,1747.173478,2.085104931,0.610025405,3006.419877,0.386052764,0.1785964,0.635373444,0.341480953
3.577132887,400.7507311,798.3758397,44.03679711,2.617478729,1750.633921,2.111609661,0.607958926,3003.817237,0.36908715,0.172676948,1.982581738,0.341593431
3.599989623,401.204651,800.3805038,44.11185455,2.635775021,1757.693671,2.259573346,0.604527944,2998.232646,0.293911563,0.173598318,2.695060816,0.340788673
3.652035759,402.9171478,803.8512797,44.104012,2.644437145,1760.043423,2.279239024,0.601087165,2997.946602,0.301307729,0.172659723,1.378499634,0.341205889
4.063134752,409.7228429,815.2798721,43.33096699,2.58632002,1768.518297,2.079417039,0.6082934,2947.401158,0.640898755,0.16749392,0.602094522,0.344370017
4.099050037,409.625246,816.4402929,43.32993172,2.583981248,1772.109995,2.053716552,0.615848495,2937.196387,0.47853537,0.189604196,0.700826464,0.344049946
4.034770766,408.7608723,814.9742275,43.45011384,2.593117645,1770.97211,2.087032891,0.613309339,2943.41121,0.691152301,0.174385859,1.016537569,0.343898498
3.996610568,406.5793484,814.6440757,43.63635606,2.603690275,1776.562268,2.09208903,0.633803096,2939.058917,0.620716927,0.167841652,0.546554814,0.341886549
4.015572619,407.6582563,814.9210692,43.55414376,2.599001606,1773.963824,2.089124,0.62080204,2938.665923,0.762218102,0.173726542,0.960371889,0.342865391
4.17458329,409.8801239,819.2251265,43.28358532,2.583476852,1776.745345,1.999139099,0.616609804,2931.052554,0.245457256,0.196334365,1.49140441,0.344078277
4.083517748,408.5574042,816.7414562,43.4376687,2.59141998,1775.275744,2.054001941,0.620247626,2931.766582,0.312089817,0.188280834,0.941304203,0.34314336
4.38716135,411.3865421,826.5960292,43.06533482,2.580893332,1778.204146,1.790522451,0.61254033,2911.23039,0.720792956,0.190860008,2.620635993,0.343587813
-0.057178048,625.085221,523.0026177,53.1429516,2.742972859,1605.691481,84.07960843,0.322081228,3624.58085,4.843514117,0.445965146,0.554455683,0.737852587
1.551377246,684.5784157,608.7662779,49.03941362,2.637785156,1666.485092,72.73052271,0.325913668,3540.329924,4.737244248,0.397248986,0.65933239,0.808081929
3.594457445,626.8464485,629.9205772,48.91990197,2.868804857,1758.394705,62.80512873,0.502333115,3995.011745,5.748126148,0.392131811,0.250541725,0.619348079
7.099489848,237.4036412,981.0096227,42.02084848,2.600810121,1653.916577,0.836309047,0.938184597,1832.130676,1.279900232,0.158252828,2.9072419,0.18867388
7.206713784,229.0593368,990.0076606,41.71151848,2.59454639,1658.111873,0.709103711,0.961565581,1818.488493,0.979951716,0.152024993,0.675295866,0.181260314
7.241172255,223.3975295,988.4670562,41.99234891,2.569751558,1657.558863,0.769425299,0.984664668,1767.161539,0.972847581,0.207530505,3.190333173,0.175598616
6.247841573,298.7044135,820.9280707,52.87025095,2.280623377,1615.332787,2.247237638,0.819000983,2195.37943,1.212144377,0.152422869,1.496026234,0.288118718
9.802957349,186.3469203,1088.87046,40.29750734,2.401014869,1685.022012,0.62582862,1.300221279,1296.37991,1.031477885,0.171608815,0.685001168,0.14615278
9.900899142,188.8073154,1064.85525,40.68534221,2.283453993,1667.489612,0.695117347,1.309684796,1274.792028,0.938869282,0.145417411,2.334754713,0.152741898
9.829120107,189.9117611,1087.672626,40.61871961,2.431843252,1685.64193,0.526989377,1.357782322,1281.52074,1.671809551,0.119686752,1.083141311,0.145394043
6.058314858,394.0820722,960.1411848,51.60973318,3.624808315,1494.921457,5.202595503,0.929761321,136.081021,0.071329402,0.252576261,4.250125902,0.383211372
1.835248254,312.8649726,837.2260318,47.41548148,3.372748981,1512.233982,2.423171246,0.425085716,977.5767426,3.809705669,0.293615422,1.369686251,0.387988635
2.20754409,302.5059229,842.6058716,47.06705881,3.286412302,1506.20577,2.305566578,0.543214172,884.8662141,3.595634586,0.24314489,0.782688079,0.371628708
8.529496245,143.6052343,1146.507798,35.67911019,3.101224278,1718.633085,0.345234746,1.167804643,1034.165461,0.078863768,0.18612331,0.275532893,0.100693625
9.163105178,122.0572699,1235.092863,32.26307398,3.268230407,1722.076147,0.302301614,1.366737607,1097.488486,3.692411571,0.128184147,0.936973656,0.078027666
9.511486085,125.8770258,1233.520864,32.72469612,3.145138502,1742.957942,0.408558815,1.293661918,1035.264009,0.290964879,0.147081148,1.080586297,0.086741393
5.767751347,157.4938269,1069.136951,37.03932653,3.754493699,1757.147276,1.972565387,1.133902959,1537.90823,1.169059521,0.121222326,1.214906052,0.115640414
6.258031106,168.2255716,1095.992309,36.96432476,3.745210467,1730.787231,1.935549406,1.175612963,1287.70078,0.28347273,0.141022829,0.524223792,0.123723884
6.481157192,158.2909518,1103.663019,36.27483327,3.769087681,1737.341411,1.622444715,1.184233487,1342.26867,0.81644006,0.125522303,0.466877492,0.114410264
6.051160705,180.3430303,1081.557319,37.28149162,3.729249368,1727.003629,2.116414962,1.141371455,1332.234688,0.480040475,0.144916476,0.723801485,0.13308253
6.04403068,181.736155,1080.923832,37.29570681,3.727602906,1728.321842,2.162383548,1.139336311,1335.630168,0.609583551,0.139545166,0.984081319,0.134388083
6.552214736,165.1705509,1103.817,36.24193575,3.734269487,1738.957215,1.935972434,1.197723873,1307.31197,0.56840679,0.130589787,0.560955024,0.119659873
5.478778965,216.4708863,1041.224265,38.60704081,3.657433314,1737.143199,2.328191544,1.077092264,1440.521646,0.933375857,0.151007995,0.813605765,0.165685477
6.292790296,188.3674154,1077.966525,37.07190225,3.577082115,1728.570672,1.894666315,1.11575627,1382.812197,0.737700354,0.129194949,0.259520694,0.137519465
6.805202979,222.0345363,1086.626147,38.0018984,3.29887253,1719.044726,2.109486034,1.122322113,1250.772007,0.934415349,0.152981795,0.903538016,0.167476148
6.973527161,227.944055,1097.877006,37.51896884,3.300021916,1715.613409,1.937724176,1.114426063,1254.911942,1.349453515,0.154730291,4.090553673,0.168277764
7.959947011,186.1151103,1109.712188,37.24876188,3.040569986,1709.329324,0.816532382,1.109612587,1022.183729,0.067522128,0.179644114,0.308354623,0.139760466
8.358897235,153.0417061,1136.559508,36.25185807,3.081689531,1716.368458,0.447497491,1.167582379,1030.584527,0.101534796,0.172671226,0.617902693,0.108569724
8.016790629,250.1697549,1106.300145,39.01031351,2.87424383,1709.710984,1.752170335,1.220725568,1047.827073,0.362641534,0.138325574,1.031064785,0.190865393
8.010658966,251.1409005,1103.349654,39.08433393,2.866299406,1708.706192,1.762002371,1.210915084,1045.210913,0.273484406,0.150876338,0.457037358,0.192815444
8.258146441,225.0051494,1129.265057,37.58192001,2.907892709,1708.656259,0.98368788,1.246232275,1120.133936,2.231696086,0.140944098,0.430849556,0.166490708
9.478554545,125.0473442,1232.791484,32.92363267,3.101504769,1724.691099,0.258950488,1.246666241,1042.045785,0.112735421,0.180228756,0.749561613,0.085552146
5.390250885,260.516312,1027.99369,40.6896358,3.479435074,1687.745399,2.42743401,0.990171394,1389.211951,0.544103035,0.162546011,1.675697818,0.209906846
5.381168402,264.8616103,1023.872859,40.70165206,3.478173658,1688.59596,2.422177375,0.9724756,1403.778835,1.014430291,0.171512611,0.715992534,0.213983611
4.849576786,269.5202908,1001.641827,40.06219779,3.652163939,1718.477449,2.463734138,0.9521898,1583.519646,1.167291007,0.178886248,0.257285959,0.217965894
5.333741812,260.210079,1015.833598,40.84745988,3.497348957,1683.232902,2.139319676,0.94502471,1428.38578,1.213155692,0.183016018,0.46043557,0.215006928
4.883791866,271.7171542,1000.978279,40.13302149,3.637604218,1718.843083,2.478901125,0.952913165,1578.013221,1.232961345,0.174134083,0.425563614,0.220652387
5.05249077,286.304394,990.0349977,41.14924456,3.518100788,1712.08896,2.586890864,0.932142186,1589.471989,0.770469725,0.183798075,0.486304192,0.23696486
5.130487844,298.9922655,990.7406353,41.5191657,3.488905552,1707.467042,3.028411594,0.895699751,1561.759717,1.361853521,0.19572153,0.911590255,0.246928458
5.133646279,343.8242599,943.5081138,41.63652592,3.502066387,1623.881349,2.228924578,0.720137942,1475.911822,1.484011284,0.307889251,0.296882813,0.313862049
5.018615092,368.4208341,937.4297245,41.93775805,3.606912038,1623.896351,2.679255365,0.663056083,1549.807664,1.972126722,0.271811667,1.489001358,0.337417515
4.961781034,363.2738706,947.1524462,42.58040697,3.447018982,1630.037325,2.354586833,0.760464767,1385.651463,1.44744844,0.27059228,0.411634283,0.322665586
4.946832311,363.6438664,947.1082511,42.9357956,3.401129515,1629.737281,2.339682013,0.763170507,1359.719477,0.368389523,0.250493024,0.453320328,0.322294931
4.653709006,354.9965755,939.7145102,43.23139168,3.461337799,1632.854566,1.993848892,0.758584062,1369.640023,0.990286522,0.23959706,0.337399592,0.313265308
7.776894655,235.3439249,1115.015749,37.46596374,3.031860908,1723.085555,1.684514612,1.169408713,1114.37826,0.940072106,0.146885139,0.432139936,0.179870315
7.770924406,233.8092307,1115.863793,37.52866368,3.026912028,1719.848282,1.626604514,1.115242932,1101.024791,0.902697374,0.145410916,0.41228651,0.176156394
7.959957485,264.7560336,1086.656113,38.93039925,2.867434515,1695.865374,1.613320607,1.126037313,1267.99595,0.612397318,0.155341673,0.582335323,0.198682179
9.406371246,145.2965729,1197.63398,34.18265532,2.971255015,1717.287545,0.414987527,1.219736297,1051.096637,0.171501559,0.168952646,0.44691853,0.10179211
5.261924796,151.5241655,1110.902979,41.34985972,3.809840903,1677.692458,0.966134563,1.143534918,961.0147498,0.229470908,0.135108683,0.593431063,0.131228209
5.105148027,160.4815958,1104.140866,41.38043895,3.807533864,1677.523164,1.063890475,1.140245987,964.8467202,0.465771261,0.142373847,0.666714927,0.137816783
5.923711355,205.4235012,1050.73673,38.4419545,3.525291317,1683.313065,2.06520817,1.090522135,1197.937937,0.843469291,0.154542672,0.495774044,0.16930983
5.613709693,209.6679478,1033.549259,39.28178178,3.550798062,1687.892696,1.822236922,1.058188294,1252.03032,1.320541896,0.156676896,1.285872917,0.174443153
5.560101734,223.7252617,1046.558831,37.58373739,3.787153766,1706.561187,1.603237656,0.991367479,1481.081158,1.176213645,0.146536572,0.561208667,0.174532649
4.998005115,246.6947461,1014.023536,40.77015591,3.638114875,1688.176479,1.857577204,0.9380946,1434.597674,1.910480407,0.163961587,0.467874381,0.202539781
4.567766839,259.9523671,994.36216,38.99733542,3.849487054,1729.756778,2.527351571,0.967674009,1668.914951,1.757725802,0.167094729,0.474034701,0.210745417
4.757727919,257.9724779,1005.927147,40.06054788,3.725695944,1703.898404,1.96333461,0.957545698,1576.767698,0.861002734,0.160675218,1.283834898,0.206970387
4.742294927,260.2886597,1004.779873,40.17816697,3.719545645,1704.13505,2.037075683,0.947629668,1572.719462,0.698891053,0.162375987,0.298194052,0.209977964
4.837649919,263.8279456,1008.250832,40.42358015,3.658600605,1714.163748,2.084215718,0.951300189,1544.970938,0.851129707,0.167669102,0.458062128,0.213080882
4.908141494,288.0390672,982.8010967,41.358171,3.49554457,1718.076279,2.713164451,0.93984609,1585.410666,0.751550022,0.183348348,0.795481843,0.238077206
4.863959228,282.267235,978.564203,42.51374629,3.503090355,1710.226157,2.679388918,0.921260383,1589.526878,0.670785328,0.19668491,0.721825388,0.234577759
5.905547357,195.4550305,1061.479458,37.32352773,3.691616414,1657.856313,1.288867292,1.005686248,1197.053314,0.878977615,0.165342138,0.428575384,0.158749877
7.075583956,356.326807,1002.235062,43.3904571,2.748496024,1632.283367,2.498704956,1.023391401,1152.299259,2.599819064,0.226427962,1.660676214,0.314528093
7.355777155,318.7500833,1008.941232,44.44856526,2.573695836,1657.06421,2.37555848,1.077837014,993.2563685,0.203601555,0.180534485,3.32318771,0.279598644
8.031669192,286.2049686,1077.046074,41.23117846,2.671424937,1672.109293,1.793126214,1.124860296,1066.602681,0.639833611,0.169088037,0.989300983,0.227457352
4.562907344,257.4142433,980.6186757,42.26917608,3.652884286,1684.923159,2.158950598,0.879646137,1649.527882,1.60675414,0.202504789,0.579090454,0.223097186
6.638599453,152.2606687,1115.800669,36.88496252,3.615505985,1669.062935,0.89698958,1.181734154,1027.045787,0.178034819,0.127365919,0.51474255,0.123265124
5.160747468,239.4757176,1002.216231,39.49243682,3.651182376,1668.932893,1.356885313,0.851437422,1396.756008,1.299840216,0.174919061,1.095789488,0.210814513
3.603484199,296.6471722,919.8883496,42.26836965,3.858987779,1659.564466,1.67427614,0.73886633,1719.498181,1.145549589,0.226354887,0.582099342,0.279939709
3.649293522,296.7050857,920.2437649,42.28888807,3.836487008,1657.440764,1.685419591,0.747152599,1705.966178,0.571643299,0.211104238,0.646278677,0.278772054
3.596956476,300.0401147,914.8204116,42.42470686,3.830169927,1659.630337,1.681098036,0.734846354,1713.338794,0.457488223,0.250965279,0.560472069,0.283314066
6.355665091,271.2957711,986.0898337,42.71321915,2.951981228,1622.220304,1.961594723,0.895879021,1228.374814,2.185827177,0.250941272,0.463458167,0.238765564
7.137107033,302.1234248,1003.084636,43.57951892,2.711876217,1651.889116,2.181958887,1.049021208,1028.001153,0.209445649,0.183997894,0.812674283,0.261579229
7.085068287,302.6586159,1002.636708,42.71011071,2.73515018,1642.823296,2.29001104,1.02438293,1072.316593,0.463541494,0.22126908,0.474807209,0.261536993
5.777843382,186.9860861,1084.17394,38.00128879,3.756020198,1670.892756,1.229023348,1.067696158,1129.860005,0.216852849,0.150852365,0.494408491,0.15535161
4.94611594,208.7952275,1010.040017,41.43355885,3.590553811,1669.874283,1.175483162,0.908595659,1440.876111,1.230703331,0.207748908,2.554101736,0.185499768
3.702490679,205.2748813,943.9824104,46.0372387,3.210889063,1603.7453,1.006216081,0.922479722,968.8389182,0.981746707,0.188548564,0.526756983,0.223259374
2.433907879,202.5925676,970.1244182,47.10307067,3.628753116,1622.345343,0.892492292,0.837232635,1141.437631,2.220282336,0.194952834,0.778410079,0.213964669
3.179729912,217.3056468,934.4999975,47.92248185,3.214682988,1581.443354,1.01625805,0.857525347,1073.772548,2.661160802,0.202236451,0.82515422,0.239399595
3.348273937,222.0754634,931.5672625,47.90883634,3.152881977,1571.323908,0.987691351,0.861712835,1037.495559,0.927553436,0.199681846,0.493443057,0.244310615
3.31424523,220.9442,941.9282778,46.20602687,3.31193703,1577.527462,1.038503898,0.858218554,1144.404319,3.199919826,0.218569158,0.508243373,0.239589516
3.0661256,226.8736894,919.853078,48.57025304,3.185708675,1579.564148,1.028146989,0.874343976,1083.768525,1.826196054,0.216391931,0.347959724,0.252432133
4.000049145,172.0597538,1069.281755,43.80933261,3.797528707,1662.280599,0.636381096,1.053842141,1033.353312,0.401965014,0.164919582,1.185769727,0.160045861
4.650987821,326.6595959,945.9130078,42.52086254,3.543447107,1636.225397,1.730393571,0.77438726,1378.282878,0.584340305,0.251953725,1.15820898,0.295724642
5.519588384,299.3062269,969.1919274,40.83350894,3.433294235,1648.94427,2.057707365,0.866023533,1300.036376,0.592844941,0.191722792,0.711968596,0.264864213
5.413340377,310.0832242,960.8419407,41.40718384,3.40178504,1647.225507,2.165849212,0.874059164,1278.534563,0.201455463,0.171567088,2.271307746,0.280417682
5.326891,302.8120933,959.8099137,41.59707393,3.423846911,1649.516629,1.797309304,0.872365613,1279.415808,0.20740066,0.169183364,4.658704304,0.268558296
4.875235427,348.7700755,949.3017307,42.49657915,3.466528319,1637.157517,2.12718605,0.75918753,1388.043299,0.703860486,0.272048976,0.858573842,0.310978945
4.91527291,353.0029402,949.3775447,42.56425995,3.442478147,1634.318636,2.187042338,0.745483279,1384.292893,0.720674103,0.309808887,0.355788725,0.315862044
4.975853238,348.5363057,949.3659629,42.55199779,3.421419227,1632.067654,2.176782222,0.76981871,1364.701233,0.442891888,0.269426345,0.383275579,0.310346977
5.0600393,348.039084,949.8252664,42.37735989,3.407560306,1628.944817,2.24720116,0.782650743,1356.937523,0.551843386,0.289335655,0.455316862,0.308985342
5.142179676,347.9002418,950.0704192,42.31327774,3.38350383,1625.221573,2.322193897,0.787554941,1341.86083,0.353005997,0.260050546,0.319911564,0.307715538
5.074601892,348.5775881,950.1316979,42.4810272,3.39651176,1626.411369,2.236153275,0.780814629,1347.035425,0.428199719,0.267580168,0.481694418,0.308366784
5.260290553,325.566011,951.8221668,41.95741685,3.399346718,1627.319707,1.92692306,0.830305414,1322.918817,0.385717336,0.232304307,0.302589618,0.285633655
5.21428876,343.0870073,952.2838843,42.10869919,3.390770942,1626.906046,2.441177875,0.79252094,1340.645071,0.413641543,0.263470859,1.756553541,0.304946666
5.049425879,353.1346782,950.9713302,42.56825677,3.407791894,1623.997384,2.252137922,0.763065258,1359.159827,0.584211221,0.285955688,0.321280785,0.313372733
5.233255974,346.1873619,951.6850635,42.13759875,3.384999903,1624.732237,2.478493354,0.784905207,1340.039209,0.14812117,0.244875427,0.425621516,0.306646426
5.229723416,349.8626282,953.1249222,42.17080137,3.404986556,1624.664742,2.355684048,0.772830813,1348.938351,0.207965928,0.255808077,1.278744276,0.308841224
5.327793676,332.8315713,949.3619875,41.836506,3.378881541,1625.040916,2.018895181,0.82655105,1321.911031,0.237781226,0.175237452,8.445359065,0.29622825
5.389361183,347.8548289,953.9800644,41.76307276,3.418197233,1626.207289,2.553092819,0.776166284,1376.550839,1.416082355,0.269267704,1.168562916,0.307402221
4.240314415,334.9347928,930.419923,41.25744654,3.788959016,1643.774557,2.202193548,0.708876511,1704.1521,2.968864871,0.215535796,0.708255532,0.313135622
5.430825045,345.8197487,955.8220168,41.81159352,3.41206516,1625.729224,2.559161303,0.785139744,1364.093167,0.177659085,0.26286461,0.799052315,0.303641858
4.291547516,334.8230704,931.6753002,41.24813077,3.774970396,1642.785226,2.181683152,0.709488981,1701.910805,2.643667173,0.223104892,0.568747429,0.311184128
5.473611918,347.9170832,953.829152,41.68723498,3.417369869,1625.393991,2.597913009,0.78808248,1373.623185,0.859948423,0.269582667,0.411918862,0.306145432
7.538905614,345.203617,999.9925618,41.7390763,2.984292901,1610.952565,2.728896286,0.962001586,1118.836331,2.814937829,0.215402176,0.642796068,0.300881106
7.277951379,349.5269939,990.0854731,41.71324912,3.068773519,1610.873557,2.881722892,0.904131873,1192.819612,4.94905106,0.216537758,2.725732434,0.305456997
7.362937336,347.1992364,992.2940633,41.79490097,3.030979736,1614.440076,2.760097781,0.952739054,1131.903128,3.182082353,0.21563008,1.293541483,0.300102971
7.1842235,345.6300931,983.9987024,41.37331109,3.092542979,1600.335918,2.936381777,0.91036304,1169.79813,6.224817882,0.212848331,0.614276108,0.298207895
6.742427397,350.2725014,980.8387392,42.55726351,2.992979442,1609.991523,2.78075706,0.926376761,1179.777794,1.872911228,0.312999498,0.474974004,0.303751961
8.490565288,360.8389099,1020.81169,43.25343025,2.698461536,1589.704243,2.5160036,1.053722744,858.1051846,1.170991564,0.193447302,1.356206729,0.313502621
8.523210181,362.0971647,1022.409785,43.17713797,2.697205045,1590.881062,2.512275493,1.055777316,858.0991521,1.193690499,0.212081089,0.681174218,0.31509272
8.561175352,361.9982714,1025.820862,43.10334454,2.693684924,1592.528415,2.399263246,1.051379539,862.3030607,1.392055623,0.189832773,0.396778528,0.317117543
8.411854697,339.4417518,1028.837847,42.79870791,2.705498255,1585.626085,2.298007314,1.040287786,897.176718,1.052339102,0.193742736,0.560111904,0.295913389
8.404562858,340.1764035,1032.187824,42.50900517,2.726890125,1585.903799,2.314802899,1.033571684,920.7827494,1.587480866,0.218889417,0.441391614,0.29634114
3.550794264,316.5333536,901.7748251,46.67368747,3.406523253,1605.072774,1.681496889,0.736995674,1333.626258,0.747589013,0.247452232,1.066739541,0.327278632
3.507534299,318.1310961,906.6939467,46.29096316,3.480845695,1596.897726,1.72585746,0.64668352,1404.723677,3.039528096,0.253838553,0.570228108,0.327307808
3.51742281,320.7090417,907.4235332,46.19626559,3.484935716,1597.847053,1.734272776,0.650319777,1405.887155,2.884220391,0.222475363,1.562469037,0.327482591
3.459179123,320.351725,906.4529095,46.3536955,3.473999039,1598.11825,1.703921585,0.673783601,1389.514864,2.132839167,0.251493545,0.486579667,0.325047204
2.302611571,302.3498801,843.6274971,46.60211914,3.290250467,1505.670933,2.317342386,0.52087528,888.2630086,3.377538002,0.1691618,0.57028056,0.368988396
6.102232947,387.0541454,970.0785593,50.12087934,3.603461825,1494.590973,5.256495144,0.961030213,139.5989609,0.31953295,0.207967123,0.265073756,0.374047813
5.011041664,362.8118549,949.4738692,42.78642682,3.379990176,1625.116915,2.426488702,0.756312436,1354.337564,0.307926809,0.265026045,1.65653266,0.321604188
2.159119993,307.3570804,838.9928504,46.59377437,3.296403326,1509.507014,2.297483702,0.481859715,932.7479847,3.696420955,0.283730145,0.877464465,0.379857556
6.146147853,365.7069623,977.9609799,48.73476482,3.595201839,1495.262033,4.201107819,0.914748145,143.60338,0.395456377,0.25292568,0.383432062,0.354053204
6.165129148,365.1597909,979.3541897,48.73389203,3.595543606,1494.394002,4.207176376,0.916036955,143.2883236,0.398243816,0.290790373,0.521474356,0.353690438
6.035792635,399.3687436,963.8247863,50.87972475,3.596317901,1491.434963,6.047267544,0.945046944,135.2847387,0.110115556,0.190952055,0.291443682,0.385950334
4.305881754,322.7468528,897.1088247,44.53291976,3.233208205,1516.48103,1.39672369,0.743768323,557.4417759,4.431061723,0.279506197,0.30809133,0.360799579
5.458782065,447.2801951,913.3023532,54.42206192,3.550983224,1464.86419,8.017462673,0.846300342,129.6220329,0.409925772,0.265933092,0.645749714,0.445138304
5.995833657,377.0547745,971.6079929,49.03518653,3.589582839,1495.407803,5.168298535,0.92969475,140.5037041,0.356446041,0.276931907,0.466172401,0.364754116
5.156757611,458.7772485,900.8210071,55.55334452,3.548369643,1438.513506,8.340696095,0.819292776,155.0056602,0.288501495,0.272410798,1.445234305,0.463689696
5.917196676,364.597558,962.5977787,48.81792744,3.551792473,1494.317611,4.84015044,0.885612755,142.6528836,0.058797718,0.276964598,0.320143091,0.356125598
5.967423604,389.9967966,964.0144505,49.75242839,3.570013474,1495.827045,6.564962249,0.92115925,134.2625388,0.07329958,0.236771259,0.283488274,0.371893406
5.987630777,381.9349215,967.3772467,49.4198517,3.572152203,1493.395147,6.134825949,0.954585622,136.2569602,0.124426783,0.243297819,1.005209769,0.365209687
4.886164872,469.0800151,881.6535941,55.88531416,3.532019361,1424.207001,9.469497309,0.771152826,160.4983357,0.294211349,0.29703738,0.74695034,0.482331377
5.923828986,386.8638973,964.2803362,48.87517651,3.53800849,1497.637051,5.480979367,0.930412085,139.8590227,0.171915808,0.239138811,2.281981835,0.374531408
5.156201152,448.2619349,905.3984872,55.22240562,3.55713614,1448.04883,7.763456736,0.832792615,143.6378386,0.125669825,0.22375654,1.141537329,0.446978586
5.184295119,377.0127559,940.344099,46.21363982,3.487952784,1505.342872,4.835771679,0.834716868,326.241475,1.645942136,0.304176703,0.312437361,0.384804752
5.133770255,377.9403989,937.7671272,46.2508956,3.484789994,1505.441828,4.889688992,0.832330811,322.1416671,1.435960645,0.318354775,2.36593127,0.386351359
4.88714536,379.5239603,925.037074,46.37566122,3.486264727,1506.495788,5.308346455,0.770389779,369.9905806,1.823571555,0.325021861,1.219976548,0.394620716
4.912916188,435.4293403,903.7194993,55.14407972,3.579011268,1446.016891,7.580040427,0.813221396,139.542095,0.096271486,0.292582547,1.012732712,0.436144611
4.847970502,379.2319131,923.0791967,46.47756784,3.478702412,1505.118882,5.383256839,0.778947749,353.6347694,1.882601759,0.297333156,1.639514352,0.394491762
6.870993631,397.3685681,956.6525356,43.21257119,3.148926685,1605.567372,3.964276876,0.787223541,1272.680588,7.263854813,0.268344717,1.480707492,0.355832527
7.762143791,404.5606686,985.0822551,44.11370154,2.87162149,1535.333743,3.682988991,0.938761029,1003.315471,2.154426737,0.277535601,3.498711329,0.36765341
4.772883376,376.9468343,942.6066798,43.16572886,3.427910405,1623.866009,2.490818727,0.731413435,1386.088622,0.231338521,0.270745392,1.431502013,0.33560639
5.537232063,319.7828547,964.8029461,40.65337659,3.407806386,1635.879928,1.977105129,0.808742875,1432.957174,1.113497825,0.216291328,1.010001769,0.287789825
5.676686278,348.4559013,954.1533712,41.76023733,3.31930886,1633.719836,2.474482969,0.815867691,1438.215237,2.776342541,0.214993049,0.714003275,0.311712549
5.460116096,352.3477069,946.2053899,41.97506176,3.371994907,1635.581103,2.430718223,0.791204675,1491.341282,2.620691123,0.225083458,1.33202898,0.317850531
5.485450138,353.4942437,945.5949875,42.12237069,3.35769657,1631.247067,2.523583161,0.786878623,1481.165406,4.190852788,0.219920796,0.448630803,0.31892272
3.35322457,303.8348777,881.3395357,47.44363814,3.357250673,1610.213408,1.871531401,0.752357994,1295.536569,0.335814194,0.225910166,0.360643356,0.321498038
4.734996818,449.4372317,893.9874006,55.59796099,3.585551253,1446.836132,8.367701177,0.819939591,145.6640036,0.188438187,0.270438129,0.979648707,0.454719886
5.769405156,378.9518013,953.8554594,50.2370306,3.529903683,1479.772655,7.503791391,0.912796247,135.9783755,0.122221382,0.264252033,0.257558711,0.364023866
4.746114853,449.0637811,894.2423404,55.46415435,3.583804816,1448.773862,8.461682821,0.823215206,144.642388,0.211403356,0.288783856,1.584213161,0.451058342
4.658251898,355.9429727,940.1179339,43.16904925,3.461448449,1633.08925,1.994774611,0.757572373,1373.824276,0.923191193,0.284044007,1.297925388,0.316158766
4.741835785,356.6700983,944.3421955,42.80135939,3.476711022,1634.241373,2.067084785,0.753674886,1391.262681,1.199955543,0.290081044,0.67381259,0.319747646
4.607729328,321.0965024,945.2815204,42.47788023,3.581565686,1636.683638,1.583282722,0.777579552,1405.355094,0.794490207,0.272006688,0.693244507,0.293724893
4.867546647,259.8546679,1003.080678,41.37533237,3.544887468,1630.166515,1.188835113,0.868780177,1226.85713,1.402687476,0.19691577,0.602873101,0.235887054
5.510856556,227.6712835,1048.09864,39.55114489,3.618809409,1648.252229,1.228599053,0.90413098,1181.453324,1.079947395,0.171117847,0.625062697,0.203020559
4.700930964,267.5671901,977.9794896,40.63417561,3.692108148,1647.711092,1.572328047,0.813106734,1434.453085,1.058614661,0.192732557,0.439343645,0.238428472
4.51402162,373.8857309,933.1476261,43.71836034,3.452464728,1620.778626,2.534774984,0.720971721,1390.513723,0.189863902,0.280200903,2.277798193,0.337294305
4.960467763,357.0823,949.460104,42.60677049,3.425403883,1628.190574,2.258112149,0.746320432,1374.427069,0.852530969,0.285255063,0.364818925,0.316234856
5.458103197,380.5060123,925.398188,51.37790073,3.537242803,1482.410055,7.96490055,0.857610867,134.3097556,0.110054435,0.268820461,0.939564902,0.373066068
4.681581333,461.7757356,891.5577639,55.41739718,3.589059324,1446.374236,9.212976919,0.820564435,148.3840653,0.160800006,0.207330578,0.365342018,0.472337324
18.2053604,1477.463666,1153.065399,68.88373072,2.181375639,1339.289393,58.87589373,1.779930621,91.76899019,1.186722965,0.567947771,1.237835076,1.438966767
5.566850709,382.411824,952.0041076,51.14960565,3.51615959,1477.333223,8.028579675,0.898363474,137.2006656,0.226510449,0.264999299,0.5256741,0.366686043
4.479793926,450.5911106,882.6432937,55.6228373,3.602620108,1438.113433,10.20491239,0.786928883,151.9570153,0.134614137,0.299939544,0.613655575,0.461364795
0.25647405,238.4134105,821.8198597,58.12390325,3.383978566,1500.260445,2.385886832,0.542452921,687.9199864,0.56680623,0.251218567,0.627846283,0.320960965
4.538241865,377.1371759,901.7541353,46.66920802,3.358383553,1487.1879,5.838925666,0.725961907,377.9381229,2.375864247,0.337879696,0.469026167,0.402242664
5.614758607,303.6066277,906.4613395,43.6474696,2.97164921,1577.899908,2.372362889,0.804409533,907.0813503,4.267757948,0.276504312,0.438840618,0.330702496
5.145906018,300.0379175,911.4323256,42.07684475,3.163663317,1549.688468,2.471123787,0.810866358,789.1774556,2.109589944,0.263907927,0.705047589,0.335583831
5.82146088,317.4774963,936.4281183,40.3745547,3.104609331,1581.485025,2.283804374,0.883342788,735.3765162,1.224837053,0.246390691,0.394617544,0.342065899
7.676628866,368.0789564,1024.403884,44.16157027,3.555136026,1561.040419,3.340026777,1.082420596,224.2752966,0.149030472,0.278047206,0.423876532,0.345048195
7.674176141,367.8833631,1023.964641,44.23265369,3.559432172,1559.623522,3.281281781,1.080362652,223.4289532,0.135909921,0.274057426,0.591611017,0.345542913
7.063975578,359.9615767,965.8917753,40.12030751,2.992287009,1606.330797,4.232103991,0.990505516,618.7398476,1.024441568,0.215278961,0.996816741,0.348504005
-0.135868415,291.4916651,775.3381517,57.13170685,3.05119134,1397.149559,2.883468184,0.363910501,716.3536185,2.012321438,0.307551836,1.38504364,0.408537182
0.359143272,240.1451574,822.8400693,57.59555572,3.370143473,1498.903572,2.423546178,0.548539987,686.9052613,0.665177311,0.259049538,1.63613531,0.319481211
2.219754652,322.0589964,842.5501746,51.86652394,3.392507605,1606.489189,2.967541161,0.636927737,1349.534622,0.922398517,0.244546503,0.57704301,0.369847105
9.587220953,502.0013693,972.8012302,47.94313376,2.363557571,1469.91916,10.99994674,0.992328682,445.6205663,7.10252988,0.45140601,0.340420103,0.516596463
11.08652698,504.4187495,1004.077703,49.3841849,2.233335032,1427.982948,9.349954863,1.170082801,178.4950632,8.420676263,0.461353223,0.345898119,0.515694625
7.049082794,362.5913415,965.7682763,40.01498418,2.998194748,1607.827843,4.230832089,0.985015569,628.2822892,1.306294534,0.214607216,1.132318157,0.351556706
7.896550182,365.7364764,1010.872552,41.28253926,3.149520411,1585.264613,3.600841078,1.07255438,380.2909018,0.255147873,0.260488282,0.933713959,0.341622946
7.73761222,462.8798046,976.8015898,46.41433494,3.440606062,1555.363634,7.0410414,1.040378444,284.7538153,0.898864534,0.249170584,0.573887253,0.434582816
7.696629817,463.7687375,954.1682623,50.3621303,3.351145026,1494.453992,7.575356795,1.030969796,147.4420821,0.3274513,0.27374011,0.94070044,0.442788524
7.720142524,380.4974179,1004.430378,42.68484321,3.305792315,1585.752282,4.132824049,1.0575604,364.6685707,0.229033667,0.247288089,1.114638064,0.344576615
7.721298905,382.3032527,1003.8276,42.66542817,3.288047257,1584.83482,4.221598826,1.053357387,366.7284808,0.237458351,0.255451324,0.788414406,0.35019367
18.66049537,1726.692441,1183.400818,67.87774682,2.136763544,1298.048133,73.88824782,1.822164009,93.17400683,2.386916924,0.637824348,0.384274484,1.545499736
7.426576719,370.9384822,1027.980458,44.74199848,3.616399536,1548.594381,3.64795174,1.085859567,194.5484427,0.245454758,0.251822459,0.713186741,0.358938729
7.397162602,385.5666276,1023.947374,44.97838354,3.616545013,1549.292461,4.096384335,1.089851855,189.9324325,0.112677533,0.176477523,2.632943068,0.369624708
7.790952358,325.9961437,1036.194623,39.69024357,3.290946041,1565.533762,3.000708063,1.098464887,328.2428225,1.045934908,0.232258441,0.765166138,0.310637057
7.552562255,351.2056525,1030.188069,42.00403848,3.477142725,1572.279932,3.775601215,1.10723108,249.6162199,0.413858556,0.256252609,0.600774667,0.331698956
7.593564948,364.4123484,1028.104963,41.84142669,3.447202111,1577.752859,3.798381603,1.088708154,260.901619,0.424346931,0.240131151,0.851088992,0.346357019
7.647301032,363.2657657,1037.729256,43.96096251,3.592587228,1558.041132,3.529997306,1.109646987,219.2956058,0.437089066,0.275846944,0.574624588,0.34022754
7.12215309,405.4579952,953.4874764,51.71516154,3.450937635,1474.746722,3.607261917,0.977072426,143.3517371,0.429832014,0.316471647,0.295487386,0.397556464
7.445266776,403.5249626,995.3003822,48.23983083,3.58618031,1518.088315,2.935546114,1.050908006,166.003363,0.44220864,0.29356789,0.337055396,0.385299266
7.270923359,414.1032303,957.2462184,51.53827877,3.432631478,1478.5076,3.837989634,1.00513234,141.7876668,0.487602791,0.270288014,0.282854068,0.407266646
2.393819202,431.9850793,797.9665504,53.84870905,2.815343115,1409.694999,9.397672505,0.570973332,230.781698,1.458459422,0.362985036,2.037723924,0.534246221
2.840021974,427.9534535,821.2797913,56.52333109,3.203837691,1433.964971,9.826758609,0.624340421,203.747282,0.223341483,0.362486848,0.431275372,0.490564039
3.426822321,423.3984065,846.8593431,55.73162015,3.29273255,1439.082032,9.694239222,0.684789599,162.7903465,0.301746,0.340824609,0.638258217,0.463641205
6.068424553,429.3738987,917.0173798,54.53327991,3.414383639,1468.919962,4.909980092,0.914423645,177.8571867,0.220864859,0.294638552,0.470868044,0.44917931
6.417849247,402.6769305,932.5365044,52.91138024,3.471194808,1484.108233,4.267371483,0.950962622,162.9388565,0.418805929,0.296709911,0.530289652,0.408426143
6.442118034,407.3191469,936.6996018,52.9498615,3.476340387,1475.724141,3.976500327,0.950512467,180.6214562,0.347726412,0.262839237,0.608902929,0.422804161
6.73249417,413.1783888,932.8420372,52.78750466,3.427900011,1475.272964,3.747750481,0.956206806,170.9274853,0.28757815,0.28301984,4.083873529,0.420755646
3.940026709,493.580435,832.9299069,59.52937836,3.505142954,1388.792197,14.46658837,0.637333958,142.7462748,0.392838775,0.254013304,0.323630876,0.552002792
4.14612692,418.8739484,876.1936676,55.9477483,3.505387479,1450.122572,8.733565735,0.755154698,146.0300851,0.171115205,0.317201325,2.329795558,0.436085125
4.216941765,419.9392231,885.17561,55.96917807,3.524306641,1447.684498,8.174055439,0.755605435,146.8211129,0.178301873,0.332011446,2.880944021,0.43387728
18.80832403,1615.411956,1153.973217,69.16001236,1.930533703,1350.283469,96.78344238,1.784483137,365.8590629,5.961283937,0.649787067,0.720366288,1.520140524
18.62084804,1515.502457,1152.674492,68.08684543,1.989337804,1289.920282,83.87502325,1.790415581,55.36047975,1.023166003,0.561178673,0.580423649,1.432067718
17.07067398,1266.496514,1076.022532,66.32654395,1.972429023,1172.454583,50.33185652,1.509957707,323.9135626,10.31547256,0.656277524,0.636523824,1.236179133
19.08093382,1712.779723,1198.97919,66.73861722,2.083490776,1328.993575,86.24947087,1.826178154,60.9795643,1.19599737,0.54373609,0.497946956,1.540774336
9.507688906,433.6143386,1060.494231,42.38186226,2.480817186,1620.463701,6.991102917,1.059624248,1321.880972,2.005084137,0.18414148,0.604263645,0.340809928
9.570211749,432.3920531,1066.284007,41.39204464,2.458416638,1604.154649,6.778939833,1.020941337,1359.052184,7.049312039,0.207652879,2.063989142,0.336267766
9.395296204,429.636406,1049.777294,42.8975956,2.4511386,1616.639392,7.259532388,1.045616907,1326.263957,1.064554261,0.19439607,1.788423309,0.338277418
13.88632746,801.3067343,1091.046739,56.89115383,2.526155821,1406.351326,21.95418158,1.256864316,273.2328551,6.538557043,0.400514562,0.301859985,0.627067816
14.26459492,793.853382,1107.095755,56.84113977,2.496804852,1394.148859,22.34247656,1.293260591,235.92664,8.146410572,0.382617187,0.357827388,0.611381306
9.788147874,397.8489546,1086.288636,41.38827223,2.401499308,1603.98709,5.297902003,1.125047091,1163.859463,2.111414789,0.241947313,0.926338314,0.298915816
9.466026334,411.7299582,1067.78204,41.64611538,2.468992779,1619.473462,6.400895866,1.066346092,1322.508768,3.053384602,0.202506786,0.551906628,0.315910262
9.121100645,421.8783856,1036.535391,43.47966593,2.513492194,1610.653249,8.089499484,0.979358899,1469.577876,3.107463764,0.244447141,0.534136925,0.332570335
8.94578729,429.4918385,1034.195542,43.03265731,2.540523281,1611.611691,7.362168875,0.975718149,1497.285038,2.072377959,0.216992153,0.558730671,0.345648174
8.889824884,417.4170751,1029.340468,43.71888195,2.558658539,1606.691976,8.275312557,0.933062059,1549.076195,4.013639185,0.254646353,1.048418682,0.332793176
8.971804432,435.9376703,1031.875142,43.00833066,2.539391448,1609.580164,7.368512042,0.957503047,1510.039902,4.874171341,0.212488423,0.423764689,0.355083986
8.012639087,380.189321,1029.005822,42.99030705,2.568181045,1613.778581,3.597685385,1.035040807,1245.420883,2.913151693,0.226008885,0.999531224,0.310578752
8.346601383,386.2422873,1041.978517,42.38787045,2.531845667,1609.396554,3.842054485,1.027347031,1201.256333,3.129978661,0.236462303,0.622194517,0.313795264
8.332654166,396.8262453,1029.443026,41.67889995,2.538562378,1630.412734,4.138596034,1.008749016,1298.568068,3.255963797,0.233457867,0.327836752,0.324437687
8.286847246,399.0387571,1026.52257,41.85546168,2.531874841,1630.771728,4.207862205,1.01364757,1292.311794,2.611046457,0.249179158,2.621161234,0.32592945
7.892709867,401.1830268,1011.651712,43.57719109,2.513773444,1629.645341,4.461405302,1.041071534,1256.268692,0.578350111,0.225907252,0.30144199,0.326140866
8.866964861,412.3233365,1061.605403,41.6405533,2.516765896,1608.273238,4.928558627,1.070575278,1150.92765,3.864320016,0.238480084,0.97829973,0.328348479
8.47264088,418.4571918,1045.072324,42.10902345,2.569943121,1618.835679,5.546208174,1.023374832,1247.062621,2.771249786,0.212887929,0.995222209,0.333994864
8.277334768,404.3509118,1039.768734,42.49427414,2.585599884,1656.138949,5.112970468,1.069795767,1289.394405,0.982831627,0.17404564,0.621587893,0.31820033
8.146817657,397.8232365,1036.570523,42.89623011,2.572290232,1656.489701,4.817025417,1.04933437,1290.783809,0.251190365,0.188694207,0.303261276,0.312863344
8.219184681,393.2644802,1039.485913,42.46489238,2.589277416,1651.665623,4.537716889,1.057932218,1285.72294,0.266342194,0.189384882,0.962478148,0.308537226
8.308541398,404.5201203,1041.201531,42.52262139,2.574476216,1649.892102,5.058582447,1.072318427,1275.3636,0.695247979,0.18506643,1.612269953,0.31771842
8.390425732,415.9716805,1044.155664,42.49975451,2.561682202,1618.208448,5.452253472,1.04477366,1238.463571,1.477918022,0.20833451,5.290304966,0.330939676
8.600509663,417.3923868,1051.226133,42.12440056,2.535816756,1612.718353,5.485872386,1.055143179,1226.427776,1.926271179,0.213965457,0.865924351,0.330792866
8.646859227,415.7097772,1052.361714,42.35610657,2.51161011,1609.979428,5.351948526,1.07263758,1190.62805,2.270188692,0.212610207,0.480903935,0.32985822
8.205875867,396.8670044,1039.179606,42.800883,2.563544991,1652.441049,4.811053128,1.054893759,1284.147665,0.229906054,0.204266273,0.605365736,0.312928429
8.238745838,395.8595791,1041.860476,42.76956114,2.564519159,1650.790959,4.741814992,1.059671445,1279.726026,0.306043958,0.182230336,3.984522985,0.308817717
9.273402003,435.4644242,1057.699311,41.77782326,2.37556872,1597.55214,6.128593669,1.078658836,1075.131217,6.16255277,0.251456966,0.296704235,0.349672547
8.396941968,396.8627239,1050.502103,42.52699947,2.572037409,1652.436498,4.577101798,1.096278823,1255.444856,0.822299605,0.170058074,0.614602524,0.30637453
8.599713759,415.9552345,1047.269784,41.81380716,2.543333734,1635.641813,5.517942455,1.06609394,1259.905679,0.708162599,0.184267893,1.181988167,0.325779971
8.676809726,416.3143565,1050.396139,41.84533821,2.523490319,1632.107443,5.490919534,1.065514893,1244.216949,1.028894069,0.208399338,1.096418059,0.325527963
8.372518085,398.9526551,1047.292427,42.54614104,2.559654596,1650.754817,4.908529321,1.093149346,1264.467994,0.537482698,0.178923943,0.778268133,0.310033955
8.525427198,411.7731116,1048.410662,41.70152374,2.563744184,1635.063823,5.53788073,1.051863721,1310.060351,0.861371338,0.213499546,0.698898117,0.322259471
8.597976606,412.780022,1049.610966,41.67521888,2.544115663,1634.4297,5.487118431,1.055629976,1284.086159,0.961835053,0.201467894,3.932148993,0.322524941
8.797812141,419.1869552,1056.751017,42.42886357,2.483520313,1621.809569,5.705924444,1.120301277,1171.151542,0.830383675,0.185463591,2.34774855,0.327378985
8.92509167,434.9648248,1062.312032,41.60164755,2.53056401,1620.200529,6.485347993,1.06373588,1198.203494,3.944755058,0.204905206,0.871844251,0.347007933
8.832780585,423.3755603,1053.441323,42.22490232,2.470470746,1621.510869,5.959367435,1.102754083,1175.442522,0.629808505,0.206427483,1.482174675,0.33443816
8.443442683,419.5316109,1043.171641,42.11984875,2.584887312,1650.53817,6.086145786,1.064535997,1283.068243,0.522740274,0.170083657,0.595310004,0.32663036
8.694716781,422.5177142,1052.067851,41.42975329,2.541069501,1642.875865,6.252222255,1.03676097,1286.460593,1.066249663,0.183354138,0.830246827,0.331451882
3.189847328,357.6904486,836.9430676,47.41305054,3.232722085,1485.544411,7.248890787,0.650861814,502.586046,2.664149621,0.348002695,1.351745795,0.419682666
4.604744075,376.6833922,905.1967117,47.11283465,3.339247635,1486.265278,6.22175355,0.759301169,323.995313,1.502197289,0.316828988,0.818960497,0.398254838
8.978367724,402.4949085,1067.216004,41.43049242,2.505518452,1652.026726,5.731659453,1.108491669,1236.179571,0.219932114,0.171177646,0.778174932,0.306990705
9.030741782,405.0304112,1067.275634,41.35197923,2.48411443,1652.037672,5.84789467,1.125099013,1229.103429,0.239150671,0.169757459,0.265155383,0.309273149
9.208340652,408.1734075,1069.60818,41.20311848,2.448877289,1640.877885,6.058102729,1.131466103,1203.533807,0.337942717,0.184086824,1.680228527,0.31411662
9.439407509,416.6729066,1078.452037,41.27834413,2.416813581,1635.505624,6.348301012,1.151552466,1147.890652,0.819089396,0.180100581,0.294438411,0.314468658
9.428864588,418.8278346,1077.275328,41.35770772,2.414109744,1635.107751,6.441002061,1.155542618,1148.695124,0.796443725,0.166700603,0.66106652,0.317204621
10.02846829,431.4402944,1088.189311,41.04839246,2.321736309,1599.587161,7.251289777,1.191353814,1009.205742,2.941198092,0.233064507,0.352202481,0.325011377
7.995973852,525.2897273,951.0796865,46.59669471,2.708167932,1541.549353,19.86122403,0.819457469,1449.384102,7.04373106,0.37283025,2.031234537,0.460128366
8.608012883,420.2252163,1049.278809,41.90073584,2.534786886,1638.50016,6.489875111,1.053619277,1271.622902,0.884258082,0.202539863,1.671328424,0.328561977
7.340030389,403.6374576,938.614265,46.44927382,2.956610912,1562.071424,5.317364539,0.719972817,1516.30001,7.278741473,0.38970943,0.577486319,0.406281925
8.830860979,437.7810418,1040.944859,41.34640155,2.437295988,1611.279595,5.834705061,1.00477926,1171.034521,5.449962184,0.266298281,0.594018574,0.365993319
8.454845978,418.4979262,1044.645976,42.17848587,2.569344927,1618.902053,5.569811534,1.029405782,1242.457029,2.049311626,0.203203025,0.5861136,0.333895894
8.4394664,408.629141,1044.984632,41.89899558,2.573049954,1636.078856,5.45777759,1.053400609,1316.030259,0.842971539,0.206617433,2.035907105,0.320465937
9.222441335,162.7603228,1192.570213,33.99117113,2.962257509,1698.764092,0.534348262,1.334230578,1243.863344,2.416520809,0.123163993,0.556671945,0.11473801
9.101708262,422.5069747,1064.71101,42.22736759,2.439007418,1606.353108,5.8131981,1.120299197,1095.417787,3.915015102,0.211040093,0.884888727,0.328157083
9.073614349,423.3739827,1064.767148,42.05654589,2.458235524,1606.688428,5.874546582,1.115937834,1115.101145,3.82429861,0.205904908,0.883858243,0.330516102
8.972916483,421.3284165,1063.788208,41.91573642,2.491342421,1610.566769,5.666183411,1.0987107,1144.092388,3.744035796,0.210522892,0.46007335,0.329972998
8.982421434,420.3758896,1064.165007,41.93362694,2.485146343,1610.915336,5.655105269,1.10256053,1157.786913,3.172555085,0.185919366,1.290433608,0.329434997
8.910392565,418.3249317,1057.320634,42.35893627,2.456698714,1606.179548,5.498571044,1.122648667,1119.113752,3.631599619,0.199688954,0.268817245,0.332641366
7.150841651,504.4887772,938.2361684,48.01253619,2.729733867,1575.959741,16.51929531,0.884646925,1395.108992,6.23942162,0.336567064,0.542052441,0.447477583
4.573845664,418.8911301,900.3699687,54.6448438,3.566544409,1450.75765,7.54451318,0.793065591,141.2865979,0.201802565,0.319598183,0.34126222,0.423961577
7.332983481,391.7073469,964.1661727,45.67000871,2.877167852,1543.196456,2.502053634,0.946602333,1130.433267,4.7561454,0.263267514,1.030217943,0.356084387
13.18877538,453.1074154,1100.942936,45.64674525,2.203732536,1404.642303,3.810135995,1.34134975,167.8718582,5.44818221,0.377068387,1.026358761,0.417063777
4.813671585,382.3244608,913.9664271,48.3252683,3.32878882,1472.152022,7.570075885,0.792060946,247.9828196,1.172545146,0.305270121,1.529832982,0.395017223
4.57457607,421.5233978,899.7496918,54.70802345,3.575107174,1446.360248,7.679438857,0.786420897,145.7453927,0.249639998,0.338274138,0.509847737,0.429242316
13.40210912,430.3760115,1107.258417,47.15050842,2.135613475,1411.257833,3.747582873,1.420757355,186.4737955,2.36194427,0.334777556,2.028720525,0.372823009
9.051488906,438.1162327,987.8149212,49.00219686,2.473494092,1517.406992,5.016446349,1.015263787,495.5275521,4.931073187,0.445490777,0.452108377,0.431870207
8.986478538,437.5156916,985.9137849,48.92026686,2.493183794,1519.868249,4.92490356,0.994530679,533.5560029,4.561708723,0.467103552,0.335632972,0.432633177
9.08780911,430.7480199,986.9225684,49.15554878,2.516816875,1497.442421,4.514065142,1.019047114,506.8335371,5.971288334,0.351957738,0.679934316,0.42635561
9.083289167,466.8240333,972.4013686,47.92193776,2.571672475,1503.244039,7.223139559,1.05173219,248.6222291,5.334811155,0.387244678,0.342224799,0.446331451
11.53778133,433.0739537,1073.021074,46.19627204,2.327558949,1488.316375,9.230331069,1.152615794,711.768732,5.796697152,0.324500899,0.25427679,0.385394122
9.964763135,418.4072066,1023.878333,45.92792479,2.526727887,1518.657879,9.130125238,1.009617483,999.1675068,3.837658994,0.28250134,2.224435584,0.387688097
11.06366126,460.8800557,1050.424726,46.22395861,2.349591511,1497.872903,11.31612263,1.112709806,830.9505665,4.290867759,0.269722792,0.940367507,0.415770815
7.761895129,354.6151125,1000.913983,42.47411106,2.875331046,1582.993189,2.476707484,0.965954768,1016.216996,5.034182821,0.240322804,0.360603754,0.305725858
10.66812047,911.12396,910.4481904,61.09361756,2.184657858,1493.23191,45.05722015,0.778037852,2540.476493,17.1221274,0.545611511,0.464652384,0.939123793
6.837951752,701.0126194,749.1864024,55.53890841,2.223210934,1520.235211,64.90513436,0.379470636,2921.826158,23.9851899,0.546235044,0.542897115,0.862441762
3.04053785,380.3297294,685.7719406,54.89027912,2.666258892,1582.694735,10.31290974,0.462145291,2817.777102,6.29598211,0.211313541,0.503403373,0.402416087
7.852873049,207.5770375,979.6691211,43.02870351,2.388720884,1669.815335,0.970400581,1.022158291,1783.021877,0.795903579,0.151300338,0.463207795,0.165715035
-1.525845207,395.1652422,527.8360462,44.28256319,3.094539453,1613.90086,20.24526681,0.602813485,3795.304124,4.486909773,0.216737898,0.453050561,0.371176102
7.072407533,294.384954,1008.755225,45.08751193,2.608848855,1653.295986,2.033407861,1.065116291,996.4492188,0.110475315,0.20105579,1.131444416,0.253531369
8.268796464,425.2811269,952.5972003,49.52139618,2.606380146,1507.124161,5.747236448,0.920558529,648.5844715,7.002821238,0.462791213,0.409184767,0.426202899
14.05530417,584.1517551,1116.547526,50.32022262,2.16964712,1387.8394,15.80208835,1.36662289,306.8878516,5.003991225,0.342463339,0.521524571,0.48238402
13.15970981,418.3505939,1112.769459,45.87580376,2.192089993,1427.725096,2.208959403,1.356494965,246.6638406,3.495410945,0.29069539,0.856428202,0.367141986
13.09618448,419.7080082,1113.393018,45.5259826,2.206135144,1425.568421,2.19897796,1.33840468,294.8466216,3.60979193,0.319342716,1.174251873,0.366443917
13.06333711,416.0325656,1109.749034,45.69185294,2.195179351,1423.575231,2.151588696,1.356829594,259.1433664,2.737276285,0.314020084,0.775203582,0.363954958
7.664059045,391.2228203,983.8699477,42.27500495,3.02232642,1583.595898,4.399442721,0.80245861,1187.110571,6.747903708,0.293120066,1.086736617,0.346489529
10.29991502,558.2558608,1028.495439,45.54771854,2.29965056,1517.6455,19.13492565,1.041984984,1040.664509,4.800473979,0.3560091,0.623226437,0.489998463
10.30901667,416.5286621,1041.081795,45.28661155,2.518800353,1501.397594,8.752523935,0.988901238,1006.432027,6.393555071,0.358611757,0.677787567,0.381706333
8.822262449,400.4331518,1053.343233,41.78041404,2.450355456,1598.659011,4.333379573,1.036863002,1112.655175,4.503072297,0.221725893,0.508045114,0.321955787
9.210989129,410.4513597,1069.600206,41.20801583,2.444304992,1640.070158,6.189503513,1.129659984,1202.868447,0.313340129,0.187476639,0.448111078,0.312929152
8.93426472,438.0622258,990.304207,44.58558349,2.591968854,1528.131598,5.044868807,1.049618698,347.4281766,4.547816008,0.341889027,0.674823629,0.405669783
16.68642494,1209.88167,1129.936551,65.05193715,2.285865685,1288.677876,35.09198812,1.576045557,88.80634893,1.966582054,0.5165302,2.093845714,1.068451759
17.50066839,985.2358402,1120.407478,70.47457192,1.87137719,1629.347166,46.02449271,1.598941346,1634.629258,6.805615969,0.438702877,0.668638166,0.939633566
18.68903449,951.4126826,1160.311368,68.53113416,1.75940705,1660.786899,47.09575976,1.736798867,1436.369444,4.656273077,0.44828134,0.548570688,0.876769283
14.32703484,1042.949152,1041.345098,70.88975642,2.333109182,1513.310123,50.53200238,1.225297282,2117.585849,7.682731293,0.546119126,0.60361643,1.157701689
15.53798627,888.4682781,1080.056852,67.6559626,2.04149682,1563.31695,35.74476577,1.454016857,1906.937535,1.865597512,0.386767383,1.792836349,0.901755771
14.83354765,907.9532591,1071.860786,67.03980104,2.144719259,1537.902628,35.51558967,1.330325148,2065.438044,3.36212873,0.434764376,0.41403955,0.942635086
16.53740056,1259.637056,1029.796444,69.46840457,1.696595042,1243.069907,55.48832636,1.45959285,1246.845338,12.44707091,0.639355665,1.488203257,1.329237608
15.17153291,835.3785218,1064.711642,61.94848436,1.715361643,1670.311767,34.5463128,1.295099333,2128.09848,6.116159159,0.445606628,0.461167949,0.766168777
11.25552994,973.7753162,909.7697291,67.86560276,2.209419097,1287.095325,35.07018979,0.857860458,2318.014686,11.41709016,0.539863991,0.397412897,1.199052517
14.48819374,804.412789,1096.696847,54.8702042,1.94110995,1654.925916,57.3010043,1.185936685,2325.035646,12.17251239,0.545328905,1.102293154,0.706816515
10.83046825,971.4829908,883.9604591,69.06713372,2.227968952,1264.317995,38.56728322,0.868809341,2276.798653,11.18501306,0.556138254,0.251138965,1.224621887
13.82518881,832.3284267,1048.754957,59.53486667,2.182221117,1452.117652,27.98510917,1.176371332,1887.197347,18.45931798,0.409349523,0.653849401,0.850252531
8.824119021,884.8972199,850.694551,66.25481299,2.622870896,1517.350103,44.9036201,0.748823446,2878.309792,11.0395589,0.513100113,0.393291803,1.004799461
7.868598579,890.020091,789.9614136,67.42489304,2.742123793,1479.855153,51.46150348,0.644437141,3081.573361,9.448634026,0.462146214,0.359430592,1.051793165
11.01428193,889.8440497,870.3428001,69.13869349,2.151908423,1255.761326,43.62913271,0.834558636,2181.997069,9.905522878,0.624674289,1.076087193,1.139453855
6.455564051,918.0630846,721.705821,66.66528774,2.979847956,1478.461555,69.9488738,0.407039589,3524.282295,14.50325535,0.50567259,0.421155753,1.105951561
9.212455386,893.9139597,877.8635264,62.22995139,2.568371626,1467.780832,55.57963314,0.735782888,2872.782255,18.28917871,0.495672734,0.955418302,0.933861613
6.796426936,907.2550845,743.2731647,66.25131911,2.931122173,1501.626331,65.60704373,0.451189098,3412.055316,11.1579395,0.526422705,0.544192225,1.076772864
12.05104795,837.6020524,1051.148996,52.50376394,2.155839584,1771.766824,68.82790636,1.077637629,2486.769494,3.732687224,0.400287697,0.753790165,0.70699235
11.92478555,845.2199058,1046.266797,52.74995084,2.159148068,1731.122247,73.87522144,1.067855896,2534.356231,3.566604359,0.399091431,0.445660305,0.713574301
15.31390266,928.6081915,1112.036346,58.08731424,2.335216282,1279.627426,31.492305,1.329898442,348.9814747,10.82297408,0.561788034,0.295634257,0.811046928
8.771517415,362.9341818,895.6394723,56.24409828,2.110860752,1590.65382,7.076393684,0.923536432,1668.47754,6.490475085,0.203598363,0.604182983,0.367952214
9.429873573,332.9499449,946.3435169,54.33929531,2.170423248,1595.124212,5.426207185,1.059236134,1476.659286,2.751833858,0.213559835,0.31400164,0.322133973
7.039885285,300.1527781,843.3737959,55.33959922,2.323128437,1608.46807,4.544965705,0.8122081,2020.672047,5.605633574,0.176167224,0.50094468,0.308206872
8.368604238,286.2935139,913.5501077,53.22232676,2.183876212,1610.180541,3.147212077,0.961335198,1782.289071,3.527650704,0.158873135,0.350179719,0.283102586
9.297851884,282.0536265,970.7909391,49.76109543,2.211235908,1633.942702,2.630358855,1.121376216,1531.49523,3.564887362,0.140094507,0.306761771,0.259546707
9.520881721,279.2508002,991.9013096,49.90939261,2.293316432,1634.557036,2.543670392,1.117319905,1489.772635,5.069640074,0.150624297,3.161530009,0.254997328
9.296650084,251.7253536,997.8025736,47.61537447,2.298062181,1647.535565,1.732561719,1.139245602,1535.259486,2.709795246,0.143692719,1.513359613,0.223583585
9.139080075,247.7177739,988.8540149,47.2532279,2.243021878,1661.703993,1.523536857,1.105043857,1580.343379,0.829456237,0.130899293,0.344713432,0.222459282
9.763847012,258.0405207,1023.914151,47.96690507,2.313751453,1658.920579,2.173397674,1.192067743,1383.097665,1.6110718,0.149972432,1.246515972,0.228039034
9.611966546,260.9552853,1018.667639,47.98894671,2.344151814,1660.4178,2.238167945,1.183660816,1434.153794,2.282491967,0.143684801,0.411589934,0.229805866
9.728722728,256.2225202,1022.993048,47.6447087,2.305179273,1662.041074,2.129789974,1.206844156,1390.762948,1.611797013,0.140428665,1.413829535,0.224365019
9.607125108,258.8982082,1019.134406,47.70509028,2.335741167,1662.559302,2.192841858,1.199013564,1430.42575,1.964360254,0.132606199,1.076141975,0.226741705
9.158890061,240.9094905,1004.089952,46.16350275,2.361953736,1663.350161,0.959831094,1.11123009,1560.905021,1.513660419,0.135463508,4.614911444,0.212102343
9.745320425,243.1236845,1023.020442,46.46038694,2.307595494,1655.612616,1.284008738,1.190004496,1393.816471,2.983409948,0.151170048,0.395043118,0.213106653
9.752157718,242.4969371,1022.701172,46.30287094,2.300661416,1656.337459,1.173296134,1.19494701,1381.18086,2.535607368,0.149662454,1.528403533,0.214501228
9.71001192,249.830107,1027.063794,46.74219171,2.304091804,1668.898814,1.855134129,1.21961815,1388.987518,1.763799849,0.138470475,0.971020055,0.217445509
9.851184238,243.0015626,1032.417895,46.37095354,2.292220083,1664.064197,1.220781023,1.221341952,1333.616167,1.546324907,0.141871831,1.448561674,0.209232747
9.851875245,238.9925187,1037.577505,46.0625711,2.323234417,1664.131546,0.92941263,1.223264308,1324.448951,1.680527939,0.135622281,0.658849097,0.202541446
8.93856072,226.8409837,1025.089394,44.19883783,2.533214462,1630.548822,0.994252905,1.103707719,1589.73645,8.325879954,0.14799139,1.987250501,0.194921321
9.397433207,244.7269418,1030.833491,45.47266903,2.422981027,1668.012333,1.62011962,1.178223633,1459.400808,2.250454656,0.141049179,0.411500479,0.208149947
9.058383434,221.9147376,1030.572955,43.7302448,2.506446574,1641.603841,0.782495187,1.147685313,1565.03583,6.922873441,0.135757194,0.603122875,0.189983459
9.535638455,246.2030064,1033.332663,45.58311745,2.379941324,1666.054464,1.783750304,1.202910723,1411.144287,1.559484922,0.147712803,1.356063798,0.209887817
9.469212362,293.3376367,1017.993757,47.86935211,2.403034098,1666.217862,3.393463877,1.186079214,1432.066206,1.630276862,0.134827108,0.57565666,0.253907719
9.648466454,207.6876078,1062.12141,42.80970922,2.445886773,1672.196207,0.622121962,1.22356063,1366.314847,1.913165257,0.146833269,1.045935638,0.169757155
9.768991385,207.2945945,1068.437723,42.87960211,2.443900343,1677.965222,0.593698669,1.245890117,1343.28711,1.326063936,0.140016622,0.597828235,0.1690099
8.897693743,425.0535333,1000.845035,46.78015498,2.503331481,1602.934881,9.835664905,0.976451541,1486.299809,5.106340202,0.208069958,0.377219846,0.358882561
9.818194468,228.7529836,1061.024641,44.37222503,2.411511474,1667.187289,0.820330214,1.252897115,1316.681975,1.886907328,0.14460366,0.265081973,0.187826733
8.961710258,321.0976754,1011.159343,48.05989746,2.522961303,1652.256022,5.282258025,1.089495345,1550.523365,0.456041986,0.166791086,0.900167523,0.27643857
9.87901148,229.3230232,1064.55182,44.49667387,2.425878961,1660.033085,0.82151118,1.269238849,1289.867619,1.643162254,0.150271385,0.581629636,0.187432365
9.87296735,228.6219945,1065.034074,44.43448843,2.430157321,1660.722466,0.806574303,1.275510027,1298.995506,1.575387804,0.150067399,1.080505685,0.1865525
9.683756267,270.6652611,1034.291999,46.17947482,2.364646977,1664.859067,2.684067293,1.22231686,1368.549433,1.60031785,0.152832202,1.833788715,0.231534495
9.711127614,241.6832747,1055.208438,44.74727365,2.424879365,1660.913652,1.863586439,1.256111655,1338.82058,1.246851215,0.140318209,0.292272586,0.200655262
9.512235779,288.5541831,1017.255411,46.01239915,2.365443704,1660.764274,2.910273908,1.158092636,1415.765317,1.475019491,0.159318686,1.268184049,0.250034875
9.498008178,290.2717361,1015.234043,45.85892345,2.361091912,1660.644243,2.964140997,1.151914605,1419.558119,1.308159626,0.16011872,0.431547857,0.251636574
9.50995712,287.8103254,1016.564572,45.7498198,2.36198443,1663.995506,2.867704992,1.162601125,1406.891595,1.285034079,0.159419544,0.877852028,0.254182347
9.524512944,293.4023004,1015.692628,45.98244426,2.348490401,1656.868356,3.065990532,1.155419225,1402.390746,1.250800815,0.163492366,0.363245451,0.257227404
9.618714492,268.5036303,1031.313081,45.53679639,2.368824696,1668.533646,2.552059577,1.183832307,1357.985107,1.478335056,0.161393814,0.294248203,0.227057084
9.486646526,292.1445833,1015.411333,45.66456043,2.35923916,1659.26803,3.087048825,1.144710987,1418.676537,1.116001872,0.162210824,0.725260224,0.256212533
9.542036869,279.4078859,1025.167919,45.51851966,2.376818716,1665.821104,2.707981775,1.173225468,1395.71841,1.36826844,0.150381345,1.598430355,0.241474851
9.496445545,292.1967223,1017.404369,45.70056539,2.36072565,1658.889069,3.088943347,1.15166164,1413.585175,1.012279677,0.157685298,0.849238643,0.256218283
8.970070419,428.1908589,1016.284249,44.54875352,2.512918901,1614.607593,9.293944113,0.999380907,1474.886941,2.719893518,0.219342637,1.909000552,0.349290583
9.548709395,302.3817011,1016.245721,46.12748888,2.349938394,1659.616115,3.222530928,1.174131762,1377.915351,1.306384569,0.16698087,0.499113372,0.260807945
9.79757878,263.73822,1030.652322,45.20154211,2.30132907,1665.106504,2.556368214,1.234592581,1292.178599,1.262182845,0.149035384,0.577477451,0.223420305
9.355040647,380.7992227,1017.866528,46.10658692,2.425840999,1620.321929,7.797632345,1.062321319,1399.914962,0.453575953,0.19212174,0.705544217,0.317873106
9.362002535,376.7840211,1019.896501,46.04822735,2.42296209,1616.62757,7.563492539,1.064676683,1394.772734,0.331917904,0.210655539,1.058922367,0.314152094
9.37495327,353.3893532,1033.746009,46.26598947,2.444933416,1625.145353,6.654333337,1.078084781,1395.123876,0.282899134,0.20187884,0.630597766,0.298632819
9.355366804,368.6982887,1025.532371,46.07247785,2.434138603,1617.437505,7.202402068,1.067896771,1400.18285,0.626647447,0.197819443,0.701987414,0.305885092
9.66669064,239.3107589,1056.898439,44.25767377,2.462448743,1657.522316,1.763876507,1.258501628,1347.349985,1.661319263,0.146317026,0.591387997,0.195757519
9.206134519,298.3766697,1032.568228,46.31701293,2.527535891,1663.276215,3.566910877,1.148881035,1470.002993,1.403207786,0.157132235,0.276760329,0.251301325
9.372393932,353.0030738,1034.978883,46.16107888,2.448239812,1623.773052,6.56985717,1.072933905,1395.304348,0.416995854,0.208494252,2.33261954,0.29418332
9.353501831,378.0091276,1019.189166,45.93712677,2.414735494,1615.347423,7.581951959,1.063595607,1393.329847,0.286763702,0.21774265,1.487552086,0.316883564
9.357970564,374.5227484,1021.392907,45.93683682,2.41874219,1613.523878,7.433751785,1.064405027,1393.106208,0.329794049,0.196440417,0.882468144,0.315003428
9.628701746,255.4872342,1047.284825,44.8881956,2.419221989,1671.307721,2.260333175,1.245007293,1357.076717,1.833912746,0.14299702,0.810799637,0.21297603
9.34448538,375.5458597,1021.034477,45.87239486,2.41255945,1614.638512,7.48958694,1.064410301,1392.376267,0.281732008,0.21425945,0.563202538,0.315812012
9.574248923,231.7087357,1067.669618,43.54625474,2.526291574,1664.035246,1.172099256,1.27228033,1359.125428,1.614482419,0.147801361,1.007805955,0.187449531
9.524479305,233.9704859,1062.754751,43.64207698,2.519159001,1663.005816,1.351790503,1.251466452,1378.004682,1.583105538,0.149381576,0.747138056,0.190530075
9.527287084,273.8049518,1039.794764,44.90965681,2.428352718,1666.396882,2.577332384,1.216015297,1388.286101,1.825288747,0.150252851,0.295617636,0.229108032
9.598378374,228.7170868,1071.879406,43.41436597,2.537731622,1665.13116,0.853208929,1.277269855,1351.125469,1.696446893,0.137082767,1.635442418,0.184852371
9.648195703,256.9082903,1055.995193,44.49393543,2.435940849,1677.776963,2.301352457,1.235134726,1348.849559,1.50956916,0.140782502,0.350260421,0.213698464
9.574283228,230.7982525,1068.109728,43.44136027,2.520857145,1663.800315,1.118956899,1.26397746,1355.092315,1.589070266,0.146356451,0.82464339,0.188535553
9.672291775,254.8686051,1057.973868,44.3818115,2.434308488,1677.765434,2.231517851,1.24068517,1342.232564,1.544570166,0.141902767,0.389705233,0.211827076
9.49107206,325.9366715,1051.490853,45.67848758,2.459378723,1618.80567,4.970060299,1.120735224,1353.366713,1.090550943,0.189787822,0.42625592,0.26423119
9.961006621,209.5190662,1073.284643,42.05085762,2.382522537,1667.228945,0.600150906,1.338989668,1239.920787,1.412977745,0.128188215,0.557505585,0.16335498
10.02034613,212.1472477,1068.032063,42.16010959,2.344303175,1664.131281,0.661071854,1.323407947,1227.956535,1.210292847,0.138482259,0.568096851,0.169551631
9.441617713,339.4247519,1043.597316,45.31510967,2.442458617,1616.733847,5.798324568,1.098514027,1350.683152,0.236132813,0.205972769,0.56927599,0.27962804
9.515129968,225.2917479,1074.247012,43.02300698,2.566035868,1669.342402,0.767820503,1.240862716,1381.058373,2.434080749,0.131105619,0.276274426,0.182068862
9.650925365,284.6411636,1039.054685,44.74774247,2.392607176,1661.805414,2.693278723,1.242829643,1330.184736,1.080031345,0.159870243,0.776628736,0.238225373
9.440764993,337.6169477,1045.795025,45.23767467,2.446802371,1618.257953,5.69815236,1.102685524,1348.086228,0.249889045,0.198913006,0.380117481,0.274969717
9.343022275,346.0456136,1046.354413,45.11549974,2.477639026,1619.359792,6.117848675,1.098745252,1370.400151,0.366192767,0.184524143,0.48061743,0.28070341
9.33282867,411.2438456,1048.65334,43.66811158,2.47464263,1620.846986,7.866651653,1.062771923,1341.441789,0.57604174,0.195074211,1.968703849,0.322759976
9.665874236,284.1245083,1039.163151,44.64754362,2.387091011,1662.453151,2.669177267,1.252582892,1321.724171,1.025198425,0.143601959,0.46220987,0.237501257
9.44465694,336.1242899,1047.746723,45.11718679,2.450203057,1620.570691,5.588405796,1.110913353,1344.279911,0.256657063,0.189633982,1.050470089,0.273086239
9.758669828,252.3541566,1064.981993,44.08011007,2.454278318,1661.92229,2.078745643,1.275531839,1294.412789,1.493214613,0.146970868,0.648812633,0.205752871
9.488346622,331.4299115,1051.468383,44.2656907,2.44301096,1628.858261,5.191523237,1.147361697,1325.930922,0.258432456,0.191012525,0.924810913,0.267979241
9.917087038,232.8213779,1074.122768,43.15848531,2.434121097,1660.951746,1.173605933,1.290611682,1236.449529,1.578713554,0.155466005,3.53928441,0.186551323
9.914403406,234.4946587,1082.016745,43.17962276,2.478867964,1652.513771,1.278500401,1.282155445,1231.540478,1.867340886,0.161371292,0.59705994,0.187103065
9.42453467,336.3743399,1053.187025,43.88730534,2.458544771,1627.144004,5.373646192,1.131128093,1330.79535,0.35681481,0.211043141,0.84362479,0.273041917
9.39517417,337.0125094,1052.793992,43.84567929,2.4583788,1629.052173,5.390528488,1.134407497,1335.486867,0.668993953,0.207746072,0.527864269,0.273488912
9.161732886,316.0544448,1039.458212,44.18532194,2.513991548,1632.172713,4.889819368,1.095997626,1440.926667,0.938207749,0.202621072,0.935746984,0.264781632
9.433587774,335.1495153,1054.548266,43.79178929,2.464891881,1627.141629,5.26945965,1.143317497,1327.489529,0.394177929,0.178499822,0.806308691,0.268395079
9.379391311,337.8652465,1052.841745,43.75092013,2.458979331,1631.79249,5.407893649,1.147070092,1336.544463,0.801021204,0.167586875,0.366004122,0.270772512
9.886382502,235.1649641,1080.996232,43.05007188,2.478114768,1653.376059,1.446086723,1.296913665,1246.073382,1.713935746,0.146717427,0.990930776,0.188533906
9.507755222,289.4026761,1027.444937,43.65732489,2.362557301,1657.204417,2.798781542,1.210693772,1361.499028,1.156868538,0.158041519,0.752944046,0.249016433
9.431157074,333.1262813,1055.253428,43.72133634,2.487040745,1629.797441,5.106005242,1.14649609,1331.514838,0.715120674,0.176862597,0.779292501,0.266250396
9.384838252,338.5988252,1052.492235,43.69651803,2.459702961,1632.287302,5.435465558,1.156416925,1330.253709,0.543675052,0.179742997,0.624003022,0.269872797
9.42274994,333.5500606,1053.785637,43.68752682,2.490798725,1632.72557,5.08925637,1.150925664,1335.109461,0.847570871,0.159635042,1.461233691,0.267461698
9.278645571,282.7172542,1048.834089,44.00150511,2.505572077,1647.955057,2.886107565,1.149291954,1416.888222,1.191503383,0.172440135,1.530909581,0.234167709
9.401157262,264.1326177,1053.474868,43.42277348,2.501631853,1665.088924,2.42780394,1.186632863,1395.669675,1.013207521,0.146746074,0.55953518,0.214830581
9.348369081,344.5326687,1048.551835,43.63564716,2.460890134,1637.621165,5.822397803,1.148585545,1332.889455,0.70683532,0.185056693,1.741874674,0.27219033
9.964514147,229.5951912,1081.957433,42.7980329,2.445897279,1657.369475,0.931746492,1.309093429,1209.515298,1.593048349,0.149935512,0.398011406,0.183509528
9.277744981,271.5944862,1043.165275,43.01434048,2.494152007,1678.070168,2.696728069,1.170696406,1428.480395,0.967435927,0.137955339,0.716696565,0.228146379
9.300059637,333.8550096,1035.282135,43.44395796,2.444919047,1637.758504,4.885765806,1.102793141,1394.590513,1.514002,0.178395904,0.528453907,0.278989756
9.012930531,267.8546291,1043.497191,42.68490534,2.570757101,1687.746234,2.734269918,1.120934451,1517.079188,2.106084371,0.144958657,0.68490328,0.226808303
9.015400806,263.0194644,1053.844894,42.54649125,2.593263063,1676.521232,2.525302618,1.142122008,1524.42389,2.088883942,0.155279987,1.064420073,0.217932129
9.214424874,280.9434007,1042.389807,42.77691634,2.497559342,1672.202413,2.947587425,1.163277539,1437.453818,1.328274788,0.155056822,4.280077902,0.24042554
8.987344626,291.9116804,1051.576506,43.36296943,2.601992531,1670.619018,3.344868178,1.127917403,1465.656129,1.155605173,0.1483929,0.625373783,0.241649906
8.958080096,292.7379124,1050.52757,43.391628,2.604227955,1669.818643,3.359825136,1.126406769,1473.043133,1.21081449,0.166937032,1.526575962,0.242357415
9.751100406,197.7027199,1109.961626,40.19916323,2.559978233,1685.046964,0.486574209,1.296236942,1280.013578,1.343455983,0.128609623,0.281602788,0.151736241
9.7840115,197.4470386,1109.608442,40.23203115,2.5501458,1682.865656,0.486898495,1.293082383,1270.779103,1.15951216,0.129603693,0.81066797,0.152024759
9.311329636,261.7991212,1064.189733,42.3768025,2.533403813,1672.193191,2.425394913,1.20094379,1390.229637,1.20815991,0.14317565,8.877535493,0.212474565
9.135907962,270.6735862,1066.314866,42.7841039,2.584624963,1665.852054,2.657065873,1.154695858,1430.401448,0.755178938,0.144870185,0.831259151,0.220586308
9.097445821,272.6525607,1064.817753,42.89880411,2.590269671,1660.812705,2.784700429,1.147498611,1431.318694,0.706215106,0.144976358,1.95594695,0.225163541
9.110316594,274.2465293,1062.472469,42.9253989,2.580699038,1662.467758,2.800214601,1.145665256,1428.162431,0.547755682,0.152820013,2.889226055,0.229497087
9.136914684,268.2812121,1068.554834,42.7041739,2.588608964,1663.33302,2.62617994,1.175513334,1418.166802,0.935575518,0.147823123,1.309041031,0.217127971
9.07813575,269.8306774,1068.957115,42.82417344,2.61066143,1654.1469,2.763789058,1.157231178,1421.016735,0.899292123,0.161893774,2.174999887,0.220582433
9.131569674,266.1245712,1070.345976,42.64132803,2.595787405,1658.607612,2.620585924,1.185681475,1408.608566,1.09000507,0.165243365,0.97264562,0.21432376
9.023623544,270.1365563,1071.206133,42.79608632,2.644410313,1639.898735,2.818441532,1.147232445,1430.91475,0.822082797,0.179974632,0.449491441,0.216802352
9.153055027,264.0594456,1069.679857,42.511681,2.581362541,1657.261373,2.591368164,1.179001188,1405.907824,1.113703199,0.158290858,1.613523307,0.21322146
9.335764736,252.8500037,1075.048684,42.09604508,2.553981891,1663.061106,2.101159073,1.225862919,1375.289255,1.563599675,0.158850458,5.415068218,0.204126845
9.28202612,250.9057608,1077.227063,41.90564664,2.581557525,1659.736361,1.992769655,1.203559433,1398.346311,1.585612557,0.171435087,1.258474202,0.201850005
9.332237402,246.491436,1082.597989,41.19387835,2.552307581,1662.719048,1.587858862,1.20730185,1347.568431,0.998961515,0.159715137,3.289628903,0.196481239
8.880305239,289.4551393,1039.896477,41.6828708,2.54108733,1669.878855,3.085645686,1.102195721,1450.11293,0.611422319,0.173542336,0.656043868,0.240125354
9.661580588,187.2102452,1119.79992,38.75432132,2.59101503,1684.739594,0.549588752,1.337598277,1226.602982,1.322714123,0.139840287,1.75890284,0.142121718
9.668339227,211.8861382,1112.270191,39.22501307,2.576443004,1658.524844,0.482205553,1.268222067,1225.652349,0.653066992,0.154795617,1.319093297,0.163672249
9.514580982,208.9303777,1120.696152,38.88155782,2.650252586,1665.707416,0.534385444,1.260540827,1242.638689,0.844758074,0.151486437,1.762680693,0.161030211
9.554318515,206.9929039,1122.969954,38.77833634,2.645411168,1661.228464,0.53627684,1.301864864,1217.806597,1.485455928,0.15321655,7.853611283,0.159039508
9.211523259,190.9272579,1143.927629,36.90895831,2.767581054,1707.149124,0.854573386,1.246944707,1359.997697,1.620453564,0.132823187,0.682458,0.139416747
9.671117054,203.5758172,1123.991001,38.78529298,2.608249665,1663.332076,0.530030628,1.316817153,1154.708108,1.959850168,0.152139779,0.959446825,0.157628893
9.591655218,202.6147834,1128.779667,38.53121783,2.64953317,1665.536797,0.496067169,1.303876427,1176.413863,2.113811606,0.14969367,2.883490924,0.15443562
8.62685866,278.3608457,1091.825229,39.54657511,2.681420563,1671.505936,1.691563925,1.12408887,1349.023293,0.365651859,0.163695284,0.346484856,0.21717098
8.140372337,209.7766248,1123.663258,36.69476062,3.027722315,1697.36657,0.985434374,1.137644631,1668.730411,1.75480609,0.136630851,0.72170055,0.152931394
8.95797258,191.0559056,1175.244769,34.44808988,2.957347571,1718.480654,1.062862064,1.23433401,1478.106996,1.295816556,0.139901318,2.344562749,0.131450321
8.539549461,306.8374954,1073.566849,38.14486557,2.707337225,1666.908939,2.027954174,1.108294269,1391.439496,1.093454269,0.172647991,0.409176371,0.238046736
8.298079727,192.9390872,1144.73687,33.42816652,3.092562202,1678.013703,0.928761543,1.172840649,1607.961903,1.595426579,0.147192719,0.569741083,0.136052967
9.277325369,182.0269457,1145.464283,36.0555858,2.736704715,1671.365359,0.454080593,1.300957166,1146.395196,3.062754893,0.126092657,0.484815252,0.13651694
8.272116246,192.6482572,1142.816708,33.36122509,3.100367477,1679.813385,0.920006347,1.17403991,1610.034997,1.779672954,0.143524293,1.469903363,0.136334366
9.497863804,203.4749717,1138.087354,36.77794052,2.693251136,1669.158453,0.934613849,1.24010883,1104.763978,0.732663216,0.159618829,0.664059998,0.157477244
7.993420386,192.9781443,1127.311584,33.31630259,3.167229139,1685.890275,0.901254547,1.151189376,1647.150232,2.084535958,0.138896077,1.036008713,0.138637868
9.000209513,183.1592322,1142.396169,35.99439721,2.798889265,1652.297315,0.479517675,1.275636484,1205.339592,6.657322492,0.129630181,0.62674477,0.134858663
9.290163542,192.7714266,1141.226357,36.53894813,2.735883181,1693.180794,0.707437079,1.340676202,1152.677503,1.062305012,0.122668289,0.455497844,0.143958493
8.910371404,182.4174725,1141.274293,35.97101443,2.827101424,1652.96374,0.506680466,1.271611482,1228.161282,7.048968212,0.12742212,2.114430619,0.134172318
9.155210021,181.4835759,1156.825563,36.05706402,2.783679882,1675.32719,0.535988923,1.299744807,1191.487092,2.753521599,0.118792256,0.732802535,0.131980697
9.272839793,169.7832923,1169.665055,35.6003187,2.810028863,1672.505607,0.445625371,1.354677387,1160.054084,1.135557349,0.128227086,0.45816335,0.122247461
14.91143629,716.1303785,1156.372345,50.90065673,2.23476431,1361.653587,14.41527263,1.294257441,547.8068745,7.03217821,0.391193515,0.358307746,0.594035687
15.21569584,708.3123924,1152.840015,52.49093495,2.254730189,1337.692181,21.32631294,1.373835091,363.1175516,7.207478796,0.394544685,0.488595042,0.585711645
13.8205014,617.0970709,1107.914475,49.53052423,2.220353924,1360.612812,20.76521638,1.258441767,666.83527,6.406503762,0.425809219,0.432312241,0.519153776
12.97409165,618.7913584,1084.62809,47.89969912,2.280863376,1442.477094,11.43577024,1.112804634,969.1157035,10.11537335,0.421002221,0.415462959,0.525707743
11.50083918,638.9091912,1041.46672,48.06447174,2.401671321,1453.041612,24.30118948,1.034242742,1012.777094,4.908420293,0.393902499,0.339583755,0.556630837
13.98277648,593.2199394,1117.773304,49.50095427,2.121083433,1374.649189,23.06471464,1.283339253,449.058339,6.025342247,0.387648059,0.606843967,0.494744978
8.26670487,364.0467847,1017.316264,44.41030317,2.73269533,1608.906343,1.936674586,1.010040352,1004.588762,0.126571056,0.190377629,1.147489321,0.321715197
7.600564631,376.1451093,994.8874647,43.45906759,2.965494555,1594.327863,2.918536289,0.89256435,1221.935811,5.601625803,0.254540947,1.049326328,0.342382038
7.106912257,379.6185621,973.2242333,43.41079756,3.071169879,1591.255772,3.599518793,0.785906556,1370.08883,7.879877997,0.260965511,0.409604513,0.358023245
5.249203016,404.4401571,902.6987798,45.74820772,3.233600668,1627.665628,3.355297368,0.772947495,1497.986684,2.629330648,0.324999983,0.384460142,0.383612992
7.203185254,370.9636162,989.8622624,42.46283836,3.010998974,1603.264129,2.263159545,0.815643789,1316.30406,7.224541719,0.265498707,0.64347859,0.334111816
7.843327885,357.301774,1021.563882,41.93723209,2.869730806,1605.185469,2.055881291,0.972222042,1136.554985,4.084371789,0.201584642,0.343979004,0.309481011
5.333075395,391.47373,905.6088287,45.32278494,3.247203453,1621.767824,2.940020739,0.757021976,1526.516186,3.365602866,0.283501971,0.836090489,0.373422462
6.239812812,381.2851707,946.4607306,43.42736234,3.149663879,1616.622341,2.874123238,0.789435457,1452.020708,4.503714268,0.246687593,0.416813969,0.349479369
6.615257706,377.870013,961.3710328,42.77609467,3.112424373,1611.449742,2.793171874,0.779933612,1444.255307,5.020019321,0.244456902,1.00119679,0.347320845
6.578125763,375.9272532,966.2466022,43.19092751,3.074161047,1611.383225,2.811267487,0.833960811,1374.859836,3.535013527,0.265936172,0.776507878,0.342458172
7.625711171,357.3909235,1018.56752,41.10128172,2.93521826,1611.034281,2.237157306,0.872905598,1267.252091,4.727872087,0.2137298,0.603345598,0.313846314
7.276042721,367.9169558,1003.975414,41.76561596,3.00533183,1609.034552,2.334582745,0.865140668,1302.881043,4.061017054,0.237675607,0.512947001,0.323196333
7.661825738,356.9046184,1020.080382,41.00768634,2.928372399,1610.609055,2.238886439,0.862768328,1270.819329,4.836119204,0.226186971,0.324804214,0.314328972
7.31515334,362.6616494,1004.966301,41.63089104,2.995632971,1614.720067,2.269497079,0.853583351,1310.859342,2.895518631,0.251348591,0.545931005,0.323423148
7.675059238,355.5006092,1020.560327,40.9800267,2.894251344,1609.313234,2.238672287,0.910322091,1205.480643,3.970213578,0.233007937,0.368527809,0.310371389
6.574929352,359.7072315,956.8611671,42.88062657,3.113774666,1618.771872,3.195308136,0.817664878,1353.053227,5.567067119,0.240595034,1.281085368,0.324988127
6.490932779,368.507091,972.6687698,42.16449455,3.108496212,1625.663448,2.866135945,0.880406689,1346.837069,1.977074261,0.23494551,0.653134617,0.32741418
5.871459729,354.157797,937.5743674,43.79392045,3.17198863,1593.785011,3.207620081,0.850975101,1334.388834,2.346314514,0.280007837,0.83801934,0.31945999
4.274261799,394.7813443,916.723762,44.76251668,3.471673404,1612.80319,2.848052652,0.693333845,1426.011368,0.30537831,0.290073157,0.305172455,0.372185765
4.248337145,389.9168721,920.560131,44.89942803,3.466839953,1616.579819,2.751950044,0.696731117,1424.405497,1.764135673,0.278436107,0.447476591,0.367388971
8.125437526,437.5254016,846.1253541,49.18922179,1.78381913,1566.170448,7.683791717,0.90577491,1859.962088,9.011858943,0.26646845,0.719508197,0.41075464
7.965859319,443.2319679,838.0945208,48.941735,1.781134848,1569.644726,8.103324628,0.865735111,1934.502633,10.13342735,0.263557858,0.442818668,0.421922371
3.040766061,371.9878203,847.9337415,51.77276561,3.339138624,1579.727939,3.0446876,0.597120023,1306.770744,1.739233851,0.311509185,0.571115001,0.419802925
2.871108999,374.2104755,843.1031125,52.1031001,3.35224812,1582.1659,3.076574679,0.591395469,1323.60532,0.901401627,0.319574722,0.462785896,0.424431328
3.000765794,368.2070747,849.5986862,51.6555468,3.346451009,1579.481029,3.030316422,0.586495022,1317.9604,2.608483163,0.334318502,0.68668543,0.415978921
2.247234638,379.8614474,830.9492285,52.65479362,3.474912574,1579.79521,3.788935553,0.507908751,1414.996102,3.667893342,0.348687124,0.580103136,0.436319105
2.005067339,398.3207273,789.100252,51.09532415,3.843852964,1546.148954,4.775682885,0.333646625,1677.358081,8.104012853,0.363744061,0.518237796,0.482443214
4.211052203,380.5678692,854.7643837,44.77772016,3.57120368,1581.892457,3.255316908,0.479445128,1466.43286,8.924382455,0.345495982,0.37189831,0.416223344
5.20512586,328.2118662,955.6671909,41.70030362,3.483200713,1629.864512,1.962083111,0.798488212,1373.745438,1.50479458,0.267575889,0.809407152,0.290405548
8.036712614,500.7592834,990.0954477,45.97501355,2.617717864,1570.276955,16.6980358,0.89057953,1332.237013,7.272452315,0.364374195,0.3128697,0.430870961
13.91760147,512.9323043,1103.81447,50.33719599,2.0761649,1396.931885,15.84158148,1.448628447,184.8647349,3.008969059,0.332742315,0.38005435,0.436212687
13.21025924,434.1166542,1099.502115,47.51011067,2.135778798,1411.004474,4.679194183,1.396548084,218.1082598,4.108877167,0.324284362,0.615557078,0.37924396
13.0425455,432.773982,1103.673642,46.07644728,2.261250118,1409.429196,2.100735305,1.278970673,262.9341518,7.436507509,0.366969545,0.885782682,0.391215376
13.17515929,433.0154383,1105.960658,46.33976445,2.232173462,1411.651672,2.143352098,1.321027176,229.4079013,6.163282862,0.364779455,1.239109362,0.390096544
12.97819197,432.3885876,1102.594548,45.98176155,2.274790753,1409.643216,2.039286657,1.265464264,281.9528743,8.077874865,0.391623299,0.395259965,0.390951755
12.18603086,398.5200557,1084.43762,46.51649537,2.229521637,1425.783823,3.971562335,1.257759523,425.3713046,11.73110863,0.400958823,0.540087954,0.352340369
12.94494825,477.9047235,1077.158539,48.51250658,2.118782761,1405.445013,9.62070316,1.310276447,358.0201364,7.91097452,0.361024588,0.369864126,0.419180669
17.40469093,1442.915732,1123.397015,69.04868964,2.20707861,1318.498674,50.22813446,1.647006046,215.2769101,9.232160638,0.636615962,0.36162633,1.376366065
17.05703601,1195.425029,1140.80846,70.6496228,2.848282943,1317.884405,34.49682236,1.717129796,12.65442503,1.038117471,0.54243383,0.29302992,1.126420712
12.70111039,428.9179161,1090.572454,46.94081221,2.184063326,1398.638117,5.175711687,1.314910593,337.4243089,7.526770555,0.379504709,0.252679955,0.378462578
9.480456267,309.9126729,989.3783158,50.26648238,2.07656969,1556.297719,8.272215048,1.026436963,952.5603474,3.908630324,0.191986622,0.387965091,0.241186474
10.71865727,253.6257896,1056.915409,50.79403625,2.050036641,1537.349299,7.022474106,1.272419697,577.1597048,0.242936191,0.183366812,1.238231578,0.181517671
6.521776171,336.8011012,919.770965,57.28265893,2.441659526,1468.478604,10.15352137,0.862106342,1196.232252,1.977573902,0.172165809,0.498019189,0.284442755
6.231138702,346.0868559,911.9184163,57.1509369,2.455291351,1455.198661,9.484722777,0.80276689,1323.089458,1.780085057,0.184047124,0.601148019,0.298594381
10.56730423,265.8826987,1060.0562,51.19725856,2.082550324,1531.155287,9.487759423,1.256891065,593.3568912,0.482934087,0.161506386,2.686542843,0.191915243
8.525812346,272.6275994,1006.508448,51.03125875,2.210215525,1478.467161,3.529421806,0.92061238,1223.438392,4.501843145,0.215581876,0.46858562,0.228439763
8.685163814,149.8088793,1166.383311,55.54162971,2.424611239,1391.847806,2.138573301,1.345684915,328.1281596,0.159085164,0.174272167,2.235613801,0.097214156
8.731954486,148.663914,1170.216675,55.41887042,2.423793792,1392.507286,2.125418583,1.349076017,323.197948,0.148174978,0.191696768,1.49417121,0.096558551
7.740065151,179.5312486,1113.116947,56.96862435,2.517002299,1429.66774,2.738167164,1.308963038,434.9675316,0.107989264,0.182864854,0.799368321,0.127943217
8.079854458,176.9612068,1137.860308,56.05179353,2.531797837,1435.220205,3.055767479,1.300496402,440.5314067,0.124521577,0.22153712,0.521631894,0.124040235
8.103713187,176.8815355,1142.270267,56.0523342,2.528710887,1435.231565,3.05473574,1.316831343,438.6687331,0.164992796,0.165167009,1.106848424,0.123887542
13.43146232,56.91045804,1120.148422,42.97374789,1.492640981,1500.96672,0.541971759,1.392475962,1173.524454,0.122761549,0.183433009,0.88282506,0.040288322
13.50231014,63.26706749,1129.593151,43.69562056,1.489221118,1492.760261,0.512388805,1.401254136,1183.70202,0.118947572,0.185037071,0.415125605,0.041822047
7.842933441,162.5119222,1116.087173,57.3027333,2.450520147,1424.73194,1.687726897,1.284244685,376.6670053,0.099141071,0.166025337,0.4786166,0.111903258
8.003254081,161.4228531,1122.935102,56.66941755,2.468067826,1421.055726,1.407585333,1.267042519,359.4757867,0.093009405,0.21553816,0.486476325,0.110796936
8.0976436,160.7869158,1128.736566,56.36883963,2.467445408,1421.339527,1.358773109,1.267368942,358.0186394,0.101046165,0.223105037,0.712827758,0.109441198
4.965496243,418.0696082,845.1043735,41.39611347,2.814433997,1929.860125,14.31998104,0.674143874,4067.419201,18.76960958,0.256919271,0.381806931,0.325765525
6.397485213,386.4611467,927.133629,43.51966839,2.689360915,1989.181864,6.772038973,0.862933635,3771.945874,10.82413895,0.20847634,0.428581931,0.296051204
5.684757963,354.75934,862.6032048,45.25817353,2.651311644,1885.783312,5.697215713,0.848425415,3751.392169,10.65349644,0.203039786,0.431427825,0.28145282
2.421982089,555.1595811,648.7960077,37.36421307,2.546469556,1677.32513,33.07008222,0.337318575,4154.131808,10.43078493,0.39017694,0.629499437,0.584031017
3.262191795,520.137037,689.9779437,53.41158004,2.548539928,1653.070261,26.15339892,0.481579245,3032.568889,16.13448565,0.265495921,1.477645472,0.533190537
6.498763876,300.0860765,805.9483668,56.48718608,2.357090247,1606.937959,4.874376012,0.850475467,2035.93591,4.121475911,0.151031352,1.857247889,0.306540179
6.480816167,302.526527,804.9699895,56.25505266,2.373054593,1613.301385,4.996315273,0.816105124,2072.033358,5.833559644,0.168800148,0.391047497,0.314278213
1.894310112,515.2318934,611.3193078,57.87674801,2.548309525,1670.843724,31.14688536,0.404027847,3186.13067,10.39284838,0.368958489,2.312816587,0.571344216
4.798121753,433.3075961,776.0411643,51.88238543,2.45471711,1689.54124,7.0024437,0.580199381,2590.043884,9.848707228,0.262318389,1.534196629,0.403484221
4.776238945,431.7339831,773.6682938,51.93886575,2.436576339,1683.014644,7.055758715,0.600346738,2536.624972,8.781162198,0.25992458,1.042148853,0.394144021
8.168097474,383.8889452,999.2022539,42.30074871,2.89599393,1573.055653,3.949485784,0.899078337,1008.969105,6.10651596,0.287015524,0.260996494,0.333500978
8.299869486,376.5297961,1008.033683,42.49315205,2.820353716,1576.159803,3.610956923,0.945384067,947.8505464,5.931554255,0.259091558,0.383644715,0.321609916
9.493330947,360.4633708,1056.065107,41.52533378,2.6629438,1576.764756,2.765375594,1.026840591,747.5584685,5.885822683,0.260859002,0.396768675,0.300259578
2.177418882,341.5687498,845.2696775,44.86382395,4.101596362,1637.633134,4.940733835,0.427063707,2018.689895,2.399362557,0.325503342,0.793388308,0.349966704
2.287291205,344.4669937,849.8934651,44.5541699,4.113530869,1636.789141,4.600390385,0.436751738,2012.140479,2.485057488,0.3405286,0.290561191,0.349957934
4.34285736,328.4052649,930.3447487,42.38584596,3.589563324,1637.553467,2.29549099,0.67139118,1642.982183,4.71818565,0.265108719,0.389944459,0.305439908
7.260811979,311.6888696,1005.231812,44.48338458,2.596038584,1660.206671,2.347715526,1.075589098,994.6836929,0.07416313,0.179408267,0.83847465,0.27103497
4.265522996,287.8368347,954.1342687,43.01355876,3.539821076,1619.866411,1.253672596,0.813941989,1323.167791,1.074426303,0.207176182,0.498692342,0.274253004
4.531170481,388.8777729,933.9638942,43.65519489,3.495681365,1611.045213,2.890481864,0.718005524,1426.430856,0.984782118,0.307537797,1.270422782,0.350934041
4.270123445,326.8183847,937.2848962,42.7630097,3.614655174,1638.317072,1.913153843,0.78702564,1421.980599,1.584342949,0.24453993,0.48794444,0.297925623
4.200337644,324.9963279,934.8291392,42.89014067,3.617452437,1639.533425,1.890006597,0.790786172,1414.89988,1.44202611,0.23069277,0.30865003,0.293402775
1.115015013,232.681378,830.2016569,53.77260173,3.484175612,1468.767637,2.186611809,0.558087329,552.7762263,1.2804088,0.224917723,0.682822303,0.308390527
1.170807555,233.7438733,831.4848744,53.41710872,3.482374146,1468.96496,2.185005679,0.563601564,549.532163,1.716663999,0.203390721,0.799345828,0.309184025
1.186100039,236.0705747,832.442465,53.06916544,3.492443408,1469.427393,2.210699248,0.537313613,562.6634289,2.069344391,0.216176044,1.437194173,0.313870422
2.852773287,427.6083959,826.7249228,56.67429093,3.211313751,1431.115756,9.641371091,0.627967903,200.6754994,0.345788675,0.328672333,1.151964593,0.489490173
2.779665161,428.8465623,825.1564082,56.33540376,3.194519198,1427.899273,9.682228758,0.604923724,214.5062967,0.261768684,0.322656253,0.6371045,0.493651589
7.403634491,319.5891281,1025.323906,41.73107541,3.417878333,1542.939862,3.339312159,1.056355577,237.6971715,0.581051494,0.284111253,1.34239751,0.306712089
7.373515445,320.3816017,1023.357102,41.69638229,3.41687004,1542.718219,3.291555243,1.034816407,248.7436321,0.669718068,0.308136598,0.603136583,0.309707902
8.88890909,410.2326712,1056.72825,42.04607394,2.446741863,1636.851934,5.90789902,1.111929446,1192.666887,0.52264004,0.187015602,0.357192975,0.318018274
8.917188029,407.6638975,1058.007834,42.08323731,2.434439607,1638.392578,5.594972111,1.121623444,1182.709251,0.671072244,0.193596703,1.292329505,0.314720276
8.622607909,400.5376703,1040.277749,41.86228461,2.469055108,1608.222657,4.354410727,1.053369051,1169.496285,3.732168535,0.219581368,1.186214111,0.326740576
9.722863787,423.9558248,1087.591206,41.07715935,2.380391562,1616.844388,6.740496264,1.156605559,1120.347852,2.349288571,0.209081538,0.707209359,0.318355747
9.700859408,424.5540188,1087.293077,41.04953429,2.387231728,1617.042145,6.775620498,1.144700533,1136.297703,2.480012545,0.215307226,0.64503058,0.318558162
8.985580706,430.2145468,1061.085762,41.46828132,2.491530518,1633.559709,6.499912282,1.101819656,1220.649528,1.523946257,0.171338858,0.348630478,0.33540282
6.009453742,443.5978024,914.9163311,46.45315952,3.022652936,1620.17656,6.122947811,0.880675682,1452.029065,1.209784028,0.27211364,0.268502278,0.414897213
7.671871509,359.8934222,996.6125087,42.67018969,2.890799867,1583.80931,2.611445915,0.909083836,1095.173743,6.535958738,0.235180043,0.491439996,0.31349164
4.255054349,410.7423637,812.9736638,44.39044152,2.594571947,1787.663285,2.062976461,0.663525162,2879.078134,1.972810149,0.164195515,0.981960883,0.347857364
4.07880219,408.9506462,807.0547058,44.35055296,2.601545393,1792.286169,2.053983574,0.681441936,2898.478841,1.26593939,0.132063693,0.65820651,0.347561431
10.3238512,364.2028762,1086.076771,40.44086901,2.607502741,1564.191158,2.337945008,1.044235402,667.8832184,4.203263887,0.257596408,0.328284768,0.303283824
4.361814897,410.3314214,827.2641682,43.30186408,2.60730994,1783.287567,1.934825268,0.617230889,2902.595972,0.936083325,0.184709823,1.290999034,0.341143105
3.93155936,404.3532937,811.6158159,43.87494416,2.626815108,1787.264237,2.082229963,0.638191765,2934.527898,0.399893856,0.159908496,3.382732076,0.339823057
6.423185249,421.1197751,941.595205,40.53531274,2.653321483,1911.602848,10.38787721,0.770869629,3871.405945,14.00963203,0.237972876,0.561541353,0.318904723
1.683404419,315.5592978,835.5558193,47.90978028,3.386596652,1513.343362,2.489502507,0.432266601,1013.600265,4.108475827,0.254900224,1.021894299,0.393217955
7.878929655,242.8450469,1106.535561,38.61654621,2.903785941,1702.026124,1.464854288,1.225835823,1106.509017,1.118088433,0.138259089,0.442880491,0.179615293
5.018007018,159.3805075,1102.125181,41.77741241,3.807137624,1679.398903,1.012608214,1.149733614,957.6842512,0.614125315,0.130123711,1.593992048,0.13814407
4.929399041,213.8035728,999.5848805,41.02872694,3.603820144,1688.833762,1.542941801,0.964306881,1346.849372,1.22088583,0.165261581,1.3016763,0.187257808
2.413343097,202.5107529,969.2897972,47.16687718,3.626982522,1621.865948,0.906316584,0.828820347,1149.908692,2.410012818,0.186317457,0.937420949,0.217580818
3.446311234,400.5864217,873.5327153,46.19804525,3.515336214,1580.47247,3.816821239,0.514313608,1505.645407,4.427809516,0.300636508,0.434331753,0.417580771
4.768871997,357.3179706,945.0080755,42.73420968,3.479839288,1633.885537,2.112572262,0.749090003,1394.465463,1.304927639,0.268922172,1.055736193,0.318072642
4.796379876,357.2145721,946.095917,42.61838208,3.492932114,1634.98067,2.132609669,0.754662877,1395.25778,1.259074978,0.276385705,1.210902065,0.316521862
9.627814789,228.077951,1073.16085,43.34583969,2.530779074,1664.551071,0.897291965,1.279685784,1334.890112,1.535333298,0.138829417,0.761737853,0.183682862
9.529046931,318.873914,1056.003489,45.40075935,2.449763983,1622.788274,4.522087915,1.149924226,1323.098944,0.802054383,0.174783533,4.076366444,0.260322574
9.506761059,317.0502207,1055.928648,45.16166269,2.451874813,1627.547147,4.479963777,1.129344572,1342.043072,1.133790988,0.178753677,1.033458955,0.258868072
9.753020822,203.6379212,1121.951237,39.32796232,2.590283638,1656.729528,0.446472729,1.323009331,1168.990823,1.982430975,0.140873727,2.66987517,0.159814436
6.514871307,366.7714424,966.2664219,43.27257158,3.023972733,1621.857416,2.875491638,0.879842288,1296.024789,2.416022431,0.290738472,0.649269053,0.328544217
4.470732096,391.760094,926.9945748,44.1626579,3.479318467,1612.581422,2.87129387,0.705668506,1423.978033,1.122510816,0.294503246,2.126480071,0.361314196
4.440409002,389.3812342,927.0668041,44.31237628,3.468442873,1612.663431,2.811212762,0.698914923,1420.734411,1.338036761,0.28458526,1.079725205,0.359554781
7.753737426,363.1015819,999.9415345,41.07153618,3.161053422,1588.56796,3.54360524,1.113444957,385.6798474,0.437015142,0.17148716,0.408136129,0.34303728
7.735863144,365.0775733,999.5308788,41.13689519,3.170219393,1590.875478,3.602525161,1.119502847,384.9662117,0.454521487,0.173430566,0.417650843,0.340968976
7.719357771,365.6420159,998.7598755,41.16044136,3.176545994,1589.650284,3.638463559,1.120887198,383.8293237,0.457839063,0.164737008,1.540385566,0.339105594
6.345956522,342.1402885,917.6079517,57.04430428,2.455203714,1456.686209,9.530297989,0.822019543,1293.001401,1.736495637,0.185875917,1.066581147,0.293044267
10.54028716,265.0522268,1059.466311,51.28626729,2.079380823,1534.161112,9.230881678,1.276857208,595.4411639,0.392707714,0.146937069,1.246778576,0.192546815
8.351122196,276.8142637,999.7150009,51.11575518,2.222543539,1482.607971,3.750642641,0.879955465,1285.623546,4.340152728,0.231657886,1.560716786,0.236464776
13.78438584,48.42235964,1096.960624,43.94227636,1.305568632,1482.7274,0.386594581,1.378520543,1277.801243,0.270623558,0.172280188,0.492360134,0.036880783
9.06906093,268.6828823,1070.765758,42.78645534,2.622287815,1648.658645,2.76309492,1.152705724,1417.177453,1.001014228,0.155037137,2.645192679,0.218017244
9.080914619,272.4546567,1066.484534,42.96560317,2.607184844,1655.975961,2.814504086,1.142957369,1424.458294,0.733916529,0.162646706,3.539791381,0.224718499
9.107217013,266.9258073,1070.461289,42.67520734,2.60371701,1654.587746,2.669849373,1.168351321,1409.944619,1.028604769,0.154787149,2.253067929,0.216540137
5.142723371,347.9373593,950.385065,42.27391431,3.386357807,1625.658309,2.363536979,0.789459975,1343.432123,0.407879853,0.260516059,1.132301046,0.307991336
8.195739271,398.048041,1038.694859,42.85729194,2.563429584,1651.09199,4.869529684,1.053755093,1284.721244,0.256928887,0.189645708,1.057496534,0.313594797
8.16244593,397.4250854,1036.42829,42.8305516,2.573789057,1655.957245,4.808024554,1.047992123,1289.246124,0.247461262,0.184412206,6.0718867,0.313034007
11.5429708,477.1251296,1080.5655,44.22578229,2.249325973,1509.537664,14.93709284,1.135351748,872.0709238,7.940258673,0.312773261,0.783750798,0.393105114
