TEMP,PR,PET,RH,WS,GHI,SM,ST,DEM,SLP,Pre_NDVI,PV_Area,AI
1.2912886670935484,1.420399251634307,0.40177255771219883,0.31816566516464156,0.23845029907068246,-0.016534914925901437,2.410033207702865,0.8342145235143188,2.359345232779678,0.8352856159261945,1.2425503113956398,0.13513607521858317,1.9052850791232454
1.4244121546414685,0.912806981936511,0.648184619456426,0.6806188214862615,1.4744590223285678,3.4496089205671,-2.039829087917589,1.216610188717281,2.5696175020384713,0.6375098609820835,-1.596777471032563,0.1178511209291819,0.9816464795296391
-4.432402998346628,-2.940742664459782,-1.2752141880515653,-1.4387781371923887,-1.7184005449765307,-4.051107457223891,-2.3191413310545292,-3.981140652181994,-2.0116054961783814,-0.8796481017069895,-4.936874876551122,-0.7525056478738157,-2.2791859011212363
-4.452341678055883,-4.2108027371705985,-0.6438738567723581,-1.2826819858632774,-1.695043272142971,-5.8959472901728525,-0.9609538244782014,-3.2268076312600176,-3.071504909239916,-1.47296057471307,-9.009619249325349,-0.6236008281772956,-2.5588520418712872
1.6162635918272044,1.6262917515299176,0.6231603148408856,1.0414288732600916,0.37447401220845583,0.18418832723581635,1.4046612007952193,0.9575941466121003,3.5328466847985203,0.6926965381650051,2.4376615372812376,-0.023109413580063513,2.846816545040347
-0.3928060034961284,-0.1669284260792968,-0.4366079540563643,-0.2944203837133117,0.48532888283953074,2.284538378014954,-0.7565976001976782,0.2362157206957797,-1.3876750826862796,-0.2589249086914221,-0.7172924416792941,-0.160741014732824,-0.498388213322679
1.5918717113057046,1.697424185953827,-0.1073193481688699,0.17450720478935783,-0.38024658252122934,-0.5237366955489335,2.531938475878366,0.7326353166342919,2.134309125298556,0.4763070627163526,-0.9798764941750819,-0.10363616677622005,0.9460505403595099
0.15502068299153404,0.12145022775382837,-0.17828975732645225,-0.015176477050408766,0.8116399012344321,1.4945099050511554,-0.2958865743253327,0.9416208889207335,-0.5226419852752912,-0.08423649116910788,-0.27249802410563756,-0.060479135299101476,-0.13075096832821143
0.4637169267154403,0.38729577291291206,-0.3950813217047188,0.2929066034591395,-0.2694641360872063,-0.9216898635624803,0.7438908283301214,0.17997732852456266,2.0483608573984298,0.1655018272196564,1.5809294210916334,-0.04124024732749798,1.269174472798671
-0.1267167525580669,0.6592391989015353,1.4641985659102084,1.5588196949039899,1.1574527857700982,-0.5446510991539495,0.30508942457588595,-0.1363778415917315,3.4453662854037246,-0.06267645850260223,0.024241568956834658,-0.09520078972732235,0.7877839275320164
-0.21233467521249422,0.2081237896049343,0.8285434718194624,1.4591634601698675,1.4338356658547293,-1.5173531659585169,-0.22821838495062868,0.06813644557880859,2.9181801609001634,-0.05398808726342393,-1.278452446771941,-0.10804385579449848,0.6874321170365955
-0.17372527904433402,0.3264402226609591,0.005046890538910205,-0.09753734579898371,-0.23467452473990205,2.6295703785302527,1.1192553370569496,0.20443781051125065,-0.442322710742139,-0.09514247429246699,-1.339997417913853,-0.057271404060172885,-0.16250958468971982
0.01641519562095508,0.010382093712946176,-0.1855105189675103,-0.024503579849584248,0.13420860243262725,-0.21115255141527284,-0.28971227322342913,0.48783377118098237,0.8799245759461901,-0.20282571396079022,1.2170723295705907,-0.04517963070189581,-0.8456069044156985
0.33163931185560713,-0.749170171412277,-3.4420691350821624,-0.11467148230152412,0.8834697251642746,2.9232728878240506,-2.5057366273792767,-0.4747193109435547,1.6435333363168563,0.3608000020980319,-2.5984680304490033,-0.1401070560631342,-0.5468135274781121
0.05811827082807819,0.0878624295694236,0.7490870409870211,0.08085108031389403,-0.0016847893349929298,3.1626557335128176,1.40409681700183,0.36957806004948596,-0.15871264105261718,-0.10071887614231352,-1.3535864893709204,-0.08939252180991593,0.25314072371279406
-0.9408659929405742,-0.13059146803467428,-1.0414780022538936,-0.8691208819981612,0.029376298501415037,-1.9212099201615065,-0.07640535075126942,-0.6216300807738055,-2.4479335015144255,-0.6213396708433152,0.38234695848012873,-0.1906504710147985,-0.331250430215538
-0.449516285065846,-0.3388570704981167,-0.6208690270163222,-0.48199295856420776,0.3143845560203771,-1.2639318611823387,-0.5177698762778246,-0.1665077494938547,-1.863773306695641,0.04625588572545286,1.2814769979443452,0.05549302845184386,-0.6745201138970958
1.0724534060557682,1.1237511485090688,0.8996744783340382,0.8249826984932748,0.35775778080233267,-0.20005275838749692,-0.34552468941288283,0.971784249114442,2.127984639912999,0.2668495189000128,0.2029491888030638,-0.008643837656256656,1.015884032319688
-1.1102060285925917,-0.8254663261163253,-1.1717862792375189,-0.5600227837183693,-0.29163989064490636,-1.283671249661905,-1.4109743276683409,-0.459631449127337,-2.4206365318849885,-0.34239242987448554,-0.13406600032984792,-0.08310999192743718,-0.8693599424674177
-0.4505232343552376,-1.4728175452209284,-1.5720204209448356,-0.96229188454221,-0.4675744287059126,-1.6247989091363788,-0.8530464811204,-0.03699179060498463,-0.49757118064625616,-0.20778523100410695,-0.49823513400430486,-0.10225479275324488,-1.4123622419714874
-0.6046708117456485,-0.14684133453630943,0.5912185890501777,-0.3239854497162418,-0.46275534108720934,2.0234433082000916,1.1186117753264906,0.1437045050019192,-0.2827947608226289,-0.1401492041209712,-0.2984909982336426,-0.2581483439485439,-0.23116996017181218
0.5774406468685872,1.085187175859594,0.022298889405921937,0.2785045989023315,0.5158564947718857,-0.4277938473126333,1.204149526214072,0.4879788810604561,0.8324730812106282,0.7460772150531152,1.2087003789865411,0.0016811357393291537,1.4907438734798535
1.0368760327979303,0.859389123519779,-0.40820292089923504,0.870559987616208,1.187875713381606,3.95279827837082,-1.3654479360984015,0.7864280217071065,2.4775793581098937,0.4115416348363376,0.44769803643433576,0.08362162741948843,0.6759949381582228
0.4907438342837205,1.189955382459383,1.0715668204919588,0.5204357293003706,-0.021391561817015556,0.5994280356003178,2.293097493623953,0.25112317846868076,-0.06913888897552775,0.47355433231413663,2.0313208574527457,-0.025871420758776367,1.0519540399523817
-0.19082323714256447,-1.3491924095318082,-0.8376898349230436,-0.4316775179876842,-0.7666056414023558,-1.8746428951815082,-1.3956075250920066,0.049083051183778426,1.5547205501722376,-0.5172982911254642,-0.6365992086462859,-0.06121243558940478,-1.1490981743151012
0.25844898404268957,1.3381181284852532,0.22647364644747647,0.5173228887193707,0.04658606856401707,-0.9059786402908825,1.9202772593736885,0.9612971254435574,-0.8743477121577597,0.29349457986213057,1.188454986305183,0.42365572729768863,0.8965603911568826
-0.8029029185229187,-2.0317906998858475,-1.3213670907868071,-1.1659087139300799,-0.7928664209081845,-1.6255498637472436,-0.6264891482250662,-0.7196305563723827,-0.7150970102866026,-0.16965742137438317,-0.09256887124424495,-0.17019340185513201,-2.2049696942483483
0.6440504910375198,0.5693432852964744,-0.03286452120997825,0.5461677668283745,0.40165535517670736,1.6780728041812671,2.0098222291407484,0.9804518775004222,-0.26504160347834443,0.019606657729018498,-0.49296761387441723,-0.24952113997786196,0.3746939478427844
0.15906974078285394,-1.324077200152161,-1.0657422134342291,-1.5753848104256516,-0.3333572206752271,-0.9363700278799256,2.659113548285548,-0.6742414552255326,-2.3146153332756114,1.0805679660787184,1.03899978265218,0.116753725403299,0.15705319208228813
0.2158760902997003,0.6057835382560737,-0.3780930972660685,-0.17980046735196886,-0.12634291794849556,-1.0822552736741236,0.5797369084959951,0.23985455739415354,-0.35217778138518857,0.06333232252522267,0.6200841214048624,-0.09589172570836833,0.13642413728197836
0.012261978903940565,1.3109819008884696,-0.738411032420635,0.201800236372898,-0.3698273829251735,-0.8833163300319573,1.1349497866620206,0.33988904687291416,-1.344971411908304,0.12917251450889233,-0.027846159767876893,0.29730390273086305,0.7449931963076556
0.8042505066244242,0.7455993115476384,0.07767260082790423,0.9656600682379213,0.30602760977473936,1.7763320059872545,1.7881414491658667,0.8638736444910886,-0.21250153730442328,-0.06761742987708808,-0.9558505205182719,0.18452928110465625,0.7259744295233395
-0.9680157371519855,-0.3968183640845948,-1.4142431694517532,-0.4689598490017104,-1.3142827751513364,-1.5220305580130988,0.03810027789984206,-0.30732683719316917,-2.9366279130959354,-0.7448895588206748,-0.572431972202483,-0.3084470789530314,-1.213509399366772
0.09390212781326324,0.8617609693027203,-0.2760316032185478,-0.2473335205219012,-0.07040528386456166,-0.6881347171588439,0.9384089505505594,0.25992948710012975,-0.850356132445417,-0.0333910004281077,0.5282047992128516,0.26900590363049154,-0.2317130075369237
-0.21985261891839192,-1.208844859465801,-1.9436265638286965,-1.4408618345178867,-1.0542289450368845,-4.057049451546174,-2.4327549356351508,-0.7262126829006915,2.900946620920052,-0.4405790104261702,-0.15739374930142525,-0.20324220358290596,-3.6123520868809686
-0.736028248128326,-0.968434963048009,-1.4865088650773075,-0.43537091521132326,-0.31802874102412415,-1.649559133677588,-1.2570589602710163,-0.314390303975993,-0.340854339746034,-0.2529873342585698,-0.41448947156882965,-0.07421726171315339,-1.357659543294511
0.6834282455919312,1.2868015831028523,-0.2726830125832929,0.20569807921872582,-0.2975525865613275,-1.0907759712082847,2.369720979540919,-0.28739867385476825,3.397571629166294,0.40690969928788634,1.4446756130115441,0.026916259370951087,1.77236509529227
0.3614796388957702,0.6967933204798544,0.008310537236716807,0.32950774150797063,0.1903314619662706,-0.6612238590164472,0.4992205020721952,0.3775217106794783,-0.9083314073367768,0.6855731236668203,1.5136906894146365,-0.08267440982783834,1.4140440164604746
-0.2842429712395339,-0.3349190483700173,-0.44497368138154125,-0.022788161312669784,0.39726483080303304,-0.9635688199265857,-0.6129115747797509,0.014808236178683336,-1.3766668521656866,-0.20158300181799055,0.16799334708808203,-0.010157620383995694,-0.3096104524380319
-0.4065925653141716,0.42907095890608626,-0.030295139342908634,-0.1630360701067063,-0.13453744905457532,-1.1330590228836,-0.051226427101193815,-0.12627468166251982,-1.6653846174377633,-0.06017749381665554,1.2000467460054076,-0.18916413935198864,1.1291186681958951
0.015704170965796578,-0.03427979382052504,-0.3709994680424118,-0.29151138521666226,-0.0009444026945857639,-1.2328821911624008,-0.41208702309962564,0.09819654385766222,-0.8462458126081359,-0.16745770694681494,0.4541764014244028,-0.11854251413968285,0.08920860717280041
0.556246246053682,0.5171193317743018,-0.6483403591832355,0.11251745274497403,-0.5244699584785849,-1.4210379767580892,-0.47110805006807716,-0.23524350313935433,2.977194606473979,0.15491394258453506,1.491791872256177,-0.005529127506047671,1.2290607074410784
0.034012619119473814,-0.20837979382499014,-0.4332913297290603,0.05487580005571037,0.15479474087582068,-1.2412372696447551,0.591474806242105,0.1987780348168841,-1.2452117434173773,0.05619103847782955,1.129110736544503,-0.10866918970960086,-0.3608108289923984
0.31609555310647314,0.8628420781437304,0.4509511018733286,0.22664526422508058,0.7998328400586939,-0.34814569460978295,-0.3475091640057508,0.6981262325156583,-0.27219116945673405,-0.08103304883335823,0.6760439034309496,-0.04743041393165994,0.7092603070025023
0.24409487096114185,0.6101671881426589,-0.12849072543464393,0.1480282039547779,0.36340761379765657,-0.8085514152000866,0.2530529144950884,0.16462121024559673,-1.1191614834675827,0.45882973492740553,1.0938536079393488,-0.08676303372032838,1.1987998184676207
0.6715149382029711,0.5027820227644407,0.18383159394945123,0.19894446559573734,0.078736936466044,-0.446812760358961,0.011278994180287914,0.6114127529415093,2.2504664471264304,-0.007613303512334857,0.1457947483829533,-0.060788127530702535,0.18727230894573343
1.1422289320435894,0.8195601519556823,1.1415747852888631,0.5524889870796404,0.4587829399332663,0.25074173296090335,1.109228312698607,1.5430242115091664,2.617495523006784,0.20576400363985967,0.2897789179644962,0.01826664662551296,0.3812402954933026
0.026439572647084575,0.2756078375358549,1.6833945914531228,-0.09535328883651856,0.016953037854335867,2.7398198270686485,0.7907003181290604,-0.20607909729109256,1.036469447664373,-0.13678391146809893,-0.5179791755462065,-0.13394512897098643,0.25173011220008557
0.7485968457172729,1.3745981946660002,-0.4064695226170845,0.2612995840169281,-0.21518172067383085,-1.3726810843818302,2.3478232039234395,0.04416685633050897,2.283118484040929,0.7816538673186573,1.7474121903902338,-0.03277435806812712,1.7228940198368707
-0.5884912355042375,-0.9120883459227885,-0.6668343109453176,-0.6659925524382079,-0.28994143045248677,-1.4030706448149348,-0.5306007152386397,-0.3639597376914592,-1.7757722395084181,-0.2656190935846987,-0.08205545960175292,-0.044218580341225305,-0.8697580850787925
-0.02975636779421222,0.511315466183393,0.5741793288921729,-0.04569218881195408,-0.05218819848598085,2.4088510805262353,1.3692977768389714,0.1666214218341176,0.09092448212206365,0.30591785450388354,0.07147019959520545,-0.08079542501363912,-0.06981388324173173
0.09998254551979088,-0.3774085053022848,-0.5420998990041617,-0.2074657616175763,-0.0872465144915299,-1.07454777540251,-0.35423143797696355,0.17104377527475456,0.6286858326952077,0.2884265859766553,0.014376352652648607,-0.02078532416282943,-0.5200647965866503
0.9312724023428746,0.983780934394648,3.0375783479907037,0.6062843562070177,0.5907586601980601,4.38970569629274,1.831799730949311,0.7751427904021049,1.7684238210354106,0.14488030930799944,2.605307866999001,0.10450971396174276,1.6101470030743321
-0.6498027996288146,-0.9876510874441983,-1.0618421953942419,-0.5470350033601019,0.05531268221843572,-1.5018921572445998,-0.9150233677532784,-0.6890594788270796,-1.8545385162666852,-0.5502453841178472,0.8355975620242924,-0.07815962626314207,-1.3257526266316157
-0.7192383550667565,0.4967687040012485,0.22888094642949808,-0.19815930398530324,-0.37346047766092744,-1.011233124814203,0.6655181675650076,0.18209611134707102,-2.041130066777114,-0.43575577910989527,1.2072070104189008,-0.12785242854772758,1.308666480781588
-0.6941956629000033,-0.8115690333854096,-0.8944705703432878,-0.7592857144926932,0.38894347014862846,-1.4577767283858778,-2.4284041618727823,-0.1716232650879667,-0.3374309263201171,-0.4145446131858302,-0.1796333501482796,-0.21986306775050846,-1.230998539225612
1.0659115546288538,1.186026978660504,0.5330092133066824,0.5666288488111202,0.3175660461109753,-0.2650761204258177,1.2843766773116976,1.070393985626546,-0.3654980526045741,1.288192114687085,1.902841051505982,0.10678478768561032,2.3331612549380707
-0.5924296114924883,0.6174496828074593,0.8064880383410491,0.6342703677618151,0.1807400840050023,-0.47563530426297795,0.6039841556091171,0.032618424727374466,0.030644349766533036,-0.442559523764325,2.858872357518154,-0.18778773534577337,2.1141351886321273
-0.4160763789710796,-0.07339578789943416,-0.755915173706081,-0.4584305373696971,-0.6090870485806632,1.8329242835528892,1.5827418799120156,-0.10812347786837359,-0.5883442903308767,0.21292777424134934,-0.8108069741645724,-0.19292059324112618,-0.1676960784491772
-0.17142050574391363,-0.11894052184445579,0.9450898913588998,-0.2339669844060618,0.007814762328052897,2.4329153144073725,-1.0597653509087912,-0.1898336097450616,-0.49498249432925756,-0.1993740404048003,-0.5584948353399521,-0.24961740960496373,-0.1174053320544772
-0.8495006155437377,-1.3251633009502095,-0.844495814356746,-0.8846134586026891,-0.34205931423749353,-1.7281680765998964,-0.5669422469324327,-0.4437071604361862,-1.8472141313824493,-0.5559774882685288,0.32188625982703856,0.025612862163430235,-1.4151483304313541
-0.8492268029557699,-1.1744802026955101,-1.1107085464678759,-1.0106123101728086,-0.4830633771902002,-1.8679320890522406,-0.7428588837271348,-0.4519531738157901,-1.7258062054832572,-0.757837235405524,0.261082528848201,-0.23842565068121388,-1.1967685468990306
-0.2297770537865452,0.6329415691064464,0.3876889874712408,0.23878186627653322,0.21314565415869263,-0.7088212439940417,0.7162942700130712,0.18022170057960057,-1.254550732890817,0.2751939522575897,1.2333246806738642,-0.0009303724860203385,1.5462207202782803
-0.14181759254709403,-0.2018924861844991,1.0862289143971995,-0.15997998417898396,-0.026944804369834152,1.9683967210668034,-0.997956942974124,-0.5222615453003283,-0.2493241964265083,-0.20394698002479145,0.1853029448233751,0.30615849630131076,-0.3087348818031346
0.0465844214782637,-0.20873576961017942,0.9983054182154594,-0.4792570777480594,-0.7497785132657735,-1.1438958386551694,1.3247132121100245,0.3601055254707009,-3.147746585992475,0.30921050982071185,-1.2373866800628863,-0.006281249018696438,-0.3521105600663255
0.23422785284359834,-0.14465304723112954,0.5191046524265163,-0.1494655130096039,-0.9562067077152379,-0.5772702871718342,0.33715657867982773,0.4324717418368284,-2.0659882669365546,-0.0015925023713822292,-2.718957061677939,0.19720678773424075,-0.12807796350007672
-0.23752253087522046,0.1690576386053322,0.6309611790609133,-0.12151348175597382,-0.16274398336575058,1.7065538727536067,1.668807630462236,0.0498096985328528,0.2168674708354391,0.339079332276144,0.6706452990426786,-0.16163830680850275,0.08461853290442378
-0.17518695597265224,1.0009415759473468,1.1413064767795407,-0.13840487237243598,-0.30654068996198464,-0.10849128779851726,1.525143648936258,-0.245205387766473,-1.4650811060393847,0.7606476436232009,0.6766424085070484,-0.03027978942250935,0.7215414784723221
0.0668791101668548,-0.13295298185716906,1.1429181022561776,-0.2035162752138503,-0.5973947331751698,-1.2128228282709865,1.4209569402771176,0.5007224560397057,-3.1032888865282042,0.4422504681594568,-1.411299843855151,-0.05147251089957235,0.15253409008883562
-0.6146339152053566,-1.0569889179558958,-0.26512459865434906,-0.8187804275632113,-1.9120443829239544,-1.7470720874489694,0.5710673839880879,0.012311700116325628,-4.511276962172448,-0.026912470727434554,-0.6185027646620032,-0.14173882855180028,-1.0216834066001075
0.30417852625095615,1.1094381580610453,1.0308295134373475,0.39372701877469407,0.2541152940160179,3.4711031736617177,2.2611185034642562,0.48206276459955727,0.5526054060479834,0.8241412643374255,2.915383026404823,0.10749437024066648,0.6535956923265219
0.520503019630495,-1.301849984644602,1.452008961538215,-1.029387844943493,0.44541076981359073,-1.7505791603949754,2.7938199895219347,0.6043658081162724,-1.5585528531401525,1.1717628497735133,1.5715836141152413,0.12648708851995039,-0.022093733146579784
0.8528003007556416,2.2471158345339877,1.9439629525492075,0.7812249905253864,0.8281811801558877,3.8108833060502842,2.772853766524931,0.8797830863325442,1.356140481457373,0.5087252493743368,0.542127752565753,0.003852397249494143,0.9544312714125649
-0.4436595211105628,-0.0438095501299378,-0.6038675003031837,-0.12946275072508595,0.014836366424181778,-1.4193047460350985,-0.48625499746516454,-0.4424423538373472,-1.4562861024179599,-0.40383641791905067,0.3641985481132805,-0.017073464419744524,-0.492094891439192
0.4548841933735334,-0.5786122943709294,-0.38916524009804954,-0.1384110734078826,-1.0519153851462117,-0.2806120717597918,-1.8090897030861943,0.31528186997864405,-2.5254052836352234,-0.16557763657118707,-1.331731029370955,0.16525730561465013,-0.7952318848741966
0.48248301603391547,0.7511978170454191,-0.13146463116242854,0.2158288896691779,0.19742795254828208,-0.655191758507216,0.3859301587829315,0.26078123611022935,0.729789381430795,0.4248005811893382,1.128060077464777,-0.05703456647914004,1.290291322449274
-0.12577969037229197,0.005867416308157961,0.0927518431769891,-0.39846637566134113,0.433718526267136,-0.1675199994186147,-1.036950546900431,-0.06659760031538706,-2.3522979146058463,-0.3033998746373173,0.5875765927371364,-0.13524864081241605,-0.3062559626116934
0.008712010017544462,-1.4024960564446842,0.8836945725154752,-1.4227304584232883,0.08548195120283508,-1.3652311745301509,1.9267497895700698,0.37660332504511146,-2.5433908318223093,0.6054169345696251,0.9251500405552279,0.10884115193970506,-0.5714598365174607
-0.7492091784943156,-0.19517298800249894,-0.9441454855492337,-0.539200430795447,-0.3606823185385049,-1.289884799139367,-0.5897459581498211,-0.38477293071518126,-2.9858738099734508,-0.6105344169197552,0.514290725766526,-0.06520771757363239,-0.8679352307348098
-0.4602271717480229,-0.8935229270510737,-0.6141723938084518,-0.4272837872027108,-0.04419158568140116,-1.546747343549117,-0.4917274958438551,-0.5250034171244544,-1.695756061458701,-0.41717721877658426,0.5611321121386976,0.050941936729424125,-1.0917759949830361
0.018840091747567993,-0.43238004183810624,-0.37082464480125865,-0.2680662149917851,0.2757572835308706,-1.2723461643444738,0.004528805777533975,0.06351658932735314,-1.5109262983156886,0.007164429653979182,0.5239692490941121,0.016363088889047514,-0.8269215413437792
0.3883342926121421,0.7698156218948621,-0.26640560070570146,0.2598790228696695,-0.0003320213984180241,-0.9041737217140489,0.7249107642621837,0.34035904184734034,1.3636135792838306,-0.2038166801812541,0.41675593639853303,0.1407987440618066,0.9439739394156881
-0.5854889403368968,-0.7674456934690371,-0.7352839642377673,-0.7071397620614153,-0.21702804657216712,-1.8282136584703244,-1.5437832382957763,-0.3295945017818466,-1.9076623026069461,-0.3389563127247513,0.27039160400590223,-0.20066115308617663,-1.2974411798848047
-0.8691031338711686,-0.25799847090280514,-1.6472844724274347,-0.47845740452926194,-0.09192237926284884,-2.220114205784371,-0.4199370490747969,-0.724292482064856,-1.7830953359171855,-0.6699373204599964,0.8267560546483018,-0.1296637071643232,-1.0119823232013732
1.3819780981302676,0.7608648544040304,0.6929238229701554,0.3990439506080776,0.5110085161012183,-0.06889056578847676,0.7788107788715409,0.9290075744623838,2.918153333349361,0.21184087137510588,0.30416761423150684,-0.011793011471810139,0.38057361243202137
-0.5685477783911241,-1.3670140072760277,-1.0663163927910173,-0.8935155918715627,-0.2708907742508584,-1.2180490507532113,-0.4429621716050638,-0.6912883579146323,-1.8802597026318675,-0.31793569037082825,0.3009842060558085,-0.16375537399034426,-0.9088830639967796
0.9577768899539174,0.39581879162656447,-0.4261625805616174,0.7473860751819387,0.3487849846676303,-0.23153442276796937,1.5527244576899744,0.5737902564680876,-0.4891840760963453,0.11983791770956789,-0.02828950413399279,-0.07759169932403084,-0.0010640044735433969
0.9011454892362882,0.316198921764735,0.4763658091804892,1.0894098404525885,-0.002104774693337641,1.964634680991165,-2.638724815320326,0.15464836296082166,1.0826943987227666,-0.16739613970431186,-2.2434908988573845,-0.23649145929970672,0.026382781291225274
0.7404766342188747,-0.3653015745301833,0.5420260472499971,1.498589092582309,0.22719069351597382,2.5804782118343024,-3.258491250772236,0.1625509678406847,1.4977956594899295,-0.17506351655685448,-2.617479239719299,-0.11398733901170398,-0.0380330244066298
1.164104185634189,1.7098552732112715,1.0020016434064345,1.2468701457294324,0.5510230753186626,1.537407647085816,2.2504305750736973,0.7999302742301695,1.0441758786545448,0.35500465109038887,0.8083608945593651,0.0503895455997231,0.17350341597158053
0.28266623986910816,0.9422413069603501,3.932801187255472,2.3492355117483785,0.9595071369209067,4.1709702774662425,-0.42475433730675516,2.3390777517785315,0.4755838971944629,0.46022044102402604,-0.2672614452982738,0.13532189043005916,3.4181061648140254
1.5573796643327096,-2.380250961885322,-1.3679730809875768,0.06661209078557397,-2.334745980815496,-3.1321381945970157,-3.5428423200167405,-0.9003736798713603,-0.055043412721715736,-0.24210927911102795,-1.366524517889549,-0.00014342680159562835,-3.710864581229786
-0.4439493166501374,0.460545418348629,0.6467391419915172,-0.023762775411725872,-0.12994117696122787,1.9924078413566653,-0.49229255882272915,-0.4772030754783191,-0.6213307303619674,-0.24120665359226726,-1.3690493810956832,-0.23811278677157435,-0.0015973095569966607
-1.2575448665606224,0.13927706702444181,0.13124628818361087,-0.4891621428989392,0.14534036541370568,-1.6936029281857838,0.2714343532539594,-0.525265502715742,1.4656653016314118,-0.15288470466789386,3.0026377853570096,-0.03794873129291873,0.6820740649000641
1.0539024334490146,0.803981612441518,0.7495521041824635,0.5198717917931367,-0.1359862275814844,1.3598163827910963,2.304100890055868,1.2953575191227722,-0.5025696394076415,0.002329271859489427,0.2769991795180572,-0.16837998149515546,0.8430597016303283
1.6232123729382226,1.0236795907564618,0.8049766933602385,1.9035827000946215,0.8002298823146461,1.9670935299515253,2.029630170851014,1.3698503910280608,0.19745685101667831,0.37386835357950393,0.6952541858250171,0.061989002214460194,0.710806765783992
0.49993792499648404,1.4158184858460707,1.561093236237971,0.9174308908534132,1.0786642396369845,3.21891500835488,-0.0449566918321782,0.44381416824206504,0.6345069528759145,0.48506444330456566,-2.849481948340156,-0.025268562042620027,1.2215880519539741
-0.4917087827977313,-0.25288462225865166,0.20762743803103353,-0.23705300739940455,0.017322593831017377,-1.4202526511960771,-1.3921877944477856,-0.05442151550733895,-1.1302393954062266,-0.4502031103702675,1.0183388175087102,-0.19297417747736392,0.1987508032683722
-0.2849247179565848,0.25809794830856847,-0.03025015625637016,0.2222508642609075,0.9732184134405626,-0.999221622782449,0.3468557576444517,-0.004746646050932896,3.110104406283288,-0.4471059622023151,-0.20751488932718837,-0.1570838413925634,0.7498976129530152
-0.6517329859888803,-0.19741642514166116,0.6301948630540087,-1.5729207648331716,-2.243341329093867,-1.8709725886040056,0.6528197573089147,-0.060974957353125005,-3.931084944283228,0.1959783629219357,-0.3231864088204585,-0.35407666539068405,0.3189134178207153
1.017239274516469,0.7833390098965416,1.5787497751994268,1.8022427310427238,0.4861404671880881,2.059700579447931,1.9098773135736375,1.9854846688688528,0.48774130323436105,-0.10601329010846612,1.3502034428623868,-0.012139393531510403,1.1813879584303746
-2.3070227765633415,-1.5953101689371072,-1.6941681598674043,-0.661161752260911,-1.1382537153596708,-2.5243134539034995,0.06266316133745332,-0.40246735812565837,-2.819857522411427,-0.8767361609159141,-0.7877502505569198,-0.11113343702603341,-2.3481790559844296
0.1927354173983137,1.3473590433181055,1.6495168105154554,0.6520525535273675,0.22132604564669434,3.070462247976102,-0.13212353801846294,0.9099460793036916,0.505436244683935,-0.049300909212971554,-0.5541760229910464,0.7043434802128465,1.0310800424978757
-0.2669777472242196,-0.3847124151088712,-0.39056181696036624,-0.2220793244396595,0.7393495590084544,1.0514091642737755,-1.668128631306657,0.5006604821756224,-0.888726108864907,-0.11334536452324956,0.33447591040749114,0.29403740136987644,-0.7000711113795276
0.37439244509273606,0.4415216028650242,0.23342039073817425,0.8131345505619214,1.3910001121451046,3.4071686020053713,-0.6297297369714618,0.1571008394247232,-0.06145526270821893,0.013159601566795638,-1.7947126466566183,-0.08474413388408714,-0.09246641392043474
0.3373929938865412,0.35832682490245343,-0.6926953839660723,0.5878037048040684,0.7647966140948443,2.9665272441151966,-0.8472769940282322,0.6460874272732889,-0.1829680784072521,-0.021516708353948245,-0.5104645857424477,-0.05493548439544001,0.41680311360512856
-0.33486069339689695,-0.6564055275629895,-0.3639230519362416,-0.4373711449342468,0.3250141940218035,-0.8827789456619775,-0.3514278930027245,-0.40367920616680447,-2.6728991091198333,0.29878652219634705,1.1975771726404003,-0.14492955438857377,-0.4751259814839189
-0.2620964422607277,-0.35245342857941675,0.6423600900276667,0.13310173880283,0.059068833400831675,-0.7216099720541388,0.6710688746058278,-0.6032402533569582,-2.6251331620998415,-0.17210413064794716,2.769252031562824,0.06525079366595797,0.8042511484949175
-1.3001486456078581,-2.4403789282397415,-2.1404080941326296,-0.4580528595871551,-1.1992281466546573,-3.0929548894983925,-0.18217736472699053,-0.42739594544749715,-2.697155860433898,-0.8301579860882422,-0.6898752227715321,-0.2130278821548239,-2.873596401830566
-0.3224611074270475,-2.555506499756334,-2.716920877825728,-0.8593582473943627,-4.402260210737328,-4.44090640941997,-4.7053328870777555,-0.6754522341779537,-2.09985518963904,-2.1639581826913896,-2.966459073118296,-0.3893031337831375,-4.357625410240143
-1.5395607155097077,-1.7789938278566113,-1.1476847019844634,-0.5697972947935986,-1.181177288386583,-2.2667337866277544,-0.5593210331410065,-1.0837087472761049,-3.201218044996365,-0.7582604354340584,-1.827343128082963,-0.29069126406011875,-2.1511701776525785
-0.02180323645136215,0.2733640369361578,1.3798660597648833,-0.04613028190926535,-0.07846473374999016,1.123090068951456,0.6568297737540626,0.01954632985328019,0.210358569150687,-0.14175698687917454,1.037558546194341,-0.16707523364418497,-0.1254880999755631
0.9607329501610042,1.231969200608372,0.5541139134244681,0.5221182082215738,-0.3078457034894059,1.0144161187984149,1.9942956340845883,1.1388799339051667,-0.20696203190885068,0.023169094028417023,0.04143911809582881,-0.09407224906595536,0.6353695117360136
0.0931014423581979,0.28441557727961075,1.3201151325945586,0.0337678106765574,-0.03733402288027314,1.3819530392263546,0.8700641925079334,0.10760925883996404,0.1573473622530906,-0.09663034227262779,1.329090491714111,-0.10219661468665835,0.188054475145311
0.03579091833826777,-1.3438124221179168,-0.6456059524450555,-0.4094871575237874,-1.1279234783134116,0.16566634175005474,-2.7049245767345806,-0.31971440761764014,-1.857614411112412,-0.19182653482886958,-2.8028649006551127,-0.05573683492916951,-1.5406524550273186
1.005956278530648,-0.29375087302553254,1.370047012969541,1.2110471043162723,0.25910674651024035,0.7484707082461359,-1.6647211950399086,0.6617080349123312,1.5064878167183553,-0.06232026811715003,-1.0445641942446429,0.1309729412631391,-0.1409609509350007
0.033439176613206306,-0.9923332458781078,-0.36964647688152685,-0.37208993456067707,-1.0539215861597198,0.36191284599920936,-1.862790710059408,-0.334170365491882,-1.5968737874511214,-0.1775025437756751,-1.3318101106159803,0.10428466216402332,-1.263356320067412
-1.1877173677601645,-1.0987591825932685,-1.277934629483562,-0.6704915312597426,-1.0757715923548674,-2.2375262037351624,-0.8797855361089267,-0.2537952947365636,-2.499586778704025,-0.728385339402335,-0.4824430629867129,-0.20590370791214008,-0.9575989093314597
-0.5087933871144843,-0.45404968572573545,-0.9622042560049644,-0.14902887839746348,0.22090921168344926,2.4742867266865343,-0.9851696615125465,-0.4768852389821162,-1.1096409759895567,-0.2552114216217564,-1.7290833025878394,-0.2795411609340872,-0.47453926880171315
0.1370879662430121,0.6392603008659917,0.7767159958580873,0.29781815567390163,0.03144151267634388,2.666822688542048,-0.3602571467253276,0.17136008827765983,-0.22224266444643348,-0.10219568100499199,-1.8281215409424878,0.9002922720419397,0.4967813103320077
-0.8572997580582484,0.20581092419490835,0.7554543010533479,-0.38700349562956643,-0.18836540836168236,1.3727097292733381,-0.6764239107977805,-0.3688676663125969,-1.321049850554878,-0.24260207969876424,-3.3951518212351948,-0.06453734026212864,-0.026689906280953437
-0.33146052619882127,-0.40187888629760393,-0.785311484716367,-0.3269231310980911,0.039591258184518634,2.290587789218407,-0.8969582311201116,-0.1735547004117527,-1.128621074104837,-0.6135814532169348,-1.3896568246237522,-0.2904729480557661,-0.6708479899343933
-0.14054217028754967,0.42066908437913914,1.2571785491071126,0.10852173816658452,0.010613830742270989,1.3464980545267464,0.8244205023125848,0.04549981144877774,0.33845184323455524,-0.18760851966314174,1.2704271446253794,-0.09767089460252068,-0.05020075581327557
0.16695290850035643,0.9747972399350773,1.3072741149114961,0.6279077321068487,0.7993992814400959,0.33642498989382574,1.2375302216876296,1.2290536262208802,0.1374337495659066,0.2926872196102826,3.723127057622446,0.11402012707044691,2.7581865220677315
-0.18232266093242086,0.80771735166096,0.8617683059052151,0.2596564442453543,0.0331838863904381,2.6021189289625424,-0.2751885457167454,0.1628415481292177,-0.5060563558023163,-0.062267165614498965,-1.7458531906741626,-0.1617786308396091,0.6997841505461836
-2.7222796784570287,-3.3144193569405216,-5.3214609708911205,-2.9620768654427962,-1.3123713152198535,0.435091062499365,-6.19353496463879,-3.9176495412457735,-0.5748943502217947,-0.9337714622650916,-5.664822269973553,-0.5345498217027895,-4.33515490864714
-0.5128791800749282,-0.6455219424834164,-0.618835090592814,-0.48913059156491534,0.3009764912348085,-1.18419823791987,-0.6878836488457295,-0.35180992566126723,-2.655037037409945,-0.2818053784750452,0.21694355917137326,-0.11589198998253185,-0.5304872515637222
-0.04195675648528981,0.7609019417276915,0.9909198479755366,0.25488716810708867,0.09730258899611531,2.48166259662481,-0.2716432535670983,0.15802241692112554,-0.5582090279294386,-0.12394002444776969,-1.0756062541488147,-0.11983851479288814,0.600427025164374
-0.809200881728385,-0.33981120341405685,-1.440521812704392,-0.6139476348796032,0.6708257333608345,3.0104731478428257,-1.4084628402942325,-0.5571165999733948,-2.1397475246158946,-0.48767526768924047,-3.302701963997161,-0.2270673291555917,-0.8032864688010883
-0.11227968715027808,0.553681194319312,0.8650208916735007,0.22099370814782254,0.03168064430795815,2.4406879552215757,-0.2597180786858209,-0.005120652547727018,-0.5324451932530954,-0.019941702644573553,-2.427163453537764,-0.09276164712073902,0.46034847426590403
-1.3089208287011003,-1.7723332034452404,-1.3049419859530298,-0.12889143786625942,-1.185866380868506,-1.3679007090985151,0.6175005617101369,-0.7790564403783843,-1.867226914261312,-0.5563434837329099,-0.6293031952060605,-0.13026551724101118,-1.6918402446894387
0.6201060622484267,1.104941239734956,0.3520165587054926,0.5438484004258902,1.5563394670740753,-0.32733193658706217,1.097812726824777,0.4408609825727116,4.85259294537698,0.05335193389315261,1.9641478097648357,-0.11957236293082454,1.5613107414379348
-0.34837494047643197,-1.5585718895745881,-0.6134476185416698,-0.8445813042727406,-0.33126874375777937,-1.4580191920990022,-0.5561546921054832,-0.4760247280966079,-0.4993028171112141,-0.19722366952466683,-0.6714248117362153,-0.08031146080879907,-1.3141773769978642
-0.07485593429908882,0.8589441689998947,1.2579747857199983,0.337373779451785,0.11552421941447798,2.600551277802636,-0.12743421800382848,0.22030006643721015,-0.71247121281495,-0.12749033037094504,-1.1330569685747227,-0.1243933249363262,0.6590610114470796
1.2965427328175347,0.31229650306903456,-1.1670463094684402,0.026074339805636535,0.4516750656963429,-2.2541170337233543,1.782722765077035,0.43163539032348347,3.8554927344382213,0.34200954942446615,-0.18691309889261087,0.001345564454483483,-0.41298762709523246
0.4497502090175274,1.48563036152291,-0.02125265197595584,0.14700577376255144,-0.28109542513654245,-0.5725976897377727,1.307624416328294,0.6401111816089702,0.9415777715264508,-0.18385740400563616,-0.05434761752322734,0.09947796394634577,0.7037799919820908
-0.23647845024631042,-1.4191937488431319,-2.762914653594295,-1.6494795550460306,-0.7363723983230173,-4.16761779513831,0.2638872233708389,-0.9234612316208786,2.4468464684646793,-0.4215106293256395,-0.808394145913836,-0.6305640860139907,-2.5905186801442563
-1.6647414579894395,-3.163808905116231,-3.5549144796685628,-1.8121774274998144,-2.3351610727879843,-3.312056485321889,-6.052691714836078,-1.794460128198326,-1.3497490976972044,-0.6884487475661771,-2.832334427191592,-0.5023965201609666,-3.4468048168201424
-1.8594331537527293,-0.9613259320253404,-0.12854542336025684,-0.46301433232742234,-1.2677768081587013,2.3778877197971777,-1.8235139191798717,-0.9223848030347531,-2.584681480050398,-0.6641359090830922,-4.639088568221261,-0.5498866770690719,-1.2840403780620546
-2.587172565180161,-4.766489292518236,-4.645964160990486,-1.0150104632422638,-2.000606626151647,-2.019457318175119,-5.266205423287015,-4.5590530142534735,-1.6590053824671647,-1.1424357290906153,-5.856967758128626,-0.43704849236256754,-2.2538160545187482
-0.34960780044707174,-2.0267548440980154,-1.6265724359367355,-0.5619254167561627,-0.5642245464733183,-0.12857789619217838,-3.231496767119712,-1.116751236272458,-2.459678310795118,-0.05136415018725956,-2.7991223794527142,-0.048675166004104736,-2.0929832990150645
0.9078144109047328,1.6325314836395488,0.5497736003912155,0.3318027882521144,-0.04782506743497727,-0.598704084099995,1.8404152380271508,0.41406212780275387,3.51241144801102,0.35688569681020454,2.155801156928712,0.0946674305994787,1.4561867743020411
2.827074766157507,2.37039636361361,3.5431878253512283,1.660546536847897,1.0852931554444756,-0.005801240516464332,4.459900237225359,1.3271495339949617,6.705673490251258,2.9507237013390597,1.689208911173563,0.24044530754805424,2.7537507664877916
-0.12400822178292491,-0.29085971064348165,0.9434611225782688,-0.16295830995465319,-1.2462345278252749,-1.6160283309505834,-0.8991100760114689,0.08708211512692898,-3.489423226379246,-0.1778423723892774,-1.713563118863515,-0.009423624409828265,-0.29290658705686745
0.4799465538539354,1.1384133036664894,0.06132556934116609,0.04000540401088072,0.13886185374537796,-0.271501857199926,1.2225961135920245,0.776057569427778,0.04816199160698387,-0.1030249818112417,0.5554159302951948,-0.12813225409643356,0.3906816209875978
0.2751279986617415,1.75205775494739,1.6586522612352084,0.7352942334493208,0.07150345991417352,2.7925690542973785,0.0022202091955760652,0.26640092165060597,-0.2037238795740996,-0.14027937532156803,0.22429236345096587,0.9710158383269383,0.7574625362911157
-0.5163269292922794,-0.4377186259241879,-0.4463411809273788,-0.1538383634595407,0.6357894990546629,-1.2081966026153208,-1.6236188486622025,0.14284215928521007,-1.2044532998453363,-0.2243115711093156,0.015692237216539562,-0.0786828662502941,-0.8004552655756317
-0.4983276889334794,-0.8074211671658689,-0.6572951439629671,-0.16027376935584478,0.3561377761893285,2.3102483134111385,-0.7846058232500217,-0.24846754870248125,-1.125393700420132,-0.11483664846888536,-1.5508114554670949,-0.275248376068064,-0.4197973186719335
-0.20872960900771428,0.5632761284319631,0.5183846128870371,-0.004435314567785524,-0.22386598063995025,2.1117618480724443,-0.6000381100653774,-0.4597618263587355,-0.6820637110753967,-0.17949264917716695,-0.7956172597037058,0.14174206358561706,0.16055176406762459
-1.3452524690826735,-3.219648891570461,-1.4072032513294834,-2.200115711888712,-1.347278246099854,-1.4646942426551446,1.3823487322601593,-2.6850907528384904,-4.767377549074592,-0.6344528194868729,0.012427001243664118,-0.563349511234814,-1.1857969337211562
0.07358701213832125,0.6418503681134382,0.6690215771904009,0.1093107102405177,0.03727411606193834,-0.37619167395091313,-0.07315431574773454,0.49553673163431494,2.149177429427186,0.39321637899278555,2.689228523998496,0.020220496768338828,0.8056440076119421
-0.22705841994921994,0.04957604963241871,-0.2355236228644693,-0.07794990079813742,0.8148933616741041,2.284784528884855,-0.7190116093576783,0.4804345703126294,-1.3015980325866905,-0.14361247265142285,-0.5539971326094946,0.019748895433472677,-0.25107707388233397
-0.5310565000249903,-1.1926839304793004,-1.0023328121001316,-0.6014521893708865,0.6337463510802225,0.46455670999725246,-2.094051174655454,-0.13973845270423535,-1.3213464240559067,-0.3473364798385753,-1.4670074434458122,-0.08338135112620268,-1.0747306473170306
0.9344474376505241,0.422188915061868,0.2475718139009809,0.24085254619156743,-0.19327647616103694,0.7427113424670987,-2.8507921228669066,-0.02298814649072784,2.9801420799860114,0.1457654057290507,-1.638620427367795,-0.01447568737267941,-0.21306196368997912
-0.6620853820738072,0.5526566482625074,0.6961230310758887,0.38627872358412585,0.38986628753650504,-0.2680823003337719,0.8358412794516579,0.09719732671665646,1.7584855655529017,-0.15151726271388022,4.973204335303098,0.023703910222716833,1.9819452122006471
0.9710629406167816,0.29526166495543704,-0.9159387668760287,0.906671793114187,0.4352711536724949,2.1070216520417793,-2.511615050700234,0.4704005543366334,1.0556500919597844,0.15049126604416713,-2.8891003004469287,-0.1301610402491254,-0.1570114785763953
-0.8759572668651687,-1.2160786719571075,-0.7098952612575764,-0.03708900311625457,0.044248621090729155,-1.6188095409381726,-2.1906904420282487,-0.08741396650516745,0.05251179703511296,-0.23073663164395844,0.4257932816722636,-0.13284015631458418,-0.9589141921170005
-0.15109472060821846,0.7819150605971097,0.7098918234246473,0.037781121059864115,-0.07840061223444839,1.9660568892790218,-0.37299916440672753,-0.4032581207192399,-0.6992338454308145,-0.20208079743794066,-0.2538627264469525,-0.18348647501720639,0.5260729019718322
-0.8341489743966508,-0.3245017301623656,-0.7952324148618046,-0.6414622648981296,-0.5796505710492945,0.16057986308691183,0.19400123274199566,0.25177134900845377,-1.5770368801248777,-0.31577023876035437,-1.2493961943027614,-0.31355781810707417,-0.29376799193372594
0.13359174109995367,0.002951074889343683,-0.14965488653681763,0.21255475921271783,-0.4956219310065111,0.3510874368480614,0.6615719405468552,0.3503354305362639,-1.2623224246633855,-0.24869217341920968,-0.7538680526740953,-0.20331302995793524,-0.07623882486355593
0.35414874559643467,-1.0094776144130935,-0.11948782065488757,-0.02321689180020864,-0.019773514940946688,-0.9267848618367377,-0.3964193941634666,0.39328770648093064,1.8625615129766002,-0.10341473370868087,0.14535581566154074,-0.12034388737183893,-0.7225083244426383
-0.2213907013692531,0.5258405604302728,0.6239248362372423,0.20697683162211125,0.7710020290582907,-0.7670065769460053,-0.6348144781365731,0.39422417056591563,-0.9649781101469936,-0.18961295994697136,2.031153996376993,-0.01693260890069518,0.321102396119774
-0.7546067789271994,-0.968951646960858,-1.2524621403551042,-0.9301579938781089,-0.6792293899851697,-1.7468232407872304,-1.0904637293067452,-0.5458068860571882,-2.022718923107152,-0.6787864052201622,-0.4960338694734188,-0.23225134213041107,-0.772102510852791
-1.7966798069524685,-0.6070044161790671,-0.8076568848434063,-0.9470763215423923,-1.091599956297885,2.1303795268363315,-1.0505253275033706,-1.5461660738976206,-2.3260360292513433,-0.36594689394987645,-5.4422834109562155,-0.6211666129882603,-0.2458987990368364
-0.33350958825696986,-1.5261430153161448,-0.6710476034344173,-0.5691212698165328,-0.3950826650839816,2.3575897429172064,-1.8516627175161722,-0.49659809304970426,0.5350847940603529,-0.37732545143394314,-1.6714507186518874,-0.18352552951908574,-0.7341028191878771
-0.2885316909140805,-0.3986540594995798,0.25550785259925757,-0.009964642017924527,-0.2073710300244339,-0.8966565840580086,0.6250137061691688,-0.5206616755812945,-2.489572355517626,-0.24277917177170613,2.380537658621065,-0.13338602084705292,0.4704170958679685
-0.20496122643480905,0.6650823288247918,0.6421692223770594,-0.011576825594917553,-0.11806524865801395,2.030821405374057,-0.4522617021656413,-0.4766761366953143,-0.7964734066337242,-0.340112817871268,-0.5574486206257199,-0.16916852120872738,0.3223436812641254
0.6359607522078375,-0.44772054957277657,-0.27082131499941986,-0.2580113658417636,-0.6420933236802617,0.547752419239324,-0.27380932431538696,0.41241257363619904,-1.170246427633748,0.044632412199603594,-1.6708613385886164,0.18354680254796715,0.17495334821391018
-0.9352525906977502,-1.1075472614252553,-1.3674087959515036,-0.0019611471801504387,-0.5836045232845934,-1.5841872521696816,0.888835739698908,-0.08448397154842197,-1.823698938289244,-0.26731691982959277,-0.29535740442367053,-0.19753069061436684,-0.6156532780687687
0.9104308259210343,1.5276553597514675,0.05384933889959934,0.21829756148275925,0.35562235646027457,-0.0937198262540106,1.2907084402872715,0.36895880731728137,0.9594142138832503,0.930668150318735,2.425663052032857,-0.039662460405250184,1.2879119597530613
0.5974749350480528,1.1636942251854476,0.04769257749430839,0.6136340597954887,-0.20541718927522506,-0.4885512633647562,1.0835686601217214,0.4197212048708589,2.746910391182949,0.5529350114007764,1.6437470441735866,0.05946585923200468,1.9707076105679802
-0.2897570880887927,0.12018895661096202,-0.3924981889408082,-0.07041411961635784,0.7943168738745672,2.2677300137666876,-0.6543371043024431,0.416001850251988,-1.3989348192673383,-0.10705861918589411,-0.65412045548075,-0.03835864556047861,-0.24993080478497878
1.0872541755660983,1.2671820441135462,1.89877721402613,1.927879006618233,2.499767642716178,-1.9852935410325239,0.5694203978833847,1.4482964343684985,4.011549696208806,0.5201823689420579,0.6955592540647682,-0.1628542595837886,0.13997265881988127
-0.2619618012014932,0.6188507872984175,0.7238844052259809,0.46615992933434136,0.7289822124942053,-0.8229773956123325,-0.5527323182311376,0.14280144822085272,-0.9251233773710879,-0.11366230273890927,1.799041053031752,0.03631284270500246,0.2764003425192398
-0.37336555749979905,-0.6071178440048565,-1.2720037351587477,-0.3264369913136276,-0.4141955917297552,0.11796654356979874,-2.1875369560599527,-0.2921148353178673,-1.6783425203219262,-0.27508327384919135,-0.9414489120674422,-0.18020911292172967,-1.6426152737050626
1.8495865346059301,0.26881330337841053,0.60874346290715,1.5733776558557937,0.4517122063245107,1.473178645699647,-2.470596887500337,0.5129597616050805,2.490149876429285,0.05813916185353355,-0.460489315320479,1.0238821623549386,0.5788626927688407
-0.04600071738163628,0.7334847391577851,0.5708475622524404,0.004242455863471461,-0.06802290278616259,2.370789982568239,-0.3445852494858749,-0.3430321396225029,-0.5322646427894424,-0.18643998098430328,-0.4575367903758564,0.5380513590012237,0.45639111914477926
0.9807958788939547,1.5044158668592311,0.25222356993847317,0.07012146513482247,0.36547732269857075,-0.04400765358729083,1.2978524073975215,0.6794276492262726,2.4355165492207735,0.7082907295950119,2.2769943064585743,0.1911959669194444,0.9037006909078144
1.0867721728610595,1.1517628719431297,0.06256907958356249,0.61323981311224,-0.08469866026503342,1.6697740290271272,1.0495834114624372,1.3469833364782648,-0.6790330250042542,0.15371659185633904,0.3729466753398689,0.09960664177281112,0.6915705650051437
0.34749661851156916,0.3333545662454951,-0.17064285342633312,-0.3492460283849181,0.016443891448175776,-0.48152062368320514,0.7771245033084413,0.34576971584374827,2.5046050197931216,-0.3210070330980751,1.5846021818125153,-0.11225884743836821,0.7973737991008806
-0.34427083612730114,0.09608461218523895,0.17238868381918615,0.19221926167840137,0.5844743594881664,-1.0693392211808048,-0.8837240550624362,0.13446390970312577,-1.2115627233108457,-0.24633221774452568,1.3064057104521063,-0.16367357025414503,0.11988176631676553
-2.834371066234695,-2.292794737765151,-2.3416359816273005,-0.11539175293201372,-1.2944735400378702,-1.5142048539285957,-3.3503532709615924,-1.2452664554646857,-0.3695014330273909,-0.8219529321093835,-1.1710782256582748,-0.829861510502718,-2.3823069769645935
-0.7426136237628653,-1.5108545117596317,-1.1532289892431191,-0.4913540986639501,-1.0788950041365915,-1.734096665985287,0.011474072511256143,-0.287148901313776,-2.4968372121600755,-0.6510867924530371,-0.5625973678600147,0.5136009155740291,-1.2474861909568105
-0.14142361653994567,0.4549259531945506,0.05825664588508915,0.337869517772924,0.9791344556041681,-0.6408291068810246,0.4029269196111193,0.050269950161584497,3.213876551532497,-0.20819592357432057,1.2045653134317962,-0.032493797084834124,0.8031774857622156
-0.6772069941481782,-0.20827008580847173,-0.00025192543941846,-0.23776293282591116,-0.605033366676006,1.827548987426304,-1.3823732563466509,-1.4355477022999223,-1.1034730022572008,-0.3135258053115104,-3.1515209210292148,-0.8112034172957325,-0.3799141883712987
-0.04864826817375916,0.7616881491845318,0.7374444824411897,0.07356631623982035,-0.09649196225994577,2.4594714359495438,-0.3649481679261144,-0.5024041906796627,-0.5856446278727768,-0.1071204320411198,-0.578836648211711,-0.05263372690287524,0.33855811554776866
0.11545662398825193,0.8000761824794528,0.8113364692512228,0.0994112514073236,-0.003108493532571554,2.2856964693642743,-0.41302286177783065,-0.3406068000035722,-0.34138076215465035,-0.10723366857260566,-0.28760273121090396,0.5068362558527022,0.4205519459121085
0.05816103502280179,0.8625502315347291,0.9764538376041068,0.5397783232059898,0.11606958227193294,2.9563970723735276,0.004659114166732074,0.1421531233166914,-0.15561888130394635,0.002344397672633126,-1.4959996640611077,-0.15446305936952634,0.7160170312613868
-0.028363299379125222,-4.386180421427513,-2.0821165804233823,-0.7712412725368307,-0.47028792542612396,-1.9023040159406241,2.7608808371988642,-2.3235416155655133,3.509239856458994,-0.07510973778139385,1.4923558470883609,0.009955404747484445,-2.4653566290696878
0.17461340666528685,0.054863362300028605,0.21712835390702817,-0.00704474293381081,0.8491084692994546,1.7021173718571658,-0.36929348350858276,0.8151097798657915,-1.619670406944287,-0.070870840083549,0.3311318184523324,-0.05363835922959781,0.01198970819331904
-0.46732683513417,-1.359207006991685,-2.2131921180275587,-1.5590264003734204,-0.9643296657926922,-4.301308210376754,-2.700402273126981,-1.133403625400323,2.66509753805624,-0.5244580939238785,0.1895004907210306,-0.32167711833388424,-4.143976100181332
0.8173044207677918,1.7697767060718288,0.3972018601817804,0.5561462062667126,0.179174586342803,-0.3032764972827863,1.2319852178204909,1.0483631623214267,1.2606354797525436,-0.05617732209826095,0.4364574428197617,-0.006958663169061759,0.5998383067755237
-0.3968186289726548,-0.7952130148799111,-0.45998431892612857,-0.5888264230105821,0.07982176881438731,-0.7993479414822325,-0.6835134148724481,-0.3227569695443122,-2.770911407280817,-0.30103379500926386,-0.11440340979270536,-0.12668517900579096,-0.3888089570329371
-0.9465614352719344,0.42415070784536923,0.6058517737907825,0.09492571250664898,0.24924063207788594,-1.6368724372157724,-0.16314981968090353,-0.5465606191471062,1.1944964369223452,-0.21373802339541725,4.735705618298638,-0.1269605226237844,1.2738660564203748
1.5855871122087248,0.6887917605156285,-0.25924795095679454,0.8210381382946961,-0.5028717317840912,-0.786462809202106,2.6845914946320573,0.5254236032710307,4.353148024320188,-0.38657133141325584,-0.6656900938227773,0.09893923900659292,0.3980024055551945
-0.9753410644474854,0.1267686832075318,-0.9485377549821146,-0.37137544452794835,-1.5216698969132267,-1.7818062757103084,-0.04412445346320361,0.0015659297257661537,-2.773153989165504,-0.9548885256829416,-0.28710872777142665,0.12842780033799098,-1.190356210051622
-0.06806396672566835,1.1739257301232362,-0.44514898761007426,0.19472291966137062,-0.36523117522980697,-0.886596146288147,1.0492467746363643,0.2411608880600478,0.7438914978138118,-0.16816056660829212,0.8171385834231556,-0.08641527829497739,-0.44226404147869386
-0.2065728246198139,-0.5515788841689937,-0.9603024038020523,-1.055221039885655,-0.6487825268512177,0.5014283782461036,2.3357281587063334,-0.6405896407396845,-2.4299691723830374,0.6940735955140556,1.1190793076186027,0.02736536071221862,0.4366646929261171
-0.19419354236063852,0.09747439991230043,-0.3393382074607587,0.050032692491852986,-0.20743927070676968,-1.2316550659284824,-0.5862188088640364,-0.08953320310114773,0.35946077800511067,-0.33862704354247797,0.5354245769749914,-0.252413655222109,0.4163279620675733
-0.037189509437109,0.4083950035949238,0.9594654566362605,0.17487684004810747,0.7100149832756467,-0.22239507063705893,0.7476124304530416,0.33195928412153286,1.6285397896346536,-0.024889242528006377,4.730248153490893,-0.02103151934816395,1.1892579430678027
-0.4547698747105379,-0.3387494407874895,-0.6022112755494243,-0.3954206265174111,0.1307949674987079,2.066036767082858,-0.09781867322175662,0.09163223815965468,-1.9750552112069757,-0.2871539065657027,-0.6824011529601798,-0.1949471948667067,-0.48649940018490373
0.7001697026338015,0.5721801039879211,-0.48826327625920807,0.0990584215010878,-0.4836404152535317,-1.389715979122298,-0.42193259867742494,-0.07967807464715516,3.0754075864055705,0.19995241069648825,1.8881265556698459,-0.06755647476555576,1.3506181533701278
-0.5621028641798895,-1.0797339267966648,-0.9073487632673801,-0.03561931675920887,-0.4752046307607089,-1.4678414296858118,0.912092109720947,-0.13945219007398305,-1.707339853692619,-0.2725232980578826,-0.4205264266857154,0.09010667920552404,-1.0839979833235136
0.5440416649904931,1.6629428313506973,0.1960441141637663,0.027330610088279667,0.13258229298465374,0.31543301907497356,1.4133407725807694,0.9789938125018188,0.7631853312279824,-0.47422604501725996,-0.14879224523151705,-0.12913038970902557,0.3826110705394401
-0.4089614439396084,0.41414581612657964,0.19960191087357496,-0.4521208446840238,0.07120223518952523,-0.6571208744815602,-0.13468737906207226,0.17598380576922665,1.6545012776553636,-0.260224384076557,2.378872279675884,-0.15454481403214024,0.7163026969709123
0.22069725480085856,1.359439368761507,-0.3740915577931123,0.26519626550318215,-0.11818745794369735,-0.845455857878292,1.2120340536845222,0.49947917141938675,-1.6954297973226573,0.06707465037224919,-0.03521287293845995,-0.09351316423840922,0.8762369606543021
-0.1654679687691128,-1.1515666766231876,-1.4296126761168455,-1.2889411113814762,-1.1050327759360272,-4.06799376344955,-1.9986699440234545,-0.5725207908143705,3.0058642096318193,-0.20467567197280004,0.4417718645516369,-0.2751726217552399,-3.5153741532833216
0.17417633285745973,0.7553650083025502,1.482771851911675,0.09208244545695682,0.09572718895583725,-0.2052408469934016,1.6447729498065182,0.39552231609174565,-0.4398154956200678,-0.15105435110421644,1.658471924564025,-0.004938525660998295,0.2572521631083348
0.10908694630902674,0.5419152756894215,-0.4821018013580599,0.1547899539331491,-0.2238132650609542,-1.9326890151225957,2.15185295381053,-0.12197827989662385,1.9170290614224763,0.6614218248046624,1.230255778655151,0.029795377770852744,1.4895038367926867
0.35838954151232927,0.6340378948411669,0.191836851464274,0.20457990880434718,1.1183417244829856,3.392828629787674,0.4438890584899734,0.7014029383136787,-1.4134647334877968,0.23535017338083383,0.15089554511101191,-0.008344029283616708,0.8218278966369366
0.4835633109334029,0.139871083534866,-0.5231658871583122,-0.0030660454787882763,-0.1265506909559998,1.9901098393465186,2.211705284240759,0.11292466270763223,-1.6560685365890253,0.13156251660703366,1.9464312162594348,-0.09791893584213932,0.926388412846977
0.20080913421490953,0.4603635891146647,1.6378402829273706,0.019561753591470846,-0.01734954250355557,1.8635792267715763,1.7994030723415528,-0.06841005472362868,1.0733036811903327,0.07051140229372936,0.4767036258025714,-0.05339558521389133,0.10627762432054925
0.15125315605520478,0.6680804665719108,0.9923341975928958,0.24319461272486173,0.13931711736781938,2.3638782747643483,-0.1954744264002269,-0.17489300724616952,-0.4909755289447235,-0.06240243146260685,-0.2982453706109017,0.03018165664398111,0.4836878086535336
-0.33674301397679496,0.24791171531296433,1.287591846891187,-0.11898682621204196,-0.09119006239860837,1.2206911040834774,0.6759493198711426,-0.037509418701617205,0.35862732961799737,-0.17843679165170107,0.9120753856207658,-0.07228178777292167,0.2555123684472508
0.19971060189664264,1.065624102537727,-0.5754739515770537,-0.017660955501616803,-0.4464772778891752,-0.7340104988984402,1.0005372306256968,0.4671061166479355,0.8937707745840048,0.3270573161588982,-0.15789600800645223,-0.14839207985593628,0.3578784665610227
-0.8829533274341116,-1.8046662720008237,-1.7979249235585384,-1.8738495682119134,-0.5301816072926804,-2.227964731172737,-0.7718050657629244,-0.7657825782757978,0.6583665826492425,-0.6178606258627649,0.5243388112119606,-0.32685829240376024,-1.3092896072695863
0.4935126144563158,1.1431790865031586,1.0804382648683775,0.2798957685572612,-0.1725879025624858,1.3906734087056891,2.1547719028012624,0.8973733110343003,0.34194788522500946,1.1310465164539507,1.9705405452940614,0.09018344741262901,1.385593980146158
-0.3941869713535481,0.4871199195129643,0.6287282238870913,-0.21682245908007547,-0.23188113819057532,2.304604511628083,-0.5038839630429478,-0.3185776216486314,-0.7030690368232576,-0.1986574844406763,-1.9037815922505175,0.430987055423385,0.03684803648774197
-0.20275115513734313,0.44001212580026017,0.5784801425109618,-0.037908688397793516,-0.40102807151076075,2.239193005496119,-0.5721142509680552,-0.4401764735896399,-1.1517085668482145,-0.22590112957495478,-1.048238076447354,0.296132836142917,0.25726264461047116
0.520360529171303,0.6225902646459225,-0.6091555262150037,-0.03374552981617551,-0.534606247798074,-1.626453268030503,0.8764000034619435,-0.1061919091494444,2.857011524289071,0.40206532953307034,1.290191192045394,0.09561556162312626,1.2656582594810364
0.737564931726083,1.1037076843952913,-0.09472480643967482,0.1610061994169114,-0.2606876980925963,-1.0023300998083624,1.0606929044973934,0.23792798804222703,3.172000889457607,0.7572389155054567,2.230439754701996,-0.014371660990743959,1.1915596332684315
-0.31036718295731897,0.6130662879135667,0.7980409006952928,-0.09539944920119729,-0.14014516077638184,1.8241988883882811,-0.446055690061508,-0.5273677884293202,-0.6813207533085048,-0.33263233728655106,-0.33850032205628744,-0.20268592201794183,0.3071329280705605
-0.24486690900935282,-3.469122299785828,0.937048670821047,-1.7516833121104478,-0.44556376086030564,-2.878478871084388,0.9756644161811308,-1.047480087114705,-2.65949261502311,0.174280876688297,0.29012914208177876,-0.0943862693676622,-2.0429984420346514
0.232079911797385,-0.08864725559535958,-0.12487990808530916,-0.12154109777740413,0.09329267431037598,-1.0121203683464164,-0.2806542976727036,0.19089984360694265,-0.08930137783883968,0.4486187126340034,0.2356892220956636,0.08345317436692613,-0.265532960909574
-3.623493098600432,-3.5343361885028166,-3.0288572821225457,-1.8462097554617662,-0.8292647122255423,-5.089755280380421,-1.6474321972679662,-2.966134996266725,-1.8352555409231637,-1.285558026460413,-1.7460851742549697,-0.8829875934734526,-3.4246389542013
-0.01723836294427098,-0.5663934481508719,-0.40470721506280816,0.07249665491464029,0.1686187585562261,2.6696775160174977,-0.7718174737127912,0.24415027852170168,0.47458598659360895,-0.28455712312871284,-1.24525907547834,-0.21102374958922154,0.004182166242971981
0.2800218246781474,-0.07911594508862536,0.069615741383362,-0.15451262401416896,0.22851504290605795,-0.8499519793471945,-0.11887544646083065,0.3929144819882802,0.32485635200593,0.434263205666276,0.7264345336700271,0.10508409134733182,-0.3122434552937436
0.07422409173722072,0.8471512367357759,-0.5833885603465347,-0.1453426268321669,-0.5396738932696947,-0.506076968988507,0.9242630728995168,0.31641108282052705,0.8351456226623202,0.6042203389877816,0.33773585823545654,-0.017971647530018033,0.7713008425789627
0.32131977110842447,1.0436694859700382,-0.2831390813088768,0.02942321698970367,-0.027608284093956992,-0.7808883932532948,1.0633394135693863,0.3641673879806573,0.7347417221365808,-0.026483338114598593,0.37314516311459656,-0.10906165201786076,0.43669575766065255
0.38827319887518463,-0.4167226028428154,-0.21667660494205643,0.8209460409453864,0.20542951134033494,0.564986882941125,-1.5091010323210825,0.39756582987417155,-0.986908899256313,-0.1611122278468167,-0.6764088771334436,0.9992508639234841,-0.03438980427286071
-1.2118396556195021,-0.7415226662433191,-1.1427973328323826,-0.5262983025328464,-1.597811374263709,-2.0540382019854673,0.015350157410009772,-0.11747546847340543,-3.06380032149066,-1.1229590049488212,-0.7928522815662696,-0.09969711736025706,-0.9475253631694552
0.7857594328477153,1.214895714249255,-0.5583987715933474,0.3368387501190107,-0.3666730771563016,-1.3455313846018786,2.2696348433403504,-0.15919653208538267,3.327798516838812,0.7367926028748562,1.742653407649551,0.0009994443578439064,1.5236541691556988
-1.1860081660582604,-0.06721527177064374,-0.9688074972375761,-0.550311402392108,-1.3436936473393706,-2.516806869679842,-0.39107261805044896,-0.4379968849239716,-3.3034208381719274,-0.6333905193059601,-1.0091698930944162,-0.322148248999664,-1.5265202115499412
0.647724661788541,-0.7793503769580276,-2.0192489328182357,-0.5559231155857236,-0.9111796051883397,-3.8325538508343096,-0.8980774321823587,-0.3844153666299664,3.44180667193917,-0.09870324060191499,-0.43909713298936054,0.680291795135062,-2.9076638051629473
-0.05030559001697436,-0.9678983452085712,-0.8833796135183527,-0.15422577580411195,-0.27267455208348124,-3.7169043740622385,1.069259895447435,0.15767699864123852,-1.7123269449909113,-0.39432954912177387,-1.2121055177565558,-0.19021519296336903,-1.1441180957595094
-0.3958181875007641,0.7917966328173254,-0.7183927070265378,-0.24137974120223793,-0.7249645215536779,-1.2899901070315138,0.8970105247757036,0.10830913880335467,-0.955167223683998,-0.5317824648597483,0.008393356163804913,0.1098306769476686,0.32455275174838266
-1.088817729533702,-2.366669857314943,-1.1074494710158456,-1.7329871665068073,-0.5633277214791936,-0.8227518399496978,2.343616521235866,-2.4118994224839847,-2.4395968522149545,0.6111240417828472,0.5779936702420108,-0.09467105289455514,-0.5351774555157558
-0.3052642080437444,0.8024625519065496,-0.43327427228317705,-0.5035375733983366,-0.26010469356215454,-0.8394576776977112,0.7587138261776676,0.5428206662162361,0.27231097234387164,-0.18801881228858192,-0.4915198078664253,-0.04301794148037313,0.20700384122138427
0.05778563101568982,1.1125005106903458,-0.5478491056573372,-0.14872307791542777,-0.4633277426609614,-0.815557864928851,1.056641660049661,0.39052831774370533,0.764269259146984,0.20834026397361105,-0.20485599419438388,-0.2931568599220675,0.5883746780881968
0.06389624573807749,0.9397734205362701,-0.11043187956196363,0.1662362812262856,-0.028218721453126355,-0.6110829400013769,1.8186070818812325,0.28086317149249623,-0.8953552118391317,0.5896726338789126,1.671077386606484,-0.0423379327799194,1.5401664923139227
0.45737670194771557,-1.452390973468104,-3.062760302642257,-0.9968315937126884,-1.9989790499924374,-5.108479082464602,-1.3675542071901463,-0.8468203602449242,2.8207306055445227,-0.4409406108688565,-1.7989569232959504,0.0818275147490204,-3.492553474588009
0.5513772369247293,-0.0698315020595004,-0.5006523309974,0.07377652668394141,-0.40207570730993114,-2.661191934118978,0.6247623328194539,0.29420935036407575,3.5182033960324604,0.34144249247982056,-1.2624717163113464,-0.13124885081417034,-0.6802437805943191
1.5784035618119456,1.9608381974999791,1.5078437529284403,1.0861880548119855,0.7505987934284428,-1.018025393171443,5.990845808476829,2.3966625773911883,1.9935753209951028,0.9855870331510798,-0.4953415028016186,0.5503519322573105,1.8623309982599068
-0.3134297124813828,-0.24721200715595237,1.4951532827524678,-0.04736822413616913,-0.11015210315274693,-0.2279865573098262,1.29599959391014,-0.11927839099998683,-0.3526794624297568,0.07870208243373783,1.4858925120196202,-0.0997793021112577,-0.7253821580417248
0.014053265898384983,0.052699189876568374,-0.5548421865551629,-0.1911646337328582,0.6374612825648446,2.683841341098305,-0.9418454970996307,0.09639338450144151,0.20759245540299967,-0.09063163862835304,-1.9977752473126422,-0.16363175373265723,0.08126737514381407
-0.113780588353984,0.5728340702056368,1.2756142733995672,-0.5487792700709542,0.010067266409233628,2.2940223331850333,1.2893109804585885,0.09321095093360379,0.3004812003961867,-0.14407747529369466,-1.1016835773622415,-0.06369191172765566,0.24175438339770242
0.001596474165562541,-0.5286627707535969,-0.4608421117310516,-0.18107653350802141,0.6539370002702345,1.3263993515335544,-0.656651226935598,0.5127498846247586,0.3080918230108607,-0.21579095568482037,-1.298139758481282,-0.12962142352195877,-0.30794181332302595
-0.31013057549070155,0.5822406928542638,0.651162341858726,0.042769339427403706,-0.005615623251974805,2.451481306149831,-0.543853620301363,-0.20132156221403022,-1.0242584580964307,-0.16906396837956789,-1.4890313965113215,-0.022219043549072618,0.5112577329698897
-0.031089956590181378,0.4209044847436922,0.9642187174047449,-0.03973810180297328,0.06206549545387842,0.8700673359886019,1.6606547878097955,0.45850923244013536,0.1088270004574831,0.563227795832273,1.7704677936424396,0.013110014501208848,-0.42040266386233266
-0.9363464238357524,-1.4539555165324254,-1.21856850544534,-0.6484203662756934,-0.37267448233544004,-1.529707468628055,-2.7665238529562743,0.017220605598348718,0.6606668006188958,-0.6001942038308417,0.12412873430281054,-0.22741242773727421,-1.4932482243039544
-0.10193179782182495,-0.05393370786306654,-0.6995971257480171,0.16272548867648262,0.9446992420881158,0.9145847754234757,-2.106990949784457,0.7009088881919163,1.4594029327461289,0.5378950813120333,-0.29291110799854814,-0.010433407220472068,-0.27624633888507044
1.0729677170357255,1.630898193245133,0.8116082458424434,0.45998665362906965,0.8609474330654162,0.1740297279285732,1.5491728209367848,0.7542043141627475,3.6594900282526694,-0.09674275998039064,1.3302701403886183,-0.019318889076045495,2.1961579551968153
0.8000423958209447,0.045167122928994795,-0.43012623312339815,1.091198830690442,1.427298800056128,3.9519010567077846,-0.8421524649264758,0.6364695710562065,-0.48514675153290043,0.17526723641669373,-1.6609720024291894,0.12520890846486304,0.47394746447085495
0.9033128754447937,0.32923987053127757,-0.1848775665368885,0.05611805509517173,0.07231907435848067,-0.9901307367580012,2.6004382233725236,0.12631564105136525,3.2944825476811572,0.6988436156252608,1.789667420008013,0.09060407241444204,1.7646614587824374
-1.0076814850414584,-2.3736520198166056,-1.8303417827075141,-1.3967641228476226,-0.9201854411067646,-2.103545905867746,-4.202649158572569,-2.6803746767909935,-1.81705050383397,-0.572983876584201,-4.456358124967406,-0.36647620034016043,-2.733039499619821
-0.45444030593666773,-2.052204920222802,-1.911858727060155,-1.1066849677973534,-0.7685844883356348,-0.6367388098402365,-3.563678128479513,-2.039472941776686,-2.052757718643277,-0.34600570067802133,-2.4539674808700673,-0.32728986028646556,-2.6503800785837757
0.3084528521092013,1.6181251320116121,0.27773242265218867,0.4603668628839983,0.16534278424178614,-0.1025839287047792,2.5545413860024158,1.409039766566647,1.6159127240787103,-0.0077234211842167055,1.4658231988199986,0.22213226671123676,0.5358685709365334
0.5006283340431079,-0.11860277183948915,0.3068235127097514,1.35175595528278,0.6628664728109208,-2.5860023430033787,0.47506744362633796,1.3350745909284643,3.4874690735249567,0.2150507158708449,0.15376657857559622,0.2462927840999327,-1.5048093681572932
0.6985953993303701,-0.3203559715263287,-0.3201319390377547,0.044630895292050096,-0.7198652542465263,0.7560321276239118,-0.2423230475870273,0.16356514647059764,-1.276262959884997,-0.03714960043758356,-1.771697682996746,-0.044643925380272176,-0.15621293041104864
0.9629645332155958,2.7547223380032104,0.41269580286836965,0.5919714752170775,0.6244389930339012,0.8520729383553323,1.9086099283695352,2.0462962547363706,1.356333595011901,0.024209843611655117,1.1479019149626966,0.2868173890663053,0.9685736383986013
0.15019128928478392,-0.14365183412627727,-0.004700832248717156,0.2548386203572672,0.2118992029937605,0.27862603521750606,-0.23085842039953508,0.5423531369696786,1.4736856387726338,-0.06463706200787178,-0.16367364739973303,0.3810110581679166,-0.06582154419079111
-0.22524072760974795,0.4195471423548749,0.9426891506631443,-0.1962286766679285,-0.033615781490225385,0.9016478664523717,1.5430224859210042,0.1848536539129499,-0.11517193943055141,0.003277838432695693,1.5526663804371172,0.0352080281373734,-0.2008730396902603
0.8910644911014889,0.7374890272942785,0.6629263613303191,0.36955785970022487,0.5112415117493625,0.5414774739530142,0.8684510719002638,0.8599553394390063,4.072953553956596,-0.09374083307597585,1.3784809714877821,-0.03395537424392784,1.1293835913964239
-0.9231995131305624,-1.2684038312784915,-0.7099199342814326,-0.03899871131482843,-0.20918653356881498,-1.579109906960382,-2.62272328490469,-0.730495896325188,0.9511061928483345,-0.2749765827035945,0.12349138837980315,-0.126430634438681,-0.9497629890779758
-0.4437455517839408,-0.01737141914135365,-0.6537139983580631,-0.550984367011697,0.5629100638164932,2.1306762935112538,-0.31714511213901764,0.24472329209907911,-1.3541348987910893,-0.30040157687695085,-0.9717405348689577,-0.10530306942437571,-0.1801062488286859
-0.05963597745634613,-0.1534437326931705,-1.5410522060975844,-0.08789413690748103,-0.4975918610275001,-2.1780768185758244,2.0191775730945585,-0.4828339540684182,2.363909839124729,0.7050470120646062,0.9819471109110034,0.027127589546143974,0.8413263182792191
-0.04539599568272634,0.9717837742894577,0.7699542008578362,0.689883316947768,0.5186841405250341,-0.12496276576537636,1.1651263772776455,0.539371964484712,-0.281097176556941,0.23554993739791424,3.3595682157058677,-0.04412082180484299,2.7346038950361415
0.4240242706389272,1.6569874730649303,1.7252216688044268,1.8515953573325856,1.10681949086539,0.04647454922553158,1.1391360191985347,1.0614725577595854,0.6192337324443119,-0.13835329062641702,4.66907209400385,0.015512275236089636,3.0170406836734363
-0.1680496705406241,-1.3191463059673292,-3.0749749311326173,-0.25401544163520956,-0.622230242769648,-2.2698239092171812,1.3406460465596883,-0.8315459890411391,1.8894760550863832,-0.05095789204286926,0.4711819325959208,-0.07092448905964077,0.2854638594409659
-0.3032173224113003,-0.5162149226247696,-0.733650104225445,-1.1254114756145928,-0.43508227229868585,-1.1169772277511139,0.050526051128722924,0.19060741103603507,0.9004504293116045,-0.38098544826006714,-0.7926297838587522,-0.14058611292741263,0.21791341882716445
-1.025743573472783,-2.9256147878839536,-0.7589585554385041,-2.420116180222378,-0.8671580912131402,-1.9704040837551777,0.6908657058266305,-0.7328987268844825,-2.5353843476778515,0.19363211588157958,-0.919490945014275,-0.39467046401463457,-2.2376877826912738
-0.4111347894256728,-1.3764463457741984,-0.9655754109254728,-0.7266704564696796,-0.2535933305731871,0.30845669091808503,-1.7347112346029219,-0.8088044441869068,0.15706494699154686,-0.14682753342281407,-1.3895626479819312,-0.20468785956890012,-1.4161510954313499
1.6594797209350187,2.2177973788355785,1.452393993021817,0.7620555499718626,0.7001199773292884,1.9996555343320752,2.6927011719565943,2.6994500447951975,1.6269677235959616,0.10744448084720509,1.3962147088782184,1.3890380965483686,2.1556837822512422
-0.8925198964608393,0.22794940879827172,0.3964933414607204,0.017846727843862077,0.20231419268646275,-1.186979307964211,-0.259886806508164,-0.9359385965159165,0.8353257140328382,-0.14304322753806545,4.680514545477409,-0.0987123458946331,1.3651045293032402
0.33605979396935765,0.892590240554289,-0.17081444579719873,0.11600765305027992,0.07689314253343683,-1.0033023378335768,0.9377326083933522,0.42514811093505056,0.608645817933656,-0.014132966360387696,0.41416586978348074,-0.10286723903199244,-0.2784404891739703
-1.2039815379785272,-0.3425709414783505,-0.961148030846121,-0.261969152444508,-1.4830996278845445,-1.9368219971063085,0.5099060678576481,-0.38152339808888647,-2.649070934421486,-0.8973400187730376,-0.2790235250603615,-0.2581969477013788,-1.1783483063865505
0.14638349508607965,0.6148609166702307,1.3719104910057245,0.07020057568197235,0.13475809102257094,-0.32070996853173717,1.7715378636654675,0.3713481975711572,-0.362068050019443,-0.06988861052034837,1.5416476166406126,0.025599928228443272,0.19685799045617586
1.4118732818273,0.5036266100150532,2.0061607898087495,1.5726767600799862,0.35205206519419635,1.6955377724073415,2.2934095450338083,0.984397015886433,-0.12772436188326944,0.2214032899070946,0.35054649190757325,-0.025786468122257936,1.136904238484955
-0.4982947724480698,-1.0929786388788165,-0.4852523847462402,-0.18484527956487407,-0.33196819042476505,-1.561007866692833,-0.4980242291853453,-0.14460731126691417,-0.3567464195989951,-0.23077400044124158,1.3453285115018179,-0.26466873402319224,-1.1279554445694924
-0.18488804518477994,0.22549457366811115,1.040323372380808,0.06824875233591439,-0.17662967879687327,1.3189378600927175,0.5320486638413018,-0.1193742297363416,-0.4699809890038645,-0.2210764715704136,0.930038320466281,-0.11861850353035457,0.49490219146168474
-1.0718322952549595,-1.199124611371663,-1.90130468512135,-0.16380164480845755,-0.9082917095837182,-1.843001252251237,0.2556088615045883,-0.7679221080824372,-2.3409107300796954,-0.6547436774174114,-0.35891442737386875,-0.1772701216640416,-1.8852582778944635
-0.11532263516228536,0.05794086099214229,-0.08210570589005438,0.01612735832588644,1.0940489858855857,2.348805594759243,-0.6358658559115915,0.7170973882139919,-0.47513986912374917,-0.012119333892543264,-0.6101306415990823,-0.07735757687154951,-0.5521263681375423
-0.40324812727876824,-2.0987172823269957,-1.576122732200246,-0.7518617467928889,-1.40221840777318,-0.7426912852227946,-2.762301132152659,-1.1893440164880464,-2.3939560829827355,-0.29102455977014174,-3.228016720959503,-0.32496358931038727,-2.8728578751839486
0.3478532108383823,1.1610078293328276,-0.17740234519122167,0.08855813371431494,0.07613251184979969,-0.7832167694314073,1.1944649461950434,0.47219593477448346,0.7633192888556773,-0.13245230528694163,0.7184840172743944,-0.12622137911863526,0.5146817398480036
0.24686737179976065,0.6695579620269645,-0.33183411271971036,-0.20278739633944098,-0.373711024293055,-0.988575012961713,0.8946454176318367,0.2765335312207591,0.49330215897643953,0.17575984821189194,0.9480074295484359,-0.03540468952217553,0.11808253395694507
0.0032225729791551063,0.32626357960980384,-1.0306774954570248,-0.3635267136214922,-0.4103696053885183,-1.040698899658552,0.7358901325119142,0.1623145654584125,0.34833745903542473,-0.1938817254210719,0.19998765957839268,-0.13363806808354436,0.22016549989891546
-0.07740565775751342,0.437324790855378,-0.3415241952011517,-0.681199890413425,-0.11206281058955939,-0.8530279023470615,0.7218324926399832,-0.029164955149818636,0.27138699184637516,-0.38867348138281765,0.3209975726354039,-0.14066914444879838,0.031037972476850757
-0.20035670132673752,0.6657582545797861,1.3561204998620737,0.07004871495236231,-0.007619593752444605,0.35282414165066767,1.2999790518556253,0.17239734052175965,-0.26760286574691744,-0.1381404265124971,1.7138103039252262,-0.11718030179889556,-0.00814339831367963
1.0712234433629133,1.3650301498438544,2.9083065550595837,0.3793185499791677,0.3566216706137897,-0.038170899222863666,2.3720573332077937,0.266464790487662,1.416752603279116,0.02011276756982433,1.1150713514634925,-0.0040798459634080984,1.3403896141802476
0.13138632244682713,-0.127379196110285,-0.23639780742944122,-0.3285921678379074,-0.0065435814047749685,-1.0750531723458938,-0.415996756242433,0.19174200189856092,-0.4624031617554526,0.04924703845595812,-0.1365062363500086,-0.10621128375878068,-0.17820280871819702
-0.028517204268525016,0.9195050104488875,0.8391760171891656,0.1520185191299404,-0.03410413510308391,1.9701154685395563,-0.18734984380451755,-0.07636611170394139,-0.5240317267805543,-0.0847609489055402,-0.05479123764865411,-0.1840574970909964,0.44073175362246636
0.7151391098568113,0.43874166169074463,-0.5221963580084655,0.0276148380859134,-0.6306378883138921,-1.387159853657811,-0.49165272127914544,-0.23969314603807612,3.2967127651584125,0.07402321114153088,1.610411418182258,-0.11411727221372225,1.2214143200653294
-0.03675428817307366,0.48583262890590234,-0.2525912484716779,-0.05951104850922198,-0.04056061097304339,-0.8722431034105829,0.7443498544123335,0.11935795739021463,-1.2288483637967147,0.528402236683113,2.6624995856238005,-0.10201702711301754,1.5479596132142206
0.7320136961452147,1.0361439907352907,-0.8354363782923774,0.002320787755306907,-0.37662835858451804,-0.8001654979269696,1.6298505467745572,0.11303247746287123,2.282411524364725,0.3653297447105352,1.3392662905922368,0.010444052244226131,1.2994679733448558
-0.5976791055241805,-2.824715908374637,-2.640247533390195,-1.009339356086372,-1.4650587174919847,-2.301535925825593,-4.393159109653593,-2.212218207447376,-2.1012861593561762,-0.6376848760293796,-2.1258986690774972,-0.2902319992509568,-2.955790001737576
-0.8525475760714875,-3.337531168457742,-1.0264835626512974,-1.0533260745881128,-0.5617354356911448,-1.9661864197305927,1.9542082002081185,-1.4921481544731394,2.3118371321467883,0.7239242967648899,-0.019119862846952565,-0.1361555916671124,-1.1447049493849693
0.32176106594088993,1.1297376994831334,0.15832270937945897,0.13404467368873563,0.07131480705109423,-0.7814138924785787,1.279903595082255,0.5694506260434475,0.7915022854388614,-0.028703382617483522,1.0121556111194918,-0.053732396056810905,-0.09932166079602509
-0.8718781360727733,0.44779316940319003,-0.7738781834605873,-1.7957476181239405,-0.377410959561821,-1.4649305879115129,0.34343492797575903,-0.31221705475770345,-0.04407505902047786,-0.4028796652787261,-1.93683652421369,-0.1457243748597748,-0.13811403554424428
0.31341546360804273,1.140435379500656,-0.0715552269438437,-0.06193508983098176,0.13573134052114455,-0.5105301336302526,1.1204827339455692,0.6077639833756256,-0.480482725192948,-0.17204358915604334,0.15056695008365853,0.23567961461699768,0.15302288156546032
0.90326501929738,-0.03422675012378019,-0.07178996840310797,0.23297010940603094,0.029146599157118383,-1.1144452469679527,2.3547140977381615,0.26553783496460226,3.5883487086091197,0.8563033735630516,1.6662665888170405,0.09196730436524378,1.4203867650617998
0.8627681065967776,1.3088491624366074,-0.5583503282108964,0.2212677573738621,-0.21515130447948147,-0.579110986924368,2.338563103523209,0.21340812230405098,2.250161771787744,0.7384682236239315,1.2971858232481304,-0.07557548400997696,1.2856787528220517
0.14682126056584016,0.5490321206176626,-0.7350864198436547,-0.2603092177245869,-0.6966695381118916,-1.5501409378412387,0.6597075746296386,-0.6981008260762446,2.9431747952199983,0.053337125319780646,0.8822224288903979,-0.08922057073757363,1.1119220789139055
0.10157327301334591,-0.02884831067950785,-0.2957609382088089,0.14366764121973474,-0.7920809654759556,0.6792708956031128,0.4621458003085314,-0.0381433441865051,-1.155696185333913,-0.325514424419962,-0.8984442188880509,-0.15728563211392615,-0.3347482764852854
-0.22963024750571803,0.6339769659116347,0.8275992456351461,-0.10072118719457648,-0.11387071839934726,1.8717352393067752,-0.42662052841287934,-0.49333977583343075,-0.8638588764425366,-0.28833037770146297,-0.3540269464211694,-0.24015873231148965,0.28113488871112674
0.005509700059903693,0.8244908372232587,0.7753872397441105,0.08208812951795859,-0.03199663172346642,2.2346790691021465,-0.38648227239389804,-0.3141420751587592,-0.6056851495885184,-0.17291099832393234,-0.18800402664650592,-0.24602170891037936,0.31216033976990726
-0.046282515428287714,-1.9974876347202288,-0.9192314566296731,-0.5619553093738959,-1.5322454423907526,-0.3655140077884102,-3.2404919062068482,-0.19304154248623595,-3.7879772588809857,-0.36424858435794394,-3.87842181172584,-0.08864169456168197,-1.8311660696117267
0.1077535408144144,-0.5421688364963566,-0.453107580684591,-0.40766365865581766,-0.08880265718739894,-1.1724132092943829,-0.5435580708386584,0.060440143426983735,1.2131081016356537,-0.06897660014814594,-0.15566855914192274,0.0645321829670057,-0.47907157966970576
-0.02970265521874855,0.29106809091456753,-0.406550378899685,-0.4393425923487586,0.03230066530639307,-0.564547923232377,-0.18146144328613042,0.43134792429006963,1.7029356294614264,-0.2027014180664749,1.5351419459417874,-0.003482543497682633,1.0583440456384174
-0.111638124529143,0.11719865871877928,-0.21776353906477908,0.2750170704921604,-0.15358810737974837,-0.9447799318555433,1.331921165729097,0.475103955968904,-1.022547053475864,-0.07247732885544084,-0.019406733832373846,-0.09539064213064394,-0.4070310758023211
0.14090945936635965,1.236287574510918,1.7395206503311378,0.27980039311624655,0.13968040499474021,1.1661612262990735,1.6908616704328194,0.3640880672936327,0.4455428659926271,-0.08102623611714493,1.0110409604333757,0.040957333921040916,0.27558518331808346
-0.14661981427589332,0.48808515511543693,0.5129187334499634,-0.03881030835411768,-0.1628310234997318,2.059680835629115,-0.6319286001381828,-0.5519842533658569,-0.8738223794854196,-0.19695710569503713,-0.4252799487399817,0.44203262292152623,0.35084886427360795
0.051294518566379885,1.4329877917269345,0.5361915999694935,0.5648326994579593,1.092251600647966,-0.3580602521752009,1.3754272440801527,0.5177981134096625,3.6617302315190647,0.006775229324897093,2.153137746408013,-0.07747304351664047,1.8681610348776705
-0.9855074687537534,-1.130211946833879,-1.4981013227781899,-2.3321599138815263,-0.9210195295807596,-0.09440607768716287,-2.852208043109988,-0.5453872761006157,-0.9046898878411676,-0.355954396428424,-2.87456188426062,-0.3872143006174723,-1.3014945434056506
0.7365505344010627,-0.8351636112512398,2.303127244674704,1.6833902941739907,1.525298101343991,0.2889928303514091,-0.5415499483010111,2.6205562729579923,3.473020743951461,0.21539667446114544,1.1065779355201972,0.6414389398326682,2.6521320889350797
-0.6138080545016823,-0.9469758039231725,-0.547091285230773,-0.01777432877389309,-0.05275397599726514,-4.580900761266239,-1.2974408669278228,0.015593714554949302,-1.8832767929372172,-0.2593828456067584,1.28953653617762,-0.17354114610507781,-2.836836696607966
-0.3516343737384563,0.6701934381659763,0.5367203552488031,-0.08356086959001706,-1.01900486031185,-1.214779610491694,0.9276992672804689,-0.5159729764671321,-2.821176878685365,0.5242761769885611,0.9640490420376104,-0.07660918904170909,0.3763141100231506
-0.08227156756497506,-1.566694948435761,-0.8094291931838317,-0.442478461414058,-1.8968756055461975,-0.19265141120089946,-4.317985739322095,-0.32343467729528336,-3.099761319463012,-0.2755186867384086,-3.211943054596066,0.5614433450218185,-1.8717967282970338
0.6139063907895859,-0.057635070942342326,-0.18298156578132574,-0.15509539726707666,0.15482566042027124,-0.7537514021625327,3.0509423652687113,-0.1541776851250324,-1.9485493561325395,1.4369105775574122,1.450776219095828,0.030398306559460853,1.2343680747075831
0.3867283953591766,0.1587275540414784,-0.6068336167795739,0.2977296419671943,0.08160431177743402,0.6163535822239806,0.9022873963179558,0.3652654708094067,-0.884981425447622,-0.1989691706278569,-0.4611977127704692,0.4021647271132356,-0.150871393750163
0.41782774667203854,0.5141966190789309,-0.6106941330165135,0.8049689957742681,0.2787331466644537,0.9869060192681436,-0.15398475039827944,0.4993130218796431,-0.6426671489082381,-0.07684416620940382,0.5961515460274599,-0.04921378206125357,-0.10559178841740105
0.177869660135281,0.1901771163997343,-0.8993634165290535,0.018404408562410973,-0.3878642402348728,-1.4453384839601084,1.6678684371175607,-0.08715379118195009,1.3461671782872227,0.7089927024129106,1.0501821798494915,-0.06367579242227492,1.1952825725073408
0.17238966926518418,0.8314093567022228,1.524314758867646,-0.13874628358054908,0.023670610606980773,0.36673498935273113,1.2604212293240962,-0.027701176007588743,-0.11567982951593067,-0.01773318076609733,1.2809848778508603,-0.12079705613820504,0.6719577652997234
-0.25348909030448546,0.23730089431757928,-1.1131793256304485,-0.39768330563635884,-1.1315376987123296,-1.278630397245935,0.7285592976167229,0.10608401162950834,0.07629321195831933,0.2509992036862401,0.6292195183386666,-0.1547837167899383,-0.0722651984206297
0.02024003377999188,-0.08247860436819288,-0.4229830807298682,0.08163544276017798,0.3160317961527552,-1.1048733848426493,-0.02462779281221128,-0.01594328167434365,3.413396391887217,-0.22870227947210273,1.4166072155379996,0.01746137504646967,1.3561653301716112
-0.06403944573585045,0.6055198012106121,-0.08184825196073187,-0.10652346398526182,-0.0851847616671067,2.2994167373272476,1.833918930039638,0.12728621760978265,-0.2577453440158731,0.005694348556506977,0.6744915078109545,-0.09230279524112114,0.1647703158493257
-0.297019093015438,0.36780190854643785,1.32221385198904,0.10017234146750223,-0.0294181164323042,-0.041190253418301154,1.4665705533273932,-0.3408014688516656,-0.3716449797057753,-0.16007999369874593,1.4176997205669368,-0.14923964560109504,-0.32416758464701056
0.27047156450442156,0.45020822945600614,0.001438888136763054,0.8972661796284631,0.9891846304106807,-0.24942018542335256,0.9854063210835579,0.6541067756254537,4.095865196932831,-0.12395829278199628,2.4082825547674056,0.049059160119439976,1.816731046768319
-0.22642977147363133,-1.9117253448091087,-1.0385476303020391,-0.8199548512243203,-2.023834014100851,-0.5641407176668547,-3.3445633010325646,-0.8063844396864687,-3.1459684105633965,-0.11145837092047765,-3.821046776889255,-0.1502250362254888,-2.424078085228749
-0.3447374199120612,-0.7316880666674117,-0.5912846643495787,-0.4442783331578702,0.05338641110109166,-1.2122360832867627,-0.5727625597698432,-0.27639508469282503,-1.4205938689268398,-0.21722616483897184,0.26673653775535056,0.024302964530005564,-0.8915146239163979
-0.3837326007398466,-2.7580188232484377,-1.0349248807233138,-1.267424328092537,-1.4934540175462867,-1.2957255541033939,-4.14558386131759,-1.0552550796936782,-2.9523741530777063,-0.33507499139626595,-3.619773960864534,-0.22029063588370462,-2.5356693857442587
0.09172667651256129,1.1863086601455386,1.485869088473005,0.08132860719743698,0.12424229146653983,0.6147036346570692,1.5823348007312352,0.24475659811791659,0.17617294358335334,0.6360559580497079,2.4911745015945694,0.10876239533872453,0.8214658267526991
0.022039094422167782,0.3093907649985178,0.5091345759001302,-0.056085468579808055,0.07684858873900441,2.3424231114658887,2.03943959076643,0.2567784094334476,0.07669174208448054,0.33224828232597137,-0.23070105904040647,-0.11157724955688345,0.0011037368214197071
-0.8427487978463373,-0.023710350781782612,-0.5914940399663627,-0.0682686460338947,0.567250278034351,-1.1219432356169758,0.3174061471485119,-0.3273386690046432,1.7030166000368385,-0.17643927757033254,3.0454944175981087,-0.04655205494064526,1.1803041136069483
0.8377040649288231,0.24727970767429927,-0.1986406151236346,0.8745528328634747,0.32666164062826686,0.9531064018335506,1.2666566064863263,0.6066326668064315,0.023957941190908844,-0.1216821719781082,-0.3658976408927185,0.4406273422641163,0.005211970486626509
-0.4331385416260713,-0.19457861474644025,-0.3201647052259391,-0.46738718923621086,0.30245826595152425,2.001755814461503,0.001980448364694144,0.24376947340063948,-1.419938107296928,-0.27658771473067145,-1.0292888149703185,-0.20695140546834512,-0.2929925395700977
0.5490983245779192,0.5796275178518975,-0.28764165245177636,0.19081555063836275,-0.07406634277017368,-0.7965614661586005,1.5360229763869817,0.17610479955328634,1.3690875107005962,0.6380921156119764,1.51096123712603,-0.08195405011505096,1.4891086450477855
1.4644815586416773,1.1236837536927002,-0.37834572723006005,1.541823600301157,0.20937515321291147,1.288159190996343,-2.065145138913455,0.22501454042296645,2.0787604511655977,-0.03158885074882875,-0.6551212606405736,0.3822939013707865,-0.13914987513795496
0.10636291846697635,-0.039970048802723715,-0.015704658035732216,0.1216737171477224,0.1944477379307824,-0.6130892852398878,-0.08863368767533558,0.5208236987348775,0.4424920487745354,-0.18252026115259565,0.24089427247177808,0.010151693715144787,-0.13207432950219503
-0.5860753294253825,-1.2743959815399206,-0.3675169046648727,-0.31460568556820756,-0.4064480928590315,-1.0182924238219857,0.5993440573305515,-0.11182398939647505,2.93766273281136,-0.6765103114203602,1.7226587609537982,-0.9429915470490232,1.3316469325815947
-1.8318462058562237,-2.3645345406967024,-3.346853169820581,-1.8105475286332267,-2.809422412481055,-0.2186321015086852,-5.687168777856149,-1.2632498194535984,-1.8868497743224724,-0.5011290220083253,-2.010384450378672,-0.29895545528322026,-2.685598377969581
0.14717699535346282,-0.6335888357584676,-0.8290176347705228,0.03697551519196063,-0.25652656868074303,1.7048612397350373,-2.0733797965760137,-0.1379767615464516,0.3967892727253235,-0.24723654380766677,-2.664823343737775,-0.33092361621118876,-0.605281122037106
-0.929664297515992,-0.7410383488297358,-0.9897422957124138,-0.23672067085500917,-1.4425262442756344,-1.8167772760806191,-0.5617951420668722,-0.5270780796301552,-2.7370122394325964,-0.7060555147441728,-1.004720432036298,-0.24297231176686993,-1.1965190243588422
0.21851706202297155,1.1111883195898393,-0.7756980072230927,-0.13883739452395172,-0.6851227511607838,-1.502781673672661,1.4569463476129911,-0.17657442153172775,2.5958132545712096,0.7350990350756585,1.1239577023064096,-0.018506267340595055,1.179995235526262
0.22265902053978703,1.1534770972985355,1.761934308697366,0.3232675377615832,0.11314141987098585,1.2147096690680417,1.732619115523476,0.20393334153056555,0.3080025805988245,-0.07045150680364003,1.0992394928815257,0.013863507504057605,0.42406331295561456
0.9443476849408925,1.5418386809165694,0.0075584288978845626,0.3956371735892674,0.004776108697988073,-0.3324300754722208,2.8249087532343244,0.5163821165504245,1.8157382399769912,0.9381957379586274,1.6758748718405456,-0.020993472247694846,1.7078768377546738
0.12622293549693298,1.015935239816188,1.5155848133900303,0.33415437921002095,0.14034575403642124,1.3352691419965896,1.683119728481915,0.39363604034581745,0.13517477111425258,0.04705315642627993,1.6420169510992448,0.09780398296218162,0.342424690714882
0.498911647792621,0.18426113879618547,-0.5152651991757254,0.10357351277308127,-0.056048686011151067,-0.5687013269453826,-0.36884042077801293,0.193716959772735,2.26085733518884,0.31290246192857407,1.1241699147392579,0.03406524458279208,-0.31203825887344355
1.5880056357520835,0.711455245838216,0.8325948612434633,0.4600828854676282,0.7211113752590285,2.844601736583281,-0.6677673007987646,0.719046245556221,1.4531976724501385,-0.007222841038342735,-1.5641292411559777,-0.17470613654819325,0.9500807004174894
0.7434301284789886,0.6377167100199341,0.13680986381148813,0.4979484160745049,0.17320059806794028,0.9426261966098615,1.9364276905903692,1.002843849013249,-1.4830257102085223,-0.031716801486133275,0.16813466999097726,-0.09279427998414679,0.4694062663561716
0.8311065616657853,0.8722117788049701,-0.2572917578920412,0.1466365658678114,-0.37560876404995924,-1.3574347897419805,1.4580290966136895,-0.018040385314056478,2.7460234232805667,0.6031853284322035,1.2752955039613878,0.04525800729532629,1.3313091361075124
0.7284817855875007,-1.092972813000023,1.266587099927322,-1.1320162252257837,0.171936190383664,-1.7758003295580336,2.2218219407642676,0.5980168323359814,-1.682166809549995,1.0741191804402561,1.4583656386593877,0.1456607740071032,0.17142264818345807
0.7239322261049206,0.5542034636305957,-0.45644251240572575,0.22510190669576538,0.14358020164499366,1.445603324434358,0.5210519337889534,0.5637302900351481,-1.3083561965810242,-0.03124037062154252,-0.15262342430573586,-0.049972231508258545,-0.06923693525630775
-0.32452851167052155,0.6941755098915503,0.5739511124183061,-0.07858507957193069,-0.20702837955724032,2.0650984924677243,-0.5008533459147696,-0.6388770787958573,-0.8581838285944996,-0.25712220336679203,-0.49615068280532587,-0.11786146940223657,0.0824296612747842
-0.19736260652102322,0.6668301654905857,0.9491446779185857,0.03193157363670049,-0.5278411001656464,0.7239029083166841,0.7653367401522376,-0.1936263317640664,-2.00664966544007,0.5690859966829886,0.5095801656081392,-0.07355424305010172,0.6282874355282793
-0.5535959717796907,0.3365378551040259,0.11079281018555377,-0.008470549356683899,-0.16762194201466626,1.8860025547117563,-0.6096587961476243,-0.8259921746373746,-0.6292845927340549,-0.37495054128605665,-1.2936609035491065,0.1639423711485385,0.1495474814284697
0.046316600380232595,0.731576374028874,0.5966661600014453,0.14776452701642284,-0.010756700285581023,2.0860014063972954,-0.2062691904973083,-0.4100329286374875,-0.32447400257780423,-0.1299352256793322,-0.24311683837738307,0.9688547566934071,0.4304302355663902
0.042442962898381315,-0.1321882070206468,-0.22249026937824162,-0.19444362524586417,0.4853326835176752,2.8785594505612324,-0.9661462665214723,-0.14278477098753994,-0.3423433273197669,-0.11757907088289762,-1.905076998987934,-0.19052130199063363,0.17062148484297923
0.0060187672810732345,-0.17619940189179029,-0.2115974666341208,0.13846224855605724,0.9355131064797751,2.1489765629247346,-0.9596778750473948,0.327795663659021,0.680729761973489,-0.1723383587854914,-1.2079004570389063,0.018235715980926093,0.01294572192709882
-0.8692421757396209,0.2461401616161068,0.04899298515326033,0.20706118892412634,0.5904111415998906,-0.9888622374723973,0.7956310035627232,-0.01694641703869108,3.1233515499583957,-0.1761111866504264,1.5797254491447368,-0.132428420367392,1.251730022592884
0.6099624558289845,0.7759032887435103,0.0799245076789521,0.1320066075826374,1.006325150382343,-0.23829522717653562,0.9912181006177949,0.6761526133220954,4.63480312639744,-0.06548112552250837,2.116823938985666,-0.08117465037684365,0.4980072297554259
0.7855381606629172,1.540839629733625,0.5355777084266042,0.5263946862624855,1.7172994187181922,0.6841299541341143,1.377674263030446,1.4780141746762423,4.317065598354159,0.09994312307060067,1.6956287776614125,-0.05112230407591488,2.096382147082024
-0.11883231423588267,0.01761244775132372,1.2647855195672149,0.49688606921182427,1.6982371649673826,1.9471378389854606,-2.182334065272136,1.1603759502342694,2.5167005825115165,0.14139462913826317,-1.6371364810271187,0.048390547864966944,0.5993321041830092
-0.10510018156712048,0.021442166032114334,-0.06689793002468325,-0.09180932985127171,0.6978729392907633,1.856913766338257,0.018879247282683448,0.6115517253589092,-0.9073961212921939,-0.09050600829430747,-0.41006233589633156,-0.16636373735615057,-0.021572504451808836
0.017913350292947126,0.7996091937379809,1.2998411678102435,-0.07386317843558368,-0.040897073164944474,-0.5073721330442156,2.228676177226524,0.6906260134220227,-0.6999756151574225,1.0067729566592927,1.955470769761337,-0.01529468852095302,0.13922504487001183
0.09419983319679485,0.9503639144336601,1.6684948104511328,0.37750981609052475,0.22216372958694905,1.2718327517062424,1.6762496517774546,0.2451921178131469,0.43824621706554256,0.04251184115833095,1.9415684697363116,-0.07329935915276614,0.6732951802718969
0.6181635890295729,0.2945732897667524,0.5116988858616809,0.3511894363480517,1.712555791382264,1.1279429427922392,-2.005585311537402,0.10920711723156275,2.283322837936123,0.2271592055644012,-3.2782499842687205,-0.1444655866465634,1.0931233197611034
-0.4311338615585634,-1.2802558265400066,-0.9797333661503053,-0.4441440159372157,0.36060331869353035,-0.4305179376579408,-2.2216344735316103,0.029801554887219264,-0.030350884367815325,-0.22690538371809657,-1.068271421555223,-0.18063828857356876,-0.9028456277472691
-1.4503028933286097,0.23900662483466378,-0.46219032495955215,-0.21600698639380017,-0.6132300681421636,-2.103179538409329,0.26584801033048683,-0.5163409510161726,1.3853010678161968,-0.3222743408195675,1.9279651781641098,-0.11294586402661583,1.120994553192415
-1.3983178622433394,-2.9251880212169543,-1.0798367532472026,-1.8952033698970152,-1.8052763937925915,-0.5673157953998695,-3.8586130546954363,-0.9324151390765069,-2.6745629304475407,-0.643192358346035,-3.4944904354763113,-0.5834017761675123,-1.308321600046086
0.05209762603251475,-1.7023390711003197,-0.7898012117591375,-0.408207013298654,-0.9980353073853379,-0.11182698934882272,-4.086611451061908,-0.6256392895645047,-1.711660141499403,0.12941180365936203,-3.3701907774945714,-0.0772823730020579,-1.430232164285715
0.5877928854527679,0.4678462954664913,0.246047830441708,0.3575008018546377,0.021254775162475814,1.4688225742997345,1.4471686098385705,1.0419908412814969,-0.6788975184560856,0.013715381005830649,-0.25561035555813255,0.8607238464202318,0.38780318804732006
0.7286963678131967,1.661138679079595,0.3647232657295858,0.25028275019812596,0.22514191842301642,0.587448452733224,1.4675802442948849,0.9272462953231947,0.6748729257783592,-0.25839649626002126,-0.24791275140428398,-0.13649478196244066,0.3783670860400888
0.5730314164453494,1.562099838773461,0.22730611622618102,0.2099015661880064,0.1181620403767253,0.5403708007171131,1.3793562469142495,0.7708477214053792,0.7884302634212912,-0.36180058222160566,0.14345549844722777,-0.3476695888686099,0.4877727682849704
0.23409974144590612,1.2696023901559723,-0.13045046052688525,-0.05234766894298242,-0.07214553166025622,0.47051442108569774,1.31215007106987,0.6195856242841628,0.31575222627583166,-0.686142533275868,-0.43501363512801217,0.25496909774645865,0.13125757669046936
-0.05548122900460538,-1.1390268943401882,0.9357883190957368,-0.9644223217694606,0.2878177160081557,-1.4626781940865072,1.9553352993393007,0.37328423797308147,-2.3154961072943276,0.8215419494484862,1.2816954391972266,-0.08987110276137379,-0.481034318795945
-0.117787801086023,0.7808624649022629,0.7448772051074127,0.09391026555870967,-0.050108018202526104,1.924655806274968,-0.40889646901264015,-0.3214520066878242,-0.5957837350868309,-0.15643048813883473,0.02559086617942536,-0.15007431888875242,0.5413373381398077
0.060099529848278786,1.005644279798079,1.8171450378342218,0.3518197785385161,0.15115377961166415,1.4690342569263242,1.82290555421056,0.35990197857686623,0.3881776508513012,-0.08805428867098974,1.8650199764718611,-0.026207890580925652,0.6957491318211476
-0.22884484862921659,0.19479179077600642,0.9759557510001792,-0.23318490699787317,-0.9256060466540252,-1.348623186011488,1.1883048755341832,-0.8752362218100787,-2.096395300935902,-0.1877971039448554,-1.0760842503318822,-0.11381976505637997,0.4597642128542066
1.1745002451595954,0.7688265765136264,0.8875847675397784,0.10697831670986489,0.9852707426511268,0.4966812542104161,1.5909651960824462,1.1512878322318039,4.618479307937021,0.1277341951388452,2.5198304317696283,-0.013980928051492461,1.5802736649504445
0.6577818263010382,1.9324190389944447,0.8526040038844157,1.2264788415086356,2.3398526262592845,0.8357299114313598,1.7125226871765014,1.0823741992616043,4.907417413673571,0.1340330931606392,2.3339225553771636,0.0053356478883264885,1.8568111143803168
0.28010801884138753,-0.30978618663554586,-0.6268302545197204,0.3888089834642597,0.18783488446768995,1.2313545053258226,0.1937189963340966,0.4133065936773914,-0.9566368576791136,-0.15453444877665282,-1.216929288726662,1.3114929298976332,0.16408896064152936
-0.5790232242661942,-0.8046693486510775,-1.3083224477868578,-0.457741112031767,-0.9580745490702491,-0.5813462199482858,0.8155421032808309,-1.269899597832312,-3.3866047274515343,0.7588846460453025,0.5241261517926533,-0.1933862121337249,0.29470286811495
-0.2134211910402194,-1.5012785179559918,-0.8256284614616177,-0.35911315462112214,-1.5566662968053582,-0.23474991303131285,-4.500949659272898,-0.2894654497788806,-5.107705228599823,-0.40904115542122665,-3.0409202130415687,-0.18577498162773234,-2.2690811795040244
0.33216701802487175,0.5600812063340306,0.04407396886504212,-0.11985565876924537,0.5945164810705722,-0.1852849374059588,0.9145457918517701,0.6826834907656948,4.440367097608462,-0.18023595661008981,1.186519804581896,-0.016529759083124287,0.22460309879155835
0.3546211855308825,1.1024549593921336,0.06784346641235366,0.045376211190854956,0.24648351395761386,-0.32990584244253107,1.5042877576491125,0.906812049291459,0.3888143962386272,-0.00847529421741562,0.5890990013303233,0.681550811741294,0.22266848821645707
1.5318575892076156,1.729606113876216,-0.19743856734906623,1.1848084798561307,-0.45427840985176693,2.082260367776423,-1.7374077293747623,0.43702694559573285,1.200820825719275,0.29920653990043017,-2.14645515767754,-0.24877987099940768,0.16125760387732757
-1.1208041574733538,-0.35980099738472027,-0.28365587334795334,-0.12224701709553806,0.416438728960024,-1.4207688757275339,0.13179395380455794,-0.6111481711314991,0.9094849787135091,-0.2833019158595966,2.479149645236321,-0.12421196861218459,0.9223685909104016
-1.81433204481223,-1.0250062860602824,-0.030661510118774844,0.06646710226933165,-0.13252773187226716,-2.0629760685168574,0.6098471201801051,-0.7417924681043302,1.4407325104820645,-0.2982940947489503,2.376516703221585,-0.1261657275992911,0.8094411957771002
0.848905642441694,1.4808299112060597,1.1320512259252267,1.0891126543826732,2.339080925462768,0.2612470455109401,1.2411176976571894,1.657521509290673,5.3031004914628435,0.2575497359804447,2.2442825772406323,0.17915586985156173,1.8360626926205847
-0.9120895501102007,-1.2114981133977158,-0.7288262136070988,-0.6561952089733029,-0.3216511618004492,-1.7219283566006929,-0.7489812812554493,-0.9526297498333993,1.0581930730846298,-0.5030503278913803,2.108762202638512,-0.2825977281998429,0.9665460265841749
0.10993103890860861,0.3649228901436758,1.8165758383475865,-0.11940042391755729,0.0027225728038076965,2.0552924899524077,1.9449486429816005,-0.08032158825274865,0.8778320626521275,-0.023492091402101137,0.268317352185388,0.019174421126307472,0.07005539621536926
0.712078506326846,0.6907156272687847,-0.12916507526456067,0.04738127105662393,0.07292636818355985,-0.3977119133872395,0.8995981124390122,0.42128187103352194,1.6507171614261136,0.6538667244259786,2.061477031257883,0.01833100680882733,0.41957441231041837
-0.3999627278126879,0.04435471394228654,0.4176569244826937,-0.28065612291490355,-1.3129388286714028,-0.427543025678153,0.7244659980521021,-1.6168645447382657,-3.068571999057765,-0.18558654253383988,0.764664786299432,-0.05962810212461694,0.0833264053243006
-0.1712916528778926,-0.19551655512516541,-0.45632986794976105,-0.13461153524565614,0.2743948142863034,-0.8565857542387673,-0.36275487411534413,-0.055621421465831294,-1.3392096843996038,-0.2659132488348728,2.0000509979971044,0.018518156973231188,-0.3596994611178525
-0.9425577891377421,-2.301375328581651,0.003904451649416126,-1.7402902879215416,-0.8467114891494729,-1.3668752330003515,1.4170375857150386,-0.7335165064670661,-3.5212015573954614,0.7818679111233603,0.9961256544811962,0.03854591125111457,-0.606287100583108
-0.2324887262886235,0.29625623110552435,0.7643267693604707,0.7950101018552151,0.5727468522651017,-0.6524578657094389,0.5539016302999679,0.15351574831862103,-0.717636857234692,-0.2705741786191034,1.3555893513755617,-0.09758177247079503,1.5490922223900754
-0.678460360013673,-0.06357673709099704,-1.6464973155274574,-0.7169435703802285,-0.9880945987633378,-1.4376386310654279,0.34427888668633794,0.11815012884067569,-0.9640742707586227,-0.5768290854334673,-0.9173655085150512,-0.19641627477999374,-1.1836010279307245
-0.4945441746876006,0.023500635107047918,-0.0993426575328016,-0.11482720639802409,-0.597876777308605,2.0046720421113746,-0.9179194519591207,-1.447365031661207,-1.2202646001599111,-0.22397217723980756,-1.2815232368364613,-0.41882319405079926,-0.17299198579146627
-0.041001897002052916,0.717051212414323,0.4521087472355511,0.012761798089033846,-0.06810293391114099,1.7338252613621041,-0.3828949682543883,-0.7488055960323093,-0.6542345303303511,-0.26359969915537584,-0.1339329291084626,0.9956245361325434,0.3424042302602902
-1.0553584779560978,-0.8293628114943083,-2.3079278302032296,-1.476362756863236,0.15882170474182597,-1.4271020490905113,-2.492239651396974,-1.5976292793452744,-2.3577560444631507,-0.349481680846204,-1.5612324138876927,-0.192391849367155,-1.7713191942102275
-0.08960243514195705,0.4243021826306358,1.2819036908569332,-0.22208965996694233,-0.3259394429282596,0.7960209157152307,1.1719232200344818,0.1513361644726764,-0.4249790731778678,-0.20617782225392553,1.1799886282533405,-0.15272989677472248,0.043281615822731274
-0.30829392286845375,0.28308959837770087,1.1120470546975008,0.43522291917198647,0.12569452104572615,-1.6668092882625445,0.5074284275649633,-0.2283735078956105,1.7931185882768805,-0.10254833805969822,4.556595021366246,-0.020955039854420248,1.4360789992538696
-0.23556156990765068,-0.5214284427867582,-0.571382621522579,-0.17803886730754226,0.14900929419543696,-0.999582948054239,-0.5417015730799175,-0.07906483990761139,-1.4168351751681056,-0.09732262505270124,0.30702427247875475,0.13074197743488994,-0.5845426204741104
-0.6096400415938114,0.09678751653073256,0.4818567587814889,-0.22147098509206742,-0.30658962629302144,1.789273953362653,-1.394169109278591,-0.3109615109273648,-1.3958747487171137,-0.3199160882055812,-0.9241211636702064,0.035674649426558375,0.2543707372470008
-0.7027253215669448,-1.9602874254845344,-1.3255751205061097,-0.33052967805906924,-0.9951242112677493,-1.7895121269016008,0.08088531660200626,-0.5916142598389543,-2.148816241879895,-0.7363930645577299,-0.8578839320547156,-0.15098279542108578,-1.7804520732103586
-0.5597571233253823,-2.4867524777231225,-1.1971879389384088,-1.3658395158070038,-1.5376493494460979,-0.7101639759096883,-5.506261256498336,-0.771368740645444,-3.0627651403934895,-0.5816098725324914,-3.3326620621764516,-0.1913462942416988,-1.6211324907058022
-0.3106544922562575,-0.46170327757433466,-0.8392193488898273,-1.160165961071745,-0.3682839856358866,-1.0774637897242796,-0.07745171246894952,-0.3415561379943715,0.7970990297786837,-0.5896147315729305,-0.25054157274037925,-0.05013863834927582,0.3243863693910599
-0.43192392389160683,-0.16639714595557764,-0.8280437049110575,-0.34284821404703625,-0.013724309139975577,-1.3845744462582903,-0.6588232871979319,-0.35758153104637236,-1.7676690975230949,-0.4421805216930806,1.0254390679035952,0.02744950306058547,-1.1940519867896928
-0.6977571458822219,-0.41253046488648076,-1.008194564891876,-1.1274981313180694,-0.03984554879043972,-1.4808382036077736,-1.5831210865134686,-0.29451654186498183,-1.5583099510885463,-0.4092238582163635,-0.09119007593072546,0.024001933796227802,-1.873414970517107
0.038580454766181195,0.2950326349105066,-0.5952552909379464,-0.15852146444156662,-0.1228591466995163,-1.006205837586248,-0.6617894498038934,0.11595148588854093,-0.5937854701397008,0.5568244687676067,1.265000512094832,-0.14026106138610178,0.41030282195295315
-0.08739388929524773,0.8733773451381259,1.9382827972879424,-0.582086233303158,-0.02548060924409782,1.7770188575276795,1.7438724399314054,-0.1176679951976985,0.16321501174036204,-0.18162687793477547,-2.207986081265585,-0.11885244483490369,-0.07473746138598973
-0.4572975433027993,-0.8653178665724893,-0.4754105576272641,0.1729305786748753,-0.37107847592767534,-0.6737003872561681,0.9063505700581137,0.2551594409475931,-1.4584425188597787,-0.3110644886999701,-0.041394961966434454,0.24764117196616198,-0.6244535934238228
0.17872824222004663,0.3096161661240168,1.6752751698779567,0.00743155168783336,-0.006468837613550394,1.8784385348064825,1.827863755529074,0.0446232518900393,0.939656940708454,-0.01902510558953507,0.4404829789677429,-0.026327116108085677,0.16332771215018707
0.7025497846044084,1.268806579609195,0.35807912662651176,0.3022224578716686,0.014132743730571891,-0.37673280088619016,1.0854612176673906,0.39978396071340977,3.0785925419884728,0.39406053778560224,2.039119185122609,0.07894141027548643,1.793872912224357
-1.6893394204412793,-2.604067728787712,-1.7398928496927122,-2.0659669667327147,-0.43835867035280285,-1.900838529352461,-0.11866712510728068,-0.2835731627907242,-0.9716003314364284,-0.15302615145286033,-1.325504664859553,-0.4361988134909836,-1.4335319894800587
-0.2343860222399235,0.16205482796714124,1.142323732785363,-0.4640017347596586,-0.27537607636341527,-0.9021648551514634,1.1459933209798248,-0.8633999072361944,-2.0526273845926495,0.16704994620263783,0.20620763377532259,-0.13803105996818174,0.5828001467915924
0.38642992412257526,1.4365391324381604,1.1807894886199692,0.20589826205085657,-0.40720493530983926,-0.4135467320869471,1.2497695902978174,0.48205236311044747,-2.2480562752872033,1.1539473945752245,2.188628818045318,-0.050000256901193106,1.5293608679099837
0.659720516305986,0.48803500448845116,-0.664225714558011,-0.06238529540908841,-0.9787109572140289,-4.066660356282565,0.37316402334461213,0.2160574331041425,3.295763601617785,-0.21685790574074626,-0.3913640033200176,-0.10020456962701346,-1.9740746523972805
-0.21194085479507013,-0.7010810431801818,-1.343983343876381,-0.39718844255354874,-0.3663487147788207,-3.369518418364331,1.0493732087003045,-0.5297248860474468,3.236163664280127,-0.6028774385795823,-1.0837815378168467,-0.32980266318966944,-2.0794540540408346
-0.33767784547215945,0.7306566356610145,0.7629566356014562,-0.18846910379206136,-0.7160404736917312,0.6529761154459428,0.6910017850292693,-0.6353942318497379,-2.231412118348008,0.47974363050656404,0.23300513364710948,-0.2710151495683628,0.09661100379734608
0.6785998981629704,1.515036342822326,-0.08253023334002746,0.21182848057011144,-0.22262492145838525,-0.5436136300706615,1.32278049106438,0.5987715759384448,1.0702119717591754,0.8413907754127607,1.3287182394475932,-0.06383234185321879,1.5187669386787133
1.3636874692985377,0.585749881716652,0.04402343552947677,1.1913085305289783,0.4615152468886744,1.7574467016774642,1.1465921389034743,2.5096770530566563,0.043695165966637445,0.26294435804632177,0.20465870251956708,0.9558492290254477,0.7523637315705937
-0.2053514774945669,-1.3324391759719907,-3.265498132443367,-1.200218036074398,-0.592589392567364,0.368498751272499,-3.767306782659661,-0.8906167770808359,-0.03046338270159647,-0.5143152935210511,-4.08935905991148,-0.35025647702523416,-1.5724012459998222
-0.35316876674627157,1.2702038096980608,0.669003230058976,0.5981907929516296,1.0615272335496007,-0.5689868308083776,1.4223379944625778,0.32396249704606217,3.4344338931458895,-0.04872271462369503,1.5487170027217105,-0.13140395034867752,1.6967482470017339
0.2712938619046731,-0.5715808698652676,1.2608178798805196,-1.0591453820598935,-0.07004423050934243,-1.9749843830563545,2.3977905900489227,0.39373346056271735,-1.6875919309991878,0.7639479958934758,1.435908976571324,-0.04653140888782221,-0.030011624519764926
1.522740692991712,0.9039158096636591,0.42248111351005113,2.1183254906185898,0.07908393280347813,2.3113643957124763,-2.4001900765765454,-0.4992757715005427,2.4023229950086935,0.20192693151119684,-1.4313249127354681,0.44455920934703,0.4211341434104058
1.151562298553375,1.691747028438711,1.4541907820284057,0.6217705090869114,0.5582945181421626,1.8940961709919952,0.7151704830858701,0.8736823833449224,1.3582936555396818,0.2994002610689495,0.6368361956857712,1.3039907197727976,1.3788634893459837
0.8514625942800191,1.9255077823699034,1.8082731500776328,0.5796659464487393,0.6007709937982466,2.891968453511234,0.43225022965110843,0.672681534148287,1.1173031786952112,0.05171533707115383,-0.2822751767064134,1.8436168200698582,1.7380673108133486
0.47555313247023157,1.550439176609636,1.702663621600303,0.4291408559072038,0.2922442082041459,2.2199607004595197,0.24698790244680519,0.20585675116524926,0.7323731018645536,-0.04927652597802482,0.4532061252670567,1.0117990203382863,0.9762897191641646
0.6843677083470134,0.8355906701054324,-0.3475398814978285,0.11249156204000522,-0.429514466634848,-1.2737972273041187,1.0195600192427325,0.023661914836718867,2.9312019080839433,0.9326321198209193,1.662869930006564,-0.025374416604948546,1.459961149494112
0.47056633537544645,-1.3194571171869112,-0.6421573780396852,-0.02686655403192463,-0.6015948873463396,0.03695999803150897,-3.995250806712235,0.11193031001797252,-2.2321831157850096,-0.022043427108373086,-3.2902840255293997,-0.17410866978707615,-1.2335491899752786
1.5588333695834606,1.3500688281425068,2.5151546486736174,0.4763490211526449,0.483514103804094,2.88781184125433,0.0025821536070564305,1.1614289723711813,1.3963980188880423,0.19032995982845827,0.2272834495780989,1.105090194026836,0.8197593422715242
0.014112835971172867,-0.19859403537560466,-0.9413896437294572,0.10183443413297127,-0.037854897304851996,-0.04341147698643098,0.4041360609471385,0.04163916209997201,-1.1672824692420871,-0.2385142475617532,-0.6199208349230081,0.48014955028632855,-0.5866443886062025
-0.8764580806531012,-0.09482090474209852,-1.1020418322373489,-0.2775142441224307,0.4117329729612297,-1.3936446063003194,0.42721428685692253,-0.06957530671834124,1.557187159465264,-0.3236777628565002,2.4600230111062733,0.004029236324131515,0.9077542674445751
1.3230320971062046,1.8131386704375556,2.063602442695863,0.4438241258696911,0.39323988322789477,2.7473801207933044,0.49387786806793876,0.8697140651016444,0.7335238987338057,0.13615402886152472,0.7040909715457303,0.7627672070135466,1.42869112184116
1.0570678418196946,1.1804020923156184,2.2131117379748164,0.4893960173025779,0.3069269142571527,1.9823770049436844,0.5111775576100789,0.48947833058398427,0.7220688277102697,0.1560437725256715,0.49220352356037544,0.9430290070094638,1.2815720887885738
0.4048978910412796,0.5718942554104917,-0.448805740620527,-0.006771768828103736,-0.4232112318960329,-1.3824868130257042,2.347343970246148,-0.0017631986629890939,1.3834106351273494,0.5759668082138524,1.1810464530421372,0.0020614426396786834,1.1101397383971032
0.6297135596313619,0.8908113493245197,0.33734577065670024,0.12105535383387983,1.1762323034888444,-0.06689639379710166,1.1061943381197568,0.5780117528942518,4.185436679527628,-0.11566671596962912,1.8087802959661674,-0.1176486273761839,1.4276471149181529
0.16808366503178454,0.8019064854760656,1.4133043646679206,0.20170879310566103,-0.06070471910074246,1.5640967433863429,-0.11477047290989296,0.0922922153878284,0.23817846149775296,-0.1731267858775229,0.2761519974022586,-0.02752438908184154,0.7336585909491662
0.13424352148599508,0.8681728012420031,1.856798428409319,0.24601057775008187,-0.02662660113070157,0.11665849726284949,1.666038742927938,-0.01907916783562142,0.33919895218012636,-0.13680009113728178,0.6288806435729689,-0.0860050305372312,0.4838434811184803
0.23032580685413753,0.19046926744877257,-0.11937730477527822,0.2815478022590589,0.43741910659578725,-0.8339539217187039,0.7922438137969261,0.4329059797577146,-1.037887153726899,0.944685905317957,0.4482384999360268,-0.014415654922292279,0.10652836949874955
0.8046905198550993,-1.0863045091269952,-0.48026095737457386,0.06908637828930889,-0.09025096116820344,-0.37984653301925075,-3.4337840288455808,0.31360718161152273,-2.1528811163018045,0.10489072990448517,-2.432935802779523,0.5048267477450685,-1.552800260576574
0.528739327438331,1.286246611869687,2.1238133026618096,0.500506645710104,0.48951170753584144,2.1228471232425528,0.04853672531601559,0.3787520330537679,0.9939662765064795,0.07908110256720746,0.520556104217863,0.7658676963902287,1.1828362557967198
-0.635694135176018,-1.0375575911910788,-1.5090118084480573,-1.00933714218179,0.17858474708524413,-0.5548609505505819,-2.5600955911534324,-0.07123536214348862,-0.499983886333907,-0.3568420160923982,-0.6045331757313882,-0.1299540273155758,-1.3694415790944674
-1.006894876550262,-0.0874708420091257,-0.822277764654977,-0.12776760350744654,0.3220814538910053,-1.283802476230129,0.23263120810785853,-0.19048157674946,1.6482408124291235,-0.2903408200702526,2.383969656646045,0.05357954781217912,0.911643919630571
0.7803368588461955,1.4389565899947452,1.5576178119701543,0.7573202541843058,0.4299551417487157,2.3468393017703457,0.3223464100872582,0.6794178529840429,0.9062153459230385,0.0013803097162034068,0.9902253301938375,-0.007853837293288183,0.9562510492763897
0.40323547895661455,0.4719875871461249,0.07894287275202155,0.23117026722123324,-0.42064352334024274,0.9967683669676384,0.9455690360567274,0.5666340859665069,-1.0330822813157767,-0.5354931920934985,-0.4566491339455305,0.0014055066238830047,-0.06278728154332687
0.4927477125075856,1.2539331692744358,1.9171270289923998,0.4123765145663896,0.09006956992282843,1.5956550030125716,0.2597416813521543,0.4042844979141631,0.5306643867994555,0.06469122147627382,0.719036077575163,0.5412612976732716,0.9944756076852275
0.01485173004136112,-0.04682892950381053,-0.3688432171446685,-0.21353725377884183,-0.5323202336135888,0.3857338784518649,0.945106257680519,-0.135546267199744,-1.4625027500117562,-0.2813557613490978,-0.4782442265803305,-0.24052406302187596,-0.2654518496668121
-0.8549741615730131,-0.8674694763656912,-1.010793810891919,-0.6366656902501646,-0.07873682842861555,-1.9582775028181887,-0.8597921774197474,-0.6852173369818936,-1.635075628138212,-0.7000447956865862,1.2637871447602649,-0.14007605636388892,-0.6816079448428678
0.20291884647449485,0.6334332643112996,1.4961205197612033,0.22910105890775512,-0.09792209284328338,1.5433181329435,-0.13477473829588338,-0.13137343029685628,0.1423782864379852,-0.14756111792922535,0.0126838425016548,-0.0579879581948949,0.7749356383382757
0.30040781017056567,0.7193214971706685,1.4250431285656264,0.25909318107283785,-0.04782128122324739,1.5815625150497852,-0.10941239198462831,-0.050701367790526176,0.3682440622691583,-0.1941260873265046,-0.08860628308844751,0.11886518881475142,0.6293139075636606
0.1542802321009286,0.6120169861469832,1.3668778435547009,0.25568934139769733,-0.023459495670265687,1.5004213585949033,-0.08106315121998908,0.10748197434495926,0.28809931054491444,-0.13363382862648002,-0.05317716088947944,0.08335559919373026,0.8247730516300849
-0.673663913376319,0.28953817470451926,-0.7617836295127768,-1.0976802889808701,-0.8065491886783599,-0.8864482545987187,0.6511569740475777,0.0028485063137486757,-0.3019641941899641,-0.41028757605831034,-0.6788670708422757,0.2948827776420189,-0.5833420908854653
-0.8027083770071882,0.40562375644765175,-0.05772114933571889,0.27786439471567664,0.1041139849210675,-1.466506433709292,0.4458375867439382,-0.1543159760464913,2.2092077411628432,-0.22377234967878193,2.5217934712938344,0.026356426474715852,1.0458383106298024
-0.22237557576451877,-0.8357649696033655,-0.8736257731159115,-1.5153893927647735,-2.225658897111037,-2.3584639969504337,-1.301411528132028,-0.5818653531124196,-4.256360239229786,-0.8615086310607797,-3.056744578095774,-0.31477707143976463,-0.6112940369466219
0.5813824201128188,1.1262987074323851,-0.3685151828696124,0.13946636068815782,-0.3368135907319892,-1.2971903576591934,0.8430350230949826,-0.2711633510196891,3.4965944944754135,0.33912536077615285,1.8711384493476686,-0.04585607867662067,1.5010042361020008
0.4880211014713212,0.8260381031452888,-0.5792242346882831,-0.038240142291825735,-0.42221970407550957,-1.7015943774860356,-0.6276794721330708,-0.20502449947978468,2.7874091828941725,0.6619594065560441,1.781283170099422,-0.06210030791091018,1.3853840890606968
0.2689670004385213,0.04213029750001926,0.15340576546176127,-0.10697995890798563,-0.4120621933744084,1.1961873562701255,0.894095045151965,0.357733312132639,-0.9575389230181462,-0.11406227812688385,-1.0712040930641038,0.39561973458337074,0.10852652574113265
-1.1251367299036228,-0.06321416707036812,0.7179994484354072,-0.326972223782084,-0.8901672111346853,0.5448740604949288,-0.45094686777046367,-0.9535454312719716,-1.1044730885149656,-0.6584197509543608,-0.8400897276085907,0.4290630890630806,-0.6420033987805559
0.062253298523525374,-0.6400728664166914,-1.0394110000136096,-0.056024301160747775,-1.0300238245249627,0.9004907878441739,-0.064969304185102,-0.09302346208572605,-1.4194816246225186,-0.2163449968144092,-2.555592608444341,-0.14135178637406268,-0.606623413594336
-0.9611277868116223,-1.566236634857099,-0.005722448208576201,-0.7976260834469252,-0.39982206252274216,0.16485981462057686,-0.860499034898821,-1.7746573027774384,-1.454601952090031,-0.9805385179222661,-0.7821912577740538,0.22480752428333897,-0.07428140899955503
0.8298069617017692,-0.2710266198057474,-0.07221552813943057,0.8343279858267247,0.4355259366568902,3.023092357336751,-1.114906764476198,0.5418433646741324,1.9686202884279191,0.05275392683054739,-1.2581613262208542,-0.07133794323748183,0.962544462459369
0.040896204237101795,-0.28478953037980115,-0.7117648175270814,-0.0025792435754556733,-0.957029027851402,1.1299923798780784,-0.08772458051797005,-0.07706007996768063,-1.3457990793268093,-0.12249927026581846,-2.501003351381514,-0.15709954081931038,-0.6924580928760893
-1.0347022275260598,-0.2769481553981959,0.07839810487555547,-0.3941941488878284,-0.5222672184653736,1.0515320258762217,-0.6821293368781013,-1.0005083908133545,-1.7411934143983914,-0.6134323197764915,-0.7370457111430978,-0.13959483076003382,-0.16758948143468136
0.8721470554275179,-0.46918013021000665,0.05693958821654747,0.3777005796144819,-0.4490239022335865,0.8684938270546911,-2.4868803296877173,0.018676471403903397,1.7185650288432628,0.008320575513773514,-0.6736373326094406,0.9140619882356581,-0.8662041334869959
-0.40866256195185197,-0.04956337661288365,0.6895061616568514,-0.18498997612170756,-0.9485322119559471,0.6961633671031126,-0.7600812582208569,-1.7859029653268712,-1.6368802532379052,-0.6089956165755738,-0.5358628848456366,-0.2522501328657381,-1.3686319893862426
-1.2222659517745744,-0.1706246200604882,-0.2280553926360638,-0.7149433865030813,-0.8042777926628736,1.6290803055989094,-1.1152360652904543,-1.3431404257903337,-0.9443991891045072,-0.8093395290904061,-0.8375272284455906,0.019127393246421376,-0.39273060518187564
-0.16554077701319725,-1.552227700808758,-1.2994419542138673,-0.20654601613344203,-0.1264536007718806,-0.022833293881008777,-4.205354303777891,-0.6389158783327894,-1.5821238687556858,0.13603416180910732,-2.5554682457194815,0.5290299747964473,-1.6007258453126996
0.6410246709096503,0.25529963945931133,-0.03216526873668443,0.1621371293455984,0.24810774706122984,2.5020258441463934,-1.448199041853659,-0.03693509304339792,1.9074324153941902,-0.22835646439912827,-1.848430301378895,-0.18668829081269608,0.07607860182618935
-0.11573381737443728,0.8664317147493257,-0.8172248288092673,-0.5890378743918456,-0.6320945648944729,-0.9558568585413094,0.9040545109394265,0.39235979061910053,0.3298079173810159,-0.17603242498925992,-0.7657575764869237,-0.13940831300336864,0.07961879048768121
1.9556071516795137,1.9549837686982936,1.6208305585807345,2.1736650111557294,1.1473379808511686,-1.4138129681439342,1.7002171032794287,0.9543752331386267,2.2193822724369565,0.8781396044014644,1.6464188275450011,0.02765493623912336,1.062975613529432
-0.3929260162921208,0.14724021351456437,1.0148750602065895,0.8871449448411456,1.0768325334782198,-0.4398593503296271,0.3103820946155532,0.6385558645854085,3.2517830742799885,-0.12184411672461352,1.8519865958082182,0.012998799588531297,0.7832530589882905
1.6657589639751758,0.4773780392286264,0.2705911606839961,1.3462625406245288,0.3290176678840848,0.886661456730734,-1.5886617882979206,0.8657092242566349,1.4906381362527867,-0.0961635647939208,-1.0210390553411302,0.6846040631220158,0.557372525775184
-0.5256950921296243,-2.14325906102856,-1.6642377766061367,-0.6409598628121118,-0.6905632386786036,-0.6105210121353674,-3.9228966828244225,-0.7481186653487384,-1.9087613494735622,-0.10188933242836758,-2.8105486474879493,-0.3332717200099595,-2.5917893547212913
-0.21974128898090897,-0.26246787726672155,0.4533982468129963,-0.6370152106821642,-0.5777461098375111,1.202062490039195,-0.7608849276139193,-1.6882426867134765,-2.395847024334879,-0.5567241831561032,-1.04809780865843,-0.006417143329486513,-0.11654533106057596
0.8281976290507653,0.4163380091914184,0.335831136487476,0.9196597099676729,1.1237187610848598,3.736675214210992,-0.481335068682933,1.2124306475603954,1.0230041859852568,0.23228944607492963,0.48816560302938644,1.0607884689668814,0.8478313101049408
-0.25095227321635727,-2.1993482784111986,-1.5960567907251724,-0.421538279890212,-1.195170750125544,-0.7679722009860495,-3.936433492939169,-0.7334170545254732,-1.7565266538529085,-0.13285425988569236,-3.003580981056827,-0.0065660817191624315,-2.355982617724738
0.35436145453286966,1.5906957070568268,1.0196701279982354,0.32780235680622144,-0.630683159353729,-0.3550050892384672,1.6285689695381247,0.458795205946339,-2.1788770017779377,1.027549134879373,1.5531681828141315,0.01384508072088158,1.916236451821299
0.5738347994087316,0.13093193411400228,-0.1939743264736091,0.5148278756677691,-0.42402062302080173,1.4180992082806507,0.6856887164411858,0.5501987490329583,-0.5305875005113843,-0.07658453790794334,-2.3786372462078003,-0.21704544684940222,0.4080939265653595
-1.0332912713337121,-0.9505133271300128,-0.5473139424896281,0.07932552393487036,0.7001918544925546,-1.2970866895115212,-2.334910223442389,-0.12590339600030953,0.20747126538099525,-0.3473629866989278,-0.7210876996881174,-0.26579219261029113,-0.9981296645536913
-0.6889204996174927,-0.7887259596081762,-0.33415508869880184,0.0828255835250537,0.8384757026975664,-1.1245882879083773,-2.212865695950912,0.06050848881739918,0.3710914428041887,-0.24862225522778722,0.013988821963883045,-0.17525003615844367,-1.3038595177561763
3.251074487726826,-0.9652585260143189,-0.163618252074553,0.3434508163068031,-0.21755307042505587,-2.4747169034674554,-2.7910410246170225,0.41021135125645525,1.1566508696331748,0.0974557529464882,-0.6192878465421705,-0.05062471486162418,-2.8999401831929568
0.41007357227357305,-0.03149946170289898,-0.5277141424656535,0.07417848523861414,-0.540288183757544,-2.2259710988135897,0.9884699699906115,0.32845938793487023,-1.5848969248159692,-0.010509864949207307,0.4727079424320254,-0.291119134831501,-0.6809830182446684
-0.46081303277751434,0.7840128219818386,0.7668939244414731,0.17951959871014375,0.5968479070204518,-0.4222678597955706,0.9508646927132376,0.15971925393574773,-1.1038878915103203,0.7667262469635656,3.016077495541735,-0.0017821783176622484,2.18432113619767
0.8240800885126616,0.24854759759062695,0.5644132256831249,0.7708579344426592,0.2594700199303528,-3.091648671115853,1.3079959844510693,0.6533207853205707,3.5664800962562566,-0.030711074201907614,-0.5602925205680853,1.6051689686584802,-0.4710609336259463
-0.01790407449071712,-0.21061671976142346,-0.02207038381822511,-0.2620373047735645,0.48518855943538547,-0.9502378031387667,0.04343271702217556,0.30749491326071127,-1.09897890871132,0.014523008597962949,0.1110613632936859,0.008429415914126557,-0.17150224166676503
0.015756097977411787,1.018509096985217,1.0816200814908372,0.9758775355783291,0.33577082613767645,-0.03467656409988804,0.9471820629088001,0.54140844000193,0.12681106924131086,-0.1946611662245253,3.771754900787621,-0.009056810699273925,2.6047310149048766
0.1796663135171144,0.6558703115394908,-0.1902696297527291,-0.10966441069781367,-0.14028531949863668,0.11797485940649903,0.9714878578561669,0.5184392674952849,0.04777110806730987,-0.14137204280750468,-1.1828895356648395,-0.15700074690141871,-0.16214710744447075
-0.15807231026960342,0.7423119421453317,1.0116515081386188,0.5198572216082052,0.5869185316375094,-0.7220417544724316,0.2106271473452863,0.10278136563435616,1.303303836532351,0.5344995608141955,4.600075110167317,-0.03479591973488114,2.106953138717994
0.34193868500904895,0.8815187036877288,1.807987070423163,0.1258539429554043,0.09866557965003356,-0.3578787331276626,1.7435401675995026,0.22689279699698092,-0.028873544788091603,0.11595210040182186,1.8353960408891246,-0.04832536982217185,0.5591168345914532
-0.8648900637633374,-0.6083230793132034,-0.8144559035579573,-0.17226498226816256,-0.07295147955417643,-1.3987679571496687,-1.084365450386993,-0.3953461607028212,-1.6112731689615691,-0.4541993678431029,0.7740794703185867,-0.2126335837685555,-1.143696125214143
-1.3294437491562632,-1.4796440930313999,-0.9448159147702005,-0.5446969064066393,-0.050159176580297414,-1.5700403471601505,-1.1600654042905405,-1.0262107122791673,-2.00310706199509,-0.5815397958289314,-0.8054674619129704,-0.19229728934613777,-1.4153075914992945
-0.49433220479921947,-0.8978459889428793,-0.7472659455110422,-0.4998549202028922,0.6964198938607135,1.6579141658422951,-1.7711128301166974,0.3127701803788335,-1.3100542582356784,-0.27256142563600494,-1.269517237246942,-0.12132841020447405,-0.5971218698417456
-0.4402995521373426,0.28729914754189356,0.5945076457614131,-0.3274209183016662,-0.35330753191762304,1.9490062159259753,-0.9022880954429918,-0.45998252507687226,-1.0123150647267334,-0.5449063881768638,-0.6309740072250133,-0.05213411490432916,0.24245591561154775
-0.28825241601870705,-0.07785672033218566,-0.5503178560379377,-0.4093583369291285,0.40971131575953523,2.1847727446952687,-0.20657491968944675,0.3552580292542311,-1.5197353788388943,-0.24339047213059117,-0.7550755031897118,-0.018059712304966512,-0.1827861805763355
-0.4301381498720082,-0.5694195746081984,-0.794799697865318,0.03375846677873694,-0.5654588276846334,-1.3436675364302935,0.9129781833239312,0.19300639154738752,-1.1807126488239088,-0.2365764823046307,-0.25146148253982475,0.8610342696720423,-0.7103401749273246
-0.7726741818090281,-1.2613315943159007,-1.2244110977023634,-0.6570597012374656,-0.9623707953601195,-1.7040366018423816,-4.174142556833104,-0.2148498829342943,-5.23943288148161,-0.2631007916814026,-2.5859423613695736,-0.10185098431163674,-2.7953925503539434
-1.2580000552811865,-1.0164291073764775,-1.477677448887585,-0.47148863485846143,-1.0207026809523816,-2.3999955648310576,0.3386750493228383,-0.4536338920098367,-2.4734928010701602,-0.32308593087338106,-0.9169811338805849,-0.10162140229044275,-1.8988550788412484
0.39344407252734537,0.7765895073299502,-0.5262126500806253,-0.005611631700562154,-0.42227253390036323,-1.6089027063575727,-0.5609243784261506,-0.20930294091011292,2.904942573683803,0.5565785252077816,1.9454615770916763,-0.0839071379498475,1.2197936123881177
0.915029519887693,0.24677806497525634,-0.6735031797875287,0.8470181515351093,0.23341008271194172,1.2199529247593857,1.0766237059346815,0.848592786971971,-0.5247222406811649,0.08968003236908569,-0.38605965023743927,-0.22647583209301547,0.4287758337185046
0.9131058944353008,0.13090004019232254,-0.21404988973298023,1.082106801765557,0.5543438105691327,2.922533735376265,-2.09217953288669,0.2233637416047148,2.5132058750540534,-0.02964639824815089,-1.3361237470402072,-0.07071107440835067,0.6243849098294353
1.547855366974448,0.17405681626069264,0.17085499058788003,0.92642088589155,0.4657785580679776,3.9453060941390388,-1.4527543683171582,0.275323654193845,2.7120116131214633,0.3945870814363783,0.026443735736215244,-0.18566304677295403,0.672736804241625
0.30543603674301667,0.5899295938030508,-0.486523014878492,0.0434262737921542,-0.39341182993880164,-1.4752319723623804,-0.34753769780923094,-0.2726059167587663,2.8715907200412927,0.5171531310383901,1.967537234082249,-0.04038465575496143,1.5214832252672774
0.0900794150363395,1.4766164755624613,1.1449775290442625,0.6663163781313537,0.0956250691209506,2.619800520657769,-0.1358514873631713,-0.22170381333510797,-0.4147484300356721,0.029256966691722872,-1.2680418904182604,-0.14214204304502345,0.6663546202437849
0.06403169679300239,-0.16675137079838245,-0.9351210978116273,0.1226993331142391,-0.13648905135742911,0.26678469756967393,0.752197280821468,0.11238272434837802,-1.1102537526298937,-0.1379129740996803,-0.6870527203532402,0.33603850439333144,-0.48433159184461044
1.226720795266123,2.047516337959355,2.240702108687385,1.246914905381984,2.056444512830996,1.9249416586243184,-0.457951799024207,1.5269065373540958,2.6553034104055,1.8571144559105026,-0.39986640572728993,0.05676711708009753,1.021394683182136
-0.30545181962583823,-1.0828307009734113,-1.3421385481876011,-0.4500350086287491,-0.6675831642837469,-1.211881142556926,-3.8456178354831514,-0.07388138082344084,-4.837903577528582,-0.12370970469666642,-3.4448939327680916,-0.046634804299877305,-2.593088343210725
0.23003317363611941,-0.230666851674517,0.7733399556354724,0.03473424681746922,-0.4077983728075762,-2.1037635168164144,2.89750614627536,0.3958146213846178,-0.7806996808330423,-0.09581926940397051,-0.5695012006603388,-0.11034661758328888,0.19629005904723373
0.2740057760135581,-0.002313089480416663,-0.8602836337109976,0.18702189308280748,-0.012952426375510794,0.6047901981458481,0.6191564089269378,0.27540409221003453,-0.9474346747912933,-0.33183796335141064,-0.7006729151189534,0.02309996035829598,-0.2513719653017406
-1.2599368295104556,-1.7320435465391104,-1.3537925085656914,-0.18602521720756274,-0.9247376944854234,-2.0614858477829126,0.06574156522336932,-0.05922841938936882,-2.0265213367165744,-0.5757932091832888,-0.4248261170151333,-0.20943857902919677,-0.8708814748787941
0.02297725243603858,-0.44858517768353007,-1.5405489336837652,-0.1650323568061383,-0.11862018583006122,-0.26859892776507577,0.17198952667712653,0.02688945991750295,-1.5631562177232825,-0.35530547533986256,-0.7415735423770576,0.007603150601369507,-1.3220528237671696
0.14998596697942254,-0.6781199601696185,-2.670003481506008,-0.4162958300010198,-0.08610446705120706,0.6141781756633689,-3.755729547692722,-0.8453975882350157,0.36864988375869084,-0.2452912986902004,-3.8711034700093396,-0.16958719813756432,-1.1301447713509618
-0.05717794507683722,-0.6324941469208958,0.5745091394293639,-0.1737624040341729,-0.6175407946484885,-2.0976740327661787,3.069136753236979,0.19275688044131836,-0.22679411987955167,-0.3854353790929437,-1.0262204610106223,-0.14585082246326947,-0.038787550062665495
-1.5234501651519285,-1.8868336831545451,-1.882789757879218,-1.3749273251804213,-2.112976496384298,-0.8396195298058186,-0.01323856599318478,-0.24874313761260256,-2.639790041866169,-0.8945488734993463,-4.817075062636672,-0.43199038798519834,-1.3108528985414243
-0.7231264546196648,-0.12246993406572271,0.5069016655971708,0.07137549882133803,0.6904531757973342,-1.1703175823539231,0.8576229697934145,-0.09329188356615811,2.541220808537522,-0.07758990417234586,2.346196429972381,0.019590227441707037,1.151784294056965
-0.624898356939666,-0.9806432225467222,-0.9896289170417004,0.0635350511802567,-0.6110373800075871,-1.3499614091142496,0.6471865889092441,-0.12364917687606071,-1.5969239906552766,-0.35099790767210337,-0.08306442620504342,-0.17541363495453785,-1.0202762689733775
0.2250955466331086,-1.8019764468270456,-0.16565189086676876,-1.5753751481026925,0.10235172002783248,-0.9235867076853496,2.6904892810651413,-0.5522480901328123,-2.115564391514959,1.0074358817725442,0.700848905061268,0.009301223905705267,-0.7501486114560005
-2.776020858920658,-1.458726656131136,-1.7607563850415562,-0.30173279361644156,-1.1522343202677758,-2.1835350739365413,-0.25426698240063467,-0.3343143026202193,-3.2774224086682717,-0.9026323526652738,-0.9288161563857769,-0.29590098363062756,-1.3484782078024002
0.3024925205013197,-0.6084996195561772,1.4169958853367197,-0.9259336544319778,0.39635460162612923,-1.247037592451347,2.371873607538227,0.7419728208498823,-1.6961889766627507,1.1029485463552795,1.732146215057259,0.21605831685269042,-0.32912672286956673
-0.4136048724568295,-0.27382936265047947,-0.6457341630679243,-0.11301563348517647,0.14887750776807987,-1.0605402236301196,-0.6837746648794403,-0.15422401759734689,-1.5403066257612468,-0.34541953026407607,0.8240600724544169,-0.10816490315599372,-0.7998692649143695
-0.20403193464412148,-0.7289171936957994,-0.3257013387430925,0.22584825197778022,-0.4968058091405933,-0.739982610589359,1.1272137737118948,0.4158482307053377,-1.4394504418349563,-0.05154741297385452,-0.17666768473159117,-0.17473382571401697,-0.44867070496276334
-0.9393949580058043,-1.2197381584717533,-1.0208325558696458,-1.4532058645107064,-0.21160686403189585,-1.5700419388067288,-1.2365154451746236,-0.6510915426785748,-1.6949566477879934,-0.7504473269223756,-0.6783446373274398,-0.22757090641625435,-1.2335825966090328
0.5726335389306769,-0.030490545086536775,-0.7846634224507338,0.18536943644647383,0.09064352954530883,0.5306698902517868,0.7572901239102552,0.3767343624087516,-0.7343592179054398,-0.16471800742218168,-0.42398541337991547,-0.0855500153421114,-0.18401081552289222
0.36891726381766293,-0.07961328628951583,-0.7239948272404985,0.2624378054744254,-0.021033438314269834,0.2773513143561366,0.6107152804367555,0.32344863072632707,-0.871168134769218,-0.3432688857617582,-1.4469467135179892,0.4622525414630459,-0.058173575978855516
0.004045781096857403,-0.24588257032873415,0.09572295988237273,-0.232031555657482,0.48089488893980165,-1.149004102680418,0.061755388086635846,0.43231360029694366,-1.2630043689438346,-0.10849628369427385,0.7738788122941819,-0.001946191094919179,-0.6681270347108753
0.3658410485686423,1.5090586075085834,1.6016119403764602,0.3092663911561895,0.7705130378291426,0.25403774569470733,0.09425596535309326,0.2760373098484707,3.4117294404635006,0.3855297626574367,4.839093261397858,0.30551184222671285,1.6964022562167762
-0.14225269875670266,0.21172682874435042,-0.5284378331283934,-0.3765276882256795,-0.24044695221236909,-1.3050551349837847,-0.13973067855617655,-0.08076889960586812,-1.457750945822853,-0.22708305709387375,-0.0292038564301199,-0.21663258950575248,-0.38444506415657487
-0.08605125428927651,-0.14316265627909966,-0.277915271097833,-0.16191586918132897,0.5963120016718233,1.7918038905604041,-0.017233919642619902,0.549141141775892,-0.9436437170675749,-0.1757194449611578,-1.1807080975105055,0.08382890090061766,0.04988511658422388
-1.0326719537832671,-0.43956568365619103,-0.1467632910573026,-0.6082605517764264,-0.7338288169160175,0.7599104945930757,-0.7557297009813031,-2.109565717859789,-2.0989386432929638,-0.4519638721171455,-0.9467573661257566,-0.11265547842822136,-0.5912982243859574
-0.6047350150582171,-2.35896300815201,-1.9132393910073564,-0.6066768021868646,-0.6130145354698305,0.015658905025209537,-4.881537433781456,-0.740666216017885,-1.9489418400068663,-0.21713101353910222,-3.3650616526764097,-0.12858773995113257,-2.0018918620986446
0.08401703379220428,-1.4926987248219352,-2.583121678124234,-0.901330034985052,-0.5142195771168919,-0.22829321884524298,-4.109726535252607,-1.1043962683370856,-0.1104909779183152,-0.47638099240397846,-4.6566016338894975,-0.368298483273118,-1.4872049106564373
-7.255614631694761e-05,0.7628337448170512,0.1293210130836816,1.0318488436088793,1.053193445198445,-0.4565611242303728,1.268800077652041,0.4488746605104664,3.70102438001583,0.18898794667898786,1.2984985587031892,0.001970484223630686,1.1394786463667539
0.4010940459339568,-0.32723131234705877,0.08590542047155186,0.333661435675652,-0.1141776028637672,0.6456583734720738,-2.693012255679091,1.3801767990262142,-3.5870764785924822,-0.04585611010241936,-3.057962877715343,-0.12956275852759258,-0.6041645032462353
0.3715859449001598,-1.0340094037189715,-1.2784852950652648,0.16001617158530282,-0.46743537001467,0.6908263244706256,-3.9846335846475447,-0.03342368538232722,-1.3864824341418636,0.15560460239519486,-4.56864668776695,0.0011826372424710635,-1.2357881576319538
0.17889544099129534,-0.2775778108703284,-2.262964108641156,-0.08994269735179837,0.09708261741687445,2.4516229202608675,-2.3476395533580536,-0.23160877091861837,1.559680295483882,-0.16090108227114086,0.17347556250506183,-0.16838229968109067,-0.8045994361590904
-1.5641093267839297,-2.9338486719105603,-2.3829989086567527,-1.290173109039768,-2.3756767064320017,-1.8304744261342825,-5.78941685175187,-0.9685499036037878,-5.816345354822049,-1.4184878909344683,-5.923338512843733,-0.7681630231569412,-2.3862715730557422
-0.9045558598148636,-0.7824981378593172,-1.9790531984157862,-0.5536625274508776,-0.5231187041244831,-1.4491506002627363,-3.3150312661048438,-0.4262044148072083,-5.173907519590706,-0.21838097871979695,-1.837837561020602,-0.0864256264771231,-2.4895291576599186
-0.048928983385752196,-1.356696685026529,-1.7224408189459548,-0.21644259867659346,-1.0275698109440663,0.5380907302779245,-3.9053641824274217,-0.5309651993634179,-1.3840306920462495,-0.1668237357859554,-3.9412932550497097,-0.2549672099903949,-1.7819703941167486
-1.1712274542298278,-4.129604418909747,-3.3637079163943415,-1.6406768115185617,-3.748889672088749,-2.824426065565397,-8.986857212389975,-0.811562262003879,-6.036168614415347,-1.808432148019783,-6.886969916375044,-0.8262576894754439,-4.620251201763232
-0.021529775259291936,0.7014236950571645,0.13404627684245096,-0.28164959440473475,0.7938773351429134,0.337204747905101,-0.3841606047318782,0.5208987052363551,0.3135376267988855,0.6008546918433987,-1.3032840764721751,0.3828635580855835,0.6275340575116892
0.2113619299344201,0.3425453683997815,0.21722710104387566,0.4811600819722906,0.3043792617502105,0.8255982000247524,0.03469110853607867,0.9156706100790244,1.8888902599506803,0.22690208195268907,-0.5746284736501468,-0.1159546604892239,0.6692315842145279
0.33078378352026133,-0.46144223008253094,-3.05003443028726,-0.28069005889404164,0.18264922979701714,2.110150221517413,-3.13676764623469,-0.4267393173313596,1.1294975750158645,-0.0036099155098458574,-3.413392238098378,-0.15541860532688187,-0.6124628577412419
-1.9994285249109889,-2.5196650775713434,-3.4324009564154165,-2.123605469232425,-1.2992689771049972,-0.21145865467920277,-6.170567434686753,-1.7535339362386404,-5.735049052428867,-1.4323092021602983,-7.1271010614125725,-0.2692217936586694,-4.3278182610817675
-0.45842188374281645,-2.1661649046132023,-1.2513280406477865,-0.5201453423585432,-0.7013376109400349,-0.7381600371949997,-4.900160640072618,-0.07817184883376775,-4.742168843350244,-0.3441561716005929,-4.389774057939649,-0.23007867618994263,-2.146399616406092
1.717199538866989,0.13750803433565637,0.10012046991278313,0.7466610999092358,-0.625423218093347,0.5701726733417148,-2.7782714461783566,0.40898644944006163,-3.1505163674386383,0.4907564263739106,-0.37398670467160033,1.0740660240749522,-1.0038479635819224
0.7008988284164418,0.5022403909498825,0.40935887990752234,0.2614501663142194,-0.12815328488333355,0.5664801915246062,0.4463160959181065,0.4445396157224766,0.0655591899428206,-0.10672745456867333,-1.9911940755444162,-0.1704977431168987,0.32809004952044535
-1.6974034270328573,-2.5322759152408176,-2.5740824350957854,-1.625700834854118,-3.9111326381652103,-3.333307889591023,-1.2725598237671272,-2.0528878068542373,-2.3459893191579937,-0.8388743299543342,-6.285700755437008,-0.7030880873391611,-2.070288866661852
0.13144917979707116,0.277884335710874,0.47876393291801733,1.146299130243844,0.6479482288606879,0.7934533833906365,-0.22228680827680763,1.5002497741693845,2.574700267691062,0.40524163340865127,0.11698748988616797,0.08220778972389069,0.5067517330320293
0.6838800233367107,0.7047404040453128,0.4502570365136489,1.5261891015049902,0.4849616195160586,3.396395959039478,-0.46392422117163545,0.673193566551846,2.1498655442572714,0.2728509119815296,-1.1979468789965746,-0.06198554204026648,0.388515084850757
0.07385965699226485,-1.0856053766838485,-2.7328714529895746,-0.4074733613778111,-0.49473144721964146,2.1054086637243414,-3.1361962725775725,-1.3706706490416805,-2.152501127471526,-0.5623666080113294,-5.063948941470331,-0.4033682194504783,-1.4810710884229694
0.027241416577663633,-1.051844673080163,-0.38764507591206976,0.6439777224867916,-0.006315020295894865,1.5149979551599566,-3.926573137661131,0.07976924887858332,-3.904360625680937,0.16532277191911504,-4.820127573590727,-0.05936540112293888,-1.3771227504406125
0.11250344327133563,-1.1697656866861506,-3.4189551780641905,-0.9273541600174374,0.12906550446576945,3.086279953564,-3.629555535031897,-1.1414893113754485,1.0528099520996004,0.05436306356659351,-4.896211247156477,-0.07522921340126135,-1.0327846248779031
0.5237322207827432,1.2900845397112426,0.10541292883507497,0.3264817626162484,0.03222736359030631,-0.5575240611943363,1.6300273266944312,1.0655226975716912,1.2180519364046636,-0.07257697323369533,-0.24244205115970952,0.35735213672742255,0.82142712194783
-0.6588939446037533,-0.526051620960158,-0.715612470831515,-0.5057001948322998,-0.36788919441699464,-0.5608714188570674,-0.004779290492232536,-0.6014843380317971,1.4452997659589166,-0.8129220757377333,0.8161539683340945,-0.12994261356135312,0.3223284829852897
0.7993991474558908,0.8294283275262246,0.3874663912365213,0.3935577124097229,0.9980818099463874,-0.27105068933283377,1.0960649693930626,0.8669555207585088,3.3155489910937224,0.1935346928114693,-1.2779028883122374,0.32732124450060335,1.0633439678321075
0.5209455198292723,0.7840160423845777,0.2448049441157167,0.16458870322792793,0.35855423316773444,1.4087627566639433,1.7833781892221627,0.8897496154658602,-0.5302271558112829,-0.057897904329260674,-0.18981977326084032,0.041472975784757504,0.1868976095960372
0.795816139418425,-0.5351245655378118,0.39671193132151134,-0.2118390147879513,-0.7664027926380126,1.1458621383908512,-0.44279248495172296,0.6769403913728378,-1.0337721920622667,0.20870663725163074,-1.60671757232553,0.06415546640313957,-0.18121444682357832
-0.9624088655295782,-0.6046524647180922,0.4960927468132124,0.35627828864768757,0.32983916833427634,-1.432897678037407,-0.30491438623181444,-0.3219726307062795,1.7452830724503534,-0.21704897778742535,0.1038448120345775,-0.15277484792543364,0.04635879348898822
1.4316456225198797,-0.25035363266761934,-1.0248598734721435,1.3576975532145141,0.366884550525186,2.04475859011601,-1.914941434098614,0.8930482988558813,-2.135706305991237,0.17185841438463992,-1.7405087444232774,-0.19054268146554632,-0.23923472281519537
0.7369316771883881,0.05672842865292381,0.21568099810793584,1.0198590225462494,-0.6512982075076758,2.2056761088574093,-2.9166517727785846,0.510608774950314,0.3155301887986973,-0.2104205419427146,-3.460040782577254,0.050766877732498376,-0.16551556045732777
0.014122363592549727,0.41606040576136566,-0.14527797480527724,0.16301945329850745,0.33869159638545365,-0.7682166211299288,0.08376206823754019,0.27954492347560717,-0.8944011697183467,-0.27145743545675133,2.0045095033569833,0.4200505519715241,0.5022743164304282
0.9636873844589314,1.5676887723110202,0.07754438971169281,3.7009277288631233,0.7989265295107746,3.6762364311480065,-2.6397327090856724,0.595124115447462,-1.2352294811973763,0.684696511077798,-0.21645840307827016,-0.011167111256832443,0.40120586271552977
0.1988046397495135,1.155512675954184,-0.6527844611639415,-0.2130079346965067,-0.359584845438755,-0.6160942217961162,1.1436671924517332,0.40830811207531936,1.0337661151859598,0.36923327297825975,-0.17773300805310205,-0.16974306285950455,0.4066021990931283
-0.4534767071333611,-1.5332397751357507,-1.259107376553066,-0.7899138377244687,-1.2098859939656945,-1.6223590324625063,-5.058400739783213,-1.0518904832732452,-1.2913991925565318,-0.06276864751474943,-4.130207416329066,-0.30641322376620406,-2.220222607668904
-0.16753334244338072,0.013224941161849246,-0.09667879922962228,-0.002400036721955977,0.6081990639589884,2.1055156630155394,0.03697018384286721,0.3891612327715849,-1.4659876043462043,-0.2141017020549367,0.5201354462743945,-0.21123966068760228,-0.18279061611314928
0.5026345517269023,-0.43648213807596925,-1.7698614587101877,-0.1314053017568463,-0.012057296283698414,0.5430734417057184,-3.757700282073993,-0.5148423070571799,0.22542184138592963,0.11501125365004146,-4.685399396624674,0.7389930857694708,-1.1702563088943458
0.5465161116910165,-0.26133123362359284,-0.1918112651491538,-0.3733953639515675,-0.8937234939109637,0.7817425513759049,-0.5388525373729257,0.006718488535714428,-1.3370524682849643,-0.10340357527382572,-1.861737075678021,0.1266924280316258,-0.3247129259408555
-0.037700293883422525,-0.22613837065537357,-0.6354112739074561,0.0440186875523068,-0.4030168595445704,1.535154522444613,0.4447143862836272,0.06095186833628558,-1.5664374899239435,-0.22333523989073,-2.42432738975984,-0.2439358299755905,-0.5205922415368777
-0.7205153722982183,0.3766301842993642,-1.3134659456761764,-0.46214146386172306,-0.8368671922864289,-1.1276053792089482,0.42905275061868847,-0.3303902232840968,-1.4825658948861786,0.019778943544564144,-0.8111720025822676,-0.24290658937521373,-0.36483905398002303
0.27189602951674424,1.8283575494036388,-0.12296284330698347,0.6004585040019205,-0.054180770138692484,-0.3073853237370752,1.6186396866245194,1.049515685865707,0.09206131199116091,0.31639025957194267,0.1493530202884642,-0.0511239512285424,1.0788594359107728
-0.8400355757392635,-0.9405950078895933,-0.9294477137255794,-0.37944865586701787,0.43422984015325927,0.8413532997145212,-2.4663624224415983,-0.5493914964717503,1.1341491080898167,-0.3384124750980279,-3.483301828528444,-0.33625611226048524,-0.24336236635481726
-0.23945840483350248,-2.7377152354148646,-3.430437494638997,-0.8234251067238962,-0.3290533652373901,0.4415302156209424,-3.8224656896233657,-0.9773700924036609,-5.679266464403676,-0.9430031233004088,-2.5555254097841686,-0.24203048667818716,-3.1124437938128704
-0.13914293196828412,0.7320645913565791,-0.7060683704761322,0.0854430175319107,-0.3650983712850656,-1.1109690289238159,1.1446012051074972,0.14320445992569958,-1.8444473666502421,-0.02067665398107942,0.8777367235792594,-0.13871079237070968,0.17961144971376697
0.2467096528007338,1.3344440678752854,-1.0668958940150006,-0.7166375045902612,-0.24668593182409604,-1.3992067033065378,0.9804328260894137,0.13124818468207694,0.20713801964742337,0.08740123507631425,-1.142222550108563,-0.19522199949120286,0.39744011044605737
0.26988971348787244,1.1538507853083624,-0.5162666658609587,-0.04003994493693528,-0.2280297230992518,-0.6380985558132588,1.1700450608574062,0.558185692441184,1.0126396518589982,0.2574157753348764,0.04674256328389877,0.0660625136121073,0.4636138469912112
0.3350246218528547,1.0047684030885442,-0.38106135054400914,0.08927009482285941,-0.24940902168176957,-0.902354525426765,0.9731243639936049,0.5224659252252121,0.7193151769149373,-0.14193912512674517,-0.018828889973875534,-0.16926973089485214,0.47279755747993474
0.32711652607838104,0.8772221277700738,0.036854775798015424,-0.06025844345296118,0.0748097914503887,-0.8679170492393635,1.0469393285090982,0.5669460142769902,0.542046433702344,-0.19240086898155925,-0.10667413057552443,0.5390618021674969,0.3946365134679299
0.02143682905498688,0.8422651023777306,-0.8740101277565636,0.12498840831634074,-0.26867025301170844,-1.2045242191587267,0.670758086066667,-0.1982592755363374,-2.109610627645808,-0.2191620863068642,-0.004470917835521161,-0.1723733606432668,0.7427750416162112
1.5314389370935448,1.1026197630580927,-0.4017499191624422,1.4333813293006576,0.3208949784955217,-0.5290812809817079,3.950493033844202,1.0573472608941503,5.0408177281326285,0.059836520542287136,-0.11456317645471753,1.0283049772170165,0.9998537280855491
0.745820097649056,-0.05171248294115597,-0.051978226165519885,2.008934991565378,-0.6771837420557212,2.848847372209292,-2.3893386886067076,0.056328006700819756,0.8823558474226026,-0.15068979258054033,-2.325123970184164,0.021795048524832456,-0.30071289701697734
0.9279922704392164,1.618548204004894,0.17102146266325782,0.763052574098886,0.38612543961796386,0.17334193988172852,1.5340289292159852,1.4488489282160946,0.9661617881117854,-0.009371775390269899,0.6568560503493062,0.20153774225049534,0.6938826157289764
0.9195763870452842,0.1079547888532073,1.0997166383504458,1.5357600524129036,0.2706150581641122,0.9542954488365084,-2.119033167789328,0.36927061731771876,1.4806033047469749,-0.10058226601789816,-0.6925507397396076,1.1001528503230977,0.007104325781886713
0.6726425855412769,1.4534337446631655,0.047373943330150894,-0.003091199281625431,0.4881613383165354,0.8070005334080715,1.7099927793220715,1.0576615694478257,0.6782414693988135,-0.10719470590534105,-0.699840473188346,-0.08805797251924458,0.6420110931845069
1.287213970654282,2.819622623147702,0.10473468620278352,1.8269400305006027,0.19732227100137,0.2737366995177904,2.162983544368504,1.8201066026342518,2.8091094332286675,0.819372333262064,0.3198247198049082,0.44309139935584313,1.9122321339214174
0.22747354855424617,0.9540344791924065,0.4494600514221626,1.1374585614381874,1.498536971920273,-0.10997085322962251,1.6496297037699774,0.554377803366062,4.8148876399890925,0.26479949504783806,2.168900423329841,0.07535578494089559,1.3429868143602897
-0.9943025233216274,-0.9690448907467842,0.4429845985873706,-0.06084867552673028,0.10532985499516749,-1.3275522724678739,0.7937373325964695,-0.6077887307094512,1.5737916433692185,-0.3334762721305661,2.1982705657295365,-0.14882030212139297,0.7879812910901899
0.28766827366004377,-0.2957178402498053,-0.5193719931632386,0.3827513778016953,0.10917380878003316,0.5045478083356285,-0.5322889742312125,0.3265673908976734,-0.9405793732277947,-0.15756116922867172,-0.7825378555050378,1.1704212500667204,-0.5415659367748433
-0.36069144971823924,-0.4502833203060759,-2.3248789090016446,-0.3237295263519304,-0.21029893411012993,0.6658591121039356,-3.8597422429973562,-1.0351440483295464,-3.0776789128159496,-0.4515010315226391,-1.8016138156886317,-0.1856203961796643,-1.7735027690712986
-0.40727241586764457,-0.44402210664728453,-0.9433530866111527,-0.34067640059271886,-0.03607453470221831,-1.0303575966646896,-0.9370489400358769,-0.5970491281651064,-1.3292873885009127,-0.25393937098890684,-0.4501556886613576,-0.07913311497049619,-0.7085278369372504
-0.4880223961050313,-0.21360955226235095,-0.38675770673111803,-0.6091583058781301,0.010426643162241418,-0.29154580776295114,-1.3822715657681688,0.07118385508811725,-0.3863423107924043,-0.13625179426110767,-0.9411093038402034,0.10510214263236971,-0.6049540796875955
-0.6665666328699121,-2.0697310918284995,-1.9984163573826654,-1.6506737303374235,-0.5800306652248319,-0.6318025889436508,-5.433293583626705,-1.5191780774569554,-1.5600140650376368,-1.054203004517282,-5.678091804722272,-0.4745046223819052,-3.0009532899231024
-0.14614664365847901,0.036665909118407086,0.936075408284604,0.16382365558632755,0.03588472750115521,3.0466715801199387,0.9412065000663927,0.1959152694002519,0.28381223064058253,0.03244698839818331,0.16325436566167312,-0.1613275315168882,0.03060650870165169
-0.04304728023475043,0.0060392795534183336,-0.6095069699909071,0.10467413613740874,-0.1949656903541957,-1.5912545906161215,1.2306752907239007,0.10818336515221746,-2.3304263685383675,0.2180594346077285,1.0561231053889624,-0.12633264481400447,0.16052210218066149
0.17407271177844244,0.42669871738077036,2.4563611359966715,0.09074074541451405,0.09916449032064216,3.1272605743220385,1.7535077008051383,0.1521589690022584,1.2294356747950785,-0.12595158042437912,-2.6126241420938943,0.019220095234405668,0.5462785906184258
0.5350354746822269,1.0899276155300646,0.7932142368691144,1.165958236471698,0.8685148075761067,0.2366044621971541,1.0878637116009164,0.8022689220712832,4.275117892640539,0.13676222417839898,1.5627576200746833,0.07411762272162979,2.5032329939111753
-0.3703777823778282,1.3825608214063358,0.6440002849154793,0.30621383951200776,0.022306004509640216,-0.8409974389867338,1.2088662185706196,-0.13886941106200948,2.664230724005546,-0.37087704534732946,1.2368758501490167,-0.06007279479824422,1.20244791885631
-0.547812290329538,-0.06486828177261898,0.44846848625689756,0.3994511950815407,1.0974883162998594,-0.8005460784620503,0.9086442664480354,0.1599555241689086,2.8998305836824403,0.07374232370302908,2.635846549295303,0.0010659964033402696,1.134784436887906
-1.082774722286655,-2.4748871847656044,-2.270100451463626,-1.886358703787491,-0.44447762017862646,-0.5342714723670442,-3.930438426136971,-1.293003838011581,-0.08877905013246672,-0.39367613058278544,-3.9579045318887163,-0.5079094935816506,-0.7589627126780235
-0.44144182165386175,0.48112637998329266,0.023011214416732796,0.1973703570224137,0.3668619992183004,-1.0038877976328755,0.22632346320806798,0.028541403823635656,-1.1269002050619263,-0.38222006801619307,2.285970839813559,-0.02914675788876287,1.34968264056693
-1.03837006615436,-0.3703237866443425,0.4566763287035024,0.05956273095009644,0.1500556969575377,-1.5851781181390914,-1.0225038167421652,-0.2548710050061346,-0.8218565774609385,-0.2732693848145814,-2.069995720800556,-0.16663151638401255,-0.20195173226878968
-0.19627301748829068,0.6869692819117983,-0.24906680176720128,0.1403548022146181,0.5421804930531006,-0.8360322425703312,0.4845910382081962,0.13916567505195018,-0.8646421127335633,-0.2827191310136631,2.461398714086067,-0.03172328708770996,1.105284143050279
1.3615372160757477,0.07053053916302608,0.45150852055651025,1.905633687092405,0.08768079232657328,1.2986978986794648,-3.0004239368148977,0.20711765628101098,1.8830532517698073,-0.06412595283809235,-2.1106920463876384,-0.14788718311633506,-0.40277689270364736
-0.4113570837053056,0.9866951121689956,0.2210715726312872,0.23206118466798223,0.935079301343196,-0.9687039227512044,0.7945540254433743,-0.12154306380298083,2.8786572970796582,-0.13828921669240415,0.39839139289455494,-0.07998345395032729,1.34152476824626
0.45575832418761103,0.6496417071046825,0.29843790465344977,0.17627180099125128,1.2016957459171924,-0.04906019190067633,0.8380099576189077,0.5764745042423924,3.8306040804610695,-0.12003128581007728,0.3682656839233822,-0.1595709759514365,1.1221267134755744
-0.1866749822162091,0.7612422664085816,1.4220236176924992,0.06387794142640721,-0.015552884744635473,1.2295004764827897,1.2980383864039975,-0.15129474314343597,0.12099299430898913,-0.003608167484506068,1.1850088539057309,-0.0651270660804585,0.41102487982354236
-0.3856387453695707,-0.7084747309421398,-1.0065393493854853,-0.4161338604063107,0.07722038772293464,-1.4479574781268216,-1.4354902057110384,-0.20284460463250678,-1.9395445103056004,-0.6308372203822042,-0.16686923565459438,-0.19216803453836792,-1.288264661582782
0.16418097942524285,-0.11679896051193478,-0.8102159395079231,0.2630787664268993,-0.42356050725819344,0.5185983692968471,0.21355365667414541,0.3738101716769032,-1.125556532393417,-0.13540001930384377,-2.5302685409918846,-0.2840554318996146,-0.27369201720381775
0.4364901689401206,-0.07662814475259642,-0.39931117717512987,0.3846648403358025,-0.2600874664018758,-0.28839574607787644,1.773232912825834,0.7074267109672332,-1.2141329399620495,-0.09828509573540134,0.3575996694605178,-0.08323252995731306,0.3015831289668049
0.9438871283738666,1.121917426378673,0.6365767347080529,0.41587179854356987,1.3366734597271877,0.4692163779343377,1.2017844461478915,0.9991332150619322,3.929764728673165,0.04878246300077674,1.3028416311138102,-0.006444303044894065,1.5748776604703425
-0.709831664432099,-0.6027958225854673,-1.8241237754637325,-1.4951227007009504,-0.8095897009900201,-0.23437249777554026,0.1351424533550419,-0.2170749999189544,-0.19795182472043157,-0.8053380953508894,-1.6279759407267234,-0.16826898436773466,-0.6716995968973627
0.9514172327006235,0.4966665655022692,-0.576832148346843,2.232790908081872,-0.29145510786316475,1.617402530454824,-3.2586911562801752,-0.0007085303359458425,1.0529068424138759,0.040918320923940106,-3.2899206785567934,0.7831485279245922,-0.2964468257413763
0.5473949897559617,1.2845893913005582,-0.17403822996446652,0.1140011193499797,0.11402861298812139,0.23185494666013662,1.3352960644238112,0.7251508576415167,0.8452483988385129,-0.17169544841654394,-1.9857589141518754,-0.2052554159916731,0.4583691585935756
0.6758712427406054,1.4165975089606624,-0.035738807117644066,0.2207834151563131,0.2837744488524428,0.4106904083035058,1.4228010001188764,1.159561249973485,0.9728627064934052,-0.13050172334278218,-1.4354552587859022,-0.09579322289209813,0.4484846416827188
0.13902673129302748,2.1277359342730295,1.5547940061145666,1.4697457176708197,1.7681116404855206,-0.16274806548996523,2.128478197014063,0.9274519875314502,4.062392618206018,0.32065855167159385,2.0863481831809296,0.32860690678987237,1.8556528997232415
-1.2361475580185648,-0.5618065107430126,0.35408849320969443,0.27335862009915424,0.23184369989463846,-1.3950904312504764,-0.4400699656494221,-0.49793821494431345,1.700026732047425,-0.2993229294839936,0.5374031285953244,-0.17686616670624872,0.23924032538366083
-0.8321937061015828,0.49876721303806526,0.4270910011989893,0.2365944802083281,-0.017505364091549562,-1.2601392160469875,0.9593524153421945,-0.3833228138738518,1.8140604309189239,-0.03509820105223399,2.9173738056804157,0.05727057032545822,1.3203589543684697
-0.5074431332956171,0.16688612546474263,-0.26881301440363237,-0.053156886387409535,0.8676035478773215,-0.9305682928517408,0.713685801715797,0.10586118473748989,2.568087947682684,-0.22089142900180173,-0.8916432700554533,-0.14490358346762752,0.48742767156075906
-0.13277458104861184,0.15669751359305029,0.0023926600049405298,0.4422673953741065,0.8512888767285687,-0.8732111873415607,0.6668047263219745,0.24395707732635655,3.0301729921947445,-0.3432045598982627,0.36947787850163866,-0.13751063878311673,0.7387395150853424
0.19954769999125152,1.3683146878068024,1.080402903082884,0.7226686318837001,1.1640498296261974,0.06829670265239358,1.7507741068329454,0.2928384698875662,3.139883596943692,0.1670719354048681,2.814463892399541,-0.06152141473747599,1.8227251424438629
0.5664074833603162,1.3882825071103355,0.0679504528370065,0.700691131509116,0.4407977742119693,-0.4120228615255716,1.3558337081813563,0.7501248701284123,3.553088959951679,-0.16493571026509413,1.1363900425063913,-0.0817004901527737,1.8226445140274394
0.2449523765404916,-0.15853274646907137,0.024881349222527643,0.5363953346259789,0.4440395567694215,-0.60579361176765,0.9078844160193371,0.37452488797768546,3.6110658515877887,-0.1857973984701352,1.8133945568317233,0.12400173089363507,1.7253288561339855
0.35720688049474514,0.22942369877360747,-0.05933945698611856,0.49801920089223933,0.6758796603409833,-0.7028152345772833,1.048542821752166,0.35974762544708516,4.189901036804592,-0.09257098794733694,2.1218156520639444,0.15089794058753686,1.559758716811322
0.3339318175823427,3.05319007335955,1.0461699983172328,0.5603282144148315,1.0344411403663816,0.07396786359513899,1.978702619778407,0.7586469800113181,4.435485071682681,0.03582497986188783,2.9268868969849104,-0.04190297084860513,1.8699304303407875
0.27371275178661264,0.551621773914408,0.020770278540310636,-0.018445507568151977,0.6163927461149998,2.6054433406868736,0.9348221993505851,0.46092277341483473,-0.7993691367392118,-0.09207784556861344,0.6346165087229263,-0.11778961039096532,0.13851109006183432
-0.6422228568991541,-0.49989073139667095,-0.6627477008872664,-0.34028685167871614,0.19453419282101103,-1.1067918239026848,-1.22069075921421,-0.23509564351199919,-1.7734306698851285,-0.36901996710932705,-0.0035491508871523894,-0.06401923313206569,-0.8956602715418883
-1.702983029529504,-0.4138282677143193,-1.625793596219737,0.4555606611750812,0.5674529262999486,-2.2046814214916797,0.5665857632659999,-0.4358398565624119,1.6118197153529366,-0.3685876216061621,-0.7433004374173469,-0.08944646213022571,-0.30898744200433914
-0.3833572123191942,-0.023280066162244383,-0.08610535182395124,-0.3607551964258568,0.5117440177572685,-0.17684591759009183,-1.2040514901885766,-0.0884797085883717,-2.5374096512203366,-0.5089705124600895,0.8419020953279043,-0.16709773095363442,-0.6980899582992102
-0.13701027523441667,0.5441703712201627,-0.07520752398077295,0.037645397892532254,-0.07243699936416102,2.49134887759522,1.0998301226405116,0.31919052167562767,-0.2594730330478504,0.07249443784343178,-1.2812316430388537,-0.13393649136544097,-0.09295148574514313
-1.05238732783305,-1.4603059041588053,0.019647771722843977,-0.5417007229880738,-0.17743047666761813,-2.056623899467911,-0.4886782860266976,-0.6258800341608003,1.43752983969274,-0.42021389308282064,2.6970830561300843,-0.13340336444115058,0.428802783939884
0.7917955717879037,1.9994031787443811,1.5526111614986116,1.4952975994627922,1.73376921041985,0.46557530475935593,2.446741557904364,1.2009528776657923,5.8385160946711485,0.29962363281106164,3.0575551924127566,0.27417571722969625,1.976194750210012
-0.09864334511518884,0.49627038285576003,-0.15256268153536243,0.668666264165141,1.000590426055844,-0.7151685469398378,0.8832275732922267,0.34437102326890456,3.5216155878588964,-0.16280452889416155,0.9392055570519167,-0.03126762981086756,0.8453345681514797
-0.41043797790642,-0.7281141350335546,-1.1296820548176765,-1.187705798690052,-1.2831219606073057,-1.8952869379326387,0.11694086773476238,-0.145087718177949,-0.6242543247691356,-0.6680608267735484,-2.2431661399753975,-0.364979432097688,-1.5993894735216678
-0.601880641523102,-0.20961008472833784,-0.7703626590500223,-0.48234074415535577,-0.4398726224431044,-0.7607948452886194,0.6902386357120444,0.25794912776237144,-0.5716957462907564,-0.2802122927863255,-2.647099179735459,-0.15766316283390755,-0.29781844010473124
-0.3351366962044914,1.0958952154408002,-0.34443759879744096,-0.260488795941799,-0.6302759833341567,-0.8308151340567402,1.0123032034522232,0.4065611919534343,0.22572645995132104,0.4942847706654314,-0.5551649232713196,-0.18171911909503652,-0.3287616927225867
-0.47334996005209784,1.068289209760777,-0.39675986526986695,-0.24708717809032857,-0.46072101147172756,-1.0519334964865508,0.9790600280318823,0.3395622169185015,0.653969084293478,0.09481262312335376,-0.11818381016478978,-0.13142966667733466,0.09177824552895295
-0.4104064017508386,-2.306347416948216,-1.9817685252526362,-0.8360583367509146,-1.4181628516068059,-0.6993354713202765,-2.385745560024451,-1.2748540971347957,-2.4536534729465425,-0.4153832608663165,-6.140423684250564,-0.20361249025988667,-2.475272894176241
-0.14786281729142908,0.40170157053456124,-1.0824067465979088,-0.8789719326786387,-0.9474956845396407,-1.802117093462083,-0.2739872969318337,0.17671539039894318,-0.0956074200658542,-0.5627235832626725,-2.3713039395423974,-0.35191861229483046,-0.25810367250892635
-0.32886980929256726,-0.19765017896373235,-0.5341076972802532,-0.2176382414894437,0.11278357698426889,-1.1500319193324282,-0.34850085174470835,-0.14430691513439853,-1.7064100538477454,-0.3426153560915392,1.955109937506624,-0.05105264578764841,-0.6167791849135473
-0.07879640342020945,0.1537782177407967,0.19670950783623598,-0.31031080298707825,0.3368042210962934,-0.13903688855391616,-0.5848780225866682,0.2528899000621297,-0.3526228922587406,0.027448400166920513,0.04813058577710758,-0.11021862981142475,-0.4472442977226133
-0.37151219817150055,1.5343357606796135,0.7965606421496099,0.836553408090646,1.0615050385222355,-0.40416279276936407,1.5565100197530248,0.502786320343924,3.526273767149023,0.038975397201461856,1.3725946612334035,-0.04299182919552554,1.4910016111341409
1.4339393924293107,2.36294788161422,0.13976130408855772,0.9769537700497958,0.3926338361497295,0.5229725279891864,1.820820157437638,1.1081610767209593,2.203966531362384,0.7030489980838159,0.04667642077340534,0.09158018788426289,1.1219525752819348
0.04727977131726218,1.5694788983038677,-0.16263339009355865,0.4502527328433158,-0.08199766492290005,-0.7254111682384974,1.6794686589756098,0.711668650854586,-0.8980092249669706,-0.0567325897212787,0.10689469503342279,0.42255937967436497,0.3143435857479926
0.17055771613959222,1.2721608737620733,-0.5418892556405627,-0.03899714040363004,0.23102927497148304,0.23034865395748058,1.3281538101782404,0.6012013213478753,1.0460253920557447,-0.1373490450800293,-0.6120105252955627,-0.09546389581894295,0.18939349905484257
-0.6273424510523264,1.0868262812396925,0.4220353888334811,0.4825104723371461,1.003668431883885,-0.9353487667208539,1.2785550870034947,0.10034213512721987,2.658883178275492,-0.10429978677511427,0.045043348750202966,-0.0396809534236996,0.7434556117617629
0.41839527595607146,0.9510842891485662,0.1349584769987916,0.7416931765536879,1.3368019488504306,-0.1307065900733385,1.0864385657038331,0.6524085995574328,4.380888994416711,0.016758359458763163,1.7957595059932083,-0.08389966827377475,1.816996725681626
0.2738102450796091,1.0716253837776213,0.431864307221258,1.253106847520297,1.8272238848715396,0.08564865164090099,1.29764316565771,0.9994707294853613,4.038125681087582,0.20645477491495612,2.534897431338516,0.2994058300114961,2.0716644405774742
-0.08297427611580738,0.1821214920918767,0.08035895451592902,0.21448970617002092,0.8599025631796878,-0.6653343801138302,0.12302207671002392,0.10757050472337548,2.976111087694039,-0.3455659677468551,0.533006755530886,0.007359221393966926,0.8086057795589375
0.6611926580379561,0.7287202887531992,0.15134029063085722,1.111968260880094,0.8552832861976801,-0.3187885889117347,1.0320877015121126,1.1715906883168243,4.153725971680833,0.2727129648051534,2.3277463554290847,-0.012778221458817561,2.769412566446181
0.12477894194268933,0.2809021693077456,-0.24761910658536687,0.12350584145480144,0.8843025843980201,-0.46069013648291335,0.8271056099197209,0.3282216464052909,3.704870429032535,-0.1824954917227538,0.7461983732084949,-0.09307902281586486,1.2870386114451366
0.317785037301429,0.7909948902553879,2.606856324751344,0.08419949645176535,0.3318071645907026,3.247309426362627,1.7014665129227151,0.3655677877687332,1.4015851042342062,-0.07736433500242931,-1.4063193976467785,-0.09051210424138437,0.5557201543233048
-0.18579640681027537,-0.4859643925642336,-0.3729847477873166,-0.41076660969540363,0.2633475569461007,-1.0259897485767335,-0.2431314049939262,0.06822290427103221,-1.3490022304519595,-0.04132430024108742,-0.012108711620482345,-0.03890556634869422,-0.4137038017839141
-0.5350588427411599,-0.9937188784545287,-0.9953063670755361,-0.32146101123135945,-0.33018510969847237,-1.0738257332681682,-0.10230403534007358,-0.028212439644978313,-1.774593275617549,-0.5166851252855528,-1.5239803631114772,-0.047083232741440745,-1.28967067796918
-0.9007245004068439,-0.18912641753520196,0.5887073986470283,0.07022374461404976,0.7187696427673411,-1.0457692392854692,0.8416490608989259,-0.18378229575619723,2.3671211743110327,-0.04985559134679429,2.36157004323581,0.10527693966054355,1.143890534373414
-0.30912425913789765,-1.72516342645815,-0.9531625209950533,-0.8504536558664402,-0.5590801492819767,-0.45883147581085904,-4.2796041079447615,-0.15866783254288352,-4.855676449412066,-0.2108330172481428,-4.127258826195677,0.8139471430474403,-2.05455795926404
-0.32014426424581965,-1.2183293467832526,-1.231849511833862,-0.5320063562424746,-0.6058898546303515,-1.2906739426358964,-4.132127172658478,0.12344699989900845,-4.267177828337171,-0.03146719538128114,-2.9990845175366863,-0.1295152608258648,-2.220129990610294
-0.3186121851054485,0.8387595041356205,-0.2563263315801871,-0.3239152012130297,-0.45367659292028584,-0.4744983108670243,0.2636997966852506,0.3327745323725201,0.17431073610399223,-0.36754233079457976,-2.5248724120795827,0.09593298315497424,-1.1218460581020921
0.0310716742194361,0.8929593099970631,0.45461781658646117,0.44737286015737066,0.6948028510400198,-0.4756939966523917,0.8682059250646531,0.20295608313223867,-0.7507028294599151,-0.1700579470566785,2.491166292692586,0.16616223443014955,1.666270301394139
-0.1937365443745835,0.8024000703172187,-0.059082910124109045,0.20066579236260929,0.5318299312977534,-0.640381848514856,0.4005725324438471,0.07737310218909343,-0.84858066564788,-0.2783903469644591,2.561742316521963,0.17966165629370756,1.4734175227801054
-0.41053485127295264,0.2395860088920584,-0.3006501872340838,-0.06088155218270716,0.07021551443444976,-1.242788009974304,-0.3607714017545287,-0.2393118713268389,-1.4488910438049223,-0.5811579347413499,1.881471352777185,-0.39859535014593156,0.7857082477118822
-2.137392005376622,-2.692920599094747,-1.1254675383708024,-1.319923665722082,-0.9580774563624682,-1.6196940466061802,-1.256853174501383,-0.9286327378278495,-2.3689483845230037,-0.5953116285637952,-2.2627247708475786,-1.6324719315645702,-1.2058313354813597
0.07023888705919185,-1.0720058906937224,-0.877303144028281,-1.1169400179841453,-0.22239939012254284,-1.2062378248114447,0.3726270357938483,0.2973810821646153,1.294515547569996,-0.45667186745287214,-3.1443060184272724,-0.22068841601256278,-0.2065350483546758
-0.20169596578796498,0.31427201051394343,0.7629930682803711,-0.14445103485007876,-0.01957193181875877,2.921605837433858,1.9323789564679221,0.2797064844161892,0.6012758477774655,-0.06049610422613724,-2.2042689038211636,-0.10115941243272066,-0.025768259661272108
0.002466658562447679,-0.3874433767461838,-0.4894772735000071,-0.8317663696775626,-0.29122463242952823,-1.1795381760786081,0.2199979617770037,0.1890692267688508,1.0368638262582115,-0.2731908656454956,-2.6857792826723825,0.0415957338999336,-0.11506715550359031
-0.9665144133453979,-1.4047086804939644,-2.3609354093549246,-1.9537366071493463,-2.3448226679861546,-0.904473429935622,-0.33840082460529325,-1.1438995749353325,-0.8753141236319464,-0.9112061069531935,-2.36064209202408,-0.3746804152410995,-1.2078559654104497
-0.23448093044287002,-0.5758877789161896,-0.6861769978890919,-0.929995796714599,-0.22032260136652948,-1.0492482181048641,0.3605015282213895,0.15330161556407493,0.8007455791825326,-0.36949227776701776,-2.9113387676258573,-0.15880979724073171,0.05298201800401638
0.9645545052224769,0.1725320229482733,-0.9278354433427255,-0.03318451843638385,-1.3203845905854061,-1.5630030747601351,2.9211967568290946,0.023013160273225794,3.602445280996875,-0.3496939913033405,-1.657934188264836,-0.1297444790405118,0.052878148947428566
0.14829448627864222,0.5782450630619296,0.29885672184780965,0.023481046799440988,0.8151189107996308,0.3159856457768991,-0.8783542820271882,0.20034727215236572,-1.8696128662359999,-0.15000383070087994,0.9825880112702081,0.04794745474769216,-0.18224254951139704
-1.1041610698986593,-0.7973483858847368,-0.8660185504301142,-0.7139153271647067,0.0434980145408513,0.5976173518411815,-2.7140527341576917,-0.8670335815624436,1.0043573584361003,-0.3782843055275993,-3.435194101870163,-0.0235385321194513,-0.2242227953070929
-1.6009329647715715,-1.6430914706936002,-2.113177656634297,-0.6688558189335483,-1.2473413774679,-1.6209446480101906,-0.352308904297598,-0.5222956840406793,-1.7941972251514544,-0.5139082795254782,-0.8208057341734983,-0.2166063111380207,-1.4633696639328262
-0.2692722632140957,-1.468152898905488,-1.0536452814615844,-0.5499193885058372,-0.038862762667963076,-0.9672158940620204,-1.2972951775403796,-0.04979573746082478,0.7660951280715462,-0.7080769832297745,-0.5167820864628693,-0.3380194522070491,-1.0448716951679025
-0.07971524105821219,-1.8117899696345232,-1.7033207874988305,-0.7589735188624925,-1.737235331542842,-0.7621008759651646,-1.568274666356544,-1.3044109084351088,-1.7058255120770387,-1.0338772566192267,-2.180211179280757,-0.37568662215619253,-2.8613363546352937
0.30595041078825785,-0.0382758593367826,-2.538201240857339,0.18290230671099078,0.14503955336339364,2.737979289172217,-2.651201827338275,-0.4869994518673048,-1.3172512641880245,-0.1538760086231762,-2.7645677380957125,0.5877405937202276,-0.7438683636082959
0.09532164580356853,1.6084402200450294,0.9636954805529157,0.7813684413573033,1.0717703639348557,-0.6569889868058576,1.9761914790461828,0.355246212034512,3.773199066026395,0.2875816363748163,2.6907023020727663,0.08928307063877591,1.9895907778867203
1.2479211239770263,1.577868478833439,1.7677726582906002,0.42632266001568914,1.1842760220157085,0.24233677439107046,2.0799791235011074,1.0658126007496485,4.170552778321888,0.22820762367220615,1.919618090310962,-0.011806924061383986,1.2564112948820305
-1.2770862472727378,-2.804964775147771,-2.136525747182313,-1.3591523045348002,-0.987312729303958,-0.7996906798969333,-4.794396366102802,-0.3768406907303467,-5.464253247582042,-0.419257013835789,-3.977508061877581,0.25024042594893314,-2.31522265107552
0.5605422446731894,0.852264680966554,0.4162972829669404,1.2993590435727187,1.608099594766714,0.031214462270339305,1.3856820134834078,0.5173130303537214,4.682109791304035,0.17507647103785232,1.8438616066309623,-0.08229717683797293,1.4019858891976116
0.18885357253654447,0.5880259335652873,0.20361576169599888,0.8604199942175507,1.3371397080743268,-0.3024379133999659,1.041946918813693,0.40062823095203687,3.8085818897269212,0.015756415753211492,0.3801935257379794,-0.13259386308206655,1.1105743450454126
-0.3245651628423689,0.4246674919109016,-0.13703986256047043,0.5724497698819162,0.9162267594123521,-0.7573167012562045,0.47090031456331616,0.0620258734144995,3.213673709252229,-0.06155974587115155,1.4742619803299506,-0.11516884813887174,0.9176660619021599
-0.5144947398071072,-2.7398791535995493,-2.509294153924048,-1.0848906319032219,-1.1926994317418174,-0.5042781004314828,-7.535915278777894,-2.5651774259237583,-6.744676430852721,-0.8613193917808697,-6.094708229903288,-0.18826931702374092,-2.1680233815374472
-0.03429301344155747,0.03487328532785694,-0.35968252733530887,0.013969980335742605,0.5327159781865257,-0.7188705687350336,-0.3929861887924683,0.1007773768971674,-1.1191719252771388,-0.18095495521375496,0.3939156148137732,-0.039835504915487624,-0.21529164839380732
-0.9582283769995493,-1.1877405050016632,0.3808179870617783,-0.28365863852513334,0.5759944262650487,-1.448534320201207,0.026538452165097832,-0.16221277614382826,2.7394708965475574,-0.5708093896019273,2.1898008448922908,-0.08526908447034659,0.8524365756378717
0.2593907925560294,0.21986062703136774,-0.193711040478148,0.15924460378165042,0.9146833541241679,-0.41148800223807086,0.6037240971337692,0.6736394848631849,3.852489988405852,-0.20308526443291672,0.7478564963264703,-0.05633519884522279,1.1975881153443415
-0.2583451527201881,-0.792938424028301,-0.5858426629467349,-0.2352143755581023,-0.26081715939864,-0.9076162749506894,0.4378914288862144,-0.25766943323607044,1.7133863755796728,-0.36906919637087,0.7148666711123144,-0.07643663956085223,0.3259564088706652
-0.18804448113712072,0.8454257893407097,0.8184374147410397,0.06221178919348566,0.06924545795592067,2.881141334817382,1.7642871286476856,0.4530311150900606,0.37849083059583793,-0.10138519930135874,-2.0736280724853797,-0.1676515665083813,0.26230129053091844
0.5649839274591716,1.3441038259610327,1.1585758690189363,0.4939911878400015,0.9854072590163236,0.6543416825063628,0.7493233187644122,2.344170068714303,0.34383792567325555,0.12306496353108543,0.9404471817916623,0.10887403102371744,0.5749606758738972
-0.6232824098248965,-0.9461090758458399,-0.31542435797733354,-0.9393770435121324,-1.0264383949326454,-1.8670074482207808,0.6554218070170222,-0.05273921119980509,-2.1768308417180857,-0.17544894246022322,0.332882388691392,-0.09583910565564606,-0.5417894978613025
-0.04025721299306803,-0.2314408594941617,0.8562811626253338,-0.3261960959895645,-0.8711293673223637,-1.3095899394260615,1.4177140811524203,0.31715473067933797,-3.083246375945292,-0.1293236868005866,-2.302229259071433,0.10497169247931909,-0.05420215947631127
-0.5954544405945731,-0.07297928768054916,-0.8337814412943814,-0.6456056703054088,-1.0883164463256896,-1.7639921175539754,0.8022939396158069,-0.3265015025372204,-2.398218487332083,-0.11507364523415974,-1.0012026645750225,-0.244960383815277,0.6048398946559368
-0.28711334817939344,-3.9736407091985972,-0.9451748799294647,-1.1999074330729331,-0.2899545163050708,-1.712718274474351,1.9212764786758154,-1.8053715970362012,2.3923398142266605,0.724085661265999,0.2244834660956015,0.05925976158947585,-1.6054946143325006
0.43868287863132216,0.14716300255554315,0.1207615868372118,-0.21161971860953296,0.16223725342812648,-0.7591196503875673,-0.3959579947474412,0.4835715176885586,1.0037745560555615,-0.053171657634666206,-0.08575273538318776,0.061271100941812616,0.05473540349889335
0.7507228485401719,0.6024657961437737,-0.13780429291228447,0.22077503959984623,-0.04887409376575502,1.66016986619901,2.9426881095477277,0.32036919364175354,-1.3875251413356622,0.4666275181463505,1.8222818474206397,0.08260423413684798,1.0474783087444182
0.6442478266394593,-2.9603694564342087,-0.594257935701559,-0.27127782078873786,0.47201199989972853,-1.2341192151168872,2.986436003143382,-1.4649765965834056,4.075296881116618,-0.052006398978280875,1.0928925323838157,0.2139891289319429,-0.20991340257641322
-1.246987268950842,-2.3178795879365253,-1.7894728210506337,-1.8002037483515838,-0.9201957494424035,-0.04378874785603135,1.9058366420678796,-2.7573344419979384,-1.2144597018825718,0.4363666799385101,0.5752898626691767,-0.005503220930695564,-0.34652012216858563
-0.7544138508233137,-4.368437132444233,-1.8636228083757058,-1.3944734691135166,-1.8362722774491536,-2.6019832849202458,1.6807902366605905,-2.888375570606441,2.815434142566389,-0.4895125361314665,0.3424363392617346,-0.12347996754623534,-2.5424232157697486
-0.14587068717021281,-2.0105437969299964,-0.7771080022654494,-0.4571806173484463,-0.3424694023428796,-2.33225124207584,1.5387702351917196,-0.7652044097970552,2.5078145065758792,0.7298359210890097,0.6906841794854135,0.05663209225749596,0.2750742996002858
0.6654654253864041,-2.6223334551333553,-0.38269966255304316,-0.35813326258574507,-0.0314600057429116,-1.8014024297106603,2.841372469322911,-1.2961825436136372,3.8303033338383674,0.4651315952521852,2.050685998927931,0.23421410199733345,-0.2532141552001446
0.3278230116722018,0.7506905067781915,-0.30429337988995636,0.3764285979788595,0.22728940137312748,-0.7077337455219175,0.569313492197414,0.21857445117745858,-0.892546695085863,0.6340055631718136,1.7774368604379962,0.019744162341295217,1.4345991874281834
0.1985698232696288,-1.2216793701888269,-0.8439197810333119,-0.015192506754150006,-0.6053172963291097,-0.2873744488015977,-2.1589629874053773,-1.157793546873403,0.5205863864657779,-0.07291769163553703,-1.9506727222505849,-0.17633944109819522,-1.1529604427265518
1.0494401356174299,1.7503146861286631,0.4548954104629554,0.4799394649981212,0.1839306962070986,0.35190515334873135,1.0739099452608367,0.9801657330156822,3.2325828096130866,0.654275195733385,2.7110906238051964,-0.03622209593498455,2.163112139264639
-0.5829180997624321,0.7720254446394068,0.45103394612230147,0.30397823864024964,0.07499476719440694,-1.0072759940094933,0.6794767226304651,0.011031357111900848,-2.175176708797356,0.21225863931597108,2.91428289074606,-0.08474388193494332,1.745129782250539
-2.1497187792882326,-6.036655417161269,-3.2083150418247617,-2.3642793704289944,-1.0086500575610746,-3.4672879666793675,1.7845284612414736,-5.228501198233832,2.3854545767605306,-0.5424264192457,-1.0982894269366645,-0.016808479213052244,-3.921536850607436
0.7201450493072884,-3.624804683643807,-0.6226418981768398,-0.905562134743151,-0.04542700331929764,-1.4295533703473238,3.587627876707766,-1.6021650417806166,3.2192148800432263,1.1245160200948725,1.3678460911092243,0.10818875809303596,-1.8341698301211007
-0.624215853428468,-4.629713851569426,-1.7759921585168272,-1.472297240720751,-0.7510547030085903,-2.235048698588507,2.164890588109588,-2.826213652250461,2.9480733548177205,-0.4098515067891114,0.12527221308620126,-0.01095921024473171,-2.6478708917833864
0.4239509068944284,0.7821344402851539,-0.2327568493012545,0.2696643455096314,-0.28386056132278303,-0.7248436556464163,0.8389672981678611,0.16145879364546598,2.3517282837368034,0.24720419516295408,1.1196025905706406,0.05442829503263868,1.544526290035962
-0.03856336515577925,-0.3453598371198557,-0.6297503955301366,-0.4253116215993133,-0.06326920084487128,-1.244836851047714,-0.37661240283774944,-0.14948038563947194,-1.2560272290222607,-0.2489503003209312,0.18085391773428355,-0.21262415454735878,-0.1411485512824988
0.29549478803890655,1.0545104456918002,-0.11929005503550999,0.14886733262540983,-0.01967561481468795,-0.5670449579346718,2.24985811005838,0.26178183490332835,-0.5142020885012528,0.7585942769355866,1.8647313521065132,0.056639923320358734,1.4021195893036205
-0.08723597716203772,1.0613497036920547,1.0900729340726196,-0.11187409318673108,0.04966311025717809,0.6692558348067623,1.5068927868621216,0.08830978686352157,0.24569097424727968,0.5185088918479676,2.1610990991559813,-0.08155646418997388,0.37639369221973334
0.24146417878309462,-1.859788812501874,-0.20067563787697715,-1.04507551796605,-0.41119769236435083,-1.7671436473185242,2.3133277015430695,-0.7923166924290771,-0.0806993446186081,1.2271228630988236,1.0398203740196508,-0.014535913668935078,-0.8714805297473341
-0.5451532964011294,-0.642881623711825,-1.201118957115751,-0.29328747884473877,-0.141315228143293,0.10596921302300565,-0.8661741452731399,-0.5593531824539725,-1.9512049766473423,-0.31836145856314246,-0.5453703152295204,-0.014442075144809993,-1.50650519606127
0.010941116958856544,0.9833086532538032,1.145326439255797,-0.09794247427774175,0.05326882772923757,0.47793952991953137,1.649028233209004,0.22354196738762155,0.09773755190635308,0.6223989090809805,1.9389437020813216,-0.003430438255373838,0.21329432061666412
-0.052437588647525374,-0.03771834244576479,-0.46531316678841705,-0.34098630111586936,-0.33462565011525935,-1.5179331706298722,1.9097012704354708,-0.41490823661598075,-1.2599111016164535,0.15488497371397295,1.0720665024583125,-0.268324896064975,0.9954878581136776
-0.08892822452316368,0.45523794947386115,-0.29382379014213156,0.12168909760411929,-0.1349652655497711,-1.1568415750008234,0.22561190964861055,0.1953363761639533,-0.9427544406069336,0.023629815056661355,1.0801112849179964,-0.1822577685593731,0.1320913751370325
-0.057966579345520595,0.0002988510309821255,-0.219173511775314,0.0916093120152234,-0.511194341985457,0.5554746648119503,0.43825257017639374,0.1438417447927511,-1.315643361157013,-0.2043666080994687,-0.18675952163214482,-0.18718260208118917,-0.3026069441805076
-0.274739833611788,-0.9058555655966567,-0.6140918051571743,0.14318082315019437,-0.8869409472821278,0.06510211983423991,0.3678937248339773,-0.04437052622644437,-1.5926877952173042,-0.3484016463631349,-1.3873206641499163,-0.23008042657101116,-0.5535924818062793
