TEMP,PR,PET,RH,WS,GHI,SM,ST,DEM,SLP,Pre_NDVI,PV_Area,AI
0.21605161437324974,-0.2480109821772204,-0.2331057983158259,-1.5110259093812466,-0.6946260016160601,-6.091713568118092,-0.47846407169786587,-0.33618521721128175,-0.5345957111430146,-0.03808477856141199,0.11481161147149083,0.07609767445052652,-0.8946661238913012
0.5561958398638915,-0.24770390529237277,0.43760619958862645,0.11857943378802796,0.028949788969217086,0.5772807040738148,0.1241485398542136,0.5402724335901438,0.7487687085392989,-0.06373102441481839,0.2238255061405815,0.03043135500564746,0.27589281318036635
-0.09384833356650131,0.20302181299465388,-0.08598864557066312,-0.5411483529975845,0.4835404237928903,-4.804193921646932,-0.09126656756063718,0.09429403308209863,-1.1469978792416966,0.17796686295833852,0.09200579898949302,0.11681605020951895,-0.9690292446312703
-0.4536607536313952,-0.20802760199229745,-1.5914798545113038,-1.3450991187048045,-0.9636348684271798,-5.373886897575316,-0.6598824079073448,-0.6870798679764591,-1.979544379086648,-0.5728579218256185,-0.04221972795436158,-0.695076271059095,-1.7475972323176556
0.13320648216875283,-0.5698568231977214,-0.3568362869306777,-1.029423551133368,-0.592825672630376,-7.963109674705452,-0.23533755745221333,-0.36809581566834804,-0.28188161340257545,-0.2486364776576454,-0.48212578198975997,0.029745966351021867,-1.439172722377245
0.2043263119130603,-0.37940984240836567,-0.03265223544867087,-1.3550568041774544,-0.7093719859317773,-5.890395198385232,-0.4648964312708834,-0.2151229316094477,-1.4749202560682575,0.02371828128221552,-0.020593080507177428,-0.04474892099801864,-1.942100366900365
0.22138961820733832,-0.3164423158821752,-0.025851311017759185,-1.8117448452016756,-0.8316017019422726,-6.055813169073208,-0.4493563461515846,-0.46449641038974104,-1.5110992515058674,-0.021889882810258596,0.020578380377135455,0.05216892793515901,-1.881702766351971
0.20999919759575272,-0.46456658287542957,-0.3647399235982449,-1.3532490093592144,-0.8041558738743577,-6.546773068156197,-0.5180776142282412,-0.8382521626555051,-1.580446329927331,-0.1230835623984846,-0.17056936790416438,0.019525882561380666,-2.2914583252618717
0.3368719319605993,-0.24590153682925228,0.1844418671944489,-0.08902107093121028,0.021712483853722573,0.9429661873671122,0.16516338365074865,0.182502197796841,0.8526815018844274,-0.05175559836918383,0.2518190779212293,0.04478991088198701,0.2619256061843286
0.5542344413045794,-0.49788908406936877,-0.06499601422757312,0.25089905250662314,0.1509415941017991,0.7300644448399548,0.06561011120263069,0.12364029334004346,0.6210460081210153,-0.128862677782567,0.24675531378585014,0.0381766610204552,0.1680174554887021
0.3268036157130781,-0.7142064735111008,-0.07417164198717928,0.3673141419393423,0.037162699820344446,0.5209971378469423,-0.23878576306884902,0.01284405702621568,0.28945448841822013,-0.17490530764994525,-0.098539242322505,0.025585595146338996,0.012226610033151989
0.18810631716753248,-0.5138276506144192,-0.17065119518381028,0.38198150399218617,-0.0023894815612584366,0.698311021382817,-0.08024086678969772,-0.027881310066570415,0.3882859836570506,-0.182518273448287,-0.24458639886540665,0.026793109682233376,0.1831297019969982
0.4425399665974288,0.8952158092074873,-0.9853934348241375,0.2948083400816864,-0.16570419838367437,-0.7169216716889707,-0.12155122878780172,-0.037374902284807617,-0.22946492234361346,0.0552601066309337,0.12373675997679433,0.0768589369911287,0.06113484483328641
0.8347636177592599,0.7718903736614933,0.3473897289308823,-0.11663449164117805,0.28287746759726556,-2.6318724459223453,0.13223915459821003,1.4737019032317522,-0.8165656508295801,0.7077621508081857,0.2442736062539431,0.15290841322547447,-0.2196144784917125
0.597310444834487,-0.42713485331998935,-0.17063770920283988,-0.13403422465599657,0.254972770382495,-2.1427958419445594,0.21630755013268854,0.178577277478762,-0.4752412877110246,0.35929267721431735,0.26518682606130217,0.06188970337311423,0.41023820134953387
0.7100841660267262,0.43476074266764836,0.3891776416551633,-0.029625823873405534,0.03950997849408942,0.5576818286958669,-0.17606159790522533,0.062109016445206784,0.5625475323922002,-0.05575895993245969,0.21069018214242533,0.020449586431754613,0.15701437408777166
0.5031506470065668,0.30706805709063895,0.1766324942018319,-0.007225911929013427,0.06426680936892004,0.48912589760975816,0.021075340652217438,0.16734804470971634,0.8752615740740053,-0.07071732547936138,0.17695137721641602,0.03652473371372463,0.19764661506646208
0.4648683146118291,-0.1842318499440119,-0.26622637641409214,0.26953049964556036,0.014372417458022708,0.2744351035480698,0.05447550493835778,0.18754709331525704,0.25193307566249534,-0.20105490441097776,0.027742284667781676,0.023811976026950572,0.1685540627302706
0.6529649349258075,0.1347682345430885,-0.31595979107750777,0.24588086534808914,0.049841487582048635,0.363375577660174,0.09461985605406675,-0.454843735191971,0.11781886443806193,-0.06873573623778712,0.24392746878425686,0.04254680570318455,0.06237881679087879
0.4159660336220015,-0.2019881588479296,-0.2771630715234722,0.48110094098736433,0.17605970366288826,0.8935304817903995,0.1901645865449164,0.12271903983679494,0.6151520034174124,-0.0641808525928192,0.27384615743636265,0.05366679168409774,0.3128821620360638
0.33090857505306814,-0.006640188248000303,-0.05475389725244089,0.45806361293885867,-0.05251798547183476,0.7708394302200112,-0.05686197419650854,0.11833228813561927,0.5254589834635974,-0.1354393164916999,0.15937655992547248,0.030552485006757793,0.10551400623180805
0.20313547586077935,-0.5049929166342026,-0.1514170252936634,0.5301007717296792,0.10868073187496824,0.2866885171579714,0.2789253234900793,-0.26851804225615017,0.43647451379155316,-0.10273400196469279,-0.05948332730654834,0.037799035124221954,0.16902154524797672
0.36824804300416475,0.16397911529056733,-0.22611946334726074,-0.17146925107938138,0.0078081215845628,0.4619868746348139,0.007846319234102124,0.07593712160441407,0.3591195492667612,-0.2224214139187501,0.5158462917628801,0.025889653337265697,0.05517362560507731
0.3196930023375899,-0.1237999179343589,-0.15366319323087935,-0.302689380203115,-0.022071235871925585,0.2619969837067441,0.04145193287042077,0.06821566923029926,0.31368047771871915,-0.23553521800579288,0.24275568350787383,-0.007433456106421888,0.08513590581068343
0.49025970529144,-0.3583343828761845,0.2092713351977161,0.14422492265261508,0.05857880590587028,0.17194082470985864,0.19237909605752468,-0.16455259206187398,0.43441827342121137,-0.00874603407250496,-0.2996517891007373,0.03107993292066058,0.03629658879815704
0.4654653986571875,0.12181176320002926,-0.47654552477825857,-0.36672022485769246,0.013043943183600174,0.21354577605767797,-0.007473914422508788,0.14924646824287877,0.556236806420299,-0.13376027406374413,0.13123068319478384,0.03714843714920187,0.044909560553108636
0.5705744529807837,-0.5066287151004912,0.00888620126087013,-0.13457857258928324,0.04930350279823576,0.25604977722900596,0.2748495182524331,0.08250266707838624,0.5712311500372986,-0.02914541051153916,0.1536114085134533,0.03775680674162371,0.03237236638527582
0.2927509646604044,-0.39230399128127225,0.2032683777597008,0.2575251371651474,0.1226708233377172,0.2749654417650566,0.1216760170635664,-0.13487314106262696,0.66566370558925,-0.05055899111062488,-0.6092600183592487,0.045970223488467146,0.604501327937469
0.37185521907690516,-0.12968934723900427,0.504160832060087,-0.161537457957812,0.0930461406384388,0.0923486700648857,0.2972573843096486,-0.04336075031043345,0.45179057193299127,-0.0017431865156526394,-0.09731933158201479,0.03410654326176469,0.5947004984997005
0.16178579042329333,-0.2164594884216786,0.4567293389488218,-0.15763052246429865,-0.017799527611479973,0.008201817347564692,0.3092645603281239,0.08621080808444986,0.3484678947723779,0.002224447783082765,-0.12740101406143767,0.020285369054569555,0.3998397971635374
0.5322374106012284,-0.28253089938985393,0.28750630259953647,-0.0658352454156718,0.008655457301841486,0.09777590181238743,0.3639785787799499,-0.012186226461910489,0.5412967786345527,-0.036763173685823124,-0.16433586371389938,0.02465915892894066,0.4208596593182949
0.2560045800161443,-0.17330936280932893,0.34542838796274733,0.037059569014236377,0.07913321375277732,0.2707673296953241,0.24410386148400398,-0.02189665671256882,0.4760402329938693,-0.040912033548164715,0.2057069234865615,0.03005872519842047,0.5065296981090474
0.7033123353620371,-0.06599608956939644,-0.09021314120903211,0.19468076252068078,0.04001716997060513,0.3894973399847126,-0.13094079700660785,-0.41391074661268956,0.347485980770499,-0.11069853813801367,-0.0020480312735566336,0.02231036950989313,0.14402681143385265
0.3960859609969582,-0.028015847077541494,0.11806636326739348,0.22191031069054984,0.06904468224590848,0.39906684489092903,-0.05547150823391146,-0.2067182156484988,0.15023142198100692,-0.1136829736409709,-0.07497781221832461,0.013223027805280433,0.15186045008789126
0.33783364410408667,-0.006395919163090495,0.01952255914401677,0.04386147122467979,0.13755151739447483,0.3806191629812951,0.055685074863334454,-0.24436757671853748,0.158276907051396,-0.08026194086764002,-0.04841861709331478,0.032481731848480834,0.1390557915810496
0.003306240741836127,-0.21393187820471612,-0.03551829612270618,-0.00845092557111957,0.06867883505545462,-0.11626281617312796,0.39602133420632313,-0.22336964478664523,-0.6448524001944398,-0.01067438881068179,-0.1663901719355231,0.03379224978840088,0.17743918659941613
0.11934499769316353,-0.2998860433085875,-0.16191190662716204,0.068174960266333,0.10622287288230531,-0.35530891472331444,0.34893799703568223,-0.2772853324381221,-0.5607859951418099,-0.012915458391523983,0.07310003621529573,0.008238657415947932,-0.022883302984345186
0.0781144598020343,-0.20983234529745662,-0.23446629005949948,-0.01948030184605165,0.048386423243468396,-0.23423987191196322,0.3753721977290439,-0.29482532293716845,-0.727486656208833,-0.03455856183323901,0.005416126639142458,0.036468367933735465,0.2437731056296938
0.23418304616003288,-0.30281584540304407,-0.4542971402292866,0.04160013168377593,0.013565614489553894,-0.3170801378370056,0.3842561530354174,-0.1859744629770931,-0.5872071803477593,-0.01322849813331329,0.01350631994609202,0.024048434513646896,0.16859622658644285
1.774280424956491,1.9671268601581042,1.897520546680057,2.014538905059712,1.470452630743384,1.262954975734723,1.140092317206371,1.2948597315833388,6.825881924149841,0.48374702408056103,0.95676865373169,0.10096212628426864,1.2812180455401536
1.400455431961455,2.1459934880584473,1.2828226526868012,1.6958051333757536,0.492569691088154,1.349243168586141,0.7925780019195131,1.2919331421273657,5.133998190568139,0.0774965795817684,0.8058490981668647,0.08137791294035383,1.0278800663957373
0.7096065071856396,1.1440321026716587,1.0316330997242278,1.409250372168608,0.2363345099395761,1.3360497716990196,0.39692837481386956,1.131525139119476,4.246416733302436,0.1789363054336152,0.36029013048081343,0.14593514621154313,0.44208575846704956
1.070025830457194,1.787392210909682,1.0496139409325806,1.425215948500102,0.9266862161291972,2.312116630307347,0.7346754371592155,0.7784508945479883,4.555075104045681,-0.048262561265534396,0.7013856292526337,0.059366200509636306,0.7612772016348835
1.5385645399894567,1.3645133709121084,1.187431309580182,1.8609598698492889,0.9385083571454095,2.533025298750339,0.8677573868580584,1.0912283681467594,5.392569901379238,0.06307788629498726,0.904521536377983,0.032707622953069664,0.7744562973226938
1.810749686514804,2.699545319504622,1.4253361467626462,1.911575825483952,1.4053268990743288,2.7438749275677314,0.9797275953238006,1.4783373135677536,5.764543432645345,0.21491194356724405,1.4163023192608835,0.0522641392931756,1.148559538210328
2.3122431102043226,1.9274480309634887,1.6135984966151105,1.9846908959446266,1.2687414218728532,3.2030631456653484,1.741996605387992,1.2456403050191382,6.558118531082549,0.24234669456310154,1.5967559466097085,0.1707228462475664,1.6463345033781496
0.45843643753065016,-0.5051302052771726,-0.6730000963491493,0.3850771876745341,0.12830653415268498,-0.15023274297321526,-0.15034892965832516,-0.05588161141068352,0.230647825368473,0.15007358109656094,0.37980502640336977,0.06882833834892763,0.07873282275680035
0.004188363664886976,-0.12346145643982004,-0.32029095082673137,0.341254956135785,0.3051089033432719,-0.43862597113811513,-0.2407427702135304,-0.025119191463519288,0.2614100275818621,0.06942215309814653,0.5503018730624009,0.051836126613327246,-0.11518689275615743
-0.2316110202196029,-0.6212401305499953,-1.0487093829673375,0.24955678463357295,-0.018283401696244254,-0.5790723149006306,-0.412587543238834,-0.2823123642799652,-0.3427486860436492,-0.13340084901816837,0.2992721832415556,0.04345395399322214,-0.25726061415263546
0.41664990228988835,-0.5876340841385536,-0.4584144416847267,0.5074868055156223,0.15166165953864238,-0.3827327521839957,-0.11314083359204233,0.4622034767215763,0.30538007476612816,0.12564796052873126,0.47212980450764824,0.03969121900348294,0.04549934619390929
0.3656609374825428,-0.446385771920452,-0.5792825614882815,0.5845119246189844,0.28296968872270856,-0.37838991650904075,-0.07534809964126908,0.09271566742326182,0.2920711005823169,0.2564587029618107,0.2726897289049684,0.04211338348246907,-0.09129726566872305
0.08521843487358027,-0.45040891180364667,-0.8122322859198579,0.22178289064839993,0.06430501206008367,-0.31037965558934966,-0.24872331016199004,0.005006046615825476,0.10724499111173731,0.0796694884732521,0.6363918420235214,0.01769245973037968,0.07909084693696859
0.6347499979848767,-0.15226938845861385,-0.5289818610421692,0.2292309691035189,0.1672314523112598,-0.41905834968848565,-0.16822507332777606,-0.1660052339058732,0.46773760660448016,0.27457491213843854,0.5002972583190746,0.06416600202326667,-0.06080475483865788
0.24481479530869446,-0.02527467013944666,-0.4430269549445559,0.0470889872060313,0.0853310925580768,-0.45657681634973024,-0.20188561430498442,0.42435108243927566,0.014572506955721284,0.288802551287097,0.5233898850755456,0.0382351003071138,-0.21487252001443669
-0.3696753499804374,-0.6700444676934016,-1.1202498613821485,0.16802492807538433,-0.04902679618202252,-0.4396550774240555,-0.4651163608340238,-0.12383907566286828,-0.6900997999238704,-0.13196613673651073,0.150541487576233,-0.185320061096831,-0.3133073644045119
0.5627565116342157,-0.38985717517841206,-0.7758865483868349,0.5209887124383303,0.3080285964112004,-0.31833355793186147,-0.25440938130253926,0.02519490818648283,0.19592076039045214,0.11155337792795367,0.4051663212062947,-0.029244193078742993,0.1682936901900555
0.12581109370195506,-0.3083186967961955,-0.5646139729908382,0.59818882396878,0.11577707465285335,-0.5196603190570993,-0.13589452260846477,0.39347793941114406,0.04358882717607135,0.17686899725671137,0.47945179225049084,-0.08477706110648196,0.005991455636621037
-0.2167579230695911,-0.6533545896708449,-0.9228106940610127,0.15575841867843543,-0.0029605382511444264,-0.46804281178512613,-0.4685612211047878,-0.22730514962394308,-0.6566050222253478,-0.08769871750374375,0.2291488858294259,-0.22388372720820682,-0.21278808268019928
0.2867479869295171,-0.4663074723743032,-0.863728627360154,0.6964969928450752,0.16975118370946593,-0.12884037566177237,-0.19704704489170888,-0.2641650658282581,0.2897904633063202,0.13689668244203648,0.6272210297694738,-0.0701952465081639,0.10584982451646482
0.30303700172575193,-0.1616896008808787,-0.5243506142191798,0.3698894168994028,0.11952486958923851,-0.49714500862704064,-0.19454130698706854,0.04586105133290398,0.002854099544799957,0.12458873389172373,0.3115170277326576,-0.05484141073875238,0.14198838501961697
-0.10851732556643481,-0.4857689648541983,-1.0513005404387759,0.10689883970500273,0.0220778552526867,-0.6130629751233694,-0.38350968445702976,-0.09176770928674764,-0.5983781613263353,-0.029931507677408993,0.2401652854002895,-0.007552168317035608,-0.2928342235927832
-0.27983380041680195,-0.5149384782828079,-1.1287440727518536,0.10077221354586079,-0.046177542602850355,-0.5129926285379204,-0.4148941661097989,-0.11281108776075091,-0.5714643689850344,-0.04053231312996811,0.17065796788962967,-0.032521595112824125,-0.250382478813796
-0.15744006927021678,-0.7218059817370441,-0.812759924992893,0.25321980412764894,-0.001299097859041926,-0.4595900863490535,-0.34888074631673394,-0.2637169911606342,-0.3992976480909986,0.017792155215671807,0.17169258305259666,-0.1919123160801569,-0.16046346579600745
-0.28031209177971395,-0.6619291132762252,-1.1134893507650119,0.149979268203994,-0.01898003450775926,-0.6219714469134083,-0.3803154679628398,-0.4352287671056627,-0.7325994526497864,-0.04894929772501611,0.1286147200907968,0.026677196803114714,-0.35032344586940284
-0.27314875712844594,-0.5907300502933018,-1.209515790838826,0.03359442428310608,-0.04641955579773319,-0.6279766641293344,-0.40148594177024083,-0.11033641651706096,-0.502128278684492,-0.060846044268821294,0.23578099455283447,-0.12227450177112292,-0.35425564334313897
-0.0009846929454296203,-0.6252076606480922,-0.8247391697871759,0.12213532468659746,-0.005749593812506646,-0.595307079401747,-0.3480330160842277,-0.27918879876508274,-0.3739063328768437,-0.004883641285252673,0.1987670974432129,-0.26841569313546637,-0.2465233811263331
-0.6216238030848197,-0.7916105593065733,-1.7408348155611502,0.08948270449227293,-0.11760907576548767,-0.8824868896357818,-0.47541353052482005,-0.5587638718552059,-1.4878422184955946,-0.003031726073628927,0.06963101999213293,-0.07747498586954961,-0.40082979466811397
-0.5275149871251131,-0.8044361804765907,-1.488620448673739,0.17371720485001185,-0.03082403125668258,-0.9544519169984331,-0.45066580001743417,-0.42448788288204625,-1.2165183202413996,0.05773909175251088,0.09031763468325772,-0.07614364674444202,-0.44716272533483203
-0.6708652252471073,-0.8666097866351871,-1.8744390756639449,0.029560908270197774,-0.13653507477888419,-0.9454752073297273,-0.4196733906011409,-0.3451179205243374,-1.4953358607374436,0.03161804274940445,0.06374545017722993,-0.17402342333717066,-0.39784322426136987
-1.2043723347670552,-0.9423847071481093,-1.896657533767608,-0.21588267998744012,-0.16776722659563856,-1.2529414011042617,-0.5639362119554746,-0.7791547092539258,-2.0435090753794385,-0.024542691105614533,-0.028200708226456064,-0.05939046806022008,-0.7869250841231811
-0.7376538667765759,-0.8121905009619272,-1.931955532106286,0.03876217103459772,-0.10042826980041968,-1.05612107580864,-0.5224869542713795,-0.5458318267540179,-1.6870505086242011,0.05088386707033756,0.03228685591007683,-0.1100757776904437,-0.49537451483787875
-0.9004784128764487,-1.0038426988336466,-1.7565965622394446,-0.08848438225984051,-0.13588542154705557,-1.1712675324809327,-0.5570378301401313,-0.5389429693162029,-1.617048244635161,0.042171045254088,0.08002296790299517,-0.17935048513631854,-0.5517422782883256
-0.800284421955908,-0.9971660438208426,-1.7592377890527457,-0.1322444516081467,-0.2569495107157207,-1.1499949289644913,-0.6101023728591907,-0.6193668952128955,-1.4217978912071945,-0.0205904944607109,-0.002106535973855227,-0.030655561002721574,-0.8356933471995097
-0.9218926708193289,-1.0584722556251411,-1.8421427416422458,-0.11546482619182726,-0.17161626852285633,-1.140282397164782,-0.443216936944777,-0.7441039555466786,-2.1354817827369295,0.031970242703230026,-0.01512209607365851,-0.06577711679558777,-0.6178580695098369
-1.004456649434934,-1.2089193800509546,-2.4468884088065375,-0.2092203935616029,-0.18244903547559962,-1.412734485570497,-0.49701609987222284,-0.7109457444933813,-1.7859016169007451,-0.016343151096565076,-0.09138080841098507,-0.1478703927002951,-0.6955522034606998
-0.9042892059950263,-1.2167490276127744,-1.9359202712090011,-0.13273665177144314,-0.22993819141760463,-1.2253374400608135,-0.7660526115055353,-0.6444605954723533,-1.8678262124280443,0.012181415635730133,-0.012109860453185406,-0.035385041197554895,-0.7550342495972289
-0.43703315510440394,-0.6703516178860122,-1.3336174769592213,0.14889522578295633,-0.017310224141045997,-1.0499154173683687,-0.2916409623728961,-0.40894403495204956,-1.0513501225290303,-0.015571043390858345,0.11952946733825634,-0.14461865253410203,-0.28460520219575197
-0.06264846496296941,-0.722952014442352,-1.0236019662441689,0.12448756159283225,-0.12141270656979433,-0.9422980846551301,-0.34774741136171444,-0.4019721076301196,-0.9369455449427995,0.04666886394934003,0.07228919572908327,0.05710108920970623,-0.35836748656583944
-0.6297622839905995,-0.8144027039964893,-1.4244721778969849,0.05352752492478537,-0.1383629617371803,-0.8750482246927758,-0.4525838005923044,-0.48056684237238684,-1.4823465903450008,0.07548553140717555,0.009673139540763133,-0.060155636693428466,-0.43182481618798596
-0.8914952609832915,-1.0163212938384258,-1.9260615278244946,-0.20618388375163907,-0.22149392160587017,-1.3189792148110508,-0.5153241971856913,-0.6170263691727693,-1.844648573775905,0.021967841050742763,0.0029434451005525184,-0.043154255597101995,-0.6164409733427844
-1.083966417282613,-1.082494113547857,-1.871950342409158,-0.1525323888879373,-0.2628152435505762,-1.5369550996125,-0.5548153285523099,-0.8370800286651747,-1.620720164536033,0.014889867623828117,-0.027566864117333285,-0.06642580327720171,-0.8669922091681248
0.55369209899981,-0.4913922254327271,0.12387788906900414,0.025856566579443227,-0.026197055996550818,0.0759779654823554,0.6251815131332519,-0.07303800083722714,-0.3020941443420531,-0.028712825609578156,-0.2588997662214873,0.03499733798930211,0.14169011525732156
-0.298933084928948,-0.6458587660148944,-1.0685847716739711,0.18803444629780838,-0.11346041917994937,-0.6380260621573931,-0.3773778250850996,-0.07833949258020662,-1.0784477446007077,0.041330985659733525,0.043981875879172655,-0.18208480438256325,-0.3281813710704189
-0.4303216967049389,-0.5231212373304233,-1.2396301458805745,0.13836516265408147,0.19424863344200682,-0.7754047114136888,-0.251920334184801,-0.014033411319445216,-0.9092696471553712,0.07799197677121915,0.13959663988686052,-0.16292750511706502,-0.18717117561784105
0.3369136844301184,-0.29485109832086076,0.0769534477519078,0.2474320548692615,0.09463660508083807,0.4646176844558473,0.19614937017620016,0.226090872505835,0.11796304239167105,-0.10976680461782964,-0.6246915049248166,0.03190629216557787,0.6192851600664047
0.7115799257684395,-0.01480567261292086,0.5459023199196801,-0.1190807883004244,0.019967644984006112,0.20785106963943686,0.4244235416023165,-0.021234680622195197,0.5002438251938051,0.010274794908861233,-0.30351831883036845,0.04038759612219611,0.5051570830931371
0.509891194335133,0.11957666345328707,0.6025909000301423,-0.1258587773643537,0.20365592012802758,0.16380824921885506,0.39544924753769817,0.22467816306510935,0.43827350291268274,-0.020022297345826206,-0.37888278900464584,0.014100480867911923,0.39798447307406204
0.39244169627186953,-0.3041818425152452,0.44874445987347944,0.405054453244019,0.07739653798829144,0.26230986526960304,0.11081034049689252,-0.07866130932350636,0.4219152809824382,-0.12274833846423355,-0.678873391330449,0.03273396704138982,0.6212514893387238
0.3209121142177739,-0.2546009663857209,0.33460813075407525,0.16589885973630264,0.0690191262867302,0.33002264020343614,0.11539907210170182,0.11509366584062154,0.4336729647061373,0.013946912810723775,-0.5631649764717763,0.03653533084292171,0.49683931498555467
0.151064803170868,-0.727426633823456,-0.3741746102393761,-0.06275274089382338,0.09498396462152922,-0.19145808211941684,-0.09558128182155391,-0.2792461130519707,-0.3961931044323783,-0.18168709682041984,-0.4935467894375325,0.016038119415235183,0.006366937374696156
1.1711902981075566,2.251267487840313,0.9495413185407718,2.000041610911075,0.9363916658253102,1.19439219707649,0.6613457990626599,1.0140001936976073,4.6816073400250415,0.11528626397665992,0.5122373152247426,0.07223555782292472,1.006052321349788
1.3526707966229878,2.2113592394901853,0.8935988396085384,1.7722126989703004,1.1406357907203757,1.8371310754006518,0.8993585738806154,0.9597705747730405,4.346046915290774,0.2016821678603688,0.4768118976910285,0.07174074959423798,0.9777053101547062
2.3482594194348594,0.8495694292949822,2.1426285183158083,0.8356382592032766,1.8226173234402405,1.6867518782170703,0.7497316005841517,0.7734955784846614,2.808209526595246,0.31027232906483626,1.1753314440702605,0.4122394121382643,1.0096604159981426
0.05966504730723976,1.4159447006777752,1.4244626316143616,2.872103869604825,0.9182015248150047,1.336533431504439,1.2055439161858523,0.5077108059549289,0.1538016058620996,0.37914335896519713,1.64819919597849,0.0732371902548603,0.9128998101572502
-0.3745847796095123,1.8082771412785061,1.7674160361279634,2.0857470734707184,1.3640368344386427,2.6061737568311707,0.9575212929100316,0.35345169502206975,1.058650262119352,0.8943645212641506,0.9525186949404367,0.2396976330661629,1.1308855911220117
-0.02048970916981094,1.170744582681606,-0.056784213601818574,-1.8670793231330913,0.7670629022283377,1.1062284922162589,0.32112567358546773,0.469104155717521,3.5806628898655384,0.38422002390984233,-0.5449756239359781,-0.2525823027490533,0.11696077341472513
0.6468352356635865,-0.20138716970829088,0.3891365020080573,-0.10279823006492934,1.0807102426534725,1.3342383663964246,-0.16429142496031193,0.29688111177490395,2.303920633308589,-0.5985498698834432,0.2116266459694857,0.059253540719962854,0.22323845408624038
0.7336745320761112,-0.35132409550611765,0.8587072875002759,-0.05217081653639772,0.7927103162000679,0.20556290500564497,-0.19650089949783356,0.01463576079630814,1.5111676426268077,-0.5857350531299338,-0.10995946588201648,0.06041680858211799,0.7025743223708641
0.4175776067748666,-0.10272183750342163,0.30733480222678455,-0.0545328920952873,0.11886929633561512,0.7347979044986682,0.3667780095486282,0.007693312169673592,0.19940419744208668,-0.07620366371754143,-0.8065210980345081,0.030210716820632453,0.8506805819045338
0.1841524839251199,-0.14050306954731542,0.478308291010714,0.06962697928305711,0.17766874952992018,0.7433665069792833,0.5582503215259769,0.2129454622748825,0.03608966858540143,-0.0057873038466398595,-0.7707375905776603,0.05182854766647022,0.7489923603253233
0.2762701893341727,-0.5478263604105451,-0.27140097615257325,-1.2085361447076624,-0.03255158350647743,-1.607686658497227,-0.08764728165516217,0.21230223235984635,-1.5994928678624436,0.038675244398052894,0.2868934154585523,-0.053318769486827934,0.5302649952241013
0.6188277309550902,-0.25500448774184203,0.5337527787323214,-0.045237237739945826,0.2051737208964511,0.35754642700259054,0.4963198715448378,0.7518547312775627,0.24823267128318566,-0.00040998972823008066,-0.5014426179499263,0.020635345246021928,0.5151457902915878
0.10174465998308733,-0.3090214040676236,-0.5185281001732478,-1.3983965737962474,-0.20495326816388923,-2.017664778499554,-0.16497862660222584,-0.06551224537607693,-1.8784396455739625,-0.04420731549099509,0.0022045195697702902,0.053921727751019465,0.13595423315393015
0.09133439458466865,-0.2715441483285071,-0.5053882304475539,-1.4452277063407628,-0.16773636207657142,-1.9937100586240801,-0.17079423963221613,-0.036741519949605866,-1.7646078452876668,-0.016991858255739033,0.023615948714626318,0.056135586873473,0.03234672897443585
0.9662328164610597,0.6061089852162532,-0.7909658323681084,-0.018003997881379314,0.04328075593854815,-1.1918829134528321,-0.11771103951717835,-0.7900184579214289,-0.23843421616306942,-0.11638613966164287,-0.3039162379583448,0.0027637748979032362,0.5085305263596173
0.02359938367425154,-0.4579220607819862,-0.5855433003922614,-1.518447279850952,-0.41945944339078983,-2.2187413186983513,-0.1753778239635803,0.034162149745970885,-2.001003484613935,-0.09621600057616085,-0.09091644911612899,0.01392238224002848,0.5984617786556998
0.6976140530911896,1.125159915283115,0.30755832287586393,0.6026139883935039,0.5449358248832223,-0.8077337654809364,0.3247156711046894,0.36180899006236955,-0.9548794019822446,0.23788835380743775,0.32867703284059346,0.044536190799748035,1.170821359591662
0.1020658066923109,-0.4295970081553484,0.03625395965943526,-0.30484375065735847,0.10121532608858418,-0.029612026836257424,-0.15908003951888527,-0.14968050323633683,-0.13657626736029574,-0.25934247131537014,-1.2057812437239206,0.031206548998339325,0.24100820364766853
0.0062469438996373755,-0.39335649479452217,-0.62348595598027,0.30139722741312436,0.05328132341874557,-0.3682354057728985,-0.250184179786334,-0.026602338377593363,-0.33824064746731897,0.022538957446554913,0.42493164585592846,0.05206476450626116,-0.08626237343867417
0.12001413704452325,-0.4885014453876971,-0.6256233026622795,0.09287003736141038,0.10576668088039798,-0.6297787980375708,-0.27388405790940556,-0.09878612901588586,0.11830783416698162,-0.18404382437053665,0.34228305771481243,0.049898410639466956,-0.08494752701811692
-0.6910093231289645,-0.2959189538398965,-1.9816538142559068,0.1399071475029147,-0.1301792167279766,-1.2837703070838726,-0.6498026039691951,-0.7110102754677388,-1.1190532540498923,0.06155068995081825,-0.0019160334310598243,-0.20735908277798445,-0.24974489105632536
0.36381743583957554,-0.013532409168676422,-0.32786133304755727,-0.9766659459262156,-0.1460813236461641,-2.0343625531229197,-0.18058776852390224,0.14858131547665435,-1.4963763880320928,-0.06788480853222104,0.08642381033472098,0.007190012911645088,0.3895714727967667
-0.6254984463368439,-0.45473453074279746,-2.1387670777409546,0.07334639962258113,-0.2525792969631342,-1.319074229518107,-0.5667271878927324,-0.7626931978427135,-1.2189180450199637,-0.10264573062149188,-0.1359924837627396,0.04540444003586237,-0.26993540234824953
-0.8771371025408412,-1.057076634939262,-1.0610162363679976,-0.037217774869899994,-0.25948548629039175,-0.8106658522997169,-0.20677466293266558,-0.515217586255684,-1.587487895391079,-0.02881698802993117,-0.12322014805860812,0.029121156061171674,-0.5577922784480163
0.3090857046754617,-0.5105009428083173,-0.5674747946017629,0.3614964863911478,0.15775939628274904,-0.5947602449274078,-0.1845893589763566,-0.030103324055801073,0.7087024592683236,0.07878921667294997,0.440656618903805,-0.06919555842785889,-0.0210302724336119
0.725011299010625,1.3407735979203912,0.804432146174885,1.1758765826407929,0.4998832676365661,1.2465625559926652,0.4008191300431885,0.7489208741562388,4.145119877080432,-0.021879776345514093,0.4242400776297372,-0.08190519912220103,0.3095276631598568
0.234969615647828,-0.3406666430820607,-0.5244078596676182,-1.713437567374462,-0.01106239104022584,-1.857306879017398,-0.16507978071174068,0.0503896059765894,-1.6663516379220207,0.01349681982123807,0.08738312821680064,0.05598240220091403,0.44391051319893443
-0.6749892425597904,-0.8133445644583037,-1.5406597699929907,0.34084599340800203,-0.01132139207847002,-0.8934597955889895,-0.5093616683640154,-0.48185050978894445,-1.5349872521595616,0.07279418154309197,0.1548762137013385,-0.07934044132371322,-0.2748392062066382
-0.8105960434064683,-0.6818695346150911,-1.7411991062555976,-0.10707150810372286,0.019817333556970396,-0.9791887425341541,-0.4333789680510139,-0.541176650243449,-1.4099653104734085,0.014398891719627327,0.038455029008134,-0.129665167580695,-0.40348915886185655
-0.46025945304375543,-0.7993283213134337,-1.4464818287323902,0.1312014992907644,-0.004806999386443433,-0.8718826282756509,-0.435231377444644,-0.3231575002680379,-1.2781759695698403,0.1543802966676757,0.08079918674684854,0.06938292248252159,-0.26184358551555026
-0.3606184686376299,-0.7655546282632794,-1.209675936668387,0.25946648783153964,-0.0712334497263914,-0.7979249220864665,-0.45451149419558035,-0.2111223816461603,-1.0216909392853268,0.004868326953017258,0.18411466577465438,-0.03915754169089872,-0.3402868008291504
-0.3268360737402044,-0.5772893211756471,-1.3191904201147713,0.24058535369475267,-0.00988630002687893,-0.7189178778099206,-0.20379354543595884,-0.03371427730864127,-1.0073018398949514,0.11869411888506473,0.2301738356031839,-0.12188745353978857,-0.22896821977661197
-0.31281145282390455,-0.5841811717066188,-0.9214263293532553,0.2608682102730705,0.11072782111341231,-0.7731044541005394,-0.32066703758564663,0.03816882445321732,-0.8930654726161933,0.003468990635333749,0.2682538153806754,-0.011295275978821576,-0.2890784949645038
-0.29025529602956435,-0.7402739210463672,-1.2247645970404202,0.08577575005927225,-0.12075514187001524,-0.9295536392866376,-0.4810149808275875,-0.3340745499944832,-0.8488571229023122,0.008776752972044059,0.15155435534359038,0.04114541143495851,-0.3928719261451625
-0.3731962193142519,-0.7858966188073263,-1.1408826585834486,0.05309756200682992,-0.1744260339727366,-0.9109455014593227,-0.44447616652068167,-0.523389641580741,-1.0018118035268142,-0.01672290081520465,0.036218909586960855,0.04402586239687583,-0.3637744407450211
-0.21900744761469665,-0.7770676472984875,-1.1246937857303094,0.08436249214198648,-0.126432447023043,-0.8291398667295775,-0.3617680562115534,-0.33567266615107655,-0.837163709021277,-0.007116755234439757,0.12625304139426183,0.02338973410906166,-0.378299414749102
-0.3024195638956735,-0.7038707502054363,-1.0628070428990761,0.036207138605208855,-0.014625884672083561,-0.7582483203335304,-0.32612607419684836,-0.4343034526147272,-0.910990495788606,0.03303146735254103,0.1960976240923628,0.052712743185952086,-0.3029648754771268
-0.3208164708880292,-0.7232482136954785,-1.1558176448516315,0.04895364734583482,-0.08549430366967704,-0.6587393513605152,-0.3935505904838079,-0.26482437608588966,-0.7801905330211026,0.031120156522503897,0.13876814016360894,0.028424598033436468,-0.25115968703292313
-0.34550802639349265,-0.8027523316968129,-1.1017287286484816,0.05933323240243936,-0.2002548472036142,-0.8726139039424663,-0.4579910960383456,-0.4554778075013826,-0.8797918132325222,-0.04410672100454885,0.009588777002257572,-0.0392011157701361,-0.4510303055515721
-0.37526766187640737,-0.826509590285261,-1.0471692202811953,0.0010510959246958957,-0.10275991676401147,-0.9348689772183489,-0.3489950152190351,-0.4413859734302646,-1.0929376913429587,-0.06730852756416426,0.07708484952751962,0.0032840921615975033,-0.47068575022095405
-0.05720926650773937,-0.728948732629134,-0.9437598768523375,0.053388446050489174,-0.14812375090266064,-0.7550568358325918,-0.55133057411178,-0.31868367075402715,-0.4992832877572315,-0.01262593411730555,0.0338869888057363,-0.13969310214232084,-0.3757288621876957
0.03093946547402689,-0.2728141699819308,0.31453762833572285,-0.11226853854436841,0.029617787252128627,-0.20747238866467443,0.2129624044028525,0.005604336868661192,0.29105064570800293,-0.12245542542362164,-0.8540247803934229,0.02208382978233403,0.2729820613738978
0.5454165537681225,0.17764835517801753,0.5603554082478189,-0.0005947068121491138,0.3066184825056957,0.4447903266735376,0.8034173229440217,0.48136356809745645,0.6343761054053902,0.06719369450894476,-0.38993403421740785,0.0832778927567414,1.6899575386188617
0.5156746622617355,-0.06658510996623798,0.7631812414526937,-0.15776222850351287,0.10356014528363523,0.20929556993250223,0.43090283486112546,-0.056038228100579505,0.6747963928097547,-0.03950618194312675,-0.419875594043535,0.03719335393773181,0.6265921072734312
1.606585124213404,2.3030863534765214,1.1649962434307157,1.8626348349027753,1.0180089915264396,2.138373882792011,0.9814260194445446,1.134391519064084,5.759826851812604,0.14970484851756016,0.699403560499195,-0.2487489921483212,0.9188132254963016
1.7359988336984282,2.1734809443463257,1.2484420993965533,1.9039360797367726,1.2460700541351821,1.931536222458817,1.0202370642725793,0.9888799663120879,6.69482471617676,0.17874138219437252,0.814475435325876,0.16497867956550596,1.244252441097051
1.2992527090271728,2.380980642497695,1.4894468744642404,1.8430727406141036,0.9856961293596154,1.968550581882138,1.0290111359612393,1.2160335890009693,5.2937402558119775,0.2746138185650734,0.5741786620284742,-0.1914947426394146,1.0051846996332623
1.960677000496847,1.66851153246748,0.8790015239806641,-0.5808121171823911,1.9395577269016455,1.7231671789379066,0.7497211850212062,0.9713434240247845,4.464649206339899,0.44826184664180324,0.9291168007911703,-0.006046005697506857,0.6946834291641911
-1.335315022005752,0.08813866317272188,-0.01909636878434357,0.8005688307193728,-0.3476145074009481,0.09002065833244072,-0.9184978981194502,-1.1640721161702339,-0.6987070577488179,-0.03941660206299275,-0.34325042629640334,0.07538335633619374,-1.3671989766575605
-1.28423555499874,0.15353572231872625,0.027489379942417253,1.363786775273167,0.11868990967050201,-0.21273288649920785,-0.5580942355437823,-1.1772765382260295,-0.9741679219259984,-0.08604286898807113,0.1251807295055025,-0.4527432545015796,-0.5217370531971878
-0.3980727676384979,0.8596423909150892,1.381775426904464,1.9792317156064227,0.9535369583232226,0.686232210519827,1.0966618717772265,0.1313923175467385,0.17163513550534837,0.015584269328456813,1.9473983281229934,0.046881591960943006,0.7178996488296738
0.18781172595116194,-0.5772178433786354,-0.41878948944180994,-1.1972770537751625,-0.15689518310103778,-2.2250618186479234,0.08640602089205954,-0.02066146121386232,-1.2554803967913097,0.02610102414515694,-0.0412711872739924,-0.09077980700414624,0.28213629518946015
1.4093986363628774,0.7809391773728807,-0.6317702656434591,-0.2688147485144954,0.23232911832397798,-1.447843310941761,0.03893172184962576,-0.4810738887736161,0.2229228778050229,0.06256170143192216,0.5633314682747651,0.029398547233754995,0.7215010786674811
1.1991409288987047,0.7980556687333672,-0.9367815763195461,-0.16729241137651518,0.19025331802122902,-1.0875084351885342,0.023911374096448185,-0.20405119037462618,-0.37197198738201737,0.031733180589766895,0.6424515544228617,0.08178522996863138,0.6794692051020036
0.2418294576327833,2.335847682837759,1.874381283286493,0.8734260827760834,0.45781376866183965,2.0231006828271263,0.5207378892165919,1.3962429799806948,-0.9337930214097204,1.323830562588086,1.0200045000704836,0.3553148302772186,1.1866627369386458
-0.4220684838802037,1.513073643460197,0.7565819722450233,0.21152429314614793,0.5429881602310989,0.9879337155785307,0.42347227711101165,-0.06421388455330282,-1.3743066654944172,0.45551882291497237,0.26060146785574034,0.11655638788205873,0.7677780410005813
-0.5873767047835927,1.524408642543066,0.6744191249263369,0.3707492133656827,0.2971754782248496,1.3149186881433388,-0.045692960427970525,-0.2649222522280696,-1.648208772586659,0.483710933720706,0.056205848809687424,0.05069547728273184,0.23334053289533285
1.246321320763479,3.3904638037980637,1.4074901162636364,1.7794779861263104,2.031322732290977,1.530416984229297,0.6593967932778306,1.7895439134266538,1.9119224866438245,0.26611716360888515,0.6324507302878836,0.17400574183712403,1.7919819388259208
1.880066386141504,2.9226565310452135,2.8072440672614087,1.3748970150932047,2.8219260026281705,1.2256811794434257,0.55988109395503,1.4194562928507926,0.8907665642309518,0.9377704245509165,0.23902501685182673,0.12255532332747755,0.8350420273788688
1.8829643091114445,3.104091827573978,2.206478247981156,1.0094477005447777,3.3210775733307103,0.996944908237395,0.8803923376039087,2.0825152901720463,1.8157214405905036,0.6628226236253973,0.17208646470525604,0.3211655984663712,2.0487536518881093
1.9413032966574084,2.7092183954284215,2.283273795221208,1.0291497831990837,2.592665002960712,1.2166321843241652,0.6791671695769763,1.703196522565558,0.853275800352114,0.6663633396934407,0.36394335932926164,0.13813922343361704,0.9959885055385532
1.7173817758412206,3.4119055951738524,1.7286392056859203,1.0946811955918871,2.8510921816879673,0.5578488182736974,0.6691130850650371,1.9492449663248332,0.8723236265261141,0.8286945222452697,0.16086981376206191,0.12965573761560434,0.6099838201852981
1.5830160322919904,3.0781499949759907,1.7580854413829123,0.6879398699404877,2.6034418243645803,1.2947827752482974,0.40833239092905477,1.088281499041348,0.480239891760672,0.5610071395911898,-0.06914248747026737,0.060626384495343494,1.1961242519474273
2.109782916183273,2.453763843614401,1.3179399584202716,0.8938163617336087,1.7155478477985078,0.3077821127076944,0.43189982171273883,1.2893619806660963,1.5333456652114785,0.36231103645585866,0.4457216922473164,0.1541885371987396,0.6758972679047537
-0.32390912053175275,0.9328369296461135,0.23915150395904966,0.5046652995101694,-0.46399779409868636,0.12413149552083474,-0.5396588405966113,0.014030620825425178,0.42229752390748954,0.04754793614769973,-1.6680946064768873,-0.3993958149508884,-0.508932121395095
0.6745229299914921,1.2023874810048278,1.1269281537546263,0.6049705768247238,0.215433172415942,-0.37024433394428335,0.07979296347385059,1.0136160792130982,-0.6792919500141096,0.32386573053792955,0.027155157529955936,0.15038653571831262,-0.32581626188734336
0.31846278963144864,0.7498931161782498,1.1151721192221158,0.20913560635306772,-0.08412561658148968,-0.5504440028062609,-0.13650293951802364,0.7180617281132273,-0.8777207114138746,-0.0029666999652464923,-0.1822549829585477,-0.3364873578559815,-0.572528787622642
-0.04958926679954539,1.839467161945326,0.9750276525406582,0.7935096386654509,0.4551549744530992,0.47167165294936325,0.2654058019428822,0.9366958311593367,-1.8061096644805126,1.057564871723298,0.5023374164461469,0.156135000683005,0.2853023985742279
-0.11097951772674511,2.168418021837974,1.0934947700933035,0.878170312615629,0.3084917428349663,1.2275452691549436,0.3938011563755572,0.9065785427200093,-1.5239956062111175,0.8694469491588988,0.20986182814670934,0.10425320500507942,1.0325743526365194
-0.48342177069616593,-0.6652006654280963,-0.37272345245557115,0.6119599465979263,-1.053440612884135,-0.8120398367090256,-0.34385433809986954,-0.49609990417957306,-3.5619694000668836,0.3238974317344319,-0.8165691409697239,0.03262386552446203,-0.8428708428879165
-0.8007551364083257,-0.009764276753024511,-0.08368461460806426,0.48655994319150014,-0.8835912164267048,-1.0401779923939873,-0.6318471400594963,-0.2848525534145948,-2.8257505596739554,0.48587525438724266,-0.7368876411589897,0.11694933809081309,-0.9147705867720975
-1.8032996568295896,-0.30235988420641263,-1.7934672782968515,-0.4429664799798695,-1.352265895910354,-1.4327484481026316,-1.096200938418042,-1.0472451551646615,-3.541198948179889,-0.5390778129356397,-0.9270429432821568,-0.053062073902951395,-1.7910996689955287
-0.9056808182462635,0.8332971713629862,-0.09076711321973965,-1.276082059222325,-0.22765440879001592,0.229034456624132,-0.6030372274522152,-0.5316865278281171,-2.106825973576763,0.3191006155984683,-0.027158190669077948,0.0421412194300339,-0.17297405513831304
0.37174245478067974,0.5166211516653292,0.20288955661959737,0.5873443606081938,-0.6786519345742031,-0.8111864345500038,-0.03951395486766052,-0.09595541180784088,0.7470606560743828,0.06566155624472432,-0.2765378760378291,-0.03390179460531928,-0.6185620831092817
0.4906052386450272,0.5723795677149773,0.2527190857040438,0.5281512040211561,-0.5613412630821888,-0.4515948099604187,-0.11018194338798318,-0.014654800605753181,0.7446087526038497,0.10626392435360077,0.15775813188972979,0.10729316563242021,-0.8099120193748318
0.717452267447952,0.3826160262142204,-0.3026053579705251,0.4660105290098323,-0.5911149113503699,-1.0315383768420563,-0.0650254138062396,-0.2570485166134312,0.8881491628428921,0.0498283615252391,0.2060702470754687,-0.1656651404023999,-0.5684100206319839
0.6270331051930166,0.8680201220817656,0.17661408745321544,0.6303333893796016,-0.6751664535437398,-0.33092049166974113,-0.06298869281256998,-0.3051025783374078,0.911356336627052,0.06246777699717013,0.5237417042902153,0.08614537381877505,-0.5064474795381022
0.6816031019187841,0.38633386315221696,-0.15894392042472547,0.318008563446864,-0.40365652976091937,-0.9308625959788652,-0.2663965680532984,-0.23610202277751846,0.9763697116951353,0.03586343910195866,0.20396882109732042,0.0058636940829455515,-0.6678006774264698
0.44582598292217074,0.289011113051739,-0.32831547361462277,0.3784816936413862,-0.8001560241397887,-0.7625868032784718,-0.09191843556602387,-0.2623692756611853,1.236616600888471,0.13879829905978924,0.3022284887136063,0.0679670436594945,-0.5022906007747062
0.41915774061499783,0.326464138737,-0.24106694630916342,0.6673869459719087,-0.677939127358194,-0.5016890865675588,-0.09400258431081766,-0.33543996900940937,0.9382812364880616,0.007278213810123872,0.31333914319596556,0.07643543659709386,-0.49557818046486407
0.4015383377231449,-0.07991312967302885,-0.7983806305508024,0.27248601217443746,-1.176746389720744,0.9564112258498143,-0.17805970371830174,-0.722335161816122,0.17651184194229755,-0.044947810665600677,-0.29785459051749463,0.061477217856121875,-0.3388242109359191
0.8366553395218214,-0.2963478720153217,-0.5973173236617326,0.41987453075281045,-0.6714659536130625,1.0261027516616092,0.009024110840012608,-0.7295603770497514,0.5740308105309188,-0.07825496196539873,-0.054193510178204986,0.0001899006610943912,0.06448156646271754
1.0832428357887285,0.14629660708325307,0.19013521420355473,1.1298157322357616,-0.07690378763402489,1.5210483450082959,0.48713142278966376,0.28292502142075054,1.2017448286968282,0.0978952548073399,0.7168076315950344,0.06981852575541582,0.22226521015296596
0.8360770987209657,-0.09938840941137952,-0.39694706718618467,1.0510397631095512,-0.20317934684765845,1.7443900417174314,0.18927334392262216,0.10311868836663457,1.2174271204107852,0.49490327958250396,2.0244345019235164,0.11874769649675332,0.4263535931036394
1.000955839201601,-0.04398248409981753,-1.102898384396168,0.7603698818344209,-0.4676890270567188,1.3920468614602255,0.07417607349421211,-0.265292351735342,0.7327778295294328,0.17984408487358855,0.980227031747086,0.027656962055092184,0.03805546453300243
-0.26540062524637,0.35011999058770016,0.1071408162250495,0.33010340810649924,-0.4466906121026519,-0.6804262855224726,-0.38787025959851856,0.42243292342250566,-2.6459956425055857,0.29007331958014737,-0.3395870058704168,0.15860823239872446,-0.7152018393420926
-0.34961740986133627,-0.06060802548037222,0.535085511644914,0.34993541331754796,-0.5434602661297604,-1.0814809752982626,0.0031334174196754575,0.6359371483957187,-3.046583459742834,0.20435361875893754,-0.6961188582067067,0.07199430202082215,-0.9140080976341335
0.04010333694569352,0.6490540251648054,1.1805072602914228,1.2494145171261497,-0.645613383180203,-0.22315484575358122,-0.07564094194624991,1.0228614785928383,-1.026517789564613,0.3196429265932076,-0.27546473429279594,0.12866337545733486,-0.5372338897636575
-0.3069941322453735,1.7813728656123082,0.6192605662925377,0.5021297472715378,-0.06049255472659649,1.3448282173416293,0.06601693544019432,0.0676117981535694,-1.6683584136536553,0.9879877463745653,0.284740404685597,0.2741108027436876,0.28246586697538284
2.8684734676972345,3.5312133618387294,3.013872254030365,0.8425541923717699,4.148706736262215,1.9145994120236078,1.0295216206924267,1.3861226850613535,-0.5012530014425928,0.9974627109399685,-0.31297135777461027,0.327710398660921,1.5085019074101003
2.911597188482992,3.3018915487453344,2.7402047726920706,1.049258814953371,3.5084824870480222,0.7236672086765368,0.8599263146535184,1.4117065564910367,-0.8338443342730816,0.5020345336985257,-0.11358567639926623,0.07787765342328268,1.2060589238882276
0.8379097246533882,1.5074717609623134,0.864370081831908,0.32505858207819993,0.2793762675119152,0.14471017581307224,-0.07068338651960288,0.7324080685295888,-0.9857785060290349,0.11840981990280025,-0.37534908490410696,0.06111430526762783,-0.5823142762383858
1.2785898351658964,1.8782589059297203,0.5983189619829261,0.37251275514873355,0.4464786737601066,-0.0188838273623132,0.1724355516065325,0.8159393938933497,-0.4961416067265804,0.0518776026725147,0.027192244747032683,0.07574415214721947,-0.33305849933427667
0.9904052870461924,1.5461550718121648,0.9103878136336184,0.34753670812015314,0.6544163265203433,-0.19730502304724531,0.2868822753843333,0.2979009572033667,1.2862847581226382,0.15174222134674578,-0.028738326721617864,0.09139621862675987,-0.2241039984052381
0.7580014142176758,0.693172943632429,-0.1437356901965622,0.3374931101894212,-0.5444891608012322,-0.39698753334374903,-0.0443161850805497,-0.5106157563952729,0.6501477144901744,-0.1728935075085611,-0.13834881872895907,0.014893746926552678,-0.6919469372260694
1.0937556154927652,0.8907293972621362,-0.1485874541204731,0.40175986985766543,-0.04482169980493673,-0.7367910205898807,-0.11382010955932659,0.03935157007304927,1.6731749799283637,-0.15649135549656215,0.2086824850987696,0.03324770601880229,-0.34424865642459007
1.362656571963388,1.110561645848987,0.10542645011071299,0.482378907796875,0.4027327594590477,-0.41136341151108746,0.3589181366850003,0.040395432848276326,1.6865309021008825,0.38187170324588404,0.25631086281449034,0.10825188991872378,-0.09698769856709973
1.2755746539511403,0.9750969219523379,0.07842047099489712,0.565186494323425,0.2086812578084776,-0.5716421805262671,0.19474857222056008,0.052429672891481066,1.432475773334348,0.2200644110730435,0.15004667336612731,-0.060819808307310846,-0.21343278375687083
0.6527849489753136,0.6963719495991243,-0.27239683718731,0.5168060216892303,-0.3644427391208916,-1.0387152001856725,-0.14113188204122712,-0.35890946071620833,0.7611065634120152,0.08070211510536167,0.045383369954458054,0.01934717684130506,-0.7052325055965533
0.6147377429995687,0.3319253252381977,-0.4131146789549127,0.5569382930632369,-0.6465938902051294,-0.9600494164352616,-0.1356837012623954,-0.2295248128557191,1.1561889666867338,0.11601473159137352,0.3317733182768442,0.0879274686684625,-0.29389935391825733
0.9057354766443476,0.6273805007498919,-0.3850598000735045,0.8986252588209592,-0.35835448829586525,-0.6792480964493007,-0.08326703316169913,-0.14921489393752493,1.295230950478516,0.19803166647648654,0.510319831517732,0.09839862738684227,-0.33876260416090703
1.5910570946058984,2.2941439603574363,2.0751514206930164,0.20446399447766866,1.6684800486069993,1.5804610927206362,0.7727080140609499,1.45465140613779,0.056195557012947,0.41189637678623586,0.6726103498365003,0.17913122919595065,0.3121342196905363
0.7272611535120651,0.1994125800817791,0.3812334976593653,0.7073042211955827,0.10228168111191026,1.443539841036416,0.41741995726401615,0.3291791846649722,-0.9201150220733447,-0.0604567730778621,0.6171358144112554,0.008671504818937699,0.39319438892054465
0.42262875990114274,0.47623688690312627,-0.024306778600439467,-0.17839402434053933,0.12042339156950918,0.30088975586902555,-0.12725444500179348,0.4794219724417457,-2.424367335287647,0.12853061507921676,0.3038702926037109,-0.13717683030473476,0.09157051326500043
0.7605482246323176,1.3494507912802511,1.9233423128677534,1.7436636489345172,0.058582332112257114,0.3005369291312269,0.18041826271503744,1.136520087830981,-2.2137972010361646,0.5114276030949421,0.41569028477805364,0.11472834590305044,0.1727106840758481
1.2884104919180066,1.2627591343829405,-0.15791750764681234,0.945360362568042,-0.05808182673916825,0.12196800003500859,0.18817288130004373,-0.10342277472735288,1.8036751744316686,-0.04155576053230687,0.4360634947027495,0.08775025421650046,-0.0478554110642935
-0.4049000778763246,0.4379990979889409,0.8818430647574778,-3.20926315053366,0.6643110157378638,0.2046418154301742,-0.2584323456407421,-0.02489066210471928,-2.9703986911211793,-0.7769214401047466,-1.8515678410718424,0.07394815260492676,-0.7797220677659948
0.6864279214851559,1.1844075709819382,-0.11085186542891373,-0.18805995706934497,-0.4151333646967799,0.14191160297900868,0.09419809930854367,-0.5756625087983493,0.5995375426579268,-0.08620643207285963,0.13796022904105493,0.0520665194396861,-0.4541433422632206
2.1304609717605896,1.0550412850996425,-0.8938457267307158,1.1824339983369117,0.4112939427047966,1.0241545531709884,0.8330977909044466,-0.23757413122906434,1.974266486910378,0.17536716049847512,0.4685853994089282,0.10280146479684259,0.33468263218748473
1.786909155619538,1.0613634476438163,-1.065545812784694,0.8150705725860059,0.4955181740459782,1.2350378145650027,0.592547354542702,-0.19062151659797447,2.0564201629161842,0.32203881224462155,0.8744230310924145,0.12577040558732624,0.45452020238722785
1.8336613084256852,1.3778493774899594,-0.7310489923108575,0.9925258266066928,0.40586074989922855,1.3382349930680357,0.9265843083140334,0.0006276290213120076,2.5597921455009947,0.4073840220676114,1.0295964764071524,0.11829493983312399,0.4934170129181193
0.48246060733554075,1.2722712498090951,-0.055011887396944514,0.9684785061614173,-0.1723519968363042,1.76982066642493,0.33332976301355915,0.3695609293748727,-0.5633169749231699,-0.04725002960974562,0.6673924344162353,0.10037904799036278,-0.10634010441083877
0.3658488711776833,0.5520709674278945,-0.11037499846062732,0.3581861093112578,-0.21776363690125036,0.6149257513748795,-0.2349232297082845,0.40451211498739803,-2.3217422693362457,0.17572801214280628,0.4210573667884133,0.08478501820393528,-0.08759193433448674
0.11620539671663817,0.6734033338008967,-0.3982805934124109,0.7251611805702044,-0.2937148995632823,0.9339693569754145,-0.13511095590837716,0.1915996612468735,-2.0571912504096206,0.17357613284968665,0.486737076565106,0.09471762221461778,-0.4171390861896281
2.3549089513015415,2.802210229615577,2.4173024890349346,0.05330460284060501,2.9521003731040083,1.2927419089686336,1.0137023067846895,1.3821396861515112,-0.8622385198964426,0.7661375564823134,0.04872193077837869,0.2007503985784326,0.5320647875649027
1.4244447806599136,1.9180958350525341,0.1128527125281591,0.4963583642218468,-0.05389197459392682,0.6813058223427895,0.6429470550281821,-0.11990275803177308,0.7228793240612785,0.05293817550590666,0.46569935769825765,-0.2024948283375449,-0.21617746885063951
2.3367914171770425,1.7526141088593028,-1.196836039435584,-0.5234882696355797,-0.05686877289683455,0.8980547182329208,0.22889029789560794,0.19657093082632246,-1.303762898237134,-0.009663711235754997,0.41178636082215236,0.011559598943891136,-0.045307819677982634
4.911762702198078,3.2336757147664,0.27636764072502673,0.5759891329653976,1.6511788076327905,2.0068440399753547,1.712995730481214,0.9014859650516883,-0.18018187397004407,0.2399218296368298,0.8952556128204905,0.13766775490302155,0.6301359634587747
3.270538323858702,2.6062772577157656,-0.0025894954365988467,-0.13532381880717964,0.6225168426350381,1.0412371725211331,1.2082827758783892,0.9868064954964859,-0.27952385375767747,0.6890895738478543,1.1183645755052565,0.14362798209353875,0.8479821054456343
2.78870396693082,1.8665042133497383,-0.5675660031656217,-0.4368073520224748,0.035101560608535615,0.6517768882096021,0.563243323536331,1.1218605395147785,-0.3625485840049161,-0.021622627314387022,0.3776765561600526,0.10420372322667389,0.24816074629521204
3.1608445688263362,1.9392902428548164,-0.43826705334294186,0.391693963718911,0.32134138553558544,0.8222722217264687,1.0821926353548443,1.0743870562894475,-0.07435941194817931,0.3004445696234084,1.1413385243900125,0.0970795508329238,0.2867345350939367
2.279984510096773,1.5168474890987595,-1.2357134925605109,-0.9302328296975857,-0.08966081378308849,0.2142849034777222,0.3131074181506927,0.25150356497149917,-0.7736094439386699,-0.35923919200146986,0.5391734329905983,-0.06611065376653438,0.18790290152498831
5.035116581231771,3.603387135664622,3.541486671089919,1.296724688084279,4.4175204912684345,2.5733725556120692,1.686501337211424,1.7379198710920496,1.100242449482903,0.5182402546427007,1.001375824286499,0.16953052745640507,1.8267521209487074
1.6901982811646952,0.7762167875825737,-0.6182102053938435,1.8485175003095842,0.022662872161017738,1.9702050877442683,0.4781201446284025,0.13066750329039564,1.2968296658102836,0.30635369896552406,1.511517006531487,0.04794174003156101,0.20410213880784187
-0.276002462528284,-0.1674063435504731,-1.6215033314806515,0.1366807429153576,-0.9791251472996857,0.3918789848576609,-0.5415427651910837,-0.69581022375315,-0.3810600155568682,-0.004813223359847685,0.07574659316878146,0.10442036506254226,-0.5251094674608774
-0.07175509783801513,-0.35715296484607584,-1.7698030622857104,0.2553069724670301,-1.2503578939123283,0.3451937864736343,-0.3535657969122339,-0.5770859431791013,-0.8040844273080842,-0.15477694750737606,-0.6915121366093969,-0.1772454124006132,-1.1001181911511555
0.0722029492080522,0.04614549760163447,-1.5044078560194207,0.4395163884771883,-0.9958513324138605,0.4325410686587243,-0.43253981090267196,-0.7512668671539158,-1.1549969350401728,-0.1843155863684499,-0.5709508399481675,-0.4714082032148469,-0.935433885035907
1.3000070456112733,0.15958217774647182,-0.016752049490395562,0.9502427510653312,-0.1413534938049918,1.9455701580428932,0.45552441257078,0.2634703838804529,1.192506022431836,0.3629743333797282,1.3893500835743418,0.08090614085499606,0.442280161227617
1.2549270473125702,0.17269498211435144,-0.40895861165598046,1.1443017068368178,-0.3142504777208281,1.819338911349574,0.43411996361049293,-0.08761098691132946,1.1787933279573914,0.4512301209255949,0.24792985168311535,0.0868052016400421,0.599073729564746
1.0714902684454701,0.5533199101086295,-0.41905107576969197,0.9588630730464744,-0.17910995723860754,2.158160766727911,0.5387997013252852,0.030049804800655715,1.3479816903939676,0.6121302142304678,1.1704884617625633,0.09636703340388428,0.5975388970166546
1.4565492444182742,0.3065512096405856,-0.09993485113114348,0.8882416136248504,-0.013854129687469043,1.766840573817802,0.42188539588616947,0.48812323815370395,1.2125347728007991,0.35371988530891635,0.2684229843499552,0.10871206030055573,0.793072659606114
0.7639664626889862,0.5715964737125775,0.3192307696023232,1.5116466427774222,-0.4146851182718657,1.7401832643755346,0.3716993313181838,0.14058982035778997,1.0458879571595592,0.5325654667308037,2.416854698313141,0.09177175541692933,0.3338232042273095
1.203658466155434,0.4272543392118274,-0.29395338072312155,1.5593527997996555,-0.0656794664087809,1.9885075238124574,0.4218373435526156,0.15141940837286205,1.1733836221433662,0.4932370379561972,1.4319720851565296,0.11964308979998675,0.47402809868489104
0.8887052553928355,1.395545881663242,-0.6346438047305372,1.4267759742598154,0.007813171041715429,1.7695817494783033,0.3951720696462629,-0.17803027333407156,0.6233977082356188,0.446873880200502,1.2413582585728733,0.10672954630520594,0.5848337221078368
0.948962485665818,0.14544055438626347,-0.3946637536000668,1.3912021717977605,-0.15621843929402524,1.9751651011578117,0.7934420094996072,0.23749446888531858,0.8336639189029422,0.5257905459541105,2.0365984914164676,-0.07349138156329797,0.573422077859286
1.5111005850219064,0.8020127142981315,-0.19608203859301276,0.7494315918224553,-0.4580215371927866,1.9645375096792772,0.2635586061315715,0.04885988670504751,1.2938037350106362,0.48089754747977054,1.1848104667720483,0.09755432936673372,0.2645460703102354
0.8753383789972093,0.6725120892021288,-0.31370294272408095,0.8301640278196685,-0.022028063936158873,1.9581569634367613,0.1908749841360582,0.3325742872775947,0.7908525627993772,0.8080354155162869,2.0783773933133727,0.10485743990349071,0.5431075172366884
1.2437340120774587,0.7580901474412529,0.017172338712391433,1.356138589460299,-0.1080944127602398,1.9704640015936457,0.5083536418041007,-0.1015278148407945,1.2023368195271011,0.6973934058508733,1.686041297885175,0.034001004712966534,0.4009684642326705
0.14613881077643281,-0.3090735212384283,-1.8243391768926653,0.28605243890158216,-0.9870197800070876,0.958662216706305,-0.7561018662497453,-0.6795753784754521,-0.4507377349906082,-0.12834147877499677,-0.4022509739712244,-0.48137908105634974,-0.6267162611010201
0.7141459231013951,0.6127024172308546,-0.36910860985763266,0.9633674283725367,-0.5121686884141267,1.6951596156805238,0.3797842852138759,-0.0673570155484291,1.1135644154509323,0.11233791115228092,1.4686468505088452,0.04959731515238265,0.23774504178798642
0.7507367013286176,-0.08059908568186468,-1.0646405726528931,0.08405225601616423,-0.8697010226291604,0.825853333521065,-0.12356690515531232,-0.9640438853413799,1.218502043784182,-0.34113575382779043,0.1962315470647689,0.09022326878867011,-0.2800340606903451
0.6104646634445009,0.5344957665136705,0.36143526456991415,0.9235055812794923,-0.12311318986480023,2.0730325018565376,0.3357816759142507,0.38776231999120997,1.0304380193810598,0.8987344811065126,1.4203754645924909,0.09595877348820461,0.15635388665017674
0.8253827474830258,0.05715815720303605,-1.1993824594964584,0.1314498868385434,-0.8628049521598344,0.939495633871605,-0.011571934266895512,-1.023398513873625,1.0766050222296166,-0.27889050840037993,0.25356193461429544,0.09197951962757442,-0.25540564137097044
0.7935810551994168,0.45334456534435336,-0.1231411620185504,1.197597428267925,-0.43364240407840265,1.3988000059078654,0.29883688231361005,0.40467808862915255,1.0948534135851595,0.41650327632591744,0.7332518980703833,0.08244568972486169,0.03369625795218677
-0.13004393420182175,0.33201493507768554,-0.05279379195223247,1.0162335340805453,-0.49241334223757594,0.7646974813705312,0.0085111111345597,0.08626352457148545,-1.2457418757733991,-0.2679478670299673,0.5160247810836883,0.09564791338207827,-0.057404971115498075
0.13014552687139558,0.1635900623920478,-0.13115295683965086,0.7355397124247003,-0.42457647020773337,0.8080217152742097,-0.02663356526858276,0.0393219174462783,-0.8741741895918835,-0.19632385868993074,0.47957002999778425,-0.13576175766324416,-0.040140958128160716
-0.0398661935112129,0.18312335958807824,-0.2551953988336026,0.7913277700631363,-0.5296798350372245,0.8398820433312925,0.012841121063878148,0.0033598416169277672,-1.1890385150640375,-0.3045236168248165,0.4404503907703071,-0.007615262650005117,-0.2942696905167152
0.42981141316083576,0.24355739358243433,0.020078501596839944,0.8043704456711808,-0.061683814861656465,0.5628109863033104,0.06664305731395474,0.44396020252412804,-0.552219001519649,-0.16947132656195507,0.45847866000038473,0.09113270165864379,0.08044531348006181
0.17744641201066172,0.09316424781870508,-0.29517810355703733,0.5426368138846009,-0.2693695579464028,0.25162005298486406,-0.009601658812413594,-0.12994926692555758,-0.6284686625567782,-0.09445027168387447,-0.9106738959913816,0.08687468687279355,-0.034712270639008995
0.14556925175090626,0.21013002091035657,0.6380387353586654,0.5794465051663833,0.05699312952761024,0.6420302653897344,0.26042051909232716,0.4554898776693475,-1.34632676389741,0.22579612016677852,0.5953930587311171,0.0977897174558084,0.5694834056729452
-0.1142118976974032,0.5927625861132725,0.9058146780496461,0.8505322934009343,0.13338493284484776,0.46523193085488557,0.06506860404016669,0.7954776261247595,-1.2875401462348077,0.3092802817728888,0.573875757655284,0.13963808574455072,0.4800542626845547
-0.4158329553768916,-0.11759889218956235,0.18278407945827993,0.35891994802889204,-0.3550464801348021,0.2837109013992206,-0.22728532405867657,0.1082897847562304,-2.5048036703070276,-0.13657933443526016,0.14246851964413912,0.021117960273598604,-0.0887404116657045
0.4745740210782326,1.7598184164892885,1.650964342751023,1.5470992284337997,0.8175959214601769,1.6656099667027597,0.32841617809608575,1.1661586442188774,-0.8743381895520724,0.5504996033783796,1.097421076880354,0.1511757648666388,1.4696580199930926
0.28589634262956676,1.3360044780878038,1.4284478134366994,1.2914166982471942,0.018654766613617497,1.5192030870366011,0.12460722933005967,0.8885315787719772,-0.3749326566368754,0.1414565179781574,0.9584700842584586,0.12578672794418186,0.9951251062049733
1.3727704205503688,0.6458184019199367,-1.4562260744626268,-0.2622390428858084,0.08994938853610726,0.41076454218658115,0.13858049482469342,-0.027069856461085704,0.3060105000288848,0.016726079989069435,0.4538790180170649,0.04120898636109711,0.3811176092987362
2.132752252549528,0.6587392734652128,-0.7239532309170398,0.6532620058144026,0.3947004756309453,0.586771814663403,0.7925119801903039,0.039985717049178936,1.1260551772165732,0.16436596062913955,0.3619295274026487,0.05054132075437038,0.5235928931995297
2.4506567100029333,1.740409366333883,-0.2617108568174039,0.46224697959505856,0.570551465374366,1.0591042075421302,1.0641224518501096,0.21673985310157556,2.0956387159714676,0.4137722859027174,0.6393033803329389,0.039841318327105676,0.5929363915717436
1.885669317655783,1.1320677493631632,-0.7977410127012992,0.20022578200247762,0.2218523746922923,0.5766925895659046,0.7800331075860759,0.01468066958490651,1.0500772050643956,0.17996836995447268,0.15711963598047277,0.03392724125490823,0.4170996181133927
0.40735862026922404,0.2550781233831206,-1.7619744265320092,-0.5258266566647216,-0.29309572683362706,-2.37266461388596,-0.2226172709545225,-1.2078266113367864,-1.0423022650720342,0.0054567024598105125,-0.5792830006172879,0.012226940037993085,-0.11781997283791294
0.06422270310240696,-0.6354356356913275,-0.42761025547127546,-1.506693262160083,-0.43817766876477343,-2.1405438611753436,-0.07552730897001719,-0.14181289391824972,-1.668544385636018,-0.015677461644841538,-0.04730830706979357,0.0028414395076429475,0.25527522220185755
0.946998482845827,0.10604195336837112,-0.4004685775208701,1.0347910825474855,-0.19957896796908833,1.6840552103562128,0.3863245832250041,0.34807626311124007,1.0127227689010194,0.6426237483916339,1.8910350899858814,-0.06454472054365185,0.5402826430008284
1.284668726839203,0.6492783755715935,-0.8756744741449235,0.05853298840087119,0.2628475820575841,-1.077190054363002,0.06476591523917799,-0.6546340137637324,-0.031399458709121225,0.03460353736170678,0.349690060823535,0.04703649924227243,0.715985069255241
-0.047597942979773517,-0.4258351520999956,-0.613629407980738,-1.9942831928220892,-0.6225531143446763,-2.441123659136808,-0.5119568370480556,-0.41730191703445996,-1.874288147514582,-0.19720906664850194,-0.05331881950932761,-0.0164800636423752,0.16801232994288295
0.6024319999820245,0.16785264312858791,-0.06200226154307732,-0.825101975220152,0.03818665134720514,-2.0381820063106715,0.09106140556874583,0.011084148811383431,-0.9821547339830755,0.10696405379722512,0.2917923176291192,0.07446194577393017,0.281454539839437
0.43222830155502173,-0.30526700665579276,-0.19008207841491737,-0.8646568320590693,0.0490117192120913,-1.7679265357152973,0.24556830548060443,0.21951366189789648,-1.1609684935263873,0.4828977993270381,0.27671863448004125,0.04954305841406391,0.5495741330692545
0.7874979950666118,0.5088311134333102,-0.7101033118504305,-0.19746483835844428,9.961957888059302e-05,-1.301771269688227,-0.33766074735723023,0.06887590213963343,-0.7044802885706949,-0.08612258197636237,0.6490252556127962,-0.024379975523333975,0.3619838232865247
0.19134298967223407,-0.8718938434907856,-0.9533112927288231,-1.2233299531691915,-0.7544419450703489,-2.780902728924735,-0.2938349538335267,-0.23745089214139922,-1.6280425241806857,-0.1254309765487496,-0.3757006853837004,0.02783527294329054,-0.3017898911015233
0.6718445479572336,0.07456665820131701,-0.31521257749344744,-0.8915324451324219,0.12334961364304438,-1.9172790560154762,0.2609879043576721,0.21934518057982333,-1.0101918863269708,0.2704643328089473,0.5607854854698396,0.1164479343233526,0.5151492724096817
0.23502249753438983,-1.5691667682436916,-0.874638098845931,-1.669400550302946,-0.6660019531589934,-3.3496382895282775,-0.20267503917217258,-0.3252283316864891,-1.3970673450607707,-0.05827579064424044,-0.5752587636786567,-0.032169939775744255,-0.08445176679511662
0.3751480177897288,0.19823706361413418,-0.1902546066027651,-0.8427166308977433,0.04417600036753968,-2.188845019351769,0.11918746541875105,0.05795884849736467,-0.9316067457752717,0.17151727575821693,0.2952110318120362,0.013050657102010301,0.2886212799782192
-0.06895917590397088,-0.5418990696250048,-0.33391558424931833,-1.618021519485499,-0.327306221937502,-2.291140759997846,0.002057705869277288,-0.08800697102702949,-1.461627595585823,0.034887408929773565,-0.20947581795690998,-0.013050959579025684,0.0005909612254860351
0.1717209078221479,-0.3753080849736256,-0.5673481366690248,-1.7264706049327898,-0.24178208793901534,-2.483077668757695,0.029288060488955436,-0.0972415152117093,-1.400615636495511,-0.08058562106064834,-0.04038870269846585,0.026274635196508314,0.19112139759067862
0.06639252125389047,-1.1776807697871443,-0.5414820077086593,-0.9052232090220785,-0.5387347329400167,-3.535893549283889,-0.21638046787793028,-0.08766862601882565,-0.9989791909962271,-0.07488878969517027,-0.7741887073649557,0.03036061377109335,-0.3271122630716611
0.3314065523877637,-0.5166578694456258,-0.4844159395329189,-1.2483129091840237,-0.12933228645861766,-2.3222257241968896,0.04105385467875744,-0.13020211040572682,-1.5594505897241955,-0.03166358795223964,0.006628827564806366,-0.016900753931711556,0.12371250714395307
0.5717113417875952,-0.8685424193038812,-0.15885555815753635,-1.0400389041852518,-0.10261941478768774,-2.650406078574662,0.08148359404462911,0.2386881469117685,-1.0909298655020794,0.24684368811004495,0.15811672607915367,0.050827675355443115,-0.15601130580490766
1.1915526899328042,0.3062937257213828,0.010553945962650111,0.024502297572067296,0.3172209371030074,-1.5352398522521584,0.04601081988515539,0.12459334790008149,-0.08281742226953304,0.01729326103581124,-0.12011604342027565,-0.04445702100612432,1.0233605046614278
1.6819716935056368,0.21947232694817811,-0.04846714989903073,-0.1154508935484208,0.4276992858933388,-0.959454875889415,0.4518931043212715,0.5097380958363001,-0.4536360482092843,0.15336202262279888,-0.25872935754660936,0.02695245659004692,1.0893280023160496
0.9841254519122757,0.2517035154255831,-0.1509548036296232,0.15073903923440315,0.08967131547332328,-1.2855097049800677,0.003566156286591062,0.21766656324810665,-0.3302504745992418,-0.020729514126044974,-0.06863649543995663,0.002752811295860025,0.683145319387808
0.3699196229057594,-0.5861718907659978,-0.45505652438073124,-0.877266607730546,-0.08291679774307548,-3.1160895510985416,0.06006870868952124,0.05773356874085346,-0.9463456049220016,0.22194636402341222,-0.16522168572164253,0.035752525533187286,-0.02279515009425165
1.3270229703058594,0.03959087035955027,-0.23196873460896306,0.1999976030380154,0.15665216247990943,-1.4371087038356607,0.38043268567623767,0.2592881683104983,-0.2947845625623854,0.017026277070658045,0.24114138370198715,0.04113757005349414,0.8794648086828077
0.05035980697540153,-1.0353256577737115,-0.3460223425514738,0.39161872886147153,-0.21911808445635772,-0.15207577174115525,-0.2408874498678939,-0.1967761420567209,-0.5146683221310377,-0.4984898621323776,-0.35540144166158927,-0.006055465108947787,0.11476039105741709
0.5148456746686457,-0.4157357360495047,0.2139893860375095,0.0724613825581036,0.19175761557261778,-0.9178347393360714,0.2695856910023011,0.3543693909938964,-0.31701262259907603,0.037114158794025166,0.5864110567394853,0.004455812264026921,0.844440841829508
1.4736010976153837,-0.4696003566596969,-0.1557702472754237,0.9475539817190209,-0.18763252975871883,1.6212923769766665,0.14976603873048186,0.18383310205083245,1.0457516941216052,0.4704980179574341,1.2685491044291608,0.01280543970771935,0.31896103423062905
0.2701152052906239,0.15688224590486963,-1.0786537720997713,0.03390802999208158,-1.1485611876395225,1.1531092143503743,-0.11769445645752263,-0.725219600393385,0.7325874968020556,0.06509200575813237,0.5074587769413159,0.07326023353444816,-0.20405705018615752
0.29077334756807754,-0.18204832937025156,-0.7697334957585878,0.4761679393606675,-0.9792341685359784,1.1971081464843722,-0.05732639560553551,-0.4877152130620865,0.7535694538258636,-0.08025608029138918,0.29852518241904274,0.0953352625838792,-0.2031616092129197
0.3720751597139881,-0.33890830220085466,-1.0210492825264939,0.4650699512492348,-0.9838111206050963,1.1680337617817953,-0.07189372063769649,-0.5250046766994314,0.7313010731321345,-0.10530156147329965,0.3683430180624904,-0.011892044729578968,-0.14147564162965853
0.43438135133642286,-0.22476234821563892,-0.7303068536338913,0.6699586748013585,-0.9132695948939202,1.2122522858442326,-0.02779280279866525,-0.36644386348909613,0.8064437152729887,-0.10556161663598487,0.32538829639062494,0.08740550727661084,-0.1766302415394844
1.179464928416483,0.6926495599216368,-1.7507404667481832,-0.6284778032508781,-0.09901177726530787,0.8440597473421237,0.027579749557707072,0.10210815338547231,-0.13364908646792165,0.06737645021432814,0.6360481580882333,0.06255685412040392,0.19388794173577087
0.33290918706321254,-1.1134083800501604,-0.6592772757388755,-1.013870358941559,-0.258295313765864,-3.0313202291760697,-0.05845642426258161,-0.09142240886395385,-1.265478782215311,0.04957073846495606,-0.1543599791136674,0.04499847998247584,-0.2969398730116275
0.44373627807324134,-0.12746730768147646,-0.3042930571820277,-1.4714018753701303,-0.26021424287645567,-2.435374501778795,0.15836333402277278,-0.1009423119807616,-1.1958866812014537,0.04770944227128194,0.13098628361890505,-0.08353845268384455,0.18007572197432942
0.3020357942041786,-1.2254752640604663,-0.46721981248598454,-0.9070039107332318,-0.29637092293175465,-2.976999335513683,-0.0790410651628756,-0.05849871629383412,-1.2769694899955195,0.019301204568085595,-0.32161645365646113,-0.03180039230643566,-0.32020221448192987
1.4612066775446553,-0.03766328510052218,-0.15119997566902177,0.8527538870099105,-0.014361146729853459,1.4811244295726325,0.42272078712988254,0.15788320061388525,1.0566204268407697,0.17133905443957909,0.06984458406507556,-0.0007389856424802548,0.6003966637812038
1.1136914856367122,0.3937796833746445,-0.24202026199717597,1.2488963693085438,-0.2847590977608018,1.6879702456695183,0.46254819921114376,0.30804807495972547,1.5160847970406108,0.23292825581415336,0.2735828231700645,0.10183844121483446,0.7783889951763883
2.0434489673148426,0.8164349325814855,-0.6867350346962406,1.2089285324024972,-0.044947406422967795,1.655616313303665,0.6749931851021636,0.2277015439798643,1.4703661392462282,0.2274574826968213,0.922109183096327,0.10435850460496215,0.17655114459210192
3.2770183928129786,2.2471634164354244,1.1262713850023123,1.2155628900006805,0.32230790489818906,2.919972661940524,1.0637884705971616,0.5792473674203376,0.5832217459468585,0.11770373024240453,1.3045770609950549,0.18983628168909109,0.44277344249188905
2.373823695870944,2.7304959997529563,2.4279148641973736,0.3976519833022675,0.8869314316453204,1.7907379209665422,0.9184084373206779,0.6939688818705165,-0.38211037845247336,0.22358668778298613,0.591871468819057,0.20147036660566095,0.3754674310132395
1.6431099990434528,1.178095337790437,-0.611223851052475,0.10431769152792815,0.0328977063083504,1.3434424303823878,0.6421438416067717,-0.26158268537527574,0.9285608573669256,0.1949267369870925,0.42410889038971344,0.09616391498259175,-0.14527895021924944
1.4616768905211297,0.11548394291778102,-0.5354397037053584,0.4489664641431429,-0.1691350892206861,1.5115868104826142,0.1678589967089808,0.3873809120824767,1.2152316801467289,0.2944245968841844,0.9548877950085122,-0.030704483970120218,0.2070407063110421
1.4254945340436984,0.13626212498380058,0.06575559847962313,0.8657327981870105,-0.3386498781231542,1.8074446673988775,0.46203947002275125,0.06498587449676244,1.3376892289997906,0.42199554338585576,0.9231742948001352,0.08448800421914904,0.41669784144627753
0.92767092199815,0.40514985635721446,0.584132575874165,-0.6532787958581723,0.37772379728525646,-1.8778136969067982,0.6996269614283099,0.27687204571518415,-0.8266543054428055,0.4295507235354227,0.34398503645995837,0.06108040186654156,0.6547787304569244
0.27256256132386625,-1.0634717209153397,-0.6409736895129189,-1.0191282926466212,-0.4366023523458797,-3.2227015986942895,-0.08308740797607841,-0.17844294420935003,-1.1123862197136303,-0.032952789858552795,-0.042630967530163204,0.022665030893662685,-0.4031236007124082
-0.1791615869774898,0.2618438422478113,0.882484038952324,-0.02774370914816647,0.07201147919132686,-2.984148715992147,1.001122465234043,0.8916154022876999,-0.2868841126848323,0.4401468917194548,0.3611552470454221,0.05620609005343993,0.7993429603073227
0.4429034884108437,-0.16382795685152005,-0.28432677530295514,-1.2561804500643887,-0.2543956574538929,-2.544713103619094,0.23835748466352624,0.02534988442668687,-1.0958882655105038,0.08189239148412725,0.16934667943899215,0.041030532422785926,0.2120437986716731
0.644654233349332,-0.7559929070945106,-0.47074253547315803,-0.8394563411530622,0.1637747725919406,-2.8690661509293656,0.07721281751395304,0.28848529495893876,-0.9999594437323202,0.11289424610699328,-0.258752598953692,0.07117601797476206,0.1669762134113505
1.4303083053258405,0.7570550108512136,-1.2935270792591227,-0.3301673901419984,0.09297971376502481,-1.9181749605276213,-0.0478529222087107,0.1321731650888816,-0.429710414186508,0.09667065124506023,0.48704176143329175,0.07357817060288252,0.35730677240114256
1.1723219792637973,0.054818517275206355,-0.11592629186550371,-0.08622626851778471,0.3728135722302574,-1.4790508971746186,0.19938319505761487,-0.0791330280760303,0.014730787474351636,0.009776797718627162,0.543726333670137,0.025001796275222074,0.8773187484323146
0.5952554426388816,0.9434808993660329,-0.6155679613592414,0.10209308467171568,-0.06570258471028262,-0.16995186694794231,0.00750372984123213,0.15360196383799324,-0.44449873337548024,-0.2909195470445167,0.11982613403867519,0.050948098288176494,0.4489289409972519
1.345623755046787,1.6714255581956563,0.16941165736074443,1.4832821356986337,0.18844722696515318,0.17422628881254548,0.17790040395610662,0.28293906384251194,0.09685172900195337,0.03753987408398337,0.4393521472747024,0.06577587710383052,0.7245561867557827
1.158725850041697,1.8689490636968473,0.02950818600288278,1.4545458577746628,0.2026179178364368,1.4949718258312599,0.502361415126361,0.4837449930458228,0.5140523028156411,0.29117151806570807,1.347271186484852,0.12676443104270027,1.4449511092326912
0.09291952818580386,0.15400955980979936,0.4035088420356623,-0.07535000852231549,-0.10218703597887531,-0.2660464543652618,-0.04573699283310101,0.6342429620989911,-1.229237527601783,0.1420293837705523,-0.03455700575270588,0.024573223639227957,0.5289425133411879
0.0679927272282333,0.14493306945052215,0.5054019926157263,0.07386024718535028,0.06509157223213041,-0.5842210851309615,-0.055150133324269705,0.6566434465328024,-1.222640119434024,0.041914214679143386,0.11195130175160657,0.044790653014659024,0.5705688201920647
0.6440556414425372,0.27465493437678856,0.1055707811877235,1.6581696354954814,0.07114645865047348,0.8821947013582879,0.305117871689662,0.46136945003113294,-0.6900874841599984,0.19041820916968086,0.5068138880652584,0.06647562423940849,0.8313021495221701
0.49749795238306355,0.18544129539682125,-0.9873312281064377,-0.8975349313098318,-0.11017089311525016,-4.107351309243175,-0.2183367447663719,-0.5274842439824715,-0.5935790611669006,-0.06636101689008583,-0.3415500327303178,-0.02075816363342005,0.06224362947978079
1.6145232575529045,0.7194296774976989,-0.9539115107566535,-0.3398792073210805,0.3816061823602973,-1.8593291447901485,-0.047363518758987415,-0.3086184253171087,-0.2784599651481645,0.028520732925842604,0.4989412191582635,0.004344223696583289,0.20683822796964593
1.3549471370505894,0.43736953836813997,-1.695132771250792,-0.9792574247205627,0.04825175552396099,0.40953262229993315,0.0898138161303682,-0.5286216588256258,0.258471526388441,0.10490519230978347,0.4100208861771454,0.0632028302082067,0.033566735211966736
-0.05060219920408499,-0.38442998676573753,0.12069839175480117,-0.4242005289620203,0.1338140680054978,-1.9380647131531599,-0.033578457840744175,0.07123286724698524,-0.7229564346656361,-0.11337976581339412,-0.03753134675298095,0.028304411828931824,0.3320372985732844
-0.2587666552438814,-0.4819796550773188,0.049625834159087466,-0.6819680467664472,-0.03436912338352863,-2.6585697605695007,-0.12664491668498767,0.05814331807726478,-1.0244872860788985,-0.17054646797245365,-0.13758528112356241,0.005121297057097137,0.24775880658766247
0.41907045630246614,0.289931623100743,-0.15200023701440346,1.436730436934158,-0.042602352267907345,1.039581126179546,0.3523225559561978,0.3954912033185571,-1.0067230432615093,0.1286705049541262,0.7817778114503662,0.02044558652262718,0.7805467238667836
0.16689084228826687,0.31052420743197806,0.2761723798179689,1.4825975391874087,-0.13239278961386958,0.44675154527338834,0.2806438224234927,0.8723651918148001,-0.9631057213179565,0.4426361865946093,0.6240801467373968,0.047605362723892014,0.6864567673739254
-0.5032781928570733,-1.8541489696497508,-0.5058660400622629,-0.6766288961459777,-0.36503606061050153,-1.3038728986384298,-0.16403768789307735,0.026601738180680616,-1.8733695303726323,0.023978418443455465,-0.07283899034852055,0.032358129393671546,0.16064970145415924
0.19850742933780158,-1.138977440911759,-0.1094363897604247,-0.9183407653622433,-0.12962095108271277,-1.6885465976559657,-0.028100605138784502,0.2792151602440411,-1.1653883599865043,0.10496750212067534,-0.1727461193222552,0.03509466031695613,0.2537084679132223
-0.22891944468487052,-0.710908144712707,-0.22152080924715833,0.5781269067895806,-0.37351488551461237,-0.25627383019594063,-0.08832468335490894,0.23488298040400776,-1.6349949182430281,0.1810387685512089,0.3638343035657374,0.023946174334527733,0.3558393463308717
-0.21623374367520837,-0.665620025961867,-0.2262808240647427,0.6351965284321663,-0.3508449162004722,-0.3160794593652503,-0.06743976326607591,0.26003299220982523,-1.5730569194835453,0.26733617439296925,0.45730838102146265,0.05215052653595598,0.4913694118056447
0.08555799473038246,0.15078129103433133,0.6568698171919418,-0.2020729364377136,-0.043418833583645094,-3.324437270596778,0.42935201371502557,0.4576005519230643,-0.45484882554970685,0.11458583000788665,0.45555891815353067,0.09717779183553316,0.44985729596525836
0.7407056734959286,0.8079039582326852,0.9708124110661446,0.08089443754249569,0.35393340570153664,-0.3633924603519133,0.3107775383398661,1.0993919121644768,-0.7783233809440085,0.3153572272107057,0.652330975964562,0.06730266454629603,1.1710563891673358
0.7993337536719628,-0.06691479583374332,1.1871455131023607,0.039259912065333774,0.5778545013388309,-0.2968571179233388,0.11520867503894906,1.1504386604881278,-1.2908724889803367,0.39446380025784783,0.45264582355066935,0.05525343324820924,1.1805198924365041
0.31829554368508994,1.0438466135903985,1.039851954542618,0.8071594153792185,-0.025528689203266366,0.38713806829829167,0.2805116279692287,0.8835736036104047,-0.8015387002311437,0.28391709573256485,0.784456326065896,0.08920127137874564,0.568260946574414
0.6021434499270336,1.5456575530200884,1.9977944968596821,1.5895321804362659,0.32645764875626715,2.284512464307352,0.6737619629892933,1.2157006891276168,0.8520621869890278,0.9390336813275805,0.830291821056744,0.17950700903544184,1.094548768780401
1.8130311927041554,0.9173839777345871,1.3652953291133356,1.893989756476496,0.377042288754601,0.6729025158601708,0.8482238397879215,1.225735752716298,0.23835927724889988,0.7121177484462452,0.9247135832421998,0.15093526009470207,1.6071912447422636
0.5142814953640724,0.8894399513679347,0.956113034844295,0.779469466806234,0.4567811567830439,-0.46958388311633237,0.3044464075715384,0.9999050142199528,-0.28346359205794425,0.335222339975751,0.47897288713293773,0.08895591810811301,0.5023358164432769
0.2002074828940548,-0.5281827785615396,-0.31782746183194427,-1.162027296594913,-0.41469474627274194,-2.4334208646711577,-0.18490212842796203,-0.08050936699405115,-1.1959399545037501,-0.004570665419515594,-0.5606054699974546,0.019670435681990815,0.39930805959480087
-0.02610198561671286,-0.764210081538444,-0.23078292988706378,-1.23726108532787,-0.2543489563128807,-1.6022417262765685,-0.16898424856390595,0.17623993412151726,-1.470419819062162,0.07688950106398094,-0.17163439708373826,0.007092161661583061,0.5609495634766709
0.473156391287533,-0.22609433909994545,-0.039454262389077135,-0.6940049187854553,0.23302753612243887,-2.111084679006857,0.07550323587014446,0.4861270092321664,-0.7040393024659717,0.18009299976440762,0.5140377682215896,0.35283244995115737,0.603818283344412
0.20297297775771259,-0.5975981437791293,-0.46129033606538233,-0.7567593154891964,-0.1343625721573416,-3.2683757099009947,0.09699847722012139,-0.29576358956194276,-0.6773707023675606,-0.09205486752222186,-0.6516039165573765,-0.06394552637176168,-0.18022552441158846
0.3051971355763575,-0.2440401875670068,-0.03476414483428622,-0.3891003912687301,0.12845265909330922,-2.3071496007912278,0.29497349362315917,-0.30163093011645187,-0.4484052774537768,0.2642450416388196,0.08385723275779226,0.06561436731109602,0.07226699728686878
0.6083555660008764,-0.31168728931832856,0.012612325671749827,-0.5222528474850372,0.09470679557144955,-2.399717034055955,0.19048075977130788,0.05674989441875365,-0.5905688252776033,0.25401840049605295,-0.20796770889777705,0.052121372759704444,0.1841986929810244
0.0883838475335183,-0.7844675415324873,-0.5980684665080882,-1.101473349347814,-0.35263881779741496,-2.74275223932824,-0.048086591155216504,-0.19037117291293618,-1.4658460237078057,-0.057488182113091826,-0.6605080033753379,0.05297955614540525,-0.07453121937656147
0.00016968813854168085,-0.609464887198992,-0.5892103261789047,-1.010467451996584,-0.3394075067620725,-2.5985622347441195,-0.26867303473564486,-0.35044861348371753,-1.5936024041413073,0.0029928286562465986,-0.47415631167280176,0.0005829284217260441,0.138746162378876
-0.039259467851887976,-0.7938266183746359,-0.6274675132750741,-1.3577351763259824,-0.6524080989057095,-2.8093187151787182,-0.21831941003833596,-0.2330164805388388,-1.7156051878530225,-0.21306759840705328,-0.2647148524297195,0.04342795229827359,0.37661821536538703
0.09061253599369803,-0.5724137872281587,-0.5936397315587639,-1.3536706198477702,-0.2445968196952405,-2.8660276178451674,-0.30184317435991637,-0.24174236342698963,-1.5997659646810234,-0.07162956459654701,-0.44345490057461173,-0.13326407746450664,0.16453018497054783
0.5777800421489196,0.05618311010740898,0.3319091362798482,-0.058374187344323106,0.08000989231151624,-2.78086756379447,0.4412697183268352,-0.07952748323894211,-0.4660176023517529,0.3942942292382941,0.1047809953842726,0.1561376393063821,0.7247520129317935
0.7570394848556155,-0.47670360494172204,-0.3069186405145511,-0.6449268267663298,0.09433708456021521,-2.663465203618915,0.2770189283969295,0.5468830403247071,-0.7027954453625715,0.14185142746803148,-0.1662152223644726,-0.0170536281985955,0.3446444707645828
0.3859076555858417,-0.27371982307548426,-0.3549306720740989,-0.7253966790836098,0.46463316561188556,-2.20775768113219,0.5295152052817865,0.24633607915654362,-0.43857185394865345,0.08472058784139036,-0.1182343871004155,-0.01352740674098542,0.24841907914236394
-0.04778649223632073,-0.40941105934661903,0.5153526235167454,0.13454700176888668,0.01685440524739941,-3.13216907208268,0.2738376007984495,0.3474948155150439,-0.19444187422179512,0.12863823642022906,0.5393311296087792,0.05305487059651771,0.4070794597819137
-0.717298059327942,-0.737984877549267,-0.11344054816678788,-1.0332164758505922,-0.7688929174990499,-4.1933980520349,-0.18512975925838368,-0.7268971951838791,-1.7577729130443183,-0.024508590312260735,-0.8883877057602836,0.007045613967606618,-0.15472035268269893
-0.1913089673852341,-0.11240112058766602,0.6881552164251399,-0.13794992238593598,0.09269197683005283,-3.5369828741079092,0.48262640195122597,0.04841723032373313,0.10319786598569604,0.35396688402940835,-0.013962519116078783,0.06706589919152772,0.4704337700324442
-1.076628312241131,-0.9640947727385597,-0.08326057459331228,-0.8523845254831639,-0.5232518724543561,-3.3002280138743423,-0.46010187215120024,-0.6980284623762903,-1.39047962282448,-0.07803930129364343,-0.4138151033786644,-0.03417065872267517,-0.23260860301295505
0.2879238925915626,-1.6223174270158374,0.35004224749230245,0.7582612260555226,0.45790975740024176,1.0111118973977868,0.1400395416752953,0.6434291137427661,0.3211212782894211,-0.17898551215029632,0.5374598202825936,0.08362321498907278,0.12347867148191044
-0.13292483372665528,-1.9789171694713232,-0.2122647651111604,0.4156063650792931,-0.06818257073820055,-0.5989313715481612,-0.431454662943078,0.12728132048725246,0.21314963062332634,-0.8560492780952094,-0.025702364023826568,-0.09527650504993895,-0.08435318553264046
0.4191860675426302,-1.8639005880999484,0.2695707610634984,0.4235603992343467,0.28173605987828026,0.6921322874724866,0.23228038234092915,0.5589302465500725,0.4202827925162598,0.18807217898312947,0.39182082828988,-0.10405042528718075,0.06545707222876238
-0.5773892603822363,-0.5938162779469147,0.003914053531156604,-0.7593941211540048,-0.037225998174528464,-3.239375403373916,-0.1950284774936477,-0.18667812720717242,-1.1489664046484458,-0.24616484604685362,-0.1727480539753257,0.009291739553057867,0.2985979917146162
-0.5511923842583523,-0.4342052472067168,-0.056017676154151465,-0.7742426651507979,0.05072479270747864,-3.3332829767046497,-0.19039944758819824,-0.1240149896053804,-1.1066986346892858,-0.18000121808623798,-0.23055062373065288,0.019713431319687495,0.345277200754499
-0.2757929762786564,-0.9929273538195736,0.04329964541519684,0.3986152407651147,0.019861464027263655,-0.5430823188820957,-0.02298828372162667,0.44581460429303754,-0.8860388648041732,-0.30770054899854604,-0.28258067159344324,0.022807887805522245,0.07454514538300111
-0.20496470454278296,-2.0560969832032505,-0.021382890662126643,0.6221454309097803,0.18816423004415497,0.45835815081773845,-0.30473386682233666,0.1936992824734705,0.024498389068370034,-0.7899361384794532,0.006464288995290699,0.07220325936666801,0.11413145512924538
-0.29773806680744097,-2.41173539627227,-0.29914866029892845,0.016638538417173554,0.05080790117305393,-0.3813330094141163,-1.1882676786471469,-0.24767719981441683,0.284835656571409,-0.7113558467261544,-0.7854629928306937,-0.0028071809880849366,-0.1620545537690891
-0.02876860265542447,-2.1725936791842755,-0.0016425437218923694,0.22940462302015577,0.04361847690642904,-0.19507592072917346,-0.5286473043184056,-0.048655658189672976,0.480295650451056,-0.2529760300806568,-0.10427624005022366,0.05549862948530872,-0.05000666580434579
-0.5205245227175247,-2.0328824789952744,-0.22994263731176026,-0.07145102971181685,-0.13958906398620455,-0.6548123879843237,-1.0932733902759435,-0.4068643968461806,0.24887454316149352,-0.6050910949306044,-0.8334414048624847,0.014920073920964342,-0.32586236527939855
0.019039408858192837,-2.007234218024856,0.21975785908961867,0.6393542204762341,0.08243955099812916,-0.17076975716834167,-0.5737730736122465,0.032498488853064736,0.6716958285493052,-0.42137092077820043,0.03506628359318695,0.06670410478228911,0.14493186897960392
0.05222684500648437,-0.8329134316297456,0.4807767845100411,0.6551123541068389,0.1577260963003047,0.658503122059111,0.12469007364241416,0.28153478865511716,-0.57510813483244,-0.35710860590165894,0.37029623716228843,0.04194097008349177,0.28308255838463087
-0.05849537184526626,-0.9957564700874758,0.4137190655918998,0.7949351994686813,0.05455269002200405,0.2070749645729344,-0.041264639031142046,0.2556577463991319,-0.7968033923542438,-0.4552592295110741,-0.16591091707400552,0.08297549922678928,0.22175262349295535
0.08823565674505923,-1.1094599657534205,0.7058165440312586,0.9273685235473226,0.21761479830265873,1.452975909759601,-0.021584173574422723,0.2259413900609233,0.0851418548594747,-0.6844621025936473,-0.18023682653541784,0.10745831217202875,0.1848746690053182
-0.002837491967301295,-1.2740513551902644,0.49611664118452214,0.6833725079826805,0.17735455924903765,1.2853317752995321,-0.06373643793295043,0.25205264915556963,-0.07238943439882464,-0.36299022916083534,-0.3063765884038163,-0.16014261674549843,0.2338254805685331
0.4105004614547619,-0.7782867910800915,0.7550223845564245,0.48241788075771175,0.6650277151855539,1.8908999925119698,0.7737699189797662,0.6093648007756565,0.03166675276097111,0.6362295949418981,0.45125854403220306,0.1896248230798584,0.3791288578342129
-0.3189846526505426,-1.6255202554820831,0.05622808720114542,0.4335749892458422,-0.08149661846510654,-0.4571297748941773,-0.17321257595774825,0.20270805158393665,-1.035068327390537,-0.6270017122120286,-0.26016998144668624,0.01407340129876202,-0.040445002039325405
0.10539443017552726,-1.633543674940916,0.4617987866992026,1.0134515012541996,0.14466939720169958,0.7020851550137417,0.11263615172382242,0.2891423928238349,-0.1610596825686903,-0.28109975502748663,0.13754907930761373,0.060332728959878734,0.03368190211243914
0.10531157710822302,-1.1081567142557145,0.5479060126561672,0.7511460673208867,0.12788616653945717,0.9701573005147899,0.2734904251749525,0.4733721985116911,-0.1220009119236946,0.22925853051245212,0.39528287909433446,0.10901373789800951,0.2729128544368884
0.1492506109444528,-0.8651924933819101,0.6099655187952644,0.5828205367542494,0.2603843830882884,0.9877177294172963,0.38505807451852064,0.3577611958727032,-0.07644169551630826,0.6345840996198564,0.3919632552364944,0.15977053571699398,0.30313841524715013
0.10884903799613103,-0.9520419108169155,0.6491826679919743,0.8218087454147947,0.2074516688023384,1.1618237230561983,0.49508439145102695,0.3818055943474691,-0.21551127634994274,0.6342865356608914,0.3016640549872277,0.03685623954981571,0.3576513065953946
-0.02476703735068453,-1.2541833199151897,0.4694178198922115,0.6485730418443887,0.0708101522001542,1.1713592819233112,0.3916211781718046,0.28016119506675746,-0.338362204621339,0.3344496851551554,0.19971141936257475,-0.12734732082941475,0.20984361584453526
-0.12102371629431016,-1.7316902043194409,0.4433399031660519,0.5751601390406074,0.11834807424547364,0.576998686143456,0.20889186164208987,0.32005721067181886,-0.4534683613784403,0.022505765665684803,0.25341806436863007,-0.2344450517891285,0.02666184424189846
-0.2326548385899514,-1.9476958640385418,0.19133664320378255,0.5990710170181571,-0.030291780304784695,-0.11457413471096932,-0.14784512725969157,0.30089609104907145,-0.697307222089989,-0.19540711367373464,0.04931388181608384,0.004407510898955598,-0.019900903364436465
-0.29913078606568494,-2.0769709289472345,0.12499316087704052,0.5128686938721996,0.03872870283667004,-0.14993620990568562,-0.055452628284951504,0.3323638959723112,-0.7916359412049254,-0.24249656109346285,0.29251499483918053,0.12710355942939508,0.011357265198603337
0.07262454608920962,-1.0438381093194604,0.5984125274756095,0.5665988157787877,0.22699754368229252,1.1092454198057142,0.3413836337312954,0.37858410090621963,-0.17321265500271688,0.6418051373185072,0.28908329579306563,0.11211483411465045,0.3981887890670138
0.03267288568765961,-0.9911546121260876,0.6084381989995017,0.6000778174167498,0.19368684021393867,1.1613575833616774,0.36526515103410917,0.4442081653104268,-0.1913646011178692,0.5815457401083164,0.3510391131884212,-0.27920191420759594,0.3164676557664967
-0.06475046865460977,-1.641939243242636,0.015203740412576371,0.4826982378271512,-0.17771817522356284,-0.7643124357832131,-0.14745180614008052,0.24623119748857178,-0.9225430990759441,-0.6898537638581668,-0.3255323457523869,0.08382427482736396,-0.2549348911068713
0.174273602228948,-1.0119220823779083,0.7913261973288738,0.7965418365318325,0.16624147908787978,1.2313891002080508,0.397861509371756,0.5836923587063536,-0.46871301764906925,0.4236599545334725,0.4376689262563986,0.1221066854671679,0.22103710908908408
0.27307368190635717,-1.0118835088067375,0.8300724837804836,1.4555733600897816,0.6486282354408305,1.9946204970006107,0.8667500502378167,0.7332457596706488,0.1216065163151104,0.5462050759352535,0.7828892081215356,0.02278896395168786,0.5285586395290577
0.0966747890935383,-1.49197346469077,0.5838344378034687,0.9860743504511706,0.3105286818453007,1.4062182065870406,0.2208707777245178,0.5278526445659291,-0.24889613726797194,0.31060629028322484,0.009732571512771022,0.006477402990373409,0.24221184541018578
0.08973466438551737,-1.132102485298593,0.701835948228836,0.703134084786547,0.1901768266125065,1.2588989802030845,0.3260171267692932,0.5079922032801227,-0.42673290855872137,0.5571999978610417,0.3246609509099896,0.08836437315110944,0.28136642475715956
0.2324866246307888,-1.420118628372956,0.7549891317555576,1.0236127411641387,0.27395311305609826,1.446185049729215,0.37736199018648914,0.4903626941672214,0.3803915922149705,0.46951674251403247,0.07648513461877077,0.08702917140287651,0.26482779062249606
0.14353356335105166,-1.3614436335018318,0.7649096713802367,1.2232057666742346,0.2604712643249271,1.4716083256274257,0.38053574191302886,0.5648561035714942,0.15570421936688936,0.3211254998586245,0.16976959672057992,-0.24665061478554792,0.4993330456391494
-0.406934909942146,-2.0479232282188926,0.028391892688555822,0.537042771283175,-0.006164817010155958,0.1861393855990739,0.16414746812104963,0.13607201859277368,-1.328126093791022,0.1914737707076388,0.07327948417566309,-0.21658287382167252,-0.2469677797275492
-0.22536231177936633,-2.117816044983661,-0.01697902190576619,0.5695304355728958,0.010664988355711058,0.23763889092809728,-0.12056790354144237,0.17014545237128095,-0.653785173243636,-0.7205613795078049,-0.01628287772130625,0.017178568730855215,-0.22544249738941685
-0.30006434226563833,-2.0827092151462825,0.05177490802714605,0.45862546633825535,-0.054297807213022464,0.46254504160050103,0.17108519556776922,0.03057580430474549,-0.9813183325081545,0.3168522222645375,-0.013460684733517149,-0.08591530607133686,-0.2630145432856968
0.7978684675592622,-0.9154245578859823,0.628892357914398,1.2666522657304695,0.5108980727001716,1.4905682053173792,1.470054585801231,0.5878355218263136,0.27360505241383287,0.7092462485107697,0.8364669864562653,0.11858674532345827,0.8025573495408107
0.46359287998923626,-1.079604941745961,0.716867089229636,1.2745853337738666,0.4290860915352175,1.7365934770719875,0.367292872763808,0.6274092854719812,0.3030948202099857,0.2590248941961263,0.5767132938391941,0.06604586945562102,0.7182319863533807
0.9844090292390644,0.34548528124125566,-0.47820667486146307,-0.17012811872823583,0.18089201696372278,-1.8156133427946932,0.24053155730465534,-0.039357414315325266,0.1352442612059207,-0.01154423221906959,0.13301639986418498,0.014812942825180142,0.8493663359159191
1.1627446369136065,0.12696672296423156,-0.2942330398746869,-0.04176466229759776,0.03701639246324907,-1.4238104380649104,0.457805164437741,0.48298843591965546,-0.06536828875153627,0.13215781267926413,0.7684384198512677,0.06378564980838246,1.0897029698301208
0.562487844235212,-0.25291526313715934,1.4366331659415217,1.9212194090634067,0.7450214180557266,1.8599358921482532,0.9658374188247962,1.1905944300975861,0.09915008599533603,1.028582900061479,1.0086068100389092,0.0955994041057097,0.7810813881852668
0.7042642197085337,-0.22806755075231194,0.9667311365159953,2.0659076656458075,0.8611217555740025,2.0166693223197942,0.8625557061106278,1.0041897680755294,0.2607522074389269,0.9993957192440415,0.8920429639471694,0.14581060143239385,1.012352838086792
0.4912362402506797,-0.44208391363719596,1.510082977125939,2.2249889239382985,0.7045462555671108,1.8779418776008407,0.9532511156943576,1.214078783162145,-0.11055159179804239,0.8249021777166573,0.7527644604448385,-0.03685638452750731,0.8534429031077566
0.3462035777679799,-0.7018938592878272,0.6648417474624391,1.3552571827928634,0.5159730228447976,1.7381943731542238,0.7506518402138158,0.6722980791792765,-0.6445737379235734,0.5013507516855474,0.6156839430270095,0.09087343141501261,0.45486265169663553
0.36685043668581385,-0.9333375925265456,0.8656806896140591,1.6245087550518416,0.49916271834272075,1.7157672497806034,0.6150088116027311,0.8048743645872716,-0.6623500607861205,0.4788081136594217,0.6762512154126953,0.10262699373687315,0.7964733634627836
-0.12802750955853195,-1.2160555384049394,0.054924644797316055,0.7055933758996735,-0.03811817429545854,-0.5544807324467952,-0.002714969144306171,0.1822867847050334,-0.6676582171136719,-0.4104325736518431,-0.18525930847067185,0.060944538696462026,0.1825010992661636
0.7062367444159463,0.032326777681397946,0.7266577130266363,-0.0506132863606843,0.6266234819190056,-0.7650213561142382,0.49537559798944525,1.001275435201565,1.239444124247206,0.12130307554008642,-0.6013522670474938,0.09789557963842528,0.3745564779613375
0.0676871638701091,-1.3372842896434793,0.643770961458536,1.0960051066658665,0.3110894664389908,1.5445598995069871,0.28214658124320646,0.39171316215509766,-0.06123368932063587,0.35005097912184685,0.1623899668072247,-0.1016621441932189,0.3313845781298975
0.4864265940656575,-0.4766269208734026,0.07138354587834322,-0.014793291387613884,0.0034536209793036904,-0.9623803642071369,-0.17516939211326338,0.13858776646640358,0.6141170765694955,-0.1848569920625434,-1.614613159432386,0.027956112828364323,0.5364106146724792
-0.19747332418712585,-1.8367836541520797,0.13818509226794248,0.39301078221450236,0.05605836674920282,-0.2292583127112853,-0.17195727004604933,0.149617891738631,-0.7427574418879683,-0.7095496068143338,-0.7069508765643049,0.0822375107826923,-0.1164384948865821
0.0001515412132721118,-1.6583838692795123,0.5041505151029884,0.630491785538745,0.16067786623180536,0.7139272854963523,0.12027129478700865,0.5304193106909385,-0.3294663152996348,-0.22191674990113822,0.24892202874800798,0.09070391965383244,0.08786326586242975
0.07820416749325688,-1.3246342729515812,0.9658634171086466,1.1079237729577447,0.28660931139304824,1.5963412136276673,0.26200422366770604,0.48134895022596347,0.3773401831475913,0.4724335946134913,0.15339741805154425,-0.12170010617520255,0.2668635422296614
-0.9221267848591214,-0.5976936179746148,-1.4791446624292683,-1.0717217886623827,-1.58938959691777,0.5592430771638951,-0.6582392110727313,-2.1969317930936816,-2.1828895303037843,-0.7086304991909612,-0.22675332157976089,0.012034311244367712,-0.8357845949128061
-0.21114569220510818,-1.800357249863446,-0.0423506047541741,0.5580527337367592,-0.004576499918863806,-0.49638842297213487,-0.1146029585408461,0.3141862178099757,-1.1054117305455216,-0.536802577553317,0.06517315091979162,0.03597509811089065,-0.05699327568161393
-0.1400146033807606,-1.8565443588250004,-0.06978253263048831,0.5282884936474471,0.04246104208985339,-0.48399124443453423,-0.08995677264433133,0.3145964113690167,-1.0761349488358893,-0.5651682599701195,0.1921174560951638,0.05206593946437348,0.06681492495971418
-0.22940104528071567,-1.6781936656926864,0.13917558344792472,0.548670681109652,0.11295431954423998,-0.250277853724288,0.02752902367773165,0.31184388266255475,-0.8380974145694116,-0.5257752033571403,0.3278128867485148,0.14207564317944665,0.19254607769557178
-0.21341204391921761,-1.8618604873911113,-0.13385179036426245,0.400967269005616,-0.09375926881174859,-0.47637337550300995,-0.03865103981561128,0.20644932130455126,-1.2336355929824319,-0.6515906110038567,0.026718977810297542,-0.06296536805897227,-0.2100488666169501
-0.3386783177511664,-1.9818930231830256,-0.03764584814379407,0.4050788372896689,-0.10939560776227159,-0.6293159345144201,-0.17908370230579745,0.21125089146972945,-1.484268056290328,-0.6062962258689935,0.11434428227450949,0.07541523763935803,-0.1255142146134232
-0.31095932917151997,-1.8663994575092668,-0.3352607607401701,-0.9187404834036715,-0.3361754097194514,-1.0624821139970384,-1.1558160672044486,-0.13147964904860904,-0.19217231408667018,-0.5751647746291323,-1.244210983743994,-0.05013439352443025,-0.2645572925948848
0.6543692244263364,-0.6835386960635272,-0.3024420420939309,-0.7711931496879294,0.09490402013787796,-2.510370092507349,0.23166236676637914,0.41059612726120076,-0.784482366726475,0.10693936012374863,-0.2461440321358127,-0.014882153748896862,0.00401937399654537
0.46394242400251745,-0.2651100695267734,0.09160356379838462,-0.15590808454745758,-0.013958965022272143,-0.6909207408518223,0.27142932736780484,0.26891431102296337,-0.43335304165905764,-0.026601828414843362,0.39217664665671886,0.043297651551353344,0.4597359872019539
0.07622372025759734,0.1041921606314524,0.3125335461892085,0.11526765130628422,0.11023702565891047,-2.7535221283696587,0.18540328429145222,0.2718618257316606,-0.5494649473538931,0.00030327082753907813,-0.09455520172409408,0.03397799004192669,0.7124019782851166
1.2454385671703816,-0.06483489156610121,-0.09826906183902685,-0.38338737668754114,0.14707589277713048,-1.613868280517765,0.6399546310996327,0.06698491382697186,-0.04951062982966602,0.10284049700622239,1.1024823113846491,0.023249550777513353,0.809424265107502
0.6872478517768387,-0.47511195633482806,-0.31975902298361886,-0.7489816892471735,0.018643990800353796,-2.6985477646237195,0.234416920010311,0.44629127494551046,-0.652579970378946,0.2406878706970665,-0.15915935681279125,0.02581156311815394,0.19517803244629048
-0.2373113319906406,-0.1425405176075744,0.20489469362371088,-0.4724115404934208,-0.132490456386133,-2.9875548896276287,0.008381679320656159,0.09969706613777411,-0.9892026146409462,-0.08306578996242026,-0.2590173380635679,-0.008856309872870848,0.6180768739865419
-0.00926990674498178,-0.6124442807916137,0.05275048044975843,-0.4544623150981756,0.23127597949105416,-1.0933465637408921,-0.05539544048589762,0.1473040566145857,-0.929726844398667,-0.1996576467329741,-0.631855639028363,0.03829247614420533,0.2660387900613973
0.07861426006899111,-0.4748415508170405,-0.0016948850225243074,-0.49522085807286204,0.20700904487709834,-1.0842516782147706,0.004158025512264857,0.16504709732227235,-0.7819159703049811,-0.18746812439057967,-0.5011709394437882,0.004739241733526189,0.18846339652858055
0.5501914328486761,-0.023048471413397584,0.7570353295112078,1.136123577992225,0.8586719394066473,-0.767765479176564,0.13937927728583524,0.6125778278527368,-0.3591930655904838,0.9100115181021908,0.2619795577696318,0.13638553611597878,0.9140143145375058
-0.3598540919801841,-1.1101076199680873,-0.09000205886912434,-0.9445589947893234,-0.10770931835053484,-1.80155277000171,-0.25332256753398613,-0.03435392354938408,-1.512076047433592,-0.43096776334232545,-0.5577592036989518,-0.061259496593847856,-0.12028627908956777
-1.2318270845532726,-0.9972150120899701,-0.19732862382389918,-0.3592888980004419,-0.2721361807560444,-2.6772887517540296,-0.8129571323854745,0.007291079862948762,-1.2090423894761548,-0.33093021723584065,-0.6063751601112181,-0.05759205366329597,0.08206644505896188
-0.41929507196460497,-0.6737750799941001,0.17447280458000025,-0.2071413394674245,0.1159108870902694,-1.5038768226156631,-0.2158414644261615,0.27528825938598156,-0.8433514439193017,-0.263601157204248,0.14156130509606252,-0.009565219095351882,0.443347180709243
-1.0881176280481224,-1.1878928273215166,-0.3417748263163959,-0.8170683261242488,-0.27455729592953704,-2.177748342860982,-0.6924478368593069,0.017711626960016394,-1.8717614044293036,-0.5189833628077112,-0.22481078642640362,-0.013873606241670325,-0.173014755588956
-0.016857168836415675,0.06451268757434758,0.010733521676415416,0.7164807432975311,-0.21460063611027883,0.04258453613173008,0.004935178011655796,0.0021096804236166384,-1.0258757512183445,-0.47087215457732473,0.2659926579095837,0.023237277771242723,-0.08739024119374024
0.0634779011843623,0.015001009460797347,0.19291466230448956,-0.09524373220900693,0.3881495022010575,-1.2553107244340296,0.20344540502410385,0.298819375839343,1.0589146156280507,0.045754242405916204,-0.6886181028326972,0.05086688535494931,0.44980229597952626
0.3498986853172796,-0.08694668758246625,0.39964765231771815,-0.037950214083409914,0.2721793485192272,-0.9392876694020297,0.3311148116789344,0.17617828511012093,0.22322857379706373,-0.008509716027312788,-0.905027293312208,0.040274602729671954,0.5784151424369255
0.4735620345718537,-0.05840611282141054,1.1243234477771653,-0.008481039198425923,0.30999827554604664,0.17303317703927545,0.052013835201764204,0.7163295119236377,0.9249895252980704,-0.2576334995116728,0.14330983235112693,0.05409243021470808,0.460379429355186
1.274773297718105,3.0008598429404407,1.2978695250142156,1.7193948250957247,1.8130969438950224,1.0997237976412808,0.8623838389627378,1.3548889843871192,5.555617563010764,0.5131282356546983,0.7389012720906691,0.20003702505232962,1.6481448088181463
0.2046920925264971,-0.3577477476637189,-0.08276233869346064,-0.031729734039658425,-0.052749113248557626,0.4274553658316532,-0.12539714931575063,-0.1893744220794179,-0.1153063094233059,-0.10080498471067081,0.021069697051102128,0.04098517739058781,0.05636643747824969
0.462260031527581,0.5269325022958218,-0.14093058405599238,-0.4067236740861293,-0.13482195030975466,0.39000590773221716,-0.372835570753345,0.42012880878290154,-2.620170363549971,-0.005538487375403473,0.5187894459332649,0.009587837529058181,-0.11713653784090029
0.2634517848176055,-0.045174037129876964,0.5311243411301013,-0.2843785009129593,0.20674160122535085,-0.8676349680185216,0.210921959655825,0.30877160769240514,-0.02645944415177744,0.06000227942700594,0.009663745640621724,0.04537384727012574,0.5629490755063791
-0.7016197057469334,-0.4587126862547465,-0.32673448498710067,-1.0376869106127158,-0.4552343633794227,-3.766109485606689,-0.6663627586718133,-0.19492592241084722,-1.397147881420614,-0.5109005702744859,-0.8659285080016383,0.005055700242778053,-0.22501306421459757
-0.4551246623405152,-0.3435819235989927,0.2040242018930925,-0.28457130206386655,-0.10532557187964103,-3.032960058176994,0.05324443488110169,0.041887472832265,-1.141442122614115,-0.1786664625228796,-0.10760446854970529,0.03437050882054282,0.28535674855617493
-0.434816331198413,-0.17276329312085487,0.30267897982344344,-0.1746129489834938,-0.15808808463082336,-3.0404767672493795,0.055350082209204406,0.06949326281190024,-1.0980905410486999,-0.16703554787065106,-0.07376379965532877,0.021981354706998274,0.41801491802040913
-0.3134529442267699,-0.16978004880922123,0.34914636903895174,-0.17858332064507218,-0.14671253757046845,-3.0272923416035096,0.025754973207367565,0.06922804726675774,-0.940210308617938,-0.11833460419593998,-0.37615502867459627,0.04441690130353284,0.30582187504572267
0.054866905365811944,-0.8156485146406984,-0.10355973481976737,0.6431237607129797,-0.2456412110063765,-0.5864026462920525,-0.19015596355790165,-0.06804217898092853,-0.7523678752347931,-0.450191360994682,-0.579173257666795,0.02394127893636722,0.19190191674046217
0.0930870369453139,-0.3712154467387072,0.12142397992519872,0.10712436973220768,0.3044554549281021,-1.1971768327040548,-0.1523569454511421,0.29982839566008707,-0.48247008737668184,-0.1983183001129267,-0.09459529889747502,0.05476118217791535,0.5319888170539504
-0.5122881790817095,-0.5864484523216057,0.010001912830889054,-0.22633879361350814,0.0007501150711646331,-1.99685779536932,-0.5211802033966202,0.019834954054353593,-1.0151575396555323,-0.4023486107545128,-0.726033281964224,0.02276221768154453,0.08967442379953958
-0.3060765710163913,-1.4940288092431402,0.06221959507687844,0.4355968932092138,-0.14630823929613035,-0.6095466398213628,-0.21518548849685534,0.2540785155250017,-1.068046189055054,-0.7877237794174453,-0.0698032437668493,0.09924915537846066,-0.05217748728373808
0.6666284240733109,-0.41564996668241094,0.7714660923978467,1.868008674222769,0.7054904468693873,1.9765060950670805,0.552615863401184,0.9727764850461651,0.07914370320375158,1.276242866841042,0.653277246119558,0.1486461668295993,0.7124716310499288
-0.4163375797658227,-1.488352680886035,-0.21030715251082766,-0.4333565570672767,-0.10949106125393891,-1.5079611946426383,-0.17457793785155656,0.003731847971341462,-1.4349066154371637,-0.34163265072430177,-0.7905605442798698,-0.001179539619996828,0.2887479687848179
-0.5318660022830591,-0.4559957920501216,0.325732397670185,-0.38122707297378733,-0.03505195991446578,-3.677630695227223,0.23549734824957952,-0.05414965318153713,-0.8999214788583212,-0.067596991239633,-0.125411597698306,-0.05618307335457456,0.41537125503282174
0.3599792291392159,-0.1947622331368944,0.497069863450403,0.4516951781330217,0.23197778339342534,1.2165770548871826,0.29648603615247543,0.5808600012792482,1.1974814404567915,-0.028847567290067593,-0.3600170799005878,0.0711818775886463,0.9503546065208504
0.5843595124874265,0.3420510026129583,0.7936144812601723,0.20851403076719086,0.19569111054401025,0.5948600926684837,0.5643108452887584,0.6131670823532883,1.0208283405212892,-0.015099086122225066,0.2680763287839687,0.0771928506918873,1.518529827164279
-0.05728567100181761,-0.12179750612393637,0.40072075984311395,-0.07470303714663407,0.16863604822040845,-1.197602143575334,0.2289411241431825,0.21766704314310717,0.6466523131717824,-0.058156130904228255,-0.5260779957543126,0.03861741244016839,0.7694000656030969
-0.032609146945695916,-0.39107648628194713,0.38066390265089783,-0.09243994573519264,0.061130913643735574,-0.6723404210888677,-0.005318468735139377,0.16185764970671793,1.308507304468658,-0.07014546210774109,-0.4761369199083291,-0.063775273824835,0.7101740931178856
0.3076970945960948,0.21705059076478295,0.42644470596660145,0.24041549710349916,0.33037142988320245,-0.9668303154701263,0.1422094604947294,0.2939285389835844,1.1776570134987643,-0.04901180666690267,-0.28665030857367035,0.07322271869491996,1.0521706590752322
-1.056164198838071,-0.9142201530198673,-0.33045918935470076,-1.0364266659288357,-0.9323227772709086,-6.166340487030232,-0.924389366772957,-0.6451715620534699,-1.3592609914976894,-0.22675665245080992,-1.0681362098646872,-0.14095152139715444,-1.034215394167954
-0.36851744121613184,-0.3895389817950005,0.17290138702011768,-0.45058391042648716,-0.12330146537239983,0.12241735641689346,-0.22172296695281865,-0.10705195560223521,0.5564216471416873,-0.2524331097209102,-0.9421524888207209,0.03589536137956509,0.5826713717847855
-0.6479105735461537,-0.7214100345310809,-0.5082313146187355,-0.7104345890584713,-0.2692261957638484,-4.4029882047170155,-0.13506080367990456,-0.017312315063447523,0.2633020387141085,-0.13653250301023942,-1.0092632456967194,0.03441344705112796,-0.9549501032126138
-0.32381229753411994,-0.41302679392509156,-0.015337887164981424,-0.4088199970077,0.02356878983581232,0.5232926763414354,-0.28121397813859716,0.15584179276083077,0.7819985029252711,-0.3011810524515911,-1.270038339690978,0.009525100196478897,0.33982897134471884
-0.33255090189347464,-1.1285615571489973,-0.7185087042203586,-0.7573699037465527,-0.169694531287015,-4.290358013139727,-0.2104057918412664,-0.038285741773175314,0.11412445706263598,-0.1182482421380054,-1.0582358160395071,0.019744460560226208,-0.8766616127484788
-0.007861331128256611,0.2843492587045249,0.4968114867506341,-0.08253063459104548,0.14662771567365984,-2.128818615019424,0.21280108260741037,0.5107863931916653,1.4687995900700073,0.13179330430381614,-0.1965549711885655,0.040830062990749455,0.9697246119193736
0.17818005432374776,-0.3059522766785489,-0.04429406307767046,-0.17961327734248092,0.021813228401458877,-1.1543386852063442,0.10348703219969241,0.319509420875046,0.3671996855611603,-0.14509782771140126,-0.7722181271647828,0.021060054305320073,0.4429863831649223
0.23538002656048373,-0.20545252674155762,-0.06869110186480815,-0.07931762031421788,0.019885202248891162,-1.6891172269566195,0.24070448921993387,0.04270859136013322,0.10755294735853875,-0.04684119651727893,-0.41601762337610115,0.026342776606583726,0.3375754923086303
-0.39875936418124974,-0.850559828394455,-0.5141384451706998,-0.7916050448162585,-0.31061809840017107,-5.258751467611486,-0.18929650887458893,-0.052165631342731,0.13643274665111677,-0.11219513452249677,-1.0036199529311856,-0.0010915578818983657,-0.4233510808177783
0.3470890227249928,0.22955377105054342,0.4551175918957839,0.13718942168789605,0.03526217392412945,-1.4461006875439653,0.4012110682566548,0.26470725550368013,0.6567016386121717,0.03184750512811463,-0.403130361515149,0.041950596806386256,0.7367929978228899
0.1173287495215319,-0.16428989929612722,-0.0034154818041456925,-0.11182330606919194,0.09287827312480654,-1.9943083053584105,0.204772454788391,0.22457186576599872,0.3154551888857451,-0.022005347063143967,-0.7130486485871695,0.019659822792487402,0.532190704591986
0.5036010011686529,0.32016380633512104,0.35679014761466527,0.04833273344259297,0.03482094979068888,-1.124709918142762,0.2881185005589699,0.374633208599666,0.8153909589777079,0.0390417605015035,-0.5419499168757143,0.031011993134290816,0.4490205826871616
-0.0680544779330699,-0.4205143638441546,0.2536198381665679,-0.3534944910116287,-0.015107248620544047,0.1334696137716269,0.13225613844373993,0.3208032720559276,0.8483069258524725,-0.12318464466862171,-0.5944225460963529,0.020117754595509463,0.4319403263114185
0.05971980167345877,-0.30604773205342806,0.33187433740124117,-0.24588385534395163,0.02842662127067645,0.2075636961430104,0.15358007980200158,0.48093339584974765,1.135404277321779,-0.12881508143153045,-0.7833962314389644,0.06849815344851884,0.6451271371116553
0.10704574775080092,0.3596718629011108,0.2960869804239417,-0.16483313098873215,0.12323273178086512,-3.0950633597551183,0.5840956665678984,-0.09183869381771527,-0.4290609306476027,0.09853351208329612,0.1414529256703746,0.06559069309435367,1.1328725680336356
0.27635819785503873,0.2889346231339085,-0.002988899013337962,-0.9685196765897692,0.6032108838763088,0.3383107620159476,-0.11528822935962431,0.18070091609661978,1.601232724855395,-0.6177720996941855,0.2883100840984844,0.062432788860104504,0.2881436231295164
0.13444341336040655,0.6598128766659648,-0.0016844612375521335,-1.4414187558300586,0.7448462957635315,1.1526606497608332,0.04629565124813891,0.41110690868485505,0.8692295479442045,-0.3697902967247906,0.79048521559776,0.035248273776637196,0.38455970554897156
0.7877634687964908,0.36783135224767544,-0.730636417331795,-1.4434792224623056,0.7688836060190156,0.5924466002260385,-0.4764699189038946,0.25618975390809484,1.6119681435637179,-0.8890222879182291,0.3340154756169713,0.0581631425574111,0.07707074298885548
-0.28824067258948666,0.3376053045664188,-1.0759619862741476,-2.9633994123945007,0.6889829235316979,0.7624380245007989,-0.46860421265785895,-0.1521230110629564,2.1177622667291303,-0.7510049607672005,0.127747836949873,-0.015162657591928117,-0.038381388424119756
-2.314432452336833,-0.26892241318037535,-0.8570749414621647,-4.879729320703384,-0.5329442622574666,1.095441500772722,-0.49074510687237827,0.16719170263347533,0.9179245522623469,-0.9739243531829884,-1.2023211757711962,-0.07594623374338784,-0.6685824483679608
-1.2677506105575918,0.4590736288370356,-0.25648666322076064,-3.2876374864811075,0.008189109795105854,1.8981197382996062,-0.11688621484674518,0.4548083356126315,1.2142810871043348,-0.2706216303538531,-0.16785718524104185,-0.012291916314409032,-0.16460457824998426
-0.6979647727088175,0.5270490054543028,-0.22703210835810753,-3.124814415567348,-0.09952636968189238,1.1408851821865469,0.15121648884637076,0.2327467313796902,1.76041752561099,-0.3985605189369785,-0.7601289146735023,-0.06749827536806047,-0.3557521682491318
-0.3158444313668749,0.9974969623716446,0.01755411903710196,-2.1501871282509013,1.0069505343449099,0.23238452627427048,0.5136147999618618,0.9374888806487429,2.9100453114064617,0.5836928585068218,-0.6583320632012973,0.20552028222009533,-0.03553480924055388
-1.8164687466274738,0.22553104495991846,-0.05136407201023151,-3.8739704949488964,-0.5555423350244141,0.24424014537439998,-0.3705141818200031,-0.8276971023454747,0.4521136761482599,-0.26944469776677166,-0.9255498118602881,-0.030044308922563982,-1.1763195434021247
-3.156193435242296,-0.1706155943792934,-0.5960389127230479,-4.878883475931879,-0.19545152800416365,-0.5151979653185443,-0.74277988980369,-0.6300900119879387,0.5438087442196492,-0.6837296776628741,-1.0371828174585889,0.04519056719158655,-1.214533772361982
-1.8644300831727574,-0.8154949199452272,-0.9643018169758013,-3.830177843278377,-0.5749203055833156,-1.1341371496634869,-0.685930454549897,-0.8032006974934806,-0.39863240121760296,-0.6091440675442574,-2.004685102975539,-0.07499624764908928,-1.051556509507613
-2.560395559890506,-0.7425135844343134,-0.8293993386201974,-4.958452310976572,-1.1603212022993508,-1.5022437335949184,-1.2316862558852884,-1.3035974337473617,0.1416266157977386,-0.760694041034569,-2.373010639361002,-0.11223353901257115,-1.6785307566195524
-0.5450392276995504,0.5050382785923366,0.06280383412234683,-1.5857723221229387,0.14601695915735832,-0.24733556780550212,0.19524933891836554,0.08954113287075106,2.0891428531518788,-0.10950522773601622,-0.9437534661386677,-0.44817593397158706,-0.26991464948721433
-1.0983795241168182,0.9980947255477725,0.5417337483576395,-1.5615038950063498,0.7288937909562245,1.0222595539862394,0.8660741564641807,0.4908491388193539,1.6343135697032432,-0.2265816446158311,0.17063869101279938,0.15047825584058752,0.10506947237273885
-1.403000020694712,0.9234441773572732,0.7514161269501266,-1.2363524087114879,0.4160790583201581,0.9414417497490325,0.6534611860357431,0.5905445562427243,1.2494715932668696,-0.14813250489843388,-0.13361689592556392,-0.07661466172585889,0.11919079690266184
-2.543299728602481,-0.5245666699887565,-0.3505959523174291,-3.469214049692318,-1.0679052586341276,-1.045390257574618,-0.2886001657197872,-0.9562494483046851,0.07312545652294324,-0.7902702456627351,-2.2763079427969117,-0.041252238285313755,-1.5914228105131123
-2.3357005562263335,-0.00023125557694584722,-0.16939505407612565,-2.365595444671603,-0.1955012332275509,-0.8051524926346932,0.3532603925538975,-0.6703561158465323,-0.06904602605254499,-0.2929289163793954,-2.111299430980969,-0.20131371617265467,-0.5913523784613546
-1.4883234619059498,0.13872404200387067,0.1974748992692266,-2.0818808101619486,-0.31147823208477343,-0.5451326548944536,0.6961969765679287,-0.5595700973450826,-0.5432045336898108,-0.22773392723304114,-1.5983209477349496,0.17125307546980273,-0.7599081617097061
0.6086035828856334,2.1908878099444937,1.7284707849154561,0.9936921470283736,0.9685140272597267,3.167775878590118,1.2259529091751515,1.2925235831569362,4.023368275972446,1.0137113441764893,0.8809226524382309,-0.06189249165097445,1.2983713274218864
-0.7148915064973861,0.9555361399817692,0.6694673615756133,-1.0545010149370257,0.8282706991254557,-0.3806383148963666,0.9539033785410638,0.7824573591718864,2.006890042159551,-0.1555263756207811,-0.6212924760106643,0.1536525522312149,0.07500800176368397
0.5019180662278087,2.034417020349453,1.9877761814066774,1.1896071116926352,1.0602421484049407,2.8248404298702052,1.5073852870957405,1.2854354889101038,4.186630158265018,0.7474771114740157,0.4006430973257456,0.15920689081773157,1.6069784371606588
-0.8554308179393408,0.9087227571874651,0.8378333943709732,-0.9752055774623939,0.5027912004051418,-0.2904136239527724,0.5425363074900168,0.2738872807501402,2.0265083302267723,0.2433252169005572,-0.20825232876542335,-0.01799271138152112,0.010680138660439598
-2.2544427518163705,-0.553530721467299,-1.1595255789848875,-4.5115596450202995,-0.7328459377674797,-1.1248853106227596,-1.150780122428615,-1.2720990882912235,0.5061923967679549,-0.7916026842387186,-1.6667923835199323,0.049395113353514014,-1.5158465885308883
-1.1363925034622666,1.1236162599176172,0.8218865939022767,1.4364257571225367,0.45963320331234075,-0.1479987402366371,0.061906127474374247,-0.23340436710303442,0.5990226070318992,-0.18560638356384726,-0.10125083559037498,0.056238251993329186,-0.28029327057250275
-1.5187459248547546,0.9478287833489271,0.2404072433153891,1.0369613353372549,0.1447328304633912,-0.26180888928472995,0.08013247934532249,-0.46408355089991044,0.018651682785194763,-0.11018121214324814,0.057266569613065164,0.1367819559341296,-0.5001238161780768
0.12446981920783104,-1.4325857756082483,0.15091615211554898,-0.368810282290344,0.22658006851095702,-0.19948055066737455,-0.5464865451013774,0.06127140987819682,0.7161577502640688,-0.8585121257328948,0.1918520210398775,-0.011791736466241036,0.21468227922166172
-1.4642918228761603,0.7742745275826505,0.7810261444488749,-0.13226523081875516,0.2516371410785037,-0.29365380126517265,0.7192350905124717,-0.11020627067734796,-0.09887843418607702,-0.19328033399147293,-0.2911760378556532,0.11810353492127929,-0.27903275669241934
0.13794969861059336,0.9025821822128878,0.4029763730646422,-2.231859025173407,0.6250005012574711,1.2308498518127533,0.47268063124786647,0.6707144354418334,2.1454441823080805,0.7595571938886616,0.3188925939907009,0.09513017794324287,0.42729955922915686
-1.3285533454859009,1.1437266110546058,1.1921234201432929,0.1809991536284278,0.47946828700239874,0.7942562919769748,0.8109031559899447,0.3299707032471067,-0.13936412198779474,0.06181350911553528,0.1107667425016148,0.18115845858326385,0.0807185797489041
-1.499181816019118,1.0877704831903487,1.1876928955764097,0.7295330853868899,0.6547840110469975,0.6312958333937505,0.6810450312464186,-0.060024899163593756,-0.10064680429278977,0.0232704963338458,0.08097428635823439,0.05185197483592982,-0.1554339999744358
-1.6190301982541053,0.23495062477990153,0.2751191768942712,-2.0890852853060804,-0.11178563654267532,-1.9856945529732757,-0.5010135632944811,-0.8939604564950177,0.4466664385003967,-0.4497615024424158,-0.4763179811646435,-0.07119648179453276,-0.5125473042890533
-1.1961084865007754,0.8649067208677944,0.8871200918569229,-0.5414229273252809,0.4694428506762619,0.19288132899673646,0.6136880445811486,-0.0037814862700178914,0.1681998789667462,0.20629410078956034,-0.7101305591946261,0.11066241871281007,-0.27772636554643704
-0.7382194035409744,0.7853650873351017,0.4730264314740067,-1.3199055569908689,0.6134958997749104,0.16501510101732697,-0.02399430629965423,0.6226467709840896,1.5220341560275603,-0.0505988662820568,0.2252595270839003,-0.06106374776715216,0.15649964829544638
-0.5212599201200323,0.8905688818771806,0.5620321798922183,-1.2266008842958962,0.9092122610712732,0.36483437386910544,0.09849741519687494,0.6773054921671023,2.031374144159361,0.11185636734641674,0.19437305714365907,0.14590409638981028,0.15269919541328106
-0.8732637528731075,0.8544818917861104,0.4664664124906996,-1.2844345787188245,0.4790762497968456,-0.33631846191697856,0.020428957840065647,0.4721238831068495,1.4386019431499557,0.06381668623588567,-0.02926793258016315,0.029798799004509286,0.03557874857189339
-0.31692699980611594,0.9892294621578832,1.034102678899653,-1.0709750971094603,0.9744508853505572,0.9841147979266114,0.22509709062649755,0.8477674523166693,1.8945385794338974,0.31319936146700983,0.40478268060703876,0.11438941635269068,0.5059714446863574
-2.310097588880195,0.2560711752607796,0.01911672603985712,-1.803290693610907,-0.15951261419828777,-1.5171525043062868,-0.3613164080565589,0.08512433004306835,0.005868336839290901,-0.24060747604454985,-0.2020866855039882,-0.02864844557958561,-0.7132576749634206
-0.35499795536536527,1.0788168141576981,0.6003393521485849,-1.021122610102692,0.9138274780554801,0.6820731112287225,0.19640777043015187,0.8808628848934954,1.6423671962250956,0.3020890772011544,0.22365047779451638,0.07077714976621798,0.4706987420464346
-1.5515461157583117,0.21008490190686027,-0.3725683619185454,-1.6806263729464264,0.09017426425487628,-1.1855949391781662,-0.4630419971219574,-0.20066511343647217,0.9497144612085283,-0.06718402291441126,-0.696669535751765,-0.13951617839590952,-0.9012749232522526
-0.4676080069194238,1.0168325486437726,0.6645496140930077,-1.2577286045837939,0.7679501581067842,0.5067175521147955,0.015507736312380635,0.7503421716909444,1.7781716595522847,0.35561298827563104,0.0850866725709703,0.01684721363320321,0.2281896678472145
0.297022607014773,-1.003831690733528,0.6322519903231618,0.33342500330725044,0.5375985103069495,0.6767502721280066,-0.13736386754394825,0.6510206246720108,1.3363476655696933,0.2411851244409463,0.2445487344471945,0.10037338913418348,0.5236918554695634
-0.06783198052551609,1.6098593134975006,1.1962130720028652,-1.2678440584257864,0.8895653137221881,0.9011804691489993,0.23631118121815645,1.0498936647197437,1.4127472027546415,0.3198255689051519,0.7524542217882764,0.16220831609279332,0.8069250723854121
-3.1407701024759764,-0.6891764796455392,-0.4246984167738506,-2.090717113056065,-1.488649195428006,-1.3332323839158442,-0.8297995969153837,-0.7296398746563744,-1.0629464982791494,-0.27258294662460686,-1.6199898497755116,0.05317235947302027,-0.7141316234542887
0.7783973519943859,0.7507884366657689,1.573855497723756,0.6943518399095369,1.366702720549785,2.5159664607971597,1.102459278009418,1.0261647723754868,2.2166794111781436,1.0747090607850498,0.8094824325971097,0.08847816059210671,0.927833230775367
1.0128882599779816,1.18759180369166,1.431957189345784,0.5755558646879056,1.504877627164953,1.8189184238502958,0.9849984464540869,2.072065662333949,2.280164334794972,1.4009272244655426,1.0573335487985362,0.046333041964098695,1.087597753942892
0.9820209281648405,1.2236475732860468,0.8472021190035673,-0.022478213151916906,1.1267024196575703,2.7894696121965534,1.3349156658175503,1.1589523616026984,2.2836444958467554,1.1092490426663104,1.1192987888011463,0.11133371555556841,0.9683826834395425
1.2916295329005356,1.0340509773560589,1.8300229848497043,1.3522495441526796,1.4792637413388325,2.3441179206982876,1.7056330390548748,0.744667135556746,2.323630640202512,1.0432051755270608,1.0185546578601423,0.12338511591337419,1.5145002694065786
-1.219397808476351,0.9958161850791009,0.9742659035154306,0.16665160252195255,0.45510640642114175,0.8684480588541676,0.25143820957384166,0.09867372030599257,0.5176335656521327,-0.0739416889116788,-0.28982641260864017,0.11924921936769459,0.0737475508358329
-0.44798197880904717,-0.06653675048560334,0.05151070160791276,-2.8043101727848665,0.20659851726454986,-0.2348585052193246,-0.4884479800415124,0.07059200867415504,1.2665684292967332,-0.09132403157470334,-0.3648932477304089,-0.17626485602257563,-1.0905536244613012
0.5132452606295961,1.7550265897787174,0.9863265356530125,0.6222301572851011,1.05614822083722,2.7119446642854665,1.2741155172175624,0.8869225891767482,2.1016171261712184,0.97535712394139,1.0000103276450605,-0.1682732129911892,0.8790948070880646
0.6550713197604963,0.6115960044134405,1.0461607460343898,1.0827485571160087,1.2929320064740668,1.963184180050157,1.4171645760950116,1.6042806978166722,2.4263160601105644,1.299442385521511,1.2230545748868538,-0.06019655761024419,0.9570427121635938
1.2351657390630706,0.9778772097639737,0.9402902981188771,0.6103183013552592,1.9202968955660862,2.924700150044841,1.8169290322186944,1.2070725915953515,1.7396006040024161,1.126029240457962,0.9628813373074967,0.10053998171714028,1.0937442504568025
-1.8186443739945792,-0.3378318777364784,-0.3781567511187558,-2.235532302964583,-0.24077002890149352,-2.2193778774271617,-0.9242334365901641,-1.0481739695313284,-0.27318496337470916,-0.6249125639928712,-2.0630989704808846,-0.033232479897431305,-1.4089121499461017
1.1299227605547961,1.2616851075552402,1.5600599566226208,0.7707424136879852,1.332268300098367,2.026628953263991,1.2870240356597218,1.0245122030868918,1.8689036828041496,1.0662886483633578,0.8960126238282664,0.08733025355419767,0.8857824099040591
-1.1460315815002344,0.8966722731949347,0.7409666964530737,0.6941467600145067,0.21778609557905135,0.27303315396110217,-0.1017895018231744,-0.3033149746520858,0.6712429135613557,-0.07161814137879335,-0.617498136672916,0.08987483720295121,-0.34412545253729665
-1.2843538949837812,0.6211941012688396,0.765849300367861,0.5030438261652468,-0.08927253816897658,0.1842073642193443,-0.2726242448723253,-0.017235979374187662,0.808871366274543,-0.2542254229246949,-0.48026526352054333,0.010510263823541885,-0.33225365857930034
-1.1573779469495635,0.5493018909378182,0.42019362185564313,-1.3299978280884939,0.4411306393938139,-1.294873827752243,-0.3134294865999578,0.057461553270825076,0.8472869984474446,-0.44794828520363406,-0.390935695692897,0.004723982635575015,-0.8159269047285324
-1.1505590660425111,0.7114803458905468,0.7519551598006445,0.7282756156971059,0.131581358391688,0.20406555381241365,-0.05199808394743336,-0.23655875940289764,0.45461322048678987,-0.05051119109848515,-0.6187142196789177,0.06661310387232021,-0.12324462882294845
-1.8208357149848924,-0.5022327417075738,0.21271174724110303,-1.7726556820802704,-0.1264449627172305,-2.0995623525873657,-0.8876582147139642,-0.7135494265860565,-0.7379870583225665,-0.44725936733858873,-1.6860112358722836,0.04193651709938431,-1.5196207248523
-1.3939859784715292,0.7700137550875336,0.38608707885723564,0.542483009455415,-0.022873901673592698,-0.01933340633391499,-0.39803923067792,-0.3027071790862828,0.14208836158220137,-0.12426703013221002,-0.6179413613583893,-0.012025454928581068,-0.7038007291825488
-1.6198977574121414,-0.5140622964584166,-0.2762860998971801,-1.2385196883127922,-0.6538383439884312,-2.133145825050435,-0.8407581369506405,-0.5118855414110133,-0.6105915305375434,-0.392100746151215,-0.9770060307140618,0.09147406673136481,-1.235848311043293
0.20585186813699272,1.6658917821353922,1.5617552081102302,0.3573519302894257,0.9477244712536529,3.163595326815265,0.6623817334611277,1.5813353779327335,1.570052724344423,0.4381022285247067,0.9476174266807111,0.13515027016401315,0.6854280017678522
-0.14215414549068858,2.1138431491045693,2.6149810401267475,2.771053701927627,1.1031038024902553,0.623476388432189,0.900722393279171,0.2981806532438432,0.44310883559260733,0.21251653752082744,2.957678464106801,0.3003664175772832,1.24834595875918
-0.7529812016640788,1.4113218868735973,1.5141229952633795,3.0875180203651293,1.744407282970432,0.8786369830470844,0.816904073122682,1.416155585628003,-0.5442363700281,0.5756320575329787,1.708510530522714,0.4007132670813654,0.7380898480401892
0.42938740159979916,1.8734219728441286,1.304185527207123,0.3692167021825703,1.1253574722262827,2.7964558038167238,0.9979950904442618,1.2814414362655953,1.630821302530045,1.1378984516098476,0.7752556524731012,0.12440327791238431,0.7473980706159232
-0.9008905719644908,0.8032261875965114,0.245493838524239,0.4833635201646634,-0.27448269752707943,-0.3999394932228865,0.020631648552759268,-0.6822312608072794,0.33901766315102577,-0.4385939016146586,-0.8984763605226505,-0.06771091869075059,-0.6516782962329065
-0.5905739742204444,0.9723327497910296,0.6623467249335308,-0.5603467997039359,0.7042779188954994,0.3253940980705534,0.11147528348619934,0.7901622282449774,0.3235389775725908,0.4101057822381457,0.22414187220442625,0.07813951842797306,0.37823391030439085
0.852772872284469,1.7559840491543421,1.2089106604984652,0.3849960526860218,0.9712446752614857,3.1542510689525978,0.6880689709721547,1.26695820845974,1.197288224741092,1.1041876273974776,1.1080994396568795,0.15181532261324038,1.1922829105891282
0.46103970026856067,1.818703881633054,1.4118326877117051,-0.03013618283956844,0.8149333312678047,2.4799532269166473,1.004829681221551,0.9851109387816136,1.2297335321352714,0.7980845482468918,0.822648411266661,0.10851933884279166,0.8180310143033664
-0.13410765016917148,-1.9475246661337506,-0.06457702845438489,-0.011334424775042021,0.26970736928853317,0.8114309912257724,0.03042651803387946,0.12110738275779617,0.22972571282285367,0.38158623567368427,0.24341933103666324,-0.15026222125316666,-0.06262573787994265
-1.0909163734616918,0.8306371963388908,0.6990036960041873,-0.7672473680885096,0.538009731626759,-0.24922478606639842,-0.0056339192861276765,0.3004706593677918,-0.027392032606035715,0.389667940520966,-0.6477406000004463,0.1684384546700555,0.07710939415213147
0.5214258171095408,1.7061809392873617,1.011272102038169,0.1852930184916799,1.1186272849838454,2.987440720233135,1.380706124181031,1.0803580840182905,1.9362738804444153,1.07969625060964,0.9625421647008301,0.0451893992820341,0.8043454773682687
-1.1061429117506163,1.065135892981456,1.0849870123799579,0.5664530469296085,0.3773900689236405,0.4509551108690599,0.7015229345907251,0.4054914570912822,-0.33004034111405595,0.07251889265064776,-0.28185501283940134,0.1451696711173281,-0.21669453243155865
0.522968558752392,1.870897844585189,1.5492026498124085,1.0369696557651173,0.8072191430695562,3.1191507233901787,0.9735288895609683,1.2674971706226157,0.8823358311209207,0.8759198075698483,0.8190577308347243,0.05592925459017125,0.7662368015593126
-1.8627835748008346,0.2523751091393125,0.2757578811719497,0.6857170930321119,-0.2520778163206867,0.20589962550490692,-0.4645024735563331,-0.5658531303781394,-1.4674329355832496,-0.261867644619714,-0.5187709609721787,-0.40249616764227136,-0.905654133925111
-0.9772923050018858,0.8731980994126448,0.9589509344447611,1.1703105645901004,0.34084673307680824,1.3610708655898147,-0.03087949047874039,-0.056726840803296125,-1.1167355501951857,0.10867769348512721,0.178063752696746,0.23342445864600858,-0.06911225344520067
0.7715728145566149,2.523922249627714,1.1050131370660128,0.5866591266175321,1.1072162353299149,2.861720099781847,1.0860780536983574,1.5540855831458853,0.9871743028440204,0.8793696384853686,1.1148779163323346,0.0704924998579858,0.7454759494220423
0.5683603786635731,2.127015934839017,1.473286236759999,1.074069628046774,0.8732208050649043,2.4202916747222964,0.7109538981429717,1.6374840933410448,1.4088043029156203,0.886422307259248,1.353105254197079,0.1758676859070287,1.2661975260466958
0.3461032901543917,1.747632832870198,0.8849342852711889,0.3627131982344305,0.6422873373145963,2.332583072068584,0.2287834178201026,0.720039660048464,1.7889807697564055,0.30905485038283387,0.8668762847936402,0.004669458898715679,0.3370556181157008
0.3788679573087333,1.622094209147617,1.4877767128373183,0.850768656757039,0.7257504296577018,2.6999283144783437,1.0928302537688672,1.1881545525670258,0.9672942183782447,0.8614344315572331,0.8218551499626808,0.08960548720710595,0.6806668315263877
0.2267031039804636,1.1989568343525754,1.0166151618908361,0.7353306747766006,0.6927676865171333,2.6134965478124403,0.5367400075790163,1.0788376852445718,0.9484968012664469,0.5025590953142898,0.39144808157916283,0.10957426476809709,0.6727928440875584
-1.058930959910568,0.7059681915212423,0.6829455985413451,1.0919638694088079,0.18920430373296973,1.0311548793538372,0.05389421666868857,-0.36901742354889105,-1.2089601272841295,-0.10941675580624083,-0.16423302604040757,0.08534510285515963,-0.1914734837066175
0.49313908311021,2.0946268329489977,1.4055295433748205,1.3423903959165584,1.1477857426106415,1.5188789309245634,0.8330972874982078,1.2401109810636584,1.5013915020310216,0.5805291266798872,0.6537714513832342,0.0980385515854385,0.7102751854915793
0.32900700046965436,1.6635200161761083,1.3184946823828956,0.6580003621315376,0.7249195286522931,2.621183099668576,0.7637448855411879,1.1464906455059019,1.1745328239434294,0.5092373899768832,0.6396521184127779,0.08753768021525385,0.5945875014814861
0.5551895473819849,1.4837969937294513,1.0635288614872844,1.1745496732247478,0.8995065707110592,2.4227190549927764,0.8867186799735971,1.6994172649333872,0.6254043723477261,0.782490816786368,0.8719700289729779,0.12018282171545741,0.6917575588755105
0.12264843602147371,1.1667526895964206,0.9987172707884263,0.7616167597689978,0.4952852305839769,2.4566748284636484,0.8209455814168581,0.9963654980808495,0.7089837362156768,0.37205042679225,0.05796415040450596,-0.07164498345202047,0.5905031765578315
0.15164011288123824,1.9054424617693033,1.340690844613645,0.5930310686796696,0.605181510812189,1.9442107198358924,0.5258329554391091,1.2856754901974152,2.45457677182638,0.22710689001173406,0.7481283904529279,-0.02297935946818662,0.4112364165081333
-0.28000351805550366,1.0930585225930232,0.844189450262218,1.2786002575637156,0.8024153997216169,0.30001647254762537,0.39070306276928424,0.7189754979110633,2.206252561485808,0.49802799466842157,-0.3150199329237351,0.11549198569911018,0.2599094510642397
0.24554114111932007,1.447462651363781,1.1933645632180077,0.8265690201691661,0.7981393524805189,2.3268452059200753,0.8363188157900651,1.3802274294696852,0.802918972765199,0.6692199455918224,0.7352760084974581,-0.14804956696979296,0.3190896904429731
-1.7808704056461444,0.08138504374875784,0.4020205254607007,0.8735755394347424,-0.2728092568088323,0.26271717176695053,-0.548344134909049,-1.3936188697896434,-2.546607911364797,-0.3943669435850137,-1.1725473000105315,0.13061887665082594,-0.597744128321194
0.2127758852770139,0.9835168613431355,0.8119681542190826,2.1818834676686674,0.8639720304699667,-0.266812128526055,0.23562231830424737,0.941697564518803,2.0272944620520708,0.3714807889512224,-0.3631136304967934,0.09556419192800401,0.5044782781869999
0.5990259771074893,2.187940740613332,1.4586655393434274,1.8278137956673493,1.1366674037914752,2.11688692079249,0.5366203235006994,1.1403658804315555,2.5907850679475812,0.13827035986973626,1.0190550887672647,0.13014084786176675,0.823826372649831
-0.15509364098258727,0.8284364634193483,0.7309116500295285,1.9070061942039882,0.32540250274921884,-0.5186140313180578,0.06979299324668113,0.6795131792490268,2.340843470790423,-0.272035311840785,-0.20408909373088835,0.05444728203117837,-0.11585998079946459
0.1445944638692568,1.5058764281408452,1.3037370794804561,2.190676174792978,0.3815430061332882,0.1901504333374195,0.3880416127245151,1.0611967548314067,2.896336011252521,-0.16008176602112748,0.3464979012191503,0.06241598689954527,0.0007399835758324307
0.48054093568378853,1.8791887792272293,1.812456638755587,2.437498970334935,1.0090067306784396,0.6623115885764777,1.2663728633215139,1.4355600950662566,2.4565225731069225,0.18766388394662906,0.6466136929553211,0.0382860361256948,1.1413370818652524
0.2543286476185959,1.4518921464322025,1.5016700216232701,1.3521110757398942,0.49527439453018207,0.635274435822438,0.3896252520532451,1.125498201153241,2.307479327475238,0.22616725763668205,-0.054696760659571776,0.09550603896172512,0.6506255755806344
0.4334673595547469,1.4087834549170088,1.5157400054686394,1.189266925738711,0.7071365936322969,0.849178312217765,1.3578760565134382,1.1821751503457518,3.247456673513064,0.34620895762669135,0.7253980730292905,0.009864464477480548,0.35762018620657426
0.06267305464380331,1.7715450345585122,1.5208687477005236,3.5141300228248453,0.7081453085504473,1.7187543438990704,0.9673774617390399,0.17975788588169966,0.038954195074944034,0.2515765971747331,1.459874404610083,0.2957675939306826,1.005354248291502
-0.09904784200958817,1.095301634435956,1.5084631140881943,3.5508226205777857,0.7657351458233054,1.61498962675273,0.5869152206503914,0.6711638164305541,-0.3306152899045263,0.2616120482368732,2.4320794756757103,0.1813891872028922,0.7038826050614524
0.19565974086781754,1.3397250979745552,1.2495466470682164,2.615234439727177,0.570051883185903,0.7219226497618689,0.722668060771086,1.2660575320437135,2.0561808366199132,0.23430211431036396,-0.17286939205006802,-0.10102283527764187,0.1931084092773702
-0.2896173298547766,0.9749159584111635,0.8198828520625829,1.5057877252369913,-0.11652768307352535,0.224222902385518,0.10679243198065606,0.8983918095439568,1.7455188605127236,0.1972904705664972,-0.18518281836993988,0.014636526100027228,-0.3024496450771888
-0.1883683537293431,0.9641289524480496,0.8695741384623883,1.41229738379751,0.12712412346025104,0.5917563797787041,0.18982168428755036,0.794588467977786,1.7195368634433381,0.16430181995499876,-0.3471539803139037,-0.0630714114336296,-0.054326604373442694
0.11165823301507372,1.2814219979939259,0.9392407140968779,1.522729314625677,0.09809909785735524,0.5750483723636717,0.2754451429802509,0.9121385698527514,1.95720948982557,0.26045149475956936,-0.01330218801339579,-0.11099214564387995,0.05242798534221934
0.09091223743175045,1.2027047668687172,1.1083859602620616,1.8469998356094584,0.13914962241891773,0.6214303948675904,0.4039735406745844,0.9445052819993968,1.9044308220168267,0.13862393243962673,-0.582343439349594,0.013077838626793618,0.18815863379225561
0.1129251265820736,2.2474965294988625,1.5118421502866681,1.6031975083632606,0.26531051098886466,1.7199265106938162,0.5507876664720892,1.1909344348740865,2.0976329711669437,0.21703301933154273,0.37631138184004365,-0.07075366097424789,0.36707127319338445
0.5037603242017539,1.602241543769293,1.6343836683653192,2.007934927819815,0.2131146981431326,1.3272423877269552,0.7875511149822785,1.3235262570199042,2.1926430418991694,0.3124685149039662,0.6365861609495349,0.09311400217599144,1.1029916453505093
0.8811194650368347,2.079036664724764,1.9007939564017577,1.7661926995905946,0.38914449503645276,2.4796809311775077,0.8914862438187833,1.8099109445641648,2.2587199459737173,0.3478634535748926,1.0101186661634385,0.14841899741078823,1.2842564237252292
0.06602279784804622,1.840450288190429,1.4407393445579024,2.3891027182092275,0.6077339544796592,1.3348343264909146,0.7260515532612852,1.6004624322134382,2.3872981266542856,0.28922252238779855,0.5190292749041693,0.009294438169907073,0.5758642546915348
-0.05972505747185405,1.5577905345772811,1.017267423191418,2.4780060085592175,0.5745766385251448,1.0423532119591257,0.37822407311423584,0.6133969157282264,1.6950715263808764,0.23153567664480448,0.333982900057583,-0.18245453312527382,0.2167108065386615
0.17864757984669655,1.7417157172466007,1.1370595383276747,1.8944477315107353,0.37735564626546364,1.3144634485601756,0.32724064445304163,0.95697143770625,2.416321418894351,0.09700607158554103,0.47352645930394327,0.03893859040664713,0.4683167753410009
-0.6368966370546778,0.9413784336278006,1.102731448272502,1.6304446264687518,0.11637997797742074,0.7499563511605892,-0.3377526843076986,0.015991574639661537,0.8725788936432868,0.08337384414393466,0.010825980153555712,-0.30733956691058767,-0.2551242341623745
0.7437209698402633,1.5846509485153686,1.402929502817181,2.0880037041854425,0.7350364453107529,0.8091249480028634,0.49786027775378866,1.1063983351550997,2.0138115694208287,0.4114241166518895,0.6601936478630845,0.09845609161252573,0.4829566958976081
-1.714110267967917,-0.012193163220460304,-0.9909241274226867,-0.05178046034028125,-1.108974577681058,0.4483738131189925,-1.729171600873944,-2.029355254717068,-2.328898210670902,-0.26184323072019544,-0.48277985571961235,-0.37535795650082737,-0.9595674392394721
-1.551141490850391,-0.7721713034244667,-0.40851282762208346,-0.626825849086486,-0.6776946703265678,0.21324424732761038,-1.3787632357106645,-2.360511897384809,-2.2088972226649313,0.15170130443267738,-0.39263928065645615,-0.164667518424491,-1.6779233698443403
-1.425127426051638,-0.12352863554299491,-0.9713464180481002,-0.6154305102854655,-0.6905729874140687,0.0658523366230333,-1.4068794070396367,-1.461240742205539,-1.5721055073728267,0.06717218101516152,-0.18041282514834567,-0.23773265448709335,-1.6543284956640043
-1.8460709820359225,-0.415049648653302,-0.9233934375263441,-1.0305164055399492,-0.6740572580917635,-0.27503272829447983,-1.4808615175401791,-2.435652829756081,-2.4655224567424083,-0.24913690472125202,-0.7588039601074223,-0.6623255826181008,-0.918733368367474
-0.15096197889884932,1.494291831389483,1.011228188038286,1.676090273397664,-0.17683182095901837,1.7274693811834896,0.26189680616836997,0.13900222839787585,1.1134709867462513,-0.0034943906983568493,0.6070408419982737,0.1281377726317279,0.5439170424008949
-2.117821451426587,-2.1707092007766993,-1.2785749856946578,-0.7740857776523468,-1.0420091135023781,-0.5799034503738706,-1.8754834901158597,-1.6709795086616133,-2.154864314799197,-0.32479715513556995,-0.5349827818676001,-0.04051046398468309,-1.154877229036453
-1.8651934937698142,-0.6369221452251078,-0.8711009763967658,-0.16809997722351308,-1.1897595691432554,-0.48590840353009607,-2.1323047605643253,-1.736463070351941,-2.5476380681070605,-0.3516032234517236,-0.6040073449645811,-0.23496278050614305,-1.2869966715832966
0.4944726711576288,1.7257951808244816,2.1450557564012707,2.5072627804019594,0.37430590674695063,1.1290304163939113,0.34395336855112385,1.4642860442425847,1.3523693732754332,0.656951658275599,0.5295644191296824,0.2251974208766802,0.6895399031213796
0.1929395386504217,1.8673597979033363,0.9737626677270357,1.5959634102249725,0.2869507832173259,1.6834122161815557,0.7443091846811067,1.1885351999140243,5.09400996790526,0.025528888401006127,0.5261175085055746,0.11636483807866976,0.5389624394512631
0.18673587159150173,1.2853459920046018,1.5368478977121411,1.65391073439322,0.36429491757415233,1.7063338887960546,0.6016779272466533,0.8043933858784538,2.903814987845383,0.2319691444757497,0.8583505334196763,0.13807898025274165,0.7109672951602583
0.6665685759228652,1.8018455813587124,1.872352079128743,2.175548748669422,0.4184143673525085,1.311936513668495,0.549677266086348,1.5108008339809667,2.078303628780931,0.2278194632614031,0.6053582228452434,0.16696326750951496,0.3967671210972023
-0.011283707011801295,0.70116777948466,0.4107730470432175,-0.029584961378326113,-0.4242266731610935,0.8557249096677535,-0.015528325282244312,0.34919145444821964,2.923688986435429,-0.12586816943043633,-0.08743933178070518,0.010389062788130628,-0.07469806951884579
-0.6418843056266714,0.1443668091524806,-0.2823921249553355,0.12341341820700714,-0.5889206258274824,0.4836095187673344,-0.42787904460138343,-1.203498526368187,-2.2265664938625154,-0.234745672088013,0.17970687857208156,0.185790058593007,-0.4406624586060126
0.3630327634228806,0.9778846197570158,0.6141941430864646,0.3673956609977822,0.09154440530575819,1.3807314634188597,0.47243205507544583,0.7558757108843162,3.5001731442391044,0.008602679190225924,0.5212144596378008,0.17168412795342114,0.3655474088154733
-0.791087500858638,0.13241949713892404,0.19893599586147392,0.5838458486025533,-0.3042411666358304,0.39884125089065886,-0.4727039607645325,-0.8467707980020592,-2.04829497501461,0.46692329500129254,-0.029109185230400784,0.14801211173542672,-0.5291377078255431
0.5715545338123209,1.3662385688923917,0.9921699430167471,0.8356733278730988,0.5030890635957219,1.6212033910017152,0.6650027373254612,1.2176013147023814,4.502729113251489,0.11358934721133382,0.6764627484508996,0.1471312501679901,0.539027533119596
-0.7590012403608609,0.10862367264978182,-0.6233806357998402,-0.2870504238135699,-0.8493948393465125,0.6356032944439599,-0.6111916599541696,-1.5289797814379245,-1.842985658640973,-0.06838082511340174,-0.22155244384349004,0.1574187075931371,-0.5651891499654286
-0.6404384525792879,0.3608139378277378,-0.06142730790811278,0.3391884480183944,-0.6455379198589878,0.6891463464881397,-0.1871189379107413,-1.1359488951637309,-1.9267848596054442,0.21194479232912672,0.43968765793523445,0.20881525317672647,-0.26361283418205045
-0.6510537875120321,0.032141284795684885,-0.4552347622998059,-0.37337256993529294,-0.8384322056187214,0.6366363716394536,-0.7506713836252068,-1.4293856064649302,-1.642883952116697,-0.030056471697623908,-0.26192471203601186,-0.09722517324016523,-0.4169375210550304
-0.7765359633886773,-0.022353728236630607,-0.24077897757447028,0.052800187062886056,-0.809047114826325,0.478908201800142,-0.4697829015997963,-1.0361922721626857,-1.897386491609116,-0.302531582785046,0.2903522410016092,0.13951059238674737,-0.5145301370540012
-0.5936521083820198,0.06343138033006762,-0.3798172614687227,-0.08229749228029208,-0.6632213077797658,0.403045098891792,-0.3402378414462631,-1.0459037177233645,-1.9681343131791802,0.23467817740514876,-0.2191219923872915,0.19118070088171712,-0.4246655070755839
-0.43464488838178417,-0.21000709420846153,-0.033849573975377224,-0.6005718076102331,-0.17438156220182363,-3.9505521899523837,-0.18194549070813484,-0.04893246752766168,-0.968345422943821,-0.1965728619285963,-0.2077533437204288,0.02494135058096916,0.4020311161197927
-0.4352294974846557,-0.3683153484319337,0.1206712997806931,-0.7809381847465153,-0.14773019283802977,-3.4647987252891626,-0.049131631528079076,-0.06894534125057468,-1.22870522929252,-0.15552460013694752,-0.0480939921227077,0.046720068126839244,0.4104830381468249
-0.1851226791114701,-0.12321167425769902,0.26500022339052526,-0.5325079252176348,-0.05730225771820802,-3.3929972089847755,0.02441436688674404,-0.05920414395539816,-0.5741768606784494,-0.10598902965145597,-0.05279612906820451,0.05028633240183505,0.33484307774187383
-0.1507966652226686,-0.23480910104647684,0.24527475690986542,-0.4661598905363484,0.0120341640668145,-2.491422242512668,-0.22485387346228686,0.25516732624731964,-0.5787882402138267,-0.10405052393312667,-0.21859087657674936,0.032342221807403884,0.5677068658593473
-0.22005124846253443,-0.21322974113838022,0.4065972275543026,-0.2619760172436427,0.06513083404085283,-1.9762232924219123,0.30438489046154754,0.4283704722972794,-0.2995551445557633,0.029146227451403543,0.3776921887804444,0.06939710176912034,0.6728033728737175
-0.5185319865720037,-0.6334121658032141,-0.2208991014884992,-1.021816673819234,-0.412040990496106,-3.7006286968365822,-0.5532554142818682,-0.29107166540213963,-1.1855280269956632,-0.2871227514710174,-0.25992130145171866,0.0018644770573721043,0.05613134799085354
-0.8684559281933536,-1.4714416627104705,-0.6850298480047947,-1.1928938312585362,-0.84223388836137,-0.35767612739492005,-1.0284796826422418,-0.460907933309726,-2.288324070969182,-0.4678072428273865,-0.26284928445083394,-0.12110221698013555,-0.846756895651989
0.21626154440765583,-0.22781699021812526,0.14240135083906358,0.5053570479144238,-0.0925607276045614,-0.018938700237777033,0.08442465297256915,0.21233156144644866,-0.5030504579055639,-0.24807848609104344,0.06943868949336722,0.02919284539711146,0.3574428215943691
0.20181108864024278,-0.1475073902055414,0.37195604364180723,0.878518002679468,-0.04508831507500467,0.0823430145901835,0.044521344394371325,0.39162571756324405,0.7566229807456126,-0.17760759534572984,0.33967897127822244,0.08278492565628962,0.8483128307299272
0.9582544689179243,-0.64616077019445,-0.1763521886311678,0.2511734238779173,-0.13395696368353022,1.3070555078685802,0.1319394472146976,0.08051096572152645,1.0546815055575118,-0.034250282132480714,-1.0366491733426746,0.03965147952471547,0.6017076824812425
0.4426199718800166,-0.1402078327911698,0.1845380165782343,0.930437206699927,0.07815798396943141,0.4432642102916723,0.15056036108354515,0.48385673252335315,0.2596186321845743,-0.349770965495716,-0.2353451257707396,0.06418794650675012,0.4363368965612932
0.13358897197163774,0.16383025191724296,0.6649895247612664,0.9061015902728669,-0.08240257241659688,0.7311858096361781,0.04600840723866398,0.2778774852000383,-1.203260092471416,-0.2257784188145566,0.3887210816408818,0.05918199703356045,0.3081204544170761
0.7081216950008336,-0.5870817137732067,-0.45075394624326787,0.32143657183998986,-0.09299264186889752,1.0445862815598956,0.050106129423301254,0.23870049358552542,0.8775568359029581,-0.08872533181682227,0.25956189427757637,0.05015540239970299,1.0871283353122676
0.30517061886662206,-0.5340905906363492,0.13261241058508555,0.39473105801243547,-0.13709088538281838,1.1373739512694174,0.14557303236875077,0.5288142170638053,1.508580423287219,-0.09882554907688058,0.6709026630548761,0.05970037230807863,0.5344412575887205
1.0977051205977075,-0.24707795913357078,0.19145542460105705,0.8442074606096788,-0.17359237023732726,0.7978649477262257,0.2998788613678577,0.011083103864867648,1.4177335061823637,-0.018986929088003132,0.44504829533579243,0.05584531099949435,0.5964823778542794
0.8932927930405516,-0.06891361955320467,-0.09739684856781325,0.8111632762970921,-0.04858338877481108,0.7611522295869265,0.22548664379632102,0.03285958477063103,1.0902399007913965,-0.1141544563416392,0.5053761653000642,0.05260161099877817,0.3834354888740927
0.3634982162293617,0.5806663524152504,1.0143359113404424,1.2204940891224478,0.31938698015861294,0.7001876194568144,0.29531642227976895,0.0911725632609645,0.22993237906653022,-0.051124437653407934,0.47147853509561766,0.08926979984829417,0.6020709013646571
0.513194250157491,-0.188147210883908,0.7031095710588203,1.125299546198738,0.037949678389769405,1.0700312269815346,0.2952573029665897,0.5303457024335188,0.3879956417447991,-0.12242299909936277,0.6401322955012115,0.10329069027431416,0.3702321557930877
0.2735227213962935,0.6170028667599481,0.7265744987264688,1.0266922568897199,0.08242143844642356,1.292087082678659,0.2581678978990143,0.23754870099377712,0.08887263632845133,-0.2373846545264435,0.831891728832852,0.09433411491853698,0.6081742870642078
0.5270798045743464,-0.18174892666723794,0.5718226862894112,1.1246341797430066,0.16025097484765058,1.283144163586872,0.24075176014978872,0.2932339337364668,0.5737209257136822,-0.12397489157194899,0.4828470328300155,0.0879771731343741,0.4751265617004699
0.29587284836219635,0.4955701434710581,0.6972425164719528,0.87692875679259,-0.0694260655889391,0.8387206013032441,0.20520466246538682,0.07870473238872364,-0.393420573435465,-0.40198363149900807,0.39170763047968243,0.08531340696978283,0.3760487208955195
0.28723369230981927,0.04933648633304975,-0.4138049680651683,0.6064888989420917,-0.3714433019582389,1.0103006714044345,-0.0704640287356193,-0.1794173515281485,0.5969169590937801,-0.5693186286810993,0.20294946059170696,0.004112163402864355,0.18368660768752706
0.7226592832379457,0.42879991002639556,-0.0007507646487405761,1.1902296430397028,-0.23588932549580932,1.604934963327315,0.3515825801699734,0.33924476480473653,1.2756298233951542,0.06973985517035332,0.7957769805446474,0.10443521912707679,0.3453231552833069
-0.31385024410905316,-0.3757733702475929,-1.1777526961023816,0.08443268379713925,-0.9024388062346004,-0.9708021585795927,-0.5792990804652478,-0.4537683107903124,-0.2115864282789537,-0.21813955817164649,-0.7834046684849698,0.022543621110833315,-0.45910928697920284
1.1758353778241306,-0.8867786050408096,-0.4834324004925372,0.11112056365288384,-0.18617989619488887,0.6825148329242237,0.02284224419285445,-0.0017826478127003097,0.7932567098364234,0.19358337280896698,0.6858087266143417,0.02294574396270843,0.05621778157255101
1.7109078783386693,-0.11857482440278139,-0.31066706084956736,0.2885711476576722,-0.21618328294665046,0.7707029290199796,0.35877707841831985,-0.00260329478368594,1.1292322652083309,0.08377070623449986,0.32700737319990153,0.04148693686532271,0.5360885442495863
0.6162523412578997,-0.47833903130299116,0.7108019477046198,-0.1670708364675132,1.3420255660374338,-0.02737004901153142,-0.13399373142488497,0.3223400745496878,1.9709191006251305,-0.22541451684910715,-0.330325497849327,0.05166200786880732,0.5830057600011221
0.7258621973823755,-0.4911929818731731,0.7972809144668281,-0.32693269662209773,1.4500451057937203,-0.34308633142771827,-0.1263979817150783,0.14122550219995908,1.9883050817936767,-0.3306484947219077,-0.05062016707741552,0.05391381293017832,0.7153113709704486
0.39597202198010784,-0.5025784414551326,-1.6286607812619252,-1.6619296036947828,-0.3073708744773953,-1.2246744136455368,-0.2640129525975013,-1.0974310773362717,-0.41025382969321467,-0.030050967071567576,-1.4129668546669807,0.042247129064053236,-0.3264504100679835
0.018875526215156795,-0.5506157860573795,-1.7150134982482999,-1.5710683574672373,-0.21074282986202483,-1.1254051975996442,-0.28775777838296346,-1.213203075371502,-0.5017450401228335,0.11647680218021073,-1.2355044759700025,0.057553127287990544,-0.5607176305679602
-0.5508399319783266,-1.0489938729683246,-1.7200358188932299,-1.054195781898064,-0.5543194201287246,-1.2553901807133419,-0.45276397742124047,-1.2771504775289857,-0.971552602563881,-0.2334914851072244,-2.539365693882832,0.0024238699617692267,-0.9149692833718535
0.2979530935711874,-0.7176081793742358,-1.8359555616077141,-1.3643335165973987,-0.5602664897195064,-1.5192689098961032,-0.4465454040105558,-1.5001264688858962,-0.2219182131465317,-0.2457006115111936,-2.3012584054651146,0.016196218768600456,-0.6423502096802822
-0.15109647059127573,-0.7061629976991874,-1.3012088659064225,-0.6600292875835051,-0.493878689303011,-1.5191162861446434,-0.27270664402620043,-1.0577437014976103,0.37153059033107855,-0.25302419125904435,-1.5063105165554829,0.02543068878300906,-0.37298908643773754
-0.038759748648670996,-0.6487640878258065,-1.3561126411609197,-0.11856568842738252,-0.47846368305747294,-1.1991715207476064,-0.4399765539340055,-0.91482349261939,-0.11544472604213905,-0.48710324178294595,-2.0263636162395895,0.002505822980569453,-0.35840630572534987
1.1651420432611161,0.4596397490702415,-0.026725415424443795,0.9908816530320066,-0.25025464098473704,1.753332132272578,0.43255590562191276,0.30135010020057174,0.8936453098951217,0.03879152305941606,1.1467029882807076,0.09528554596731238,0.13553316467752063
-0.060639471359576896,-1.4777966784714314,-0.2012431461759843,-0.3853085838731689,-0.030388480006561896,-1.1136272702073784,-0.7598370551496436,-0.14229577912379887,-0.1564589924493339,-0.6782399137869165,-1.4115547451891728,-0.0335438834950845,0.014141326341001915
-0.5080742484835596,-0.35193942597808525,0.024203606949498233,-0.6607579276749554,-0.040240576124180916,-3.509206296475085,-0.22335255852447722,0.001594644249158225,-1.1566430934634993,-0.1433589429689002,-0.1607877590605575,0.066198687565306,0.16221206853994066
-0.5494026573858637,-0.49756950351603646,0.09842648342807986,-0.82439757485279,-0.11932635271339682,-3.464170255939632,-0.11154758372770932,-0.038855299622906944,-1.1562922667662818,-0.32096376846570307,-0.27962282669989186,0.0312225890798598,0.4192803674819879
-0.47569757816679265,-0.14555864411561445,0.3430777896892848,-0.11804409274288138,-0.031963810804558686,-3.2971609958115082,0.1281608996203997,0.12543167037190864,-0.7660794932039506,-0.13527010541616213,-0.3039059624789904,0.03865637100237012,0.5162972120556515
-0.25723101991461594,-0.24114215949317439,0.33000900776979203,-0.2068600751097418,-0.044844717081998386,-3.072890517927266,0.029807514241094544,0.12941792287630965,-0.9461387827105094,-0.10611289431729046,-0.28709242197012314,0.017776418249898937,0.5441162130684178
-0.37957934301605234,-0.3745726186162533,0.4000479989293185,-0.1262547130398969,-0.11532873382753071,-3.062080369408035,0.15248214916972855,0.017086340449491758,-0.8538083792031588,-0.05436910834189301,-0.21253390016875023,0.03753734615903039,0.5288076441367674
-0.46923903707182035,-0.18379581435881037,0.2567016878217046,-0.27566564194263055,-0.05803626088128011,-3.2099728620828443,-0.10801176787612754,-0.06890280730854198,-0.9278247644198642,-0.28122111110766934,-0.6067471928467665,0.04262382082744604,0.24606720860258463
-0.6706863736886428,-0.9015898701535643,-0.046468874503625586,-0.8554607699436343,-0.41681240089625743,-3.5992784820762203,-0.46284608106465175,-0.4345398322686863,-1.3190302869721522,-0.41463571469299493,-0.5871140431752429,-0.023261030368610353,-0.25834880654105097
-0.04747032948252229,-0.07898213801077666,0.4200875511959505,0.046242902124197155,-0.09376970817153862,-3.063355853830645,0.2196009029763647,0.2240753833659821,-0.39186716004624034,-0.0405906777107157,0.23307604595630732,0.03818494624096074,0.4716555950731142
-0.5012710059105625,-0.4690418780719241,0.44661499341898075,-0.6439320234457653,-0.09843244111734556,-3.6149272236150387,0.09447955931329889,-0.04748934152329132,-0.9204626981947676,0.016688198043136995,-0.16795081363292408,-0.008349602263834726,0.36702723288675776
-0.5421309760652688,-0.5061898004823726,0.0667271435977374,-0.6343337054801588,-0.16904402017425232,-3.5739509867488723,-0.11700286615704607,-0.11085452177626495,-1.031552668233247,-0.29526428840640506,-0.4406682723930054,-0.02254428131298888,0.06302829801816387
-0.3295937065661161,0.6207472362829785,0.043155399442702164,-1.112635900572253,0.4327819404042222,-0.034588292131666115,-0.4132143513705684,0.4454125131477809,-1.1393214426996805,-0.3295490954273069,0.47946335774096127,0.058955999197334866,-0.09311800365517336
-1.2198835408110686,0.1747965564868516,0.272659448316683,-1.337510611561334,-0.06091863509552139,-0.7067611405556091,-0.23139222181350405,-0.3442507411492988,-2.075093087570794,0.3402399477792075,0.3714965432437345,-0.01202185773549403,-0.7373362839312498
0.5211145882251569,0.46407574818909375,-0.08964371498906984,-0.5699690680674071,0.6891681766111611,-2.622039138015566,-0.4445536512314965,0.17655528326389486,-0.5400961281692918,-0.1509182330722817,0.20733246302878902,0.07133930600506981,0.12457180639703022
0.5145944046919855,0.5312091516245468,-0.1586705879623898,-0.542158529189829,0.7284689089252303,-3.176012438875364,-0.2754481186311589,0.13401765716029335,-0.005677092695970911,-0.10761852510506281,0.26226130523149754,0.0868431011690861,0.22801506935541205
-1.2777245377159367,-0.12774816384978802,0.09833398297325605,-1.5235117120212978,-0.27535053244688457,-1.005405324686629,-0.7384536582133214,-0.5322624667345858,-2.1817799402752684,0.1854766822637368,-0.20198729200987145,-0.07528440540656445,-0.6405549982557487
0.6699763218512655,0.9346230629531461,0.4909695089083268,0.03628935365316767,1.3553503249104442,-2.126039330800478,0.14277316692285233,0.6854016257449985,-0.0316419469927334,0.3313015765106926,0.7511550390984242,0.12080360746269829,0.15301073862808856
-0.04372379179953396,0.5051781667647366,0.3454656579247159,-0.1360255948653341,0.2788731447395143,-4.304867191600562,0.023976835733693556,0.5165350480023255,-0.9041144918404621,0.4240961645421985,0.24091751443907722,-0.1622950214152742,-0.5433393226962331
-0.15996762977318005,0.34350583331348994,0.14168692673841077,-0.3412168977575171,0.3580288133053626,-4.465533645980113,-0.24572240361012515,0.2182605718027076,-1.1539674472614811,0.31840053182742045,0.08547440836516514,-0.138517998548535,-0.7522913341883881
1.187747587270569,1.8844709014124237,1.198860764280479,0.4121390123059973,0.8268286803871807,-1.6110232209434945,0.7400632058284506,1.2148298536384634,-0.09562633747778215,1.141513593534991,0.7705996413658269,0.12070405974259807,0.5280528141809109
0.5693688003605026,1.3722497290776423,1.2148097464164147,1.4088122215551426,0.8640470452306586,-3.5212252413786733,1.2413947224891226,0.6959440963463082,-0.05356833731005395,1.0480709619869268,0.6433380760780225,0.36189980688867046,0.10560875055509523
0.2609989164122898,0.5104677766696034,0.31271200009414707,0.02445549472338616,0.3010235241904027,-3.5356433497726303,0.05845308620637901,0.7088240975048394,-0.8135143478990844,0.4432433494247703,-0.26982903350765497,-0.014195109736174395,-0.46139319822709585
-0.415341424981598,1.189522647858442,0.40761773468305695,0.40244837625314367,1.0201164765591324,-1.8330772282509136,0.23413575700277248,0.4189014068220018,-0.006881936560384827,0.44859067421432386,0.5126278766027341,0.10662013753420777,-0.03490944340048981
-0.5744496515274256,0.5540885763426521,0.30726582743486197,0.48210573368886905,-0.020964529881667818,-2.693221703082738,0.012024963539507596,-0.03455946646165104,-0.6604916340148903,0.5011040417151524,0.11404192435555159,0.058687038491479986,-0.116106324665145
0.576601859630189,1.5669263919334238,0.46421563631777346,0.2555541474206581,1.2346396707958123,-3.5608253610072023,0.27263002459891134,0.7021841558581217,-0.01072267617305943,0.40620371108098585,0.461209627361968,0.22615233034930307,0.6261895860581554
-0.4166264474459199,0.058990214193343306,-0.5778878933116275,-0.7673728945683173,0.24359239816510433,-4.943624145564519,-0.39136409722346177,-0.1183940023760725,-1.200103452103471,-0.04091420669781248,-0.598021615130516,0.16037187753400453,-1.1776239891482208
-0.1100941302870504,0.20457835839259342,-0.240391923736574,-0.1885593568637139,0.020459690629763258,-5.258170282969562,-1.2034814990663694,-0.2563721906298048,-1.6461442828080104,-0.0387354483232937,-0.9535072164289241,0.05718722074525427,-1.8281327895608004
0.342214860110285,-0.5104844086112765,-0.3609193144717977,0.20252642265495127,-0.03251436237763198,0.2945822277359872,-0.046055764638197924,-0.1892277575713687,0.30605804098149125,-0.21473316451004287,-0.12931771380193016,0.014933449389775193,0.012243506964037297
0.2974190118554463,-0.48183906690760814,-0.16941393659941642,0.14786145532426131,-0.0014940668699436764,0.30832944316427313,-0.01162233147977132,0.0938569269412094,0.24459387451048117,-0.24729618231584827,0.0897724527394812,0.023532755853246063,0.13050826542286414
0.3735451188471376,-0.07654854572197012,-0.4888550473312432,-0.04705369984782802,0.03408083171363812,-0.11200284174436503,0.1189044965568205,-0.03671946359578418,0.18873614260409435,-0.23129585201877895,0.1223623442934412,0.02814441310552253,0.060306293190870774
0.282486021700574,-0.36403551561641506,0.27132901684406946,0.35033538695347183,0.16653016479698837,0.2583479137325451,0.0077745418721396,-0.12645213669153033,0.6115523677867736,-0.04104445462981765,-0.5587718556935175,0.04278666138959433,0.5005274716156741
0.894423666797164,-0.21112169564080735,0.5187188021228131,0.37471775537304997,0.16984987936448306,0.6481037381120647,0.28400544436493264,0.22055609774879287,-0.40799538368773147,-0.07909687481122102,-0.05228223535775519,0.019684484799702986,0.4056896059096067
0.5737429393890005,0.45669462708601105,-0.7456192427200989,-1.3731718363452492,0.7472471364380584,0.7797596541771459,-0.5004794160007602,0.30686377627180056,1.9172080808608902,-0.7080499549944783,0.16800137698702092,-0.07623843461145746,0.03818131638069934
0.6826255641000656,0.5607836698753655,-0.7501075911708177,-1.2480579713602653,0.8359061619416918,1.1400752473868332,-0.47805682040414677,0.3361792368265902,1.7432769395064358,-0.8252210388332606,0.4410287448761261,0.0594073584127344,0.23666799631720004
0.07196046793419457,-0.6667941835020772,0.032543601908772764,-0.24711649848406936,-0.01954295849194749,-0.02774133118516247,0.026730005284253962,-0.31973563740443844,-0.6720465273185012,-0.30864005967405517,-1.47351421887068,-0.1309226596244197,-0.03784260349568084
0.6247171065213881,-0.3905668041868033,0.33867084348419063,0.06052467522508874,0.43041361450178856,0.07579895851124704,0.09314009292723813,0.010870179310699692,1.5755652163740401,-0.31557060091497585,-0.15552378424546787,-0.01261426349442142,0.4728977951911899
1.0066803658763979,-0.5823822767292667,0.0009662568460529424,0.0878608674266272,0.6231618269818784,0.18432918322065642,0.2737252577903887,0.4280331218594478,1.4239631283689396,-0.31851318015949803,0.07294651761845072,0.03598482745686657,0.20440428512934083
-0.25178247554706307,-0.5996793878360444,-0.05124892093991445,0.499546142781619,-0.22827878934499393,-0.7438840933794725,-0.21450989646061017,-0.20503836854335125,-0.9151463794845365,-0.6555804371060284,-0.5391639105295245,-0.022466893624255666,-0.015036085487938396
-0.12331229850805052,-0.27518995257495504,0.23836690879142322,0.8111553085579847,-0.011022422339042888,-0.35115432762721965,-0.12231883968019656,-0.05021640224822071,-0.842247031023726,-0.5640912876213487,0.012339371090056351,0.05400315854853636,0.1722230745223351
-0.28581672984123635,0.7178257009945812,0.8077682311475899,1.1515713172286954,-0.050236880179598105,0.28731399425072596,0.2960020715642409,0.30218192561063917,-0.8325393372044587,-0.2381375862495041,-0.02820544128875356,0.11331448487601138,0.38252099864081374
0.4164731817785651,0.007018587747330058,-1.3248556565727467,0.022648341375040862,-0.7439916667499994,0.7839093443946656,-0.38997534853639076,-1.1570090409696823,0.0616686232558762,-0.12821615849543994,-1.238276617844434,0.05004713107185025,-0.12906367912966138
0.30494332925028483,0.09213219624245535,-1.4654628365075528,-0.01003014740870443,-0.508470504655658,0.7206450239933715,-0.3112729572929028,-1.052308114739523,0.34069312295359055,-0.16164751154163645,-1.5768545123176754,0.023335612028345665,-0.12945444101881642
0.7020629002477248,0.29388598608461003,-0.7392653850424619,1.0431526304288612,-0.6615218699462196,1.2908529472175156,0.0530470220566107,-1.1401339502084171,0.9516597899574682,-0.34166302537092835,0.13539050009386208,0.053501372897040364,0.025178608012437504
0.4655903627795892,0.38464453058343173,0.006834240432104245,-0.29886993982130666,0.0287590974344251,0.20672626693888266,-0.2025866770201052,0.3939701085589414,-2.4533311577731127,0.15268016454918928,0.29217834079457033,0.06952954720447047,0.11779437934255436
2.592614850846326,1.4007722690499698,-0.38279745670113097,0.790009603915581,0.529476302655724,2.387420624768775,0.7356143048752305,0.24014051658955093,0.8534645298384648,0.1994616166181449,0.7996031895481672,0.07737579141846976,0.6846321520245527
1.2953105810097054,-0.4115251813576389,-0.20902954053107847,0.8647494379359866,-0.06425237460527566,0.3794764340115297,0.1750199192330345,-0.26894493932577046,0.9836626174775621,0.17502252419126704,-0.45385801788626445,0.024222459276982893,0.325982609035111
2.519212174786566,1.0946911610496075,-0.5247391403320296,1.6091909863230665,0.598889240768945,1.9099892099279283,1.0601886969634018,0.12023223243511498,1.3813463771524317,0.18136226828054833,1.0369304470454028,0.10927557884366246,0.23506061970592584
2.366117106308747,1.1802281337032197,-1.0731092360941692,1.7122557062572903,0.32327150478907335,2.009491794041823,0.9630952966968631,0.40913096176434516,1.2688309996955403,0.26489851148022947,1.3708327022704503,0.029260107215183438,0.339802550741523
1.0511388033400808,0.4837983932033077,-1.3836296516286934,-0.821278018335708,-0.03640232313657177,-3.3711125763407397,-0.14831548083754675,-0.674980027179182,-0.6374519694079127,-0.022346931153701427,0.2728248947183601,0.059561662685591724,0.1365858190509283
1.2429988780876413,0.4370413477299736,-1.5439046917798827,-0.9424744529199478,-0.0353143968487469,-3.546363856180106,-0.21395364968623548,-0.8158156138376539,-0.9901638536137115,-0.08703309399826042,0.15220435433917584,0.04002000512141321,0.11629754742426382
1.3175600512411136,0.4950312342317516,-1.3272152425518209,-0.8003388056403494,0.06278050216872039,-3.564980351470877,-0.303242583051712,-0.7089202237863921,-0.9047753091671298,-0.06431058900611888,0.36659842770158624,0.014085298059249487,0.20241087573347608
0.2539973469570072,-0.4364468267909251,-0.3095416567353015,-0.6012993292487224,0.06825834419759401,-2.908366021537739,0.1656239868110667,-0.15586470550288337,-0.8064098713228788,0.11883087248968269,-0.3028442348260432,-0.0011945138880724239,0.027648858430070953
0.2576436448630153,-0.44340662007142484,-0.5895207363505486,-0.5611520629916856,-0.024034140612865337,-2.8568709390924774,0.3166345439038964,-0.10532912567516584,-0.793892221904114,0.055987672987911435,-0.4076797482058303,0.04559757449159708,-0.12088851718089758
-0.06865796146138257,0.3985002131780815,0.05115684516055304,0.30229671656542145,-0.6099466272285724,-1.617525509350105,-0.5378615964306258,0.14056117798770879,-1.988603357636214,-0.001088358789113311,-1.0848667169716724,-0.04509748321388746,-0.179567015775764
-0.10581363696294523,0.022383585698488632,-0.07448480712068781,0.1607415139876926,-0.8211689790806527,-1.8395523453426246,-0.6593775799200456,-0.39904487796283017,-1.5485906966180645,0.024500944163753806,-1.748876876800528,0.05424724284042083,-0.20299096541298145
0.27644458257748433,-0.9059184412109771,0.7682886299289144,1.1153020579367876,0.6430463136197067,1.9395870095869117,0.40806555251875487,0.7056790715132635,-0.3958637831504974,0.7230205765834802,0.4421782581704772,0.14627867559850624,0.2651829608198668
0.07300460344335691,-1.0841293969031218,0.569238528111277,0.9641812105308699,0.5715438335489794,1.581089158372488,0.4735619874722841,0.5918458527186884,-0.6566299259264228,0.487979740259341,0.33479055602724367,-0.04705421955117739,0.564043541897295
-0.3260684751693366,-1.3849248092207644,-0.04714834375979585,0.4999005822508804,-0.00540856543333371,-0.5389727771825469,-0.16885037158667623,0.18444243725078796,-1.080511257268954,-0.7279539236377199,-0.09300997296425818,-0.029372319688296115,-0.1721260818407043
0.06007597503614511,-1.0852148275126496,0.34491346275071727,0.7651791060783175,0.2222479710282966,0.6905258961593629,0.04362730345559413,0.596580377441003,-0.5705060736842762,-0.250242631235936,0.10154062802334216,0.07849999298496782,0.48287816584187876
0.0014187691963484855,-1.1324586472360214,0.2513485539637299,0.8379524984715196,0.22755716237006707,0.550537408734413,0.1397015660509674,0.4727912356251747,-0.6676315662839141,-0.30330182124058624,-0.014296412617226818,0.08964734437849585,0.5048664032005603
0.3931431211727776,-1.1196035167391207,0.6532917573344376,1.456217982277481,0.5265447447580908,1.5726617478990617,0.6287486254811907,0.518682288383651,-0.29921843613937704,-0.04714233121084464,0.5431153799735733,0.11687095891425593,0.38503852577983516
0.06650886750223836,-1.5203615331709281,-0.6921379040988784,-0.395283178663554,-0.4152665797253657,0.5655469055872204,-0.1036051867390051,-0.14780437251539988,0.5685084610961427,0.04828577971176451,-0.2470571200080062,-0.022696089296110236,0.07082421645211677
0.09387672008222175,-0.16786543117965472,0.08761618274082955,0.761040511578063,-0.2191833513023125,0.07291081241306126,0.10864345312713544,-0.0018309434513664612,-1.0818322376694736,-0.471890069285356,0.23550733896360423,0.0676590153849166,0.1791274277211374
0.21311788326336262,-0.6761136784323025,-0.7226490894310539,0.20703619644382146,-0.009394755761863426,-0.4833256999291998,-0.3603950819270944,-0.3070842841857423,0.13118564638076347,-0.0589773950786588,0.2376385727077205,0.010083249715518994,-0.22104979865537544
0.22431845123853755,-0.5127366156762257,-0.6824819294263662,0.22007866112618818,0.09908717366556324,-0.20722763666572674,-0.19625737555441441,0.049760921119660524,0.15669544766644122,0.10847950983482108,0.5575440502751411,0.04843440341323403,-0.006717095974858626
-0.9279888338983677,0.11807801094940966,0.4866375308106137,0.5241243538229415,-0.1381789044885792,-0.4450116732372486,-0.012074384498927318,0.3360646654748254,-1.1055536412253664,-0.38069808648330056,0.22874534627112253,0.07062038433479358,0.22849855182433704
0.18848818927789893,-0.6555113967613821,-0.705662111275726,0.14198329450679012,0.021745315937700516,-0.5139252268094181,-0.24553453083399093,0.6176908100151921,-0.22245519538739858,0.13253339617299692,0.18260674053356823,0.013588772085753924,0.07344629885732307
-0.17106524563695233,-0.5358980345661012,-0.8753786756777362,0.22023865917923918,0.14388562453044054,-0.20866194097461024,-0.41099088264551625,-0.41799506756994453,-0.417046588951683,-0.02275927397128212,0.2181524879866953,-0.13213060713169397,-0.16088401635190372
0.2493695336787236,-0.6248228558194309,-0.036141680707223615,0.1871476205098184,0.04569274293362272,0.2436261805726422,0.017274617550687647,0.010682871673877159,0.08620784379231436,-0.2384686906919038,-0.12169984561339445,0.027198402506506292,0.18869291334594077
1.5987764619857385,0.7073635211705955,-0.6591753498550195,-0.3789943395884863,0.23400943762972007,-1.1290819644552859,0.10901828011963516,-0.467674621337792,-0.19367193018888226,0.06728613957219448,0.287370096564862,0.05587598931419456,0.5364887195057235
-0.36631942120898103,-0.021626727567571738,0.1367085476561139,0.4258232613725381,-0.7089651574763574,-0.3740239164993787,-0.4068364878187034,-0.4074412835001325,-2.679706454211069,0.19165253239884295,-0.8754290493101711,0.15349580890912973,-0.864840201316919
2.9454299328085547,2.2161210071787028,2.690980653240243,1.0134068130575018,3.6778339898912242,0.9610111553462536,0.7784856590587231,1.1647614100241723,-1.2911912423020437,0.30076301269388456,-0.8694207501902965,-0.07045605702222227,0.8291208047192131
2.192970838862109,2.957250140886236,-0.028619507026548155,1.1529401169117128,1.0320673222531975,0.16542922693822143,0.5579382323825526,0.8865398069688432,1.1099890808538637,0.17236098926850704,0.3367296412768258,0.1814943615023772,0.4246672931266948
4.418361434673943,3.029457714274887,0.40045205481712576,0.7197641739293209,1.5839979834976194,2.292474022500424,1.1295316994888709,1.0956369146627063,0.06463218573636086,0.24006682979977795,1.032218961798741,0.1762731775121454,0.9311332999904537
0.5449030514589202,-0.6414272921907508,-0.770638132114998,0.047089994086159596,-0.30292945597980475,-0.5658786766210366,-0.2718748717007435,-0.7372042708590417,0.2348190803259301,-0.13629689695727495,-0.7137343852174105,0.028428120869987958,0.24401434742302333
1.0486576288713452,0.1134374467516318,-0.1695426626022283,1.2367044815304684,-0.19494970298061765,1.8711921376264138,0.3853284376782056,0.05608183045975047,1.667469483121919,0.12546579867704868,0.920613864396906,0.05196478812127495,0.3757668700659026
1.403433062344427,0.10750204813045768,0.12774194194573113,1.0392646282130027,-0.17535417889400076,1.5366879242666378,0.47300293393226134,0.04539448744306965,1.5419484734095432,0.17361735236727532,0.9865185063572911,0.02608069800435464,0.20103570977536342
-1.5001812637017826,0.3813137026027672,0.6736189670700372,0.5830252133713415,-0.20005163084793212,-0.15872758236868922,-0.2413610938662249,-0.673721110605014,-0.04938608786453391,-0.17140328630960233,-0.5540776766239044,0.05309039423914826,-0.31950310754744965
0.10097857695849007,1.8636290861213476,1.210569561670741,0.008848878368993975,0.727886785599662,3.117684668949805,0.6985361598804594,1.164760496481322,0.5833974139366507,0.5136903565066556,0.6268113453919069,-0.13601485364992805,0.5976096317244489
0.03994115164167131,1.4060378646767804,1.1207019268447118,-0.13332926232419495,0.4156037860511181,2.6441248007180795,0.28653765706552403,0.9561634977570633,1.1595928908418864,0.27305005429364315,0.5819130646926355,0.01439317005789948,0.4115725351494944
-1.4868346119413358,-0.29505613941130127,-1.2098993363935084,0.08362686285904301,-0.7979877358272724,0.27489276034059007,-2.2310751253739003,-2.7845361361098986,-3.2001931571882842,-0.5384820868090415,-0.7049336387001031,-0.46086132188431095,-1.7731430704462237
0.2615221361264897,-0.23624024578939284,-0.09953485151908054,0.80114285406967,-0.21593963883248052,1.1948837743350305,0.17008303866230148,-0.1152305738010909,-0.0443486177970448,-0.14127933684128557,-0.15368827046671263,0.05937652792833332,0.1721643984136689
1.154203840161726,-0.34863545503467325,-0.6034072659164667,0.4453292743998788,-0.15229710245401484,0.5136672573147288,0.25843076962356776,0.5577218139598459,1.2320445122245127,0.27288804941927075,0.2792088792906403,0.018290299641278915,0.6331664027296939
1.0314666806940092,-0.2373799566821092,0.00025733598301004427,0.5784842013407291,0.05457800639534587,1.093863862623306,-0.00021263222391203977,-0.08137034101515184,0.7787930373293863,0.15194165747172927,0.4693025966456884,0.04672189998543916,0.5668341572885403
-0.14226373000691336,0.14063000999235853,-0.23314771535314824,1.010238708476019,-0.42990253542265344,0.11024739916953777,0.05337061720796753,0.5764254988641997,-1.878255649655281,0.23022346021141857,-0.14854802066615472,0.0314312666235492,0.29691877229268543
-0.11200664413834215,0.010315855134589028,-0.253144758550657,1.0096402998987792,-0.4459999364526529,0.05204420327674592,-0.009434449956234955,0.6244277158576167,-2.0342341456008666,0.22097785040115323,-0.12323226409705569,0.025271839099522367,0.3591026495552312
-0.16595297350457652,-0.02046245791871721,-0.11311573944649561,1.0179793784573368,-0.37600833825327246,0.17758956592348918,0.0028198643838468606,0.5404136468397662,-1.8840537446856294,0.14929594862391254,-0.0942607612155067,0.00849015924122397,0.1908494537365105
0.5506654154840444,0.40440112975503617,-0.19328007145914136,-0.7442175469366419,0.6117440738404791,-3.2218782833350508,-0.2997200407064519,0.2504925137926412,-0.1941176545273305,-0.09643945825130985,0.27071130742577626,0.010396136236377002,0.17363718342579282
-1.6225659261540404,-0.5825218400501437,0.09051263321165205,-2.3906468668877565,-0.1804680567770265,-1.3014779061311854,-0.9125655201928586,-0.5397467893007625,-2.5513847950437216,0.1370558329537097,-1.0243868050719094,-0.11179576074652779,-1.169931458903787
0.4855550856570092,0.7667875748787386,0.08588749888961006,-0.45884990275462356,1.3774555432447235,-1.7008385369365304,-0.03663634175460581,0.5815201876599654,0.13047978096150073,0.046673403675150445,0.6770997633738445,-0.03415664519907699,0.1746435959106829
-1.3290633786252384,0.06969883043836383,0.17479970145918838,-0.10094243955022349,-0.15561522689441007,-3.4059548345924764,-0.2636181881648694,-0.3296751718872434,-0.5229687194334756,-0.005767875131116114,0.020508144919294855,0.027784751342195626,-0.6668266793407704
0.1486308524489869,1.9088476380286734,1.3405728751594301,1.6872734327800571,0.17803703166660842,1.9274420640979792,0.5932558538102443,1.3682696029047172,1.9461206525522803,0.19523071777385967,0.26946888569173294,-0.10427801769744188,0.5537166253591166
0.24560285058855602,1.6736361540688407,1.2652484068763448,1.3083834486283985,0.3240643018568193,1.616721297080835,0.47603270529458935,1.1183309923888498,2.344877073854311,0.267656668165647,0.46457253319431185,-0.005555919320840121,0.30503447415488244
0.16030535412124458,2.245236135376099,1.3344557205225447,1.9892946043297544,0.37360098440717493,1.7088957355440497,0.8988926225631599,1.3722705223043965,2.0841775663414346,0.23328463732006227,0.25269731894161335,0.025483000714124508,0.4286204568922725
1.3028227793153682,0.42062003101067,0.21293711517808114,1.563917152831693,-0.02664033817179079,2.1355721821698053,0.19102079201153382,0.2038257680233153,1.332668069420486,0.7680729432996465,0.7071304477290767,0.03967061028815803,0.5318285000859763
0.13910731776100071,-0.9922496473908217,0.5663018848302052,0.5674689630827763,0.20510040910138427,1.1734046403114269,0.44316024718185265,0.36243392483900416,-0.1846890281218415,0.6329905362944633,0.2956972848815428,0.014652143374033767,0.14990786406522
0.18947071703461316,-0.9521770748307203,0.5839090951164768,0.5358757252396189,0.264669427085254,0.9933115634156601,0.4117561989880374,0.4347402974218131,-0.07532161393823728,0.5483684827702946,0.36981509301087095,-0.31478697157050994,0.34414793148015943
0.26460665439747066,-0.29039834564124845,0.3381310250460067,0.4610655993067969,0.1676569320473613,-1.7055802553057824,-0.43776528495933037,0.37131041616253135,-0.5405191361637683,-0.058817961521239776,-0.25427768852173666,0.047832907190442926,0.7515208284530998
