TEMP,PR,PET,RH,WS,GHI,SM,ST,DEM,SLP,Pre_NDVI,PV_Area,AI
1.8091753107247253,2.6715761555958952,0.22971355216422426,0.886290060007013,0.04015006438156374,0.6096345229850461,1.6147166723638973,0.684362299761528,2.659309104455428,0.5703173906149136,1.7412496667696782,-0.07928126687960074,2.6469634180319392
2.1542454712444705,-1.5306546426673107,-1.2244052176969122,0.5896034013826608,2.4079043415473356,1.307436476247385,0.8348835965965152,1.697816728260368,6.988877137152788,1.2173863373474323,0.28891499321856023,0.1699647357009558,0.7646678398947956
-3.843468247959391,-4.55134975153539,-0.08098506961017848,-0.6219715714899616,-0.3525279429968861,-2.7469686225098044,-0.8839205281555443,-3.9107629818396856,-0.9162046184349395,-0.7459760901849299,-5.729016775830339,-0.2564083026866947,-1.6289156677382481
-3.733134003690858,-3.8568427739820126,-2.147311971570985,-1.2169890195379651,-2.0871366855000244,-4.329685814524484,-1.1399174923258315,-3.9282252176623373,-1.6297493081032814,-0.46594361527305483,-6.202663766241943,-0.1998865118653822,-2.0291344075029096
1.1606605902003748,2.6983389719523903,0.3841325881057936,1.8198151691930577,-0.48440364526791707,0.7491782353440715,0.8015343822813077,0.8160760662088999,2.7554613736856517,0.31765891170853544,2.345171835276609,-0.060349169937997216,3.0148744014723023
-0.9554816882229509,-0.9810271281759361,-1.8691097802492895,-1.7179162484598867,0.04175485186278823,2.120891564179521,-0.49638746542752643,0.2717219142450226,-2.2596291515463967,-0.31581357509518665,-1.7033789998282576,-0.019288235422637714,-1.5045458675946828
3.0290048201366635,6.439508992163979,0.2908778697604107,1.5428274639400963,0.5517028817280919,2.0853950793823848,2.936422467434572,2.086446872549131,3.407222264457701,1.2295279315786642,0.22842191984669993,0.006385566017900894,3.4125149791149623
-0.10726006445474907,-0.9397462391211755,-1.4159198206864916,-1.1574722040434264,1.0546495419740676,1.8118581626429742,0.2607610952802418,0.6427601725204539,-1.8831683926149785,-0.10025018427003568,-1.121064495661089,0.07404453504106241,-0.5070552938752291
-0.5063447678073618,0.6758912251046341,-2.8484700481914405,-2.2054566957496315,-1.7235591588940262,-0.8827384732715372,-0.7356001944545035,-1.2840375232210175,0.13806229357969843,-0.05284906778277625,-0.15462245257674823,-0.27741457693382265,-0.6871212928048852
-1.4565612602756461,-0.5632838358145413,3.4405857738573107,2.4251117256987422,1.904213460796616,2.2939685162720784,1.2376986601369246,-0.7466294536501586,4.099546819212846,0.06915591472863333,0.5339578664199345,0.09923382518554308,1.8144963288498626
-1.893270901313258,-1.5841992001871885,3.0487614756455232,1.927642382791576,2.103715208825241,0.6042373907353935,0.8275902477336216,-0.936375052682124,3.653525177908854,-0.10113012808582021,-1.474712049849849,-0.05082616376276652,0.7684502092779923
-0.3021561535551316,0.3208773216134351,0.48565780139631687,0.03660528984800402,-0.3353753182830082,0.9728875971192288,0.13872992262916847,-0.09137539186411449,1.7101095695126178,-0.2656509456323046,-2.9848869766372563,-0.0894296003045101,-0.3941144770533881
0.20216073792220807,-0.2435405018253046,-0.973632929441519,-0.918714510140837,0.0711176065495237,-0.8775919340623335,-0.11919093100043636,0.9480415437096315,0.6867820199599699,-0.1753723481271624,1.9214715482025515,-0.05806100542760559,-0.7999521544549822
0.8524282339096273,-2.8121155000503903,-4.014412872681084,-1.785387943202837,0.3138743849740261,0.6838385996413932,-1.6196608404939374,0.28256996004790474,0.9280485962843523,0.19440271747505494,-2.752739661601889,-0.07573896424068766,-2.455682652030244
-0.11327337136957799,0.6292515540702477,1.5761766051811477,0.22720787928646635,0.05115977602441691,1.6066732632348109,0.4918363671392823,0.440602930806991,2.0519586866799124,-0.15272089470850508,-2.0079856498244526,0.030762138142146962,0.23740594154016842
-1.4197965345278172,0.6183602228031181,-2.7890893612931373,-2.077651813953287,-0.9989104719610056,-2.3674091349407616,-0.8841313285535822,-2.2974823548241208,-4.318977363810149,-0.6794872748251587,0.01348186630600481,-0.1592922024206362,0.0522334869733702
-0.43895739054617783,-0.4350661287291183,-0.6876902126541566,-1.424838880946756,0.14341590044761282,-1.3089838252661545,-0.18231249081229592,-0.9372806939342989,-1.9463215897371993,0.38004113530170996,2.3376653529538047,0.15370165530074806,-0.1327786440733406
5.540923167011804,4.807848215898912,1.7606375308872924,3.3383962018917206,2.043754607196897,1.0862461725192971,2.2645030009389546,3.6766241184539274,5.912878591746816,1.2677267265361212,2.470043261411289,0.0010530923679471999,4.350463536393105
-0.5038028478011903,-0.2799624168489956,-1.0860170305908348,-1.8214711997166484,-0.04104969642073317,-1.289909490998317,-0.422852729922678,-0.8131130402312716,-2.273972792210989,-0.07316285720198527,0.2906590202569752,-0.08942112481066355,-0.07569755229322858
-0.3891668003818227,-1.9203321839491316,-2.112994169800852,-2.4576696568435157,-0.9722852696281754,-2.204061158939213,-0.7007969550669402,0.20872583133168515,-1.1144952422276966,-0.15426698211890957,-0.5473327808915118,0.09055682213770017,-1.0651661878260268
-0.3874126770838889,0.9274354691969025,1.5232935370781668,-0.7113285111263398,-0.02481524314058738,1.0292772581648184,0.3493820755488964,-0.6281105405255218,1.9846138559964797,-0.27342643210353956,0.012304446994223554,-0.020862894169468814,0.232988047677144
0.5444688013961747,3.5588721565493477,1.2901046999414556,0.37260673822679874,0.8730445349025021,0.2608204855966486,1.99996690367038,0.7877133165791425,1.0736405002610345,0.7501918335372788,3.522262846806294,-0.004802780164819522,2.4741815055084104
1.5908677521420433,-1.7344317324728606,-1.4176783554059353,-0.22774906685058433,0.8682428971947067,1.5421085228056957,-0.6555077149118815,1.9626697464939207,2.78435830942769,0.5025934734009206,0.3274879968745841,0.5847400134367248,-0.7591705811230673
0.07338997556414034,2.2296088516634582,1.82492712123216,0.6020132989358777,0.134218863868672,-0.038856939444732376,1.2573437514673504,-0.32822413804216527,1.7590616876932068,0.530869114496745,3.6678444940990036,-0.030044224161344335,2.064937958288938
-0.27714144511251826,-2.9897112523852334,-2.203353788665392,-2.8104899835038104,-0.7449840157023737,-0.9767773850945132,-0.7347351369189307,0.1340062162311126,1.310852381180868,-0.9061194990451139,-1.0396832986051838,-0.15688298621370161,-1.5756671091867613
1.0315420493261063,3.4201141160855895,0.060690148401901976,2.004285569847044,-0.07535149007621736,-0.0021219665070788788,2.2753661817581285,1.9135783628327776,-0.5683025764073761,0.22766110062961362,2.5322734625720313,0.047036993901452266,1.9006948984383294
-1.2275927561387003,-3.4007053963969365,-1.4680176525676834,-4.1607332641765895,-2.3734955531084494,-2.173776856844521,-2.3803226554611077,-0.18327207576690446,-1.9726486715581264,-0.8917922624961165,-1.8891926011810491,-0.2576811801569741,-1.8585442563493006
0.8352915561954594,0.1581008793196331,-2.2138308883561852,0.008385682312978513,0.28146751681704907,0.3602793567229269,1.1465879280265012,1.030177735880845,-1.7722030777277216,-0.19770620880855472,-2.3316623832171586,-0.18043310258227072,-0.15325464711524545
1.154305789625893,-1.0230827054433111,-1.0408815243943699,-0.8116767137761538,-0.12705879913849977,-0.4583007796786519,0.7918130414777748,0.4576399188747422,-1.33869536814849,0.6819799906248228,2.0383809138120466,0.07336723580956457,0.4373583558108657
0.4879860054696391,2.8098616727203547,-1.1409168964401923,-1.4057093774134086,-0.17751132095180863,-1.1432215680528637,0.9339123530810076,0.407247554782985,-1.4935286469079758,0.14036091820285143,3.1477619582771634,0.017345277654110577,0.7916183379333883
0.7384550866396682,2.9029794059486855,-2.123862218409777,-1.146336139287903,-0.6117163669866406,-0.5142060388091745,1.1904519784657497,0.24512661441746678,-1.2432839385580476,0.18583154055859064,0.16521714668048337,0.02704586071997048,1.3792330823642094
0.9125969470561378,0.25028211130553646,-1.9322558006106156,0.050426092509490844,0.30778080447576944,0.5996935243687282,1.1747475965352108,0.7919741151699173,-1.7979161093228813,-0.34443173510384656,-2.3701746104678345,-0.04631614195389891,-0.24991273864586322
0.7715134409789202,0.9627014170286969,-1.2553131463451104,0.29129423269795063,-0.8476698604138153,-1.1058467857011904,-0.1405625424161553,0.8607405848692481,-2.851844460301929,-0.5985620093976872,1.1535384453822752,-0.08330765840752667,-0.4776549011655153
0.8048473284010671,3.1913876126111584,-0.889799025336591,-0.9795604857165989,0.1294511554188405,-0.6492642102142177,1.270130249511761,0.7697346774680126,-1.827453131641055,0.1150045108303635,3.6401986975434966,0.15950274928059016,0.8684466109129909
-0.07949510268556585,-3.6891130715018767,-3.193602967010293,-0.9530369599122138,-1.3176999743758806,-0.7451763903204767,-1.8083090522771492,0.5040977763710545,2.3935307822262657,-0.24906347040138735,-0.48435069592721347,0.05714001506773955,-4.1528398945762035
-3.8100206069984575,-6.839279787213438,-3.9678139962111083,-3.2093739048215655,-1.7396693077336796,-4.713618124810358,-3.147732029552571,-0.6983727502621091,-3.7449905363491016,-0.7655949080869968,-1.3479908689856528,-0.1942034763397855,-3.3659570784411503
1.5802920581058908,3.123983159013507,0.4141927526560094,1.7379535974707034,-0.23261310160884432,0.64592172022495,2.004829650091835,0.9728516772027231,4.2533522758508715,0.32333790605163404,2.270455780640866,0.12204820938925774,2.8096786572442696
0.3705019285566069,1.8651983580965965,0.0034629731061351057,-0.11534438498680381,0.16433037167673717,-0.6405264756067965,0.452440310735773,-0.09600736103951941,-1.780100804966771,1.0910916313958456,2.467721304038229,-0.03798111551389514,1.9882392176069936
-0.43917692107872824,0.6059934113366117,0.02617446323804969,-0.25552344190422455,0.5816742084371962,-0.7434642632610889,0.11734581677243089,-0.27562425729094275,-2.6376544144247758,-0.0052591764926910685,0.4327909792090454,0.1239441821330951,0.15095055356466525
-0.8497861895777494,1.5367998212006773,1.1159055278636514,0.36546913461656216,-0.2549406630675205,-1.455815966339885,-0.3536932740117321,-1.2426670595765528,-2.650296061844047,-0.08806298214062636,1.976746797018374,-0.23357569241120169,1.2326475400736352
0.136303765042685,0.47427353921346377,-2.137467911725138,-2.0233607911996336,-0.39750409515678053,-1.6414985151573391,-0.369774769746388,-0.4068189780481366,-2.8890773463683828,-0.17447395271052513,0.5975186406986581,-0.03602147410416765,-0.0004980063355632699
0.993611704358417,1.3738976270219105,-0.7085831472644998,0.4323010571808037,-0.04459577597367264,-0.3730124616467705,-0.17798698282800623,0.5639196851580509,2.86423571546976,0.06960065839346494,2.2447359705043746,-0.09894096577022635,1.6632574471717494
0.21720454300184616,0.15430336626557006,0.06583027398058526,0.11865450405412241,0.24855508355372058,-1.1108457628906598,0.9932321576934512,0.2169662725558089,-2.4773486433214402,-0.011017214907333261,2.379481728817336,-0.03161671617689239,-0.14459944314064663
1.4470499785099593,6.709075416731648,2.1987121253046724,1.332435137221279,2.10897498546013,-0.06504688616272886,0.7464786080798758,0.8867390134061376,-0.5700879552536128,0.5732966276573845,2.309294950681117,-0.03881912962223103,1.4506219038222399
0.07232006832957269,1.8813468665220878,-0.3133305537095292,-0.9678188280492189,-0.0477268183231354,-1.0886380127858784,0.16363943809953818,-0.8277207391900526,-2.016215664071238,0.6926028170488361,1.7666201383548061,-0.08020201966683892,1.6449297788335633
1.3574447573855934,1.9706484769605517,0.7361116033595881,0.2160784580175662,0.5758540619909766,0.3864237291552128,0.9595434358022694,0.8784419388091191,4.306405646617318,0.2131355129508301,0.5664340240234096,-0.02736883980842923,1.2034741674560225
3.575239218048647,2.8551630358987796,2.1336567434337397,1.525523360297601,1.6363799061967683,1.8276990760252292,1.660289585724887,2.0218585050706235,4.968608232402864,1.1271186213557505,0.9501052121807716,0.07073371729451337,1.7991224844215645
-0.22381028826038044,1.126090495980655,4.463145548914455,-0.1984685799789925,0.17089873241933257,2.3901472849771377,0.7208587929978966,-0.3687389039641454,4.80231294364358,-0.1903107898682356,-0.6909896433431038,-0.05391519043439387,0.43164573112761395
1.5556386256021346,3.6516201811521825,0.2837453255999005,2.0463335756833363,1.0016165008168254,0.13418881434740298,2.4068498520522073,1.1804202597546907,3.575235051590328,1.0692802288140066,2.4658453920209364,0.005521162048809993,2.9479450765862643
-0.6631841721556463,-0.6957552138322759,-0.8273268485400416,-1.6303230825806454,-0.4462243234376527,-2.07845526937654,-0.5518871214375314,-0.7637877922225741,-3.245974549371749,-0.10051808006751031,0.18232229599211766,-0.023404424573398516,-0.6093918545052617
-0.26081016731448486,1.055938604484416,1.271255915953467,-0.4615065434119767,-0.0469121293811542,1.7105815081877838,0.5423150814210789,-0.35148261972703054,2.6079556762685794,0.11231379143893713,0.23970692988485098,0.005017344193636582,-0.07115325769513017
-0.18488086324857747,-0.03560585453433708,-1.3984142073973391,-1.5132991935493834,-0.34203223209983347,-1.781061657899991,-0.4918604237099902,-0.32818167277663535,-0.038847777686702716,-0.13132961342835595,0.1803923500691437,0.012619471521530657,-0.5425553544621087
1.676719500391434,2.4079517483550847,3.791795603538242,1.5465721172834226,1.4664652621352836,2.8059549170375493,1.9387071896147807,1.33790786440122,4.7530339664546775,0.022019192440331726,4.620087801330825,0.2056640172754929,1.4202639977985785
-0.6827844309020374,-0.8280034798062926,-1.312686229830919,-1.5244481795374296,-0.5025727312277175,-1.6907062378737867,-0.5867792614166525,-1.0119759179051553,-3.492206912184548,-0.4051256087960471,1.8541808386840342,-0.07521397587015392,-0.5414047309507926
-0.04882727984339002,2.8190221676364953,0.7694590318265062,0.35725276530616834,-0.028435442826400197,-0.6955893792227532,0.7629698526310839,0.18581756649383646,-1.3546533946667072,-0.2667071257904172,3.2327866525197817,0.1110537207649193,2.36844712719373
-2.082656308125912,-3.8794935746237424,-3.4747419284967087,-2.654880740005109,0.455425674047114,-3.1285348655417975,-2.7638873929851164,-0.5652540954336938,-3.662133909093423,-0.5501975626684728,-0.6441220266868674,-0.16477525205920562,-2.5774309992966145
0.7366413443406217,2.644430581052891,0.5140735883126034,0.3820708581531006,0.4439215603703633,0.10977833094023579,1.8526265640981079,-0.8336222082029819,-1.4923177814845825,1.2395026056571965,3.280108675005741,0.06851666780550857,2.766235246924788
-1.874051792315311,1.179090937031433,2.427397073652699,1.2547011799422196,-0.0035652537136855516,-1.0281256281387892,0.12019429884074867,-1.761338337725028,-1.4302395916652553,-0.5460716652280341,3.9242683971129986,-0.0951321339322668,2.2258282394686506
-0.5181756616968456,0.7402667130322921,-0.557120343331351,-0.8173884428028638,-0.3097376665829993,1.1887388575061533,0.4487443669000642,-0.15233928595514354,1.7118692560581905,0.1476346893463698,-0.4786586666712538,-0.042950136070657084,-0.2755846267074554
-0.33171705350072844,0.754878252907139,4.333351983402131,-0.5127996359548219,0.40756694052730597,2.0381317387692013,0.3758597447971501,-0.5978048140907454,3.2478899512233,-0.15045227147535323,-0.8020153766394489,-0.17561077926514881,0.329286611703121
-0.8849244906525646,-0.7907718256954107,-0.9520515730242346,-2.0202607202053895,-0.7281989573946018,-1.9336158632466365,-0.712790122604929,-1.1085836523559152,-3.290425321899045,-0.40673510652190725,0.9075792684954487,0.007338309059850679,-0.5665756313756316
-0.7230377566591939,-0.8579410586630307,-1.2642840629396959,-1.620235362242804,-0.35673193468660513,-1.7721863453105717,-0.606015473202699,-0.7274746567869763,-2.9571025553050756,-0.3457995505248095,1.1120592847963175,-0.03198024171818467,-0.8302221294968499
-0.22674279414582996,2.6497129780654265,1.8379557671040914,0.8157560230625999,0.2050759505180434,-0.49619607643689956,1.119523112752682,0.033737161396485194,-1.2984337708157385,0.46256514810025695,2.2852329115828294,0.10746832880915869,2.6051388325035165
0.0909841194143518,0.955748363732257,4.862586087241976,-0.08281385010315323,0.5654450982162315,1.9602859029929252,0.4891539632347927,-0.7665811350998574,3.609576097900668,-0.15539172893079628,1.0957042379827344,0.3940933400232136,0.5450627296242035
-0.11434247205758262,0.3108065674691977,2.6037098465187265,1.2172964966969768,-0.6905109670768595,-0.9683697310033152,0.763997260841748,0.03508884490001946,-1.11188315485035,0.47457619554880576,-2.3826659093760987,0.12331953118710465,0.0862818936237858
3.121421576971706,2.8179382318858472,3.401108144961505,4.882641727972983,2.5470143907180884,0.6413531831957192,1.3959111474314703,2.066358036181579,-0.5554252865460392,0.3052469297224243,0.15444896319104973,0.7553304289690115,1.3682171334864366
-0.4182185623142869,0.9475989105185083,1.873656071505199,-0.33489770912306593,-0.2657732921631799,0.9470349457482288,0.18727722949607095,-0.6266381538504113,2.2146572929967396,0.08479514289181678,1.4303873258839466,-0.11674994061649263,0.4942034436156974
-0.8104297856029331,1.3867214059395097,1.2614221630426536,0.00043225578239395696,-0.779210391248473,-0.5192801407916058,-0.6235198194543934,-1.8702970994827857,-0.42291267494981477,0.5018052191432152,0.9173680291076501,-0.13194435369533794,0.8418294265876629
0.8316812347719033,1.0119393171463156,3.075097771260577,2.5745720874487112,0.41296582698097667,-0.08391071505948079,1.2906633699380066,0.16497363644859023,-0.4686234833507074,0.8242265917169344,-1.73205211777654,0.1467905422491539,0.7653244058110026
2.062848750986676,2.6142805120048838,2.332456775723129,3.1985386777741627,1.9614101361612686,0.5635805929850579,1.4102483892001008,1.665994438461753,0.09695299346620845,0.9270202636071999,0.8024888209879605,0.594081125109353,2.1270533275205845
0.22212474699339094,1.6267487884721614,2.7533732064052794,-0.1253001510010412,0.7471667345266583,2.262728602283944,1.725592449979029,0.1358860110129333,3.650062391468221,0.7197168917653873,3.6584156895351296,0.1311373621406446,1.096310518516952
1.8252876376055391,-1.0042079709770362,1.696345779971323,0.2532390438118535,0.6122340934873662,1.1652300778812625,1.3540435363166035,0.39303064378651065,-0.06413555626912659,1.1745425673770822,3.274013675205513,0.12544805971284703,1.1846886260129719
0.44876619894109243,2.7560173557072662,3.906332648024481,0.8588402804996197,1.321184116727672,3.5386822671722618,2.8489193716360672,1.1171065565990286,4.306044057397586,0.4175200728275295,0.22480481044389306,0.17368441494440445,1.6306090590885531
-1.0070587327807314,0.17472178762106008,-1.292227988404015,-1.15241988237999,-0.5693699302545027,-1.7087253424752917,-0.6384313468215984,-1.186806845225187,-3.1128514804835947,-0.309490693655486,1.2807187329077472,0.07584714325558796,-0.36458164262999276
1.3910322702893363,-1.2739425042830408,-1.1581714234728777,1.450422493867162,-0.019622983500465048,-0.7754012361013639,-1.3912432751949462,1.0358685362494238,-2.9614594394258322,-0.2941593567975279,-2.6487212605448445,-0.02683387622495907,-1.5906315803553701
0.7390867874393653,2.6759296428670893,-0.7908828290231114,0.5797605748898864,0.2526146250916645,-0.003047932139080488,1.0824544838784886,1.244809396300568,1.1470379666606378,0.4764888446943629,2.555022153895763,-0.006489435930012085,2.6363656206832586
-1.1107334727757714,0.02111213892439577,0.6877858246386881,-1.0866846873937175,-0.42235276237544084,-0.4527094358707675,-0.9175137681198409,-0.6691763226077376,-2.8724644635250374,-0.4989162812019803,0.6848916158178406,-0.1300744236747008,-0.1743506468765229
0.0816320259858751,-2.1159531484182095,0.8737114629175307,-1.2695300290857752,-0.18524905942587397,-0.7713860145656185,0.11924779683041074,-0.35567834939083287,-0.5859465873851959,0.4889163047235667,1.2838530812857463,0.03862518404403494,-0.3375458734379048
-1.7281144412901872,-0.304220721260127,-1.540651939863132,-2.735323473137493,-1.1306489479862565,-3.18541550267643,-1.5302831250646458,-1.828361219271707,-3.6046232196605876,-0.7513951393485895,0.2986090971224215,-0.042046848823730394,-0.8549323455953142
-0.4056108703215917,-0.5924435894760408,-0.9350786334586645,-1.502446847485585,-0.375830920340183,-1.4586418419445142,-0.3962395951410549,-0.6377908078932929,-2.870836190630992,-0.18207182416381948,1.6696859279554337,0.1315152343378091,-0.4769427279124245
-1.5888930893611792,-0.7968395163072273,-1.3723883432724204,-2.2647206388429435,-0.31369988640615093,-2.581951304397856,-1.1259776304046525,-1.5173305793251433,-4.852410207464257,-0.43897173444740467,0.7385392679108512,-0.1648024080078017,-0.7545539915918683
0.8446600696113372,3.577942966224832,0.23738511828653916,1.0860091558864549,0.6760817251406195,0.565937290993105,1.1462859753457204,0.9979018883996953,3.0329656949478925,-0.13936274987593722,1.2654637906617583,0.054840154736302785,2.55997245631129
-0.7786273306639244,-1.174451809470645,-1.5465051370326226,-1.6920615071011706,-0.4295442040657831,-1.8923987978474344,-0.9333683452346464,-0.8835890378803017,-3.587353323091649,-0.45015068751345905,1.3414992929757057,-0.1358412346978567,-0.9675436288159752
-1.706662159473118,-0.3931327516135449,-2.3421361444430016,-0.8575183797731168,-0.8771696226412639,-2.234187210484201,-1.4035136632543679,-1.7066303440328272,-4.6242804812717555,-0.8969167608959189,1.174959726282913,-0.17406788426399633,-0.6775798205167264
1.9621555565649436,4.051020194926919,2.049507036127357,1.2473675054544582,1.3122674152891463,1.5828868136498042,1.084903265775388,1.7364002543222157,5.862191264069019,0.5622888151975346,1.8891924930281105,0.0009434065455570178,0.959361027865153
-0.6223104558595354,-0.261520431209873,-1.0476628259569407,-2.3148616549734857,-0.33102796323649186,-1.3768897414119499,-0.5291636239219872,-0.8691578255604122,-2.0208382277904695,-0.19597777825469767,0.5993870563111787,-0.04049916788211291,-0.16587904163170616
0.3691869933184032,-1.7679845525634783,-3.514002128833801,-1.1088023200082695,-0.37484409003104563,-1.7804177027299173,0.21918330289992602,0.34312817045590954,-3.033419464503726,-0.49295231589116156,-2.633778852431828,-0.15564621840086235,-2.1670156183507703
0.3023137701251023,-2.8369447290012615,-1.8887471313800464,-1.557632549905425,-0.509512135890416,-0.629322587872545,-3.068643958541668,0.4121317728013833,-1.7612574045980973,-0.4910603673838906,-4.041377180346497,-0.2520651431914624,-2.4402828855595238
0.9207365996587195,-2.8628191431249594,-2.13771370222999,-1.8705694629945286,-0.051910188243620925,-0.8918020931455407,-2.8111695395534224,0.6182891559900922,-2.000881117251185,-0.6368207771662212,-3.6470336895342914,0.11886128660705353,-2.5075291048424946
2.0093197044719835,1.7795331177337925,0.17468418601693383,2.1285932432228916,0.4016164393842012,1.1496519891524484,1.6836490046082888,2.2633783945223938,-1.4787327496179694,-0.027686635011082768,-0.09258744910152422,0.0017645403727267928,0.9822092477941062
1.0156683213227533,2.8112050170627314,5.681343432486368,3.383898467874775,3.3980009781589944,4.271264053254076,2.589035284030769,1.2063536660911307,6.763165139226346,0.3085428521808031,-0.36473070244563527,0.42596242678869084,5.135240548361196
2.000613417500734,-4.220777039111902,-2.481374952272098,-1.2429227835426315,-2.3443817005078817,-2.2120285153828765,-2.8600748209256888,-0.8048214046672605,-1.5843325598724185,-0.49319422833362775,-2.7719855301320138,0.06042467128226762,-5.363583674256483
-0.7183358426604214,1.267366870562546,3.2076286567100833,0.44289325140623564,-0.42412382947539706,1.059875226836755,0.02376383940792751,-0.934218493752285,1.9259823439844577,-0.26437449855936895,-2.5448013382518866,-0.22458783954640651,0.7213483709117602
-1.3948711151728,0.5350601123604508,-0.1893402487474184,-0.9676829655592643,-0.6753276645371487,-0.8048869195875402,-0.5902575155363107,-1.6436637157812302,0.17313654791977662,-0.10968596654478457,3.5066807565206877,-0.07710261229373935,1.113990892823268
1.7935638211326055,1.4895447744972379,0.20609775245965775,2.0079456369092483,1.1333589546496257,1.1830166685953738,1.5210534534639573,1.2887991295403074,-0.9686814795356864,-0.09982012631526832,-1.1403603341202766,-0.2181670579127967,0.4698043242588433
2.0797393942003444,0.7812467626570206,0.3377861727437831,3.223783915974199,0.3917016097737683,1.7864304751985602,1.951981375731217,2.5233854810784884,-1.417493101568996,-0.026346331640250246,-0.08505824184976524,0.01060952197035984,0.6360436771597924
0.41592383544245315,2.3960089702862835,5.135738277670719,1.7655402988609334,1.1669047529058945,2.9475695694506996,1.6025945823308494,0.46405387930365083,4.514609141804069,0.39058572782125933,-2.505930021635981,-0.09442281726333829,2.1762124162912366
-2.4502085385404317,-2.7036531779154513,0.15946685055425996,-0.7515788110578435,-0.8256231952655233,-2.475786294671189,-1.8735893551565508,-2.7767237864470937,-3.953620254010893,-0.7371541595008847,0.20908474017762482,-0.20993629065497474,0.6320654885714045
-0.2551165436161684,1.8789879229069792,0.2768119644037344,2.1040485448550648,1.6234865730297239,0.4972301664446587,-0.39423273690562305,0.3469551287772548,5.0565355528865235,-0.40744450983125713,0.4333361976433338,-0.09553461347033995,1.715239650440506
1.1053888184779013,1.1867772110235981,2.1004882599294388,1.706098031629291,-0.04798981751004858,-0.019655436596626257,1.0507585431764734,0.6556690032092026,-1.5361096150691929,0.68428987034493,0.4873210983040433,-0.019861534310815256,1.976483087279938
1.20777865012642,0.6391997285890914,-0.25909545829053976,1.4901105074791443,0.5112606748690207,0.8458757718160954,1.3160704250747546,1.5707314925858127,-1.3073401601333174,-0.3431832583760844,-1.3501649017507833,-0.25098105507385404,0.3894860976023807
-1.096601295377025,-2.073613584811488,-3.1993530592586223,0.06759314270017448,-1.1564379396832858,-2.0696473816725325,-0.41926179149369197,0.49293045468369695,-3.898329666008552,-0.5076699237597901,-1.2789460260997942,-0.13907015474668402,-1.6521226067908314
0.42706584013636334,2.9466201777140517,3.7449723606861918,1.3527510451706537,1.1167639047114384,3.3013031481925603,2.114496915187273,1.233232801971543,2.6556967818374853,0.118185230965933,-0.8697651175833825,0.6669530850353962,1.831698855036973
-0.6827915598762527,-2.1514075647175512,-1.8905755020905701,-1.1869650477895304,1.4441080822681798,0.30739626264768755,-1.7778522468296194,0.9258277395419365,-1.771027760494293,-0.17978103851796015,0.058940852910487146,0.4017188173987802,-1.892283950799869
-1.352096853209142,-4.573417415419178,-3.870753666245275,-2.0260078595583844,-4.362995112971401,0.6477050671835117,-2.663828097722597,-0.051753314105897404,-4.523171883857705,-0.5884272792997461,-5.455451778949031,-0.1427948623978432,-4.094944593606311
0.09569306822907613,-0.5569036890478389,-1.6284774426769255,-0.05532774854968819,1.0193593812237183,1.7795984181342648,-1.005646908830127,1.645602439816835,-0.8194234366445904,0.001815593976837689,-1.2062009296866338,0.024134673392399792,-0.40875400074085
-1.0373440629432704,-0.43781977722007376,-1.0896966638540224,-1.1559656277992245,-0.07740328500176681,-1.1068570901603545,-0.38673214766222785,-2.058127718578973,-3.3140142273421715,0.4157243277784438,2.0074735042520073,0.008481113900844483,-0.5771494203945624
-1.5021092130088556,-0.3015298461024133,2.003434160808101,0.6391962253385121,-0.6719306827051982,-0.870955775241471,0.7766299794795404,-2.00931541983866,-1.6120392172436955,-0.1710139437676926,5.106523845737491,0.13636727199061882,1.3533785384608847
0.5409914035479433,-1.431320938890179,-2.660606740333348,0.028820610470138435,-1.2349211626950032,-1.5128828005089114,-0.38954430909206483,1.0479518904899146,-3.4696400741668834,-0.5500989604213585,0.6493979545051438,-0.0830921197532573,-2.496486913961773
0.006666117557324602,-5.88630612007446,-3.5591280698848684,-4.125900677346313,-2.9592072045725466,-1.8187236312176625,-5.25123685741435,-1.938281677069349,-3.631525678827117,-2.6248640919414665,-4.823865535071946,-0.4956927363424458,-6.547901273110053
0.17967921834956418,-2.032737411335111,-2.9988675640207814,-0.41103220974457355,-1.1023827378275906,-2.235631228653817,-0.19164637856961525,0.49909703345296663,-4.253096374750345,-0.5664850294543429,-0.23691658883717745,-0.1582473138088565,-1.4959351411922317
-0.16079424638870274,1.778452641943262,3.650350502166483,0.8481297552099245,0.21509350870115063,1.3563096846308973,0.6805421699593879,-0.2350870595644746,3.264086687649704,-0.2591486960918539,2.766966043353702,-0.10367261216717054,0.6029241098277272
1.612566334245105,0.7039689258899953,-0.2119518447915713,1.3979854784072894,0.4699430214148015,0.46436947458578914,1.6479851383550306,1.664232876325647,-1.6956061073071844,-0.3418405415107392,-1.6365258521141692,-0.06583969386604928,0.2318809900691526
0.7127228193755987,2.258680654402512,3.6728685626656645,1.1272518801544278,0.4131542634891554,1.622719438279875,0.9800848704188441,-0.1059778173081577,3.2806083198341858,0.0521502732599363,3.5105496022845104,-0.03338105797146765,0.8353479291089912
1.5568006568143353,-1.3275072757506534,-1.0931097406542132,0.8766941534174192,-0.32788106283379936,0.5097081504431039,-1.2407370901283703,1.3326427954057642,-1.8876928365147778,-0.10039436386173785,-2.3328217900937624,0.04280235361204365,-1.9347258254782196
4.722603747759843,1.424146068818453,3.486767378211436,1.2698678254263684,2.2033266568659915,0.7224053732864558,1.036236981479451,2.4463389239656843,4.917394960712021,0.347776853533255,0.08091847029825051,0.28013805067684094,0.14196000564532982
0.6099670042014783,-2.071755343001957,-2.447055571688753,-0.012458872828218745,-0.6096522812721216,-0.5316000961367457,-2.703512708805501,1.1489461656659843,-3.103654267209479,-0.7915180468786926,-3.865566951949666,-0.16611952736249447,-3.230349555541762
1.1142051672330129,0.23534016730367308,-1.44520406857909,0.9594796175116467,-0.3276268798138739,-1.030123418597505,1.035781684682394,1.2811064657393016,-2.262356992563647,-0.14828462908820558,-0.14215092991840927,-0.06620283197249388,-0.03601446168290258
-0.46748161878695504,-3.03604795492306,-3.930285471281451,-1.6626908781524337,-1.4330926751464395,1.1693466817173699,-0.8793080284203297,0.3039422356678791,-3.5254335606874276,-0.3720549109221125,-3.370492839334636,-0.1967131923718587,-3.028673697252655
-0.14430877147966784,1.85257011456415,3.5006046055888556,0.5731598102461753,0.3185188719485369,2.1143963040959917,0.624978089692692,-0.2106476062484499,2.355817185931114,-0.08805143881226996,-2.6345794459515153,1.1528986720285483,0.8177088802949419
-0.6134633124505897,1.473476980164543,3.0554966519892006,0.608974781250581,0.14321630845312022,1.8361279146450882,0.5717510718019265,-0.455584182069223,1.8654146311923654,0.03346951747675316,-3.3482720901449725,-0.1358140283512572,0.5279115427921837
-0.5773768865622372,-3.0670657759128757,-3.7463164453798297,-1.558782658673202,-1.4920335130983342,1.152079303669743,-0.908624813429908,0.24645242602926576,-3.6293589710527,-0.43934681368836515,-3.111210907457087,-0.22093060994055136,-3.09431664383815
-0.12276981424022873,1.8116809146271808,3.7774741989513863,0.8973109378158632,0.28485914040356874,1.6231306929622467,0.6147466968812254,-0.15693706772445384,3.293306210505674,-0.31015956854085547,3.6515269503737278,-0.06326374813707338,0.8268643846217958
0.2555787987996721,4.223622570037842,2.661499689972131,1.9899903862752641,2.382283162643306,1.787047138028882,1.7485426762193033,-0.8866306708525451,1.4225356177163004,1.0070432398996008,7.7754722225309045,0.26850492213024857,4.704979731449858
-0.4299403552783445,1.629446246478603,2.9828679673027043,0.4291766321943659,0.04790330016002467,1.8360486671540681,0.28657643055802,-0.4713571439579957,1.7358462224140145,-0.2521086794515658,-2.7435631620066445,-0.0189700580724619,0.7135523598408324
0.18546027774612106,-5.861326363100154,-3.896748684601237,-7.009608473067379,-3.4507652587034854,-1.2837583595328035,-4.108376392281304,-0.9175549449709555,-0.5620536754166496,-1.5049927471764386,-9.037695858034617,-0.4830185793847265,-5.270681231711061
-1.0694192964226632,-0.8587025877843715,-0.8270052580576807,-2.1804203594041374,-0.9820152294547813,-1.1040945443417878,-0.35093568400738573,-1.003218328620618,-2.9760934606442846,-0.340432918617088,0.2267573105554198,-0.0689359647542654,-0.3483929091107309
-0.3719538711482247,1.8268989984096133,3.0864733923273167,0.42621538771212925,0.28701386667063666,2.0817791348535364,0.514674932779227,-0.5653260227546305,1.8480744552519175,-0.23946502064044278,-2.2253672803865947,-0.2858159336701243,0.761681107403193
-0.9469618703445628,-4.051217820105765,-3.7399913211353115,-1.642726701650148,-2.0716964970285896,0.31734183621851536,-1.6637401315362912,-0.6553970801690592,-4.465506597867028,-0.6424937457394682,-5.6399794672879695,-0.1419061888707796,-3.5523333478615515
-0.3663720191932388,1.6448568149412879,2.98379114587843,0.8145314225632079,0.21379634013813398,2.109428458148614,0.5568496371246874,-0.5635008872600478,2.017236339763427,-0.32416756746617864,-3.039713388249381,-0.19194837823303207,0.7655464155470123
1.967078658773357,0.3774169793186915,-1.8700893303627764,1.4552283961491452,0.4145009704586118,-0.6788499948889429,1.0513556742756112,2.13980094030396,-2.6920086195221575,0.3709359663166106,0.5293950748381516,0.2041191713915516,0.11276839942930056
0.4874764796744826,2.8186519956273126,0.8240634771276061,1.9561247776976474,2.4635518995434458,1.367990160566858,1.9050020726485595,1.3077983686979866,6.017599650244745,0.6064821300536603,2.8924989955515295,-0.12343038703418438,2.9951260128275803
-0.7153444689481209,-1.9966953484915817,-1.69638996616782,-2.730184487397782,-1.690384878689527,-2.5022213960464845,-1.7919162172037693,-0.8562480518946216,-1.6306660001812918,-0.5022973971798397,-1.5874828477814376,-0.10829548006256433,-2.1973731180182137
0.7018884122413067,3.013217866527331,3.491689028949995,0.9222544900322744,0.8145071322988304,3.3973729008963947,0.9052102355043298,-0.004563845586445526,2.517388280919856,0.1197504006336546,-0.9724411715624025,-0.12016099884536942,1.698982607333197
0.5254825299652293,-2.5681638454087072,-2.30412462394788,0.687378196375341,-0.45831268036479333,-0.13633550959070095,0.31005080353779113,0.8986357482419245,2.25364576532195,-0.23553748116518058,-1.4767321459483351,-0.031999106174334935,-2.6307783169009613
0.6687390522508777,2.7244677625694833,-1.2873079238697471,-0.8841594191806185,-0.9538411911628728,-1.0478785102064205,0.5134708989442636,1.8341318786899663,-0.18721846022746635,-0.36376663038403617,-0.5376445622923265,-0.045315635026329106,0.956146935324909
-0.008724019180259038,-3.4836971113665234,-3.7606230681203305,-0.055140675070385115,-1.757008378407401,-1.9876606681787723,-0.00514007751726432,0.08482556873208108,1.7394391509978506,-1.0684566290055715,-2.3585390164361644,-0.16633068486220307,-4.103242004207439
-1.4579068758628442,-7.4376085181079,-6.4470536841100285,-3.109281516862619,-3.9405441368950735,-6.131306730051422,-4.224882708615106,-4.133536687874133,-3.0979412904500756,-2.227431918976622,-6.53035797602497,-0.43303801074624104,-5.5496689411019915
-0.5574021805657281,0.6225657181157211,2.0689535368619385,0.6738836347226365,-0.07939423937609195,1.2722057802493993,0.12639544038050288,-1.2258379976999842,1.413382136375746,-0.8928991040633993,-4.3648877676860955,-0.36737082007961974,0.01455800917516972
0.6704047058450261,-5.769222359096426,-5.108005360049816,-2.8192691356067856,-4.4735501761993195,-5.941816585641354,-4.802041069214335,-2.16587714431497,-7.3840110369513035,-1.605965088951505,-12.26508450026779,-0.35469401413885226,-5.99377960230741
0.9560457860875048,-2.868895150737112,-3.3399019410564663,-0.9610636893944398,-0.5473672587289994,-0.5136174900074386,-2.315756202174558,0.28839236567935195,-3.052036618544823,-0.2773848262853504,-3.176987521816563,-0.12165656893772775,-3.0155496063248974
1.0957204471062871,2.940489896806991,1.2429619921309252,1.0187827470748578,0.031505837954787785,0.6235725556189815,1.7581945188405614,0.7249725266959933,2.4510703823472273,0.37144443477296984,3.0438508103793063,0.19096246383204632,3.0672318277870207
3.4215437519705554,2.8181348051063506,1.7207127418012043,5.981164702042523,2.0727537664740034,1.7021465745904587,3.8777524758337267,1.4471832208366449,4.682444282724626,1.4570415043510077,0.7324600411154741,0.7699448296924435,2.051199258557107
-0.2669938711563332,-0.5139838984365471,2.04401726492991,0.6599197450849332,-1.231070527658384,-1.8411712018809179,-0.5379137119837105,-1.0960501542899554,-2.679046765923396,-0.48842512673025773,-3.698487197675018,-0.1425646583948078,-0.5397063167201769
0.4041182688654709,2.824487457312126,-1.3873447088819617,-1.154278277106997,0.1602585240412089,-1.0048799318871977,1.3846397015457559,1.2420361448332875,-1.5567263829635662,-0.2801075017059014,2.336816036182766,-0.057941069775261006,0.6282764172621278
0.35495085100332896,2.680123946440096,3.7372639909443555,1.7886529977712782,1.3845225325175043,3.847460638318831,1.1878787209181527,-0.2669116621562797,2.9112728918990536,0.2340667249132984,-0.11752955198029265,1.3879718155993357,1.9664425147790467
-1.9465294531360275,-2.4291607942587397,-1.453223497818431,-1.0713900117301902,-0.23666868291174423,-2.5309013556300974,-2.3702117511407583,-0.9396439839071697,-3.743701080476556,-0.4573099413948756,-0.8330356868563427,-0.09324623443082809,-1.148873199538535
-0.514005019057335,-2.7836240753619403,-2.53594333662548,-1.4768106055932326,-0.20976470357634952,1.85788050963026,-0.5719030661410133,0.3974748946157183,-2.6178990529643165,-0.33092083361724167,-3.0062330103282715,-0.26681902298082905,-2.204131032199496
-0.5424686513251314,1.562647847348514,2.4834621133960586,0.05229149821162643,-0.016404061295195546,1.8244392962070808,0.1332287182633039,-1.4302515215959608,1.6473491038221661,-0.16012477005469733,-1.3837874485961055,0.0784521328419861,0.5700223047798498
0.29004460186180125,-2.3375782792942803,-2.5500366210487355,-1.077550140851074,-0.4220890684042954,-1.552672969282915,-0.5501233657853057,-0.4439585402980447,-2.221278634513211,-0.41446473782468174,1.5890642923328817,-0.2212436761872637,-0.1697416310115821
-0.1237281876895577,0.09225594434680212,1.370936515789686,-0.08069809551350773,-0.17723764298638947,-0.44386478395925627,0.1612272212763006,-0.3027173094301381,1.4065893062938835,0.36913300571238833,3.269096029814746,0.03611365707849872,0.9787983038307476
-0.9328558150135601,-0.8723855306963544,-1.4979773132565117,-1.2387009062312746,-0.14907945901465927,2.0496873419799115,-0.1382507962226451,0.6632521885364421,-2.3755686747851885,-0.201828732742514,-1.428157116752118,0.1998653997863744,-1.1628034510484175
-0.8455064499279896,-2.595233955996939,-2.0264332058487664,-1.3157377673680375,0.17908301662136272,0.1020842942471305,-1.8834156694294262,-0.18797734971106467,-2.927668497286634,-0.3601795410923662,-2.446090733621062,-0.13112595755813847,-1.8525094232749606
4.273195730449838,1.6021348833685949,-0.259971477977104,1.3997197069341523,1.2761316756572993,2.6728851556260547,1.143718556890057,3.243633404752859,3.2529166007931867,-0.0198277379034292,0.4998996606262197,0.5796765089635217,-0.29666154346842744
-0.31478563331429743,1.4943585075065493,2.443172118074467,1.0244078336707834,0.5956870639996805,0.8930440757734078,1.0263973698418378,-0.5557472422268863,1.0138325428372872,-0.1882785212574526,6.94575310545301,0.019717647381540703,1.9550610573269016
0.8255055411553216,-0.17703274046898687,0.5717252779043172,-1.4050147197902618,0.6266989410233996,2.631258059873039,0.32942375364609905,1.6742138840361607,2.547560669934998,-0.1362768830265848,-2.2993036481044777,0.10172931522337916,0.09452970094771837
-2.6725296666592153,-4.963353953108502,-1.407055866603429,-0.5947098353215386,-0.75299982736715,-1.9162353930006637,-2.691927798469033,-0.37497340876867774,-1.8740959528988848,-0.320439111562963,-0.5233795293844825,-0.08667669750025708,-2.463365855364439
-0.10169203009715107,1.9137783158275607,3.618292215718474,0.5871936378596971,0.24057472137061678,1.8755251794711993,0.9396617582781859,-0.8166132100588746,2.0977583515535416,-0.18458728104674568,-0.4724464898282247,-0.1995226745079789,0.9191441563718643
0.16414939755366909,-2.428754859999236,-3.1129116537975556,-3.4649191815768265,-2.8920620258349086,-0.9981937280462854,-0.9714352623238744,-0.5846644256108751,-5.9238913843925625,-0.357961438665063,-3.1140183439943936,-0.3075594167918381,-3.2455073875313007
0.6007932321566882,-0.8804051690890143,-1.9145545122720722,-1.0464928176398907,-0.37354721658449197,-0.33698989644594896,-0.8594023067411036,1.362626189281129,-3.7008474742797097,-0.5475774948738725,-3.688699410555679,-0.2922663470647401,-1.4454609388066457
0.8335951782111076,-1.1815067298565471,-0.8709062892560744,-0.7614851969987567,-0.13068350305832505,-0.7249608726318304,-0.014471142929978673,0.5570860812393947,2.5404702289500793,0.3454351729759946,-0.14467697527983947,-0.05433101876587097,-0.4434202925597006
-1.822889023927144,-0.7101671952448991,0.6798301694177403,0.006805119125120718,0.11129182778169516,-1.5440795148896151,-1.3256846922951646,-1.49898521957919,-2.9812523558808284,-0.2289185103210104,1.8564992997603906,0.03303719790238477,0.35903972889451924
-0.37191994710825377,-0.6783834428195319,-0.7099131353587532,-2.1654385651699783,-0.025802237104314063,-1.3068587269064862,-0.4503422762929564,-0.5309828547533187,-2.024587703079192,-0.06639554712817912,0.17266623433317177,-0.08009271545387397,-0.4796062004804196
-0.6422619491313688,0.7378132095301732,2.584691246857142,-0.06854376708778238,0.07454417464375072,1.4979198965306084,0.10364558928335706,-0.9062508219268379,1.0089094148555562,-0.08702086766043468,-4.316617552839322,-0.19623765429171425,0.23723460894957593
0.4875465307053593,-1.4932465379830036,-1.697141193238397,-0.6057353252565696,-0.4314282411052327,1.4751135100408774,-0.9232634442511739,-0.30112469588613355,1.071925093434337,-0.4717444402621024,-1.7152051448594359,-0.1413592258535532,-1.5411082014917503
-1.326443744255747,-0.5496905624783701,1.7546439251857295,0.4277097280028586,-0.9294357223156842,-1.2617650197373913,0.43142768907464213,-1.8849349763741097,-1.7202083466615943,-0.41986316601901,4.383283823590933,-0.1357883022135744,0.9330702613470044
-0.5223782349333891,1.8077945875593773,2.869227281798505,0.0938063684059307,-0.17029714956103514,1.3380813527603943,0.46688573918564047,-1.36075406355447,2.0341003571455882,-0.25204038809105334,-1.1886380283146474,-0.22391046848303325,0.6887897711992264
2.925756798753929,1.416019154233444,-0.1548781654445662,3.7851939297943478,2.1559523529528324,2.2170955428915713,1.2601548038329928,3.7561754861091163,-1.3356009270426714,-0.010194452536395825,-0.2906164768110548,0.028988464119740424,-0.24160172807466646
0.24405997228601736,-2.010954063712722,-3.83369224499497,-0.3745861452838612,-1.0353043018529813,-1.7400152936438102,0.26900829803871207,0.7450686049854592,-4.040692374528282,-0.4630899641523135,-2.4432583890027466,-0.12970449739394485,-1.3038317972597566
0.9008040605200871,3.4714836574651096,0.00938138493595435,-0.49071624951385373,0.40386992493385665,0.062007461345961565,1.500823667050443,-0.045092076450689786,0.682488642768003,0.8035975784756658,4.080069431679632,-0.054652157568165854,2.7343934036698188
1.2262143897394548,3.246867577040879,0.2713293230709517,1.916384417702858,-0.2525464301887486,0.7227321994935884,0.9621459460858672,0.8229217339695122,1.7685120581105973,0.6365479123747598,2.827524964205093,0.13080453394084346,2.905332502676692
-0.7071291749800245,-0.8022213606215599,-1.6706330911484026,-1.2190067841940453,0.25260860208525415,2.055442529114791,-0.6540860355935165,0.38414806546125985,-2.476220576257135,-0.18547841060906645,-1.7352022237599725,-0.09051216322100833,-1.3440058044354533
3.593826231289034,-1.732273050162734,-0.2721048471807608,4.751471001635202,2.8022547520040013,1.1277398872256486,1.9196210545332484,2.6544346869343682,6.27965329341694,2.9791521724623933,1.6248871935572893,-0.01575479245848119,0.16132536747596285
-2.0265344592980625,-0.8569046536563997,0.6603940280195739,-0.35351246414654386,-0.06709355973121196,-1.794023529109028,-1.27773267311251,-1.6233393036393038,-3.0416082681337793,-0.1556817727354873,1.2840477367857888,0.027517282191870898,-0.2808387171461557
-0.6806800148315312,-4.1180573376133625,-4.081864493194346,-3.4898482750625237,-3.244789206743137,-1.38675237992468,-2.578868988728564,-0.686047747475095,-4.761275347199084,-0.993127745582411,-4.208580093070243,-0.47107331559372434,-4.585192767396155
2.697305795997381,3.067005016011083,1.7862990987207736,2.0569000896009517,1.815079427976161,2.97227910034255,2.0331705313822668,3.652197597863463,1.6307053856758604,0.1896444098516885,0.5234879135340452,0.9317267297384227,0.6878890989105115
-0.030888379891402955,1.9507042795745657,3.0950625515004826,0.7504056235780527,0.4215393707761541,2.4801457004585408,0.7901696466933934,-0.7670219344443954,2.3160423080379977,-0.012809986850350277,-0.6326503815036268,0.3711696816898054,1.052696926747966
2.075957370693795,3.7155308699064573,0.28509088421343937,0.45067827000800115,1.9051825041686077,1.2678757754604635,2.025209758734434,0.8837092732198327,3.337348750288494,0.6373887284317363,3.3214256489395892,0.3478557446754225,2.891624036756241
1.4777288452929094,-0.0595476188831446,-0.9403516552012623,1.2088560320799133,0.32983049473621784,1.5120523030000423,0.6166439988288202,1.6417042158994204,-2.3218527712165904,-0.14808667361839783,-0.9098785163296594,0.1654267630586399,-0.7377995221973914
0.21940640093034336,0.5109527255449857,-1.0916180634048456,-2.448665840484513,-0.15441632938467795,-0.496781974555407,0.2705177039813457,0.48845487629787776,1.2878536786749544,-0.2642500095519547,3.1196901405488875,-0.0771198361025503,0.6835859120870008
-2.362833562988477,-1.343021932448157,0.7023189516996757,-0.4501011238588643,-0.878003292572167,-2.532284339330056,-1.5325969295679696,-2.1961458879543674,-2.7351332100993027,-0.3172189641661114,1.0554300212720404,-0.35451238593034884,-0.5185657528818897
-6.569806620202856,-6.5747486049909565,-7.617477616896441,-2.974450919905988,-2.523033726752425,-5.971512124415279,-2.318737009857884,-2.917481067764262,-3.617242988031359,-3.066076089774466,-5.128346831986888,-0.4157954406189838,-4.482710458631627
0.9561555346427484,0.1227796369785857,-1.3382910806939214,0.7442622239184049,-0.45423710266283407,-1.009747576432096,0.9551828358881177,1.1963513082265855,-2.460766662098985,-0.1942045607485085,0.038081591881604614,0.31780502537731076,0.08844607649629715
0.08341488609918285,2.2758366253578832,0.803636351209134,2.6014838510068756,1.8409206413715664,1.0537621092123706,0.4778108951025126,0.36011347272226385,5.37835454995537,-0.04394196281416566,2.736020838036719,0.19079265665055967,2.1605476138482085
-0.870856436350797,1.1767319663373443,3.01038920491313,0.7125429897657078,0.07532485947349216,1.595795763838105,0.014642835199936428,-0.6713594505604771,1.5360255757165657,-0.3317457826435567,-3.645884570572006,-0.20979788305548336,0.42786122655909925
-0.2751847665425804,2.10828836201535,3.1860418577150753,0.5480209068405545,0.2921358407433662,2.039821011953366,0.8441159136019026,-0.9318027728614913,2.4019698669766587,-0.15450363729459543,-1.096736396177051,-0.09808484422767332,0.9604881644238618
0.09372423103389649,2.1750229340610607,3.703326896948015,0.8313280560857516,0.6530589500121358,2.1763973454241117,1.3258393355779765,-0.32365237960022764,2.7876394915756664,-0.08556463980012469,-0.2488968174707972,0.31004088098390237,1.5863502214579952
0.30891617220981676,2.1955903030652544,3.51115486250052,1.2476070697088206,0.3192799264347802,2.4611319009633736,1.076376894159346,-0.13074261321530978,2.3070276517374433,-0.16670933523939704,-2.0280667805185333,-0.15353533006376696,1.1945023693966985
1.348026141347364,-3.6768309761387195,-1.5377394762573142,-0.28142072403493024,-0.009635013145291126,-0.20329544502206987,1.1285661357548085,-0.2739844975496333,1.7840906248872896,-0.0970309541219225,0.8788251920292773,-0.023736497297262116,-0.6708171673626122
-1.3295788594857896,-1.8634801452032599,-1.57134233259389,-1.300509911030531,-0.16561813975011727,0.5663359192914018,-0.5598908174943384,-0.16330926498863835,-3.349136651768866,-0.35331639080929256,-0.4524931153044518,-0.11558858505139735,-1.5983037470989963
-1.4093873997881186,-4.41386612761145,-2.967384411390457,-0.6976734669015018,-1.1919505029916768,-2.228189085472582,-2.5176719144235054,-0.42862565755533705,1.1460058445866321,-2.0403726390273205,-0.9230179160077954,-0.28088596529793014,-4.392782368544076
0.5885216993766113,3.2513831256800847,-0.7240018905481942,0.4393329663424649,-0.6123696784338811,-1.014730392254682,1.0489791658412044,1.1748941125529302,-0.27322373119493326,-0.45171597779780204,0.6643656423092924,-0.004533397446179578,0.5808609155048098
-1.1998724095523363,-0.5730125104439342,-0.5134861619987835,-2.079096929838674,-0.8633539095458883,-1.1310640693114453,-0.5000859073766818,-1.028161380165774,-3.361687465839398,-0.3670895368476503,-0.00084230254404247,-0.11043201497497247,-0.24372476192449943
-2.7985193813395584,-0.5929817270689335,1.8287817814066594,-0.23228971840710283,-0.1116455719278505,-1.0104645033889554,-0.09170894631236372,-2.2608842789490398,1.034078659761904,-0.25564818747082935,5.493244300688514,-0.11492994717011855,1.526485110268307
2.555863723096748,-0.8491549340594147,-1.2532904221686638,2.4119911773492477,0.11607922402314015,-0.10372306288737386,0.7031853529924733,1.7690356624426526,2.061753552273537,-0.2728247504608912,-1.7504329078779035,-0.006462177951923757,-1.419871043287632
1.350300920855564,2.419403221106363,0.20396684640242393,1.032068657296089,0.22381684430978355,-0.3928311208356172,1.5294522610689618,1.7882355824242242,-1.9163974290941326,-0.13084324885780613,3.148699040773015,0.03570780444010684,0.9539550883297083
1.1863450577177312,3.975889776713318,-0.24234641473636864,-0.276471247267392,0.3096202478149077,0.7414455970050766,1.5462795206066218,1.2715039406618518,0.9776058142140717,-0.10274629513112207,4.668407830621322,-0.030250572770213133,0.6050426632693658
1.267686889608287,-0.0881564530099018,-0.7735135647049173,-0.37250312224910076,-0.5572658406674031,-0.11283361168112613,1.2446460321395556,0.4614623694928984,-1.1819597589892026,0.7203248110698123,2.7259160078823976,-0.0078042149740375245,0.945464484366692
0.213807426309213,2.494528652478734,0.08416421564347629,0.43504625915446216,-0.3164552065176476,-0.9485589364476298,-0.0779805347250981,0.26047546275736144,0.5383206772711128,-0.36032924537443467,1.2198794107149458,-0.13059882447330487,1.1729804508807133
0.4322554890904575,1.4533365143380226,2.7004280639988267,1.3661878187980296,0.7401200486528171,0.9743313098895467,1.306157574149677,-0.35165375973615387,1.8753802564119297,-0.11185980005345002,5.136509370741746,0.0990811870878354,2.576241992749791
-1.1159950029560262,-1.637969044619758,-1.7678686057957305,-1.7811355951226626,-0.8015722258720134,1.8212611567849915,-0.4939235706379017,0.13315446591366914,-3.2124018335011275,-0.33068156180489394,-1.475929141431633,-0.05112420135591606,-1.8644091708207913
1.1013002425437377,1.3863342738006676,-0.5785888570955853,0.5110295434135739,-0.03748222854298852,-0.08441605682329588,-0.18359740519792675,0.6040035708486621,2.8883435651691003,0.09276531465817235,2.3700615790382855,-0.06851838710562635,1.4295314955638927
0.08845090830077743,-2.015301582221356,-3.7851431988759177,-0.943115829306965,-0.8782617055857552,-1.5863810815501749,0.21590846705871305,0.6392823200972959,-3.543786345090096,-0.5261116971468759,-3.0392893382492994,-0.014234402885970924,-1.30089393444825
1.5938907700218263,3.642854404701954,0.19919567927045526,-0.24451859088200656,1.4362894961522477,0.21202727255825365,2.018915346532853,2.583290826968538,-0.0738048549674244,-0.09672457420939795,-0.16728881254999173,0.09565633175480685,0.9532803457639074
-0.8745293559589318,-0.3479805770656095,0.25150574763305483,-1.6677096604462711,-0.3476660976465791,-0.6597868728053035,-0.013458238547253896,-0.34799280056160786,0.9024842501276483,-0.30713018816999266,2.9614703638603292,-0.1322651221153015,0.6434567255495737
1.1937567199399282,4.214520713094519,-0.24738501579604233,0.5661411149147898,0.2583652953627624,0.09163894125156918,1.6109530537099477,1.0907161577444315,-1.2869662538041464,0.29021320138592277,0.5707311402328519,0.05729430406664807,2.205867420188669
0.31065186897189256,-3.266518641940007,-2.665581136523332,-0.12706332731164183,-1.267588217585451,-0.8649557289460472,-1.5010313377255158,0.6649049728860458,2.2305226279019066,-0.32079169337844715,-0.05920779398021614,-0.0963570311655187,-4.192984345151732
-1.516594217457912,-0.3889403478444244,0.4050012069624952,-0.38387102795402644,-0.4564033871319972,-1.1527638608569073,0.05476008265434449,-1.1444925673932047,-0.14678155341547822,-0.5305975431374587,1.7187755730789567,-0.03533311860791093,-0.9453908740408306
0.9715658063244901,1.1491706428604402,-0.7796867563730727,0.940999177731056,-0.17898095147477258,-0.6097374929244527,1.1982206883250428,0.16838631052834288,1.2007261152493038,0.40619595161742633,0.6785011390927764,0.02492762812258054,1.777958635325129
0.7209316647363202,1.2307449917707387,-0.2537834026100528,0.36062453309125797,2.7373199649636324,6.27535132874476,0.975680885659531,2.1028990177308318,0.3015245248330758,0.44338792128540155,0.21722931818519198,0.2775678000537057,0.6892870160419905
1.3162336925800058,0.25362530272867945,-0.6150624397950661,0.7642219840662761,0.22510486375230057,1.0894978602349548,1.1254178581785201,0.5023347713994899,-0.5179728159282564,0.16115678698341881,3.0096146707081557,-0.07742098693011541,1.2305070251216077
-0.10483407219354474,0.979254603657561,3.5008372618040693,-0.1889214206849122,0.19726422728763685,1.4989058512775228,1.3131866606894054,-0.5272729366008813,3.799710348178115,0.12308019887242046,1.344277396681201,0.011325802868232007,0.38554362835207323
-0.3114875270747064,1.751546519686882,2.6806007408604238,0.2792803586595174,0.23348026730948032,1.9284068728854047,0.43996002605133167,-1.2422527111502777,1.9158569506705843,-0.03524107495219356,-0.5820999404384444,-0.07753996912234773,0.655462096655845
-0.03390117349827463,1.7241803590042724,3.6630277359821934,0.8306798918700465,0.22854363240870748,1.3179326492159935,0.6623014842987885,-0.3201454938979201,3.165885950471792,-0.23360760539304484,2.6969731998371165,-0.04500738282377534,0.7549672259918102
0.5637004240659168,2.8799410812194566,-1.2211613158245263,-0.6335528980573226,-0.6403445059992374,0.019534450011948718,0.9230787600602748,1.6730964475699386,0.5368401680012337,0.3837258798799788,0.18884725323671273,-0.12736288336933488,0.8073932152432906
-0.5767003861152465,-2.409908417311704,-3.304082911501949,-2.9564589666487238,-0.8477217584470704,-0.8875964233444795,-2.1406259750931826,-0.6316501768942302,0.7943419333702573,-0.5526916437880655,0.34764545606500974,-0.30303938015829784,-1.897679629258605
0.8086661802972147,1.840147939280917,1.4864812203543263,1.2029892177398627,0.6025954356717151,0.9481166932193766,1.457212201397245,-0.2524609056156544,1.3034150413087466,1.4678453855708034,3.637535322345793,0.29570288081342977,2.515579301116264
-0.8004511907220715,1.3761839004298155,2.193790080897872,-0.035278215500422705,-0.0768221567405595,1.789299332723539,0.2950500267185271,-1.3721884422418147,1.843048295925578,-0.2723514425733851,-2.419206760377209,0.2667130506426716,0.4687676123157144
-0.5714320046045923,1.4807164221536362,2.1167588764863705,0.021163741082159956,0.13026986678182662,1.6929994373401216,0.24285150403415579,-1.5403952787376733,1.7544271199224104,-0.19504759313228226,-1.3887353536729803,0.10727309072028014,0.5539490458110553
1.1405655607260352,1.5164562666892178,-0.5134204193287425,0.40553414739616606,-0.020337934630095214,-0.2832414904329926,0.761958585281132,0.7921547272449565,2.7058583481909904,0.45104561232237356,2.034291138985815,0.19185397631230042,1.479104334852761
1.6487724180969723,2.313300872031703,-0.4058531940573207,0.8947334033364636,0.42643252220315225,0.2188978982240789,0.9040406341395444,1.3705457035534911,3.1379420031865854,0.7370452814290507,2.976087733128418,0.04098778620569239,1.8127793814417796
-0.2736006242427458,1.811523014216994,3.1107676317780797,0.285975195877254,0.08143691177893843,1.5797413556963307,0.5946085560523594,-1.08469538746738,1.9787036360753705,-0.21389956077922967,-0.3037279729803817,-0.24035377076076772,0.8435669776103973
-0.4486438214313238,-3.497302207849506,0.17863448722908895,-1.6160826005900486,-0.40447434626105755,-0.7600165756884966,-0.8093972889872062,-1.1344468935858456,-0.9907217020655261,0.22636251716874542,1.0822140551513684,-0.012917460462906106,-1.1530064027673668
0.5110628096821408,0.14370172923327307,-1.4353393589948409,-1.8529180251641408,0.17234838528403393,-0.9214688617244574,-0.13383028943712505,-0.2339055310101767,-1.9002619907311684,0.5372694528620277,0.2083608751490504,0.1864313177810982,-0.021064722536959665
-6.571642813924698,-8.861489559933542,-6.002107069986976,-5.297374218869437,-5.1920979674295005,-4.886427884029947,-3.1296950196003954,-4.55869612420909,-2.0876712154819534,-2.3058036102339003,-4.829756338689994,-0.7313346207876587,-8.589262006237274
0.11742741319506106,-2.383056023155029,-2.9946507277795007,-0.5380085284671645,-0.1628161664074288,1.554403246014068,-0.38156924116218266,0.6213159675130412,-1.5963259902249816,-0.306149987322796,-2.2827877223331274,-0.16059764693025488,-1.9771475230974869
0.3258744790104943,-0.14875208023159456,-1.146846854358187,-1.983011239795532,0.11659826129933612,-1.097667250757416,-0.13294594845320612,0.43766627382900986,-0.8150837719807812,0.3869165196621584,1.0079489961556263,0.17253704491537075,-0.2650296825273997
1.109392839974931,4.209146743339692,-0.6735083019221202,-0.38085996300395986,0.21198204341085855,0.37672800176259524,1.2668960665642386,1.3764048189519802,1.2777141190672086,1.0280394966403648,1.7243236893881113,0.12588379658706883,2.0844757407945065
0.8886211185203865,3.445840410879399,-0.7020576711951032,-0.2313641506454183,0.18981085695429803,0.33122212469991713,2.015178086658319,1.316804648787818,-0.053615399981952444,0.022950686516447178,1.587684083567001,-0.03201019200496372,1.6835194164726677
2.4345068975558712,0.25800231943320895,-1.4956330191395764,-1.0942906009188542,0.9010179277592234,0.0806727504435305,-0.8836454342864458,1.5524913924146029,-2.6466419786111346,-0.15275923957013426,-1.9451923111908966,0.9194676825000597,-0.644218700702509
0.6637092501499379,1.3886750638666046,-2.0304934835987583,0.34563586708779137,-1.048702148812202,-1.4727124557012905,0.702899867386764,0.5496791230788869,-2.6466679500390042,-0.5727728839099616,1.1755907252881057,-0.06588130713233532,-0.7280544490186084
2.277601449607044,2.7163773402209497,0.5393715581256483,1.7863155826667532,1.687768705294778,0.4393144323490559,2.8424847724816455,1.4843335821686519,3.4454602193004558,0.7815737473892255,2.5347799206137034,0.1765958516237636,4.1710143338123125
-0.002965254528034003,-1.023098623407487,-3.702979926581804,-0.37566632767156183,-2.4897968230122296,-2.2374855494043895,-3.5910866200509997,-0.11982966875709179,-3.0654177601200834,-0.6569475747913951,-1.7992539359587765,-0.24981213193335058,-0.9327928961415053
0.9544705006128383,-2.0846298221788473,-1.3281895984600607,1.912720224852156,0.3003920287074936,0.6136922958472534,0.24177412985203162,2.374842348078059,5.613646609804905,0.37528762754259837,0.5521375244348827,0.30204831154913525,-2.5490513739227834
-0.2591659423336386,-2.6336955843420906,-1.9156197283360068,1.9707634861255063,-0.28762021438115154,-1.623125082283384,0.5866326103312893,-0.45207145773650453,-3.500404724199843,-0.36248454540140085,-2.5424063845656604,-0.06359464366816808,-2.6105411379153116
-0.18615670488215985,2.6062480641011563,-3.3444367682369847,-0.5441674326510273,-1.4127659223327,-2.0724231654410765,-0.8884243443768678,-0.08728664321048799,-2.5131702146332504,-1.1609138768849276,2.370479948558947,-0.15082509038090308,1.000044467176
0.7118518739943912,-1.5595247128171221,-1.0842061389987876,-0.8986607385437111,-1.3457687813198813,-1.9016117947646929,0.271514163431194,-0.9867136561435957,-2.0837847360694366,-0.030714621311571044,1.9031605881907876,-0.3545532239450969,0.12674628733346868
-1.698689141441137,0.716949446750805,-3.947918052451374,-3.4100691138585604,-1.024439279391534,-2.878517254355053,0.010658006176559456,1.1639884920563133,-2.087018193600492,-0.7309015264046482,-1.817210675516269,-0.12527452935775124,-0.801045873779286
0.47148913359528194,1.7653762709478744,-2.048160337693989,-1.7297438571897021,-0.9931475437629143,-0.6418419687925944,0.3409225152055215,0.5637995368381962,-0.1518001560753005,0.3087140899943188,0.1617497664534797,-0.013425439747257406,0.5521018595382984
0.31389644423447943,2.9706439908542155,0.2206755763545839,1.2733770186236748,0.29405529406128655,0.2959187231404291,1.8902187054226591,0.5940389827783736,-1.200944238620707,0.6066639028432677,3.203458948035517,0.04619508037654058,2.7400928974565537
0.6840965821904441,-2.053854981765358,-2.6918645676742825,1.0874316300570757,-0.8909505629705061,0.06083692024254953,-0.22065429653558472,1.0336774044028583,3.3307130518674644,-0.33081546232828657,-1.7372448677341972,-0.05285549184824859,-3.2294112771821935
0.4905820304465792,-2.2279159212014124,-1.495333565053944,1.0612005050878766,-0.5327313307041509,-0.021577075406288157,0.4229039236173657,1.4356176326325578,2.5945241383256183,-0.09514731857873913,-1.4486629219979257,-0.14412409997027786,-2.2309087386349624
1.765676030254819,0.5045076678941647,2.7602423830190674,3.864246962830527,0.2484973941624372,1.2960751287659837,3.0111556059975806,1.8551192080922836,1.6316984262265681,0.3780361548531801,-1.621061826572857,0.2274824915469314,1.0315761072307614
-1.5467854967884105,-2.7892385363418395,1.5388067693718603,-0.15316782754535477,-0.4262507025669848,-1.3348517883294782,-0.5590853998965274,-1.6833658061243801,-0.2585843107161218,-0.026115833493467085,1.3163015203369364,-0.08152633261866862,-0.8672436799528077
-0.6886741552036257,-3.5507338551907903,-3.8516573910684224,-1.964199239842387,-2.2895287494811543,0.8337325899463353,-1.3430163667568316,0.10469493419449366,-2.770947280520988,-0.3473560797567997,-3.524666395172889,-0.19795849115173858,-2.7960485149112837
-0.8170655575710242,0.24114472967003367,1.6356968732364474,-1.5822038147541588,-0.26606312310426605,0.8558916803304522,-0.23516516896896078,-0.5616591632997411,1.6610290671750487,-0.3105698724230752,-1.850502675463859,-0.031487793622331554,0.49246542989742026
0.009095482734652636,-2.611320360619058,-2.798768767172264,-0.6332010646288594,0.8933815312188946,0.8959630391612232,-0.35036209412436525,0.8414727341476826,-0.8122183805652374,-0.20235570207238202,-2.286198575263842,0.023549297679629558,-1.812212837301195
-0.6188355445872165,1.8039617291832752,2.3379819474907384,-0.350041800104599,-0.23730552440871389,1.690390898606533,0.2531925745422226,-1.32320050917928,1.1456041384343476,-0.3558264890975421,-2.774159951179495,-0.0816458397803621,0.3586072624091888
-0.2624033971927647,0.3281830865620739,1.7282764558313,0.07933205823983168,0.05526869082616434,0.6267185386270284,0.540678605217383,-0.7705377590728717,1.8652790113378106,0.6499636336307353,2.664358099460498,0.03690958966035396,0.49487580076222204
-2.3664785685012535,-4.405432306768167,-1.3564671360080438,-0.29909141979283754,-0.3401042381477441,-2.1681257807711756,-2.295659804269671,0.3339421657452151,0.6648193477803009,-0.3877081923755923,-0.4925496931110197,-0.033902718398927126,-2.8348428263530767
-3.6987747411802414,-6.123233006147976,-4.044213882034333,-2.1390739587042487,-4.588756376793608,-1.5647748334157385,-5.052339804756661,-0.4073275715640437,-1.515835008186082,-0.5409397056119313,-3.1155706456163896,-0.2697687570290224,-5.873414449755932
0.9971884069969463,5.882070806546446,0.8945913469765541,1.5629538029758256,1.7067332597677078,1.450297562301987,1.4229703200029002,1.5283307431250188,5.5504606575141135,-0.044186560809612314,2.8144134704028776,0.051968082488617874,3.4488586173377307
0.2936924026570178,-0.9758970318460425,-2.049310801261001,0.10624082054425472,2.9631311801438107,3.0522966763170225,-0.6178851029219935,0.8938925530156118,-1.769936169838636,0.19292637372027255,-0.8844846715731545,0.6514568644606816,-1.1144089009566231
2.132994406658949,1.9617808470828457,0.6540007442763693,1.3984354154351688,0.3463663847402978,0.361186466180823,2.218109180116509,0.6668836092498774,4.473613410435825,1.304495999530578,2.503078383658495,0.23788607847773363,2.233632463121062
0.6925196106183445,-3.2715077225574194,-4.0694292181771665,-1.0135745083675203,-1.0650501679701523,-0.4887907883711158,-2.5918977950151176,0.5800419926529544,-3.649141378020867,-0.44201848478159983,-3.362797784225809,-0.2464534826193835,-2.866304292953056
1.0553398486557937,-2.520852200496528,-3.0351536892840856,-0.8521287971455607,-0.505455330408489,-0.3185097182304083,-2.0387919478749645,1.1755119023875642,-3.213293613363058,-0.31196982085083935,-3.119284061077568,-0.16394506544495627,-2.7866452426277095
1.3470691862412627,4.031334545855514,-0.8009797619034846,-0.199590407069255,1.0775722799248373,-0.06385217571579338,2.7459637889224613,1.8858985782352589,0.34684065702888695,0.37390022571974746,6.265235141095603,0.2366143701732572,2.389607623832093
2.3210735941874905,-0.158050790766461,0.6205998798604644,4.233030695723782,1.0010945512178457,1.8638202567088105,1.9628910940347444,2.068855203701597,3.3082758944398822,1.4417495541212462,-0.709034545905888,0.09434116106066441,-2.940901482173553
3.376026895272857,0.4776004364714027,0.7652115471412738,5.433998883878812,2.728828746446201,0.993894744252579,1.6079165936437332,4.653482256417888,-1.1260494684552156,0.19623293345173196,-0.4444509561546146,0.2097733866397497,0.48298891899900315
2.744547445392235,4.825496563556501,-0.02344895523144969,1.347787895987017,1.7022618076541562,1.5772464484918038,2.5110538100792716,2.5339774840433766,1.0983996684099036,0.5090693677128809,0.8373413433781307,0.2906044792508084,2.977417240414458
0.8588959295902815,1.7859610759958418,0.6402475962110071,2.390681989234872,1.2275033908699535,1.3425411870537534,0.8677454977223856,1.6160998576149963,3.2425090051012946,0.532099209646177,0.48184630563068725,0.2983592828218309,0.815486832528582
-0.5623700030158377,0.3497505814235449,1.7323701418517155,0.06269875761587168,0.008112539339603646,0.47743760251077927,0.5798840296827257,-0.653773475341085,1.6336427084853251,0.1629268287872481,2.696495783450081,0.043664287261975306,0.5270815422458369
1.4985100057250302,0.2465800537500116,0.6402703692852,0.6773993726488617,1.1519622509673033,1.4489207802542177,1.9066056722009346,1.936506625652417,4.383200330534535,0.18806120956989217,2.9798715751949287,-0.06469817727700697,0.8455100548484673
-3.3438208393198954,-4.259177040039665,-1.7964891652649062,-1.2558735207649367,-0.35996600164617915,-2.8223564986237846,-2.96973199177223,-1.6656527154996164,-0.20275223552973742,-0.10761259841887924,-1.5325494211280928,0.10709550006832494,-2.9842531104396204
-1.0620839196878176,-0.9729993413368034,-1.9744293636828663,-2.1460714477404124,0.2721005917878613,1.6566241304897187,-0.7769760771121622,-0.10584060432234149,-2.695486363669237,-0.44868306213058556,-2.4305361133881114,-0.06613360658494964,-1.351164938754195
1.077254648084442,0.5952598303111477,-1.0162091553707915,0.9651725790297822,0.06242667053205267,-0.6841292196139696,1.3951986451850584,0.2713579689111147,1.6563516112137584,0.7050124054474546,1.6138928370871062,0.05816005531594978,1.7530752592150947
-0.487875085843003,2.2764225803253555,3.220787410027761,1.5757916048991802,0.8199973083375436,0.22357501284064096,1.5671315947490645,-0.8682401626598505,-0.5235950644221158,0.4013637069121211,5.071145438790425,0.02162941252812735,3.4152784812036483
0.7361436675675211,3.2091692803474148,4.82071302945467,3.687727004438639,1.3820544857987105,0.9720379728860118,1.8765545202232892,0.18783113964005466,0.791350578782666,0.3532723638415333,7.476021532663662,0.009134943950921345,4.229410350753719
0.5133851955277433,0.41217544269541073,-2.0210423991280715,0.8133591917972082,-0.18631650439799863,-0.6344165057929545,1.2280853672951666,-0.30419646762259733,1.3286483501063455,0.2819590885476726,1.3253776106052102,-0.012805100071709593,1.3966280922443708
-0.14973289052231448,-1.140437723323703,-1.8436592352529984,-4.988248472820139,-0.9828990873306367,-2.314840216218598,-0.6673973884624947,-0.4365780428615913,-1.3176225252444338,-0.6117243284256094,-1.5614366276541518,-0.1545541345079738,-0.12306254839679845
-1.1973619614981321,-3.3836151825936716,-0.3761420274313746,-1.574239017505509,-2.2196239018709294,-2.7087225807773767,-1.5082945042915847,-2.877261996681078,-2.4300593445393144,-0.1852936094461216,1.0835211382754564,-0.19853826671942243,-2.307218971252441
-0.6099646339317164,-2.0029573621171424,-4.230159036497483,-3.9536175342349114,-1.3519062510691582,-1.6931185857020323,-2.824578836314484,0.3901931781166543,-0.26565115476182366,-0.42356518171158536,-3.01693564237768,-0.4232066010176725,-2.552566787409597
1.7243972102169776,4.0395946436354695,1.7447971176097377,1.118126250785879,3.715389232958874,-0.22833454226350622,2.4204554636502227,3.3609436857467525,1.990150405408608,0.7967164786506652,1.14141385574049,0.6768931289079289,2.390565286712824
-1.9805169183998892,-0.4178457329184233,1.8814380323214255,-0.08685600788332526,-0.05436497501563278,-0.6335990168268069,-0.455618525695366,-3.1191869943138832,0.4729660642260891,-0.256399913306555,4.147563447091315,-0.3293390833643369,1.2753723365394398
0.8612112918604787,3.01952911159541,-0.5219994589764004,0.015870332045273636,0.34181557898461395,-0.6158544231832235,1.2183964499836373,0.9393453489140504,-0.15616889249481683,-0.09486124162976121,1.9984410569516733,-0.11217630718731221,0.27088763465690946
2.4726049446599143,4.177510072317802,0.16914990357640708,2.2113413693642037,0.4536413397458899,0.5281218194997765,1.9347236030724726,2.468848641525126,-0.06726582439771561,0.17474550336081948,5.004399913827268,0.040411985691947254,2.0084796704010417
-0.6390850543194553,-0.8714425074096972,1.2557238404706328,0.09486260164425604,-0.12155266202727538,-0.7373285068473264,0.05307715278429285,-0.9936603747478995,0.5551790940673608,0.035032426671435385,1.7365371201937603,0.05683131861552193,-0.6902269158941796
2.666062758565984,1.5683200345907566,0.7559891524222784,2.3390081210708664,1.8189221399360231,1.4799442165862355,2.6867649755533787,2.5877726821342693,-0.7738571454620817,-0.19115736235088354,-0.38941494002265636,0.12186638598847724,1.934442858996077
-0.3247107544225743,-1.3070880491503827,-1.6861467779029367,-2.233827848868031,-0.6078355060724748,-2.0658015416029634,-0.37564027607233985,-0.46359365826058696,-1.3701884535125766,-0.18634528334873413,3.1300635778334827,-0.22142986004809947,-0.8623758504141329
0.015175835093379695,1.8913888544682413,3.6429895073558303,0.9226809895369743,0.43652256688465246,1.351141331100112,1.0722597984731612,-0.4373843387861014,2.766078969873488,-0.12822036781348303,2.3544520065291894,0.044064372573047725,1.419690614622086
-0.33242417859223977,-2.623780370443128,-3.2752684826538383,-0.6498482269203911,-1.1177810215437782,-1.544295358539869,0.14225811691696041,0.5906885285049474,-3.79003665663095,-0.7199040286589621,-0.8729947530033271,-0.1523383538186967,-1.192792698760103
-0.7510127552277925,-1.2011824254531205,-1.994589600801054,-1.2679445557337667,0.7977710500478536,1.6886307032747814,-0.5970095859690467,0.49406957850584543,-2.1504820745226203,-0.07338546459925271,-1.6548198359992567,0.016831919275120757,-1.3478657504176308
0.8624137875406692,-2.766651422470394,-3.3950406817646903,-0.4075090071476167,-0.9609145683060506,-1.3766786623394325,-1.6016944253201493,0.11609437147362368,-3.951127211350121,-0.554661751275675,-3.5474979307166197,-0.21222421392487983,-2.378846958422413
0.8680187454912811,2.874606380663398,-0.6945562807227383,-0.5873339879344632,0.314792510666367,-0.4609805100250782,1.5295806166198511,1.1996228495294539,-0.11398119704797852,0.01692573762136604,3.67175284303673,-0.024196402234956702,1.0675873312566222
1.0846256497828284,3.943756552375852,0.306665394332053,-0.5361568362974665,0.2541732853930443,0.04737707505623493,1.4779892805632615,1.2721941574481832,1.3403536722358935,0.41176084774753274,4.277181086769949,0.011596796429819383,1.3511899287905542
0.08556727352707334,2.4308671581051837,-1.8569516593388589,-1.3500939467875286,-0.7948538754285417,-0.7023372413228371,0.3621188365083394,0.3102749016668855,-0.04217656252129627,-0.03947500164103181,1.6110910928125182,-0.08203563300478788,1.0482966324909486
0.2368296531929323,2.868029772983346,-1.3429760815420502,-0.8029114119046267,-0.2779842682601885,-0.8403846590836636,0.8695592048795273,0.34395811378127994,-0.6183690425251713,-0.3368109518046388,2.3500494378142887,-0.255184428873472,0.9442308080279163
-1.608973194020283,-0.840142874428485,1.7280615376137816,0.02617486956684538,-0.3099908452713861,-0.6717462047220519,-0.7401236512129089,-1.5742272472702379,0.11272696635013237,-0.4416726269065921,1.5173592361368031,-0.13835128372121197,-0.20823519215194722
0.5691021376899962,2.4399921765106005,4.875738308540959,0.962586957783335,0.8013228059218576,-0.04315715573521117,1.5729913729377507,-0.04578092653821754,3.556231749566893,0.02677408149776357,1.875389614462232,0.07503663240776708,1.4451336823196879
0.44400621243545585,0.26151294091768157,-1.6584046882323713,-1.9402060120966698,-0.11288423052781983,-1.2873617969872424,-0.11098343008818712,-0.1451353964416517,-2.153982933513406,0.10379648540686397,-0.2720234087906364,-0.07218935127732243,-0.06452243822626762
0.005326360449608797,2.1097956874614794,3.5006803175905303,0.5424036917985519,0.3510987740501552,1.7160769026146996,0.8092926802341308,-0.39472816863976834,2.5048565944677432,-0.04865246616666102,-0.37677827017847454,-0.14157345939789792,1.1688938420467698
0.9014512725267557,1.3881944191807674,-0.7834789244903043,0.3450187078154542,-0.05348540516311509,-0.22116471002085333,-0.31738136783707893,0.8176483469689264,3.3451301699654294,0.07484165548553902,2.134711089527959,-0.09116931475802428,1.565265549929399
-0.41411340290214876,1.1466438374404484,-0.6375712226465761,0.08835878675544843,-0.2418305442171792,-0.5285396659286277,0.6022121599021677,-0.8022705404481125,-1.644064073900485,0.4597418748276929,4.302042677228132,-0.061619297285150365,1.7761496912274095
1.3419493817693242,2.160017900414144,-0.8877133028633479,0.36833895133187355,0.07933256974754227,0.034475630606110697,1.1467559202848412,0.4635822121007367,1.8530430790926848,0.3409591392500119,1.9666381600995857,0.1591452079675057,1.6869682260913155
-1.0829228394333694,-6.193967641290896,-4.3490313164243055,-1.3084367640559664,-1.4101518299327132,-2.50056034085703,-4.347950965052265,-0.8951147281461294,-3.9734679540262254,-1.307726872908986,-2.588703918987885,-0.17283634956408717,-4.965617383751604
0.45247278260998436,-3.373705512712088,-1.0168418430464548,-0.7826098015226631,-0.7431844408349652,-1.243940276868331,-0.02034952056697677,-0.5810503938421608,0.42920411297171907,0.6607504871710099,-0.9066045336477045,-0.09439699608729109,-0.34821791666456403
0.941819405551586,3.796947596546574,-0.4947878971923557,-0.05958843922966899,0.4025417204309875,-0.33122951150768337,1.4901691057998685,0.7350682039921068,1.1639311593025923,0.12149371283491038,3.4729711118350837,-0.07092148055167245,1.1290513094514611
-2.501523378803912,0.5514407355146896,-5.585244823461399,-5.2889993429623745,-1.2923534457752897,-4.679111106792568,-2.1719952452187936,-0.005161914130051996,-5.415052950358432,-0.8562194846022047,-7.090802903668955,-0.056515729389049994,-1.5597070052128081
-0.33966689245464904,1.8098831682874714,-2.281029640118488,-2.4935410432248477,-0.5933540474680357,-1.7137367397143197,0.2642702501318934,0.6180771955796,-2.298605511006382,-0.6225677486146902,0.013719093335481936,0.02179646466186066,-0.5929208927912016
2.574879139323409,1.4455022810440927,-0.1486326785313172,1.4860417680804514,-0.004165566089666607,0.9951986961490993,2.186726984285439,0.680573043104054,3.629937889809823,0.7998511763274048,2.9511932016267544,0.1557238330283305,2.720062392779316
1.4425952104830904,3.5597507020893198,-0.18183466002759002,0.724478239205459,0.2347776258462626,0.3330966365689207,1.9046660082352658,0.6810431788566833,2.484168536786198,0.8618358236458152,1.9318667928041475,-0.06515798213788207,1.9915449657415354
0.822770467668565,0.8014828011641897,-1.0295399979564048,0.14887644721298576,-0.4663624381191202,-0.47838352126017636,0.39577011194287076,-0.022808029455029355,2.591380455692091,-0.08646053067305022,1.725874921854378,-0.17328094344275694,1.1135636103184272
1.1333167841797693,-0.29162917996446286,-1.4026138109444743,1.2315107573744735,-0.32919564961455766,0.9576411897254486,0.5898603461030871,1.4298114635070984,-2.3316616237613683,-0.30955692457552597,-1.8023268996732726,0.028796516729829143,-1.077653940167899
-0.34089871985941295,2.0291101364988013,3.085027178463836,0.3632641315656817,0.1082883404604055,1.7003005632939232,0.7268438846726591,-0.7501497833373855,2.021676689248739,-0.12806052788057254,-0.3261655684063831,-0.23880063194833293,0.7846172605160002
0.40044977993963066,2.217659634842227,3.6809147592380436,0.7351268584244989,0.9045339340038806,3.0125515533414564,1.0939273717751106,-0.3514843830166177,2.6803459374301344,0.1154094862710269,0.27306840756752826,-0.13658863357837403,1.2004783645039427
1.1941110093876102,-1.5497857557118146,-0.6526635913204193,1.1912381804377459,0.04275654774676591,0.14795032643143907,-1.5021963715418758,1.1950273861213485,-2.931273059533495,-0.3241245250445274,-3.252499211635958,0.11073755172391747,-1.1211936648381462
0.06832319621203672,-0.326301584364329,-1.1656515918682437,-1.677823437089618,-0.1064752239801196,-0.9879946305990841,-0.42933363199130553,0.32979448183905324,1.888727052338525,-0.29884900003568166,-0.24264976013296596,0.1110002348696191,-0.4253201684733441
-0.2276445549452264,-0.35543187118394104,-0.7598851099227453,-2.125718603494784,-0.25040869530290366,-0.5905386326612077,0.06900270637849136,0.31804958620470836,0.935196994723131,-0.29410950731123897,1.9570587435530291,-0.010625434212593576,1.259473958202741
1.032473054302132,-0.0771842628743293,-1.6260535576748145,0.6409262717665277,-0.2524329760924188,-1.1694809795409031,1.2953051664359456,1.1454537319159135,-1.7934621948081382,-0.21719446512301355,-0.36713635666347616,-0.07154736484142238,-0.5013771159170815
0.6637242289849871,2.5418212179254946,3.0180918132451673,1.1152353599388154,0.7766614851014065,0.8182740644220678,1.478492107006928,0.10796020266858654,3.1712629739976386,-0.10793453423720269,1.8635700373361916,0.2187615664163604,2.639517357277476
-0.4854952587735736,1.4522800555985629,2.62430909485194,0.2151334451257975,0.07196324690452054,1.5935676117743265,0.17223088398213612,-1.1417252398732431,1.8851701731695276,-0.08706308608926414,-0.38288702879721925,-0.0079673194636903,0.6823698471300305
0.21284726735566625,3.7412639108693444,2.0958643480343744,3.5615570600879263,1.6434273943874151,2.130023040029531,1.893450786574329,1.6740849642010616,6.549156173565425,0.3736034750115744,3.403531286928079,0.011808120566937598,4.339553366986413
-1.2930032356373138,-3.6906497564627276,-4.648234913028363,-1.5732572566221157,-3.806494723111391,-2.344213074619572,-3.461854976663986,-0.7169659990196426,-2.250140229353888,-0.5493039640054729,-4.913914139099523,-0.21905879231014588,-3.6793974248806225
1.7252735495696667,-0.1745044843138508,1.2664003535060009,3.1675873493491147,4.11330151657781,1.8829226834358026,3.0046604524485563,2.7644632912266793,2.737890762538235,0.4413486567822595,2.0156898853255227,0.6309796177006014,0.35701720107605467
-1.1814756169966942,-2.345386696662754,-1.1936522090755812,1.5178862153242028,-0.1765325972106722,-1.1740526421461257,-1.0423189174032048,-0.72364140251134,-1.861236388747477,-0.24847725437384924,2.5777452774744267,-0.057340848223409874,-3.553618731288654
-0.20354748032780162,1.8147865972849024,1.5048196700117034,0.536732744818243,-0.8526827193884592,-0.3970327727201706,0.4700056030316691,-1.2241392449672444,-1.4377931042538128,1.0006255455434114,1.802908107355858,0.047944076578650185,1.3692903867622632
1.4717139175260023,-1.5732162351011192,-1.060896430882729,1.1860639031950593,0.2176999347931189,0.6539946419124801,-2.334284845185985,1.2586051673793959,-2.578030316017361,-0.2995412989612671,-2.8159280760275816,0.6185692319568867,-1.7478939822642134
1.3639643898161335,0.24040145422383732,-0.04835677992190343,0.5577960991119552,0.9991382207592119,-0.012985419803816456,1.3404425954948078,0.8199153332536421,-1.0766291337713807,1.6011694274263248,3.5185176358651367,0.021864946078405594,1.4095904718344616
1.0204873388136426,-0.07002539869553107,-1.8619639946354754,-0.33882564647381913,0.735460029861683,0.7801243945293955,1.034659698540863,1.1582024553671681,-1.1587600430520253,0.17112453542028874,-1.7577007787022743,0.49777137842546704,-0.39138801905636966
0.38099871492220294,-1.308007433857872,-3.8851646603612844,-2.212150588172695,-0.46664059778209765,-1.408049858688997,-0.6437837242686915,0.18485042265875076,-3.8550143670476964,-0.41011752392424067,-0.8869085304433896,-0.10334655265685998,-1.9787141642202104
0.8906133194231531,1.0497602735014842,-0.9555446962039505,0.44693597489967934,-0.07561221530247068,-0.6020001464192238,1.1093687024712564,0.2234245953931369,0.7888962671916104,0.5422005218929714,1.3831909068875639,0.026336727508654224,1.6787806107998928
-0.00302397708615502,1.593074778519157,3.211509821389077,0.10949812606390975,0.38480347324731856,0.45656210729438407,0.6554578222955266,-0.5285874349991275,1.6257716702224891,0.11272389890470845,2.6175342128720755,-0.07205681858687758,1.4267078061867506
0.3034096427241133,2.871467354193123,-1.6727468903543843,-1.2629831666608033,-0.7389817795364393,-0.43559572293940513,0.9126609589071529,0.3210446525603119,0.35040637819148185,0.10231426900977064,2.417082679761677,-0.10817247130545891,0.5389839809191308
0.4816442887096975,1.683610293644791,-0.24333801970248004,1.4078916162355908,1.0755782945955998,0.14737797723255217,0.4356980312843288,0.5626095647194114,4.785585139679928,-0.35155582621331427,2.3514895704947407,0.1367481256876554,2.396993843246665
0.08851926091178841,2.127676365217194,0.2423701066860101,-0.26576484462711947,0.27075286921889835,1.7749390739300803,1.8142085398940577,-0.19071372435686904,2.1959941141369437,0.07040094951115956,2.028122969295622,0.01806134156572324,0.6576250377012832
-1.9181181626699657,-0.753548152897921,0.01976055184793132,-0.11478526848420101,-0.3478749347767896,-0.5146852504089475,-1.0320404385614934,-2.2405661914849446,-1.2378716362635087,-0.3377384354665669,1.0352760526941467,-0.17671387330473712,-1.6553053135497287
0.8438088451232759,2.3981187340286048,0.5235987930713841,3.594301923856449,1.6021973449074562,1.4173323899010812,1.520479257446714,0.9206900475463935,4.767518592342322,0.048402375330527575,2.8862802173166235,0.16494120310681556,3.568025934273998
-0.4689275883189923,-2.6653775194794367,-2.3965352775854996,-0.38506212605577417,-0.9634608028963625,-1.5845523578590823,-3.6501605909560917,0.6695424061470354,-3.7163614179131894,-0.3985712529015211,-2.9214511793562106,0.003914995353358399,-2.9454235972422698
-0.47842544799308384,-0.8364129427520351,-0.7018706803448086,-1.1913206100199991,-0.19466807105009354,-1.4942783672735098,-0.2971233126691854,-0.7187982154280568,-2.915601527527388,-0.3068460045920479,0.37867158133691786,0.008083665238486224,-0.2241408365147396
0.22457277856146302,-3.0190805551275197,-2.5319989567218966,-0.6907931053990293,-0.6179559250144908,-0.7485539792436691,-3.3153801555124414,-0.21835720322819174,-4.0439428542005915,-0.5855078876525577,-3.445625149516596,-0.1771995796107998,-3.0384090952844263
-0.1480661189638906,1.676332812492425,2.0616697661987398,0.17554187371912935,0.19996878182877686,0.5761059593373082,1.2222651555730653,-0.676167121356767,2.4460531916422767,0.9771049408857811,3.5169099588262736,0.14637139399639437,1.8991692325514227
0.20981179475163414,1.346682427054168,1.4724543839377455,0.038457310958248066,0.4240642090912702,2.019951281030145,1.9298680436942313,0.17032414179916172,2.5989365229636636,0.4164973622513936,-0.3038640504495966,-0.08336455194227817,0.44573916790799956
-1.2425248289568767,1.076064533847384,-0.6913197589463865,-0.04989788027635475,0.5362628346660898,-0.5228403782585843,0.19795791841474258,-0.9027686165754374,0.8777445056858577,-0.12219298948999494,3.996382164398933,-0.028412686031725667,1.687416984552724
1.6559885687670777,0.28102215626380517,-2.0303353535870294,0.23467200291446508,1.1692714072639743,1.35823082305284,1.388468147328951,1.8072287923640882,-0.2769687585832758,-0.10339294571843421,-1.186408823283596,0.3458315496700298,0.0838943044623981
-1.0047968100001,-0.19135956266222318,-0.8777252797099452,-1.6304876003968007,0.6631174167452587,2.025848294916665,-0.27123488312742366,0.3684031863893486,-2.2689475337302105,-0.4062117011860635,-2.4169648848846554,-0.18231260150308815,-0.4239005729830307
0.834233490384908,1.4751660466628773,-0.4913979358236409,0.5230882207883727,0.046935385449582485,0.06787931772931992,1.1142320075615624,0.11493415199996278,1.0645871861610143,0.4690270872584853,2.3789512380579896,-0.04540392240405913,1.809015533244237
2.8813793926499787,-0.2597428505319272,1.030648777433154,2.768633155080801,2.303193352484766,2.2066275329639518,0.07325254118742647,3.01340600249668,2.860808803573665,-0.07926369403385466,0.3087430104157991,0.25203852826522455,0.10943209526439504
0.10183331900069272,0.16638155127202886,-1.0236525689231022,-0.2924484705009187,0.18663044677219454,-0.9882067814748733,-0.07500026253259012,0.898516730873121,-0.05560184114612633,-0.31204202472801434,0.5440056201701778,-0.0019824081711056455,-0.014210008176354032
-0.057222348333646686,0.5148041936641354,0.06685404509823353,1.508473357313002,-0.34020032722916865,0.24953202990194162,0.6291647524790216,-0.3466403870926136,3.7268566315972973,-0.4299737430312155,1.4142005765277685,-0.4191254206079368,1.8311334169490467
-0.5983771154776009,-5.197854529051109,-5.639629230634308,-2.5880003194857606,-2.3648304356608745,-2.01559640966718,-6.0770792069788,-1.0944863835944691,-4.083227450552189,-1.057940871691228,-3.709665932577725,-0.3255220676565336,-5.355356869907117
1.4165485581683201,1.265781284834051,-1.6353220603309775,0.4409534957363373,1.4750834748712882,0.9286673095222149,-0.26647615011781456,1.069499998468285,-0.015874433152170582,-0.01201509280233748,-0.9844836777220995,-0.12113875768820043,0.36203996174347886
0.5938394778904815,-1.4809079620945784,-2.500040373362911,-1.068629392495172,-2.0386010349464296,-2.315315318800923,-1.583053607824258,-0.5118659170282382,-5.267013452746389,-1.0628239558740626,-0.6537263323076897,-0.23991660414729252,-1.6507759300226137
1.3729491902194502,2.9011797924039673,-0.4146022855935413,1.224190891396461,0.2677847116502622,0.01408863962938388,1.3290158971657768,0.5447820592330148,2.736428127402646,0.8620072661019447,2.074677187057419,0.1315225041678383,1.91085293847964
0.7100741633120925,2.4453893789524836,3.538764727069583,1.3712126655897328,1.5826216361299157,1.4963105110534363,0.9842381973507709,0.34445142891620173,2.819893448425767,-0.10451358462062978,2.6280311372788208,0.27866960781419436,1.945355965635326
1.1186632534954697,2.2874155249632895,0.057381985078358816,0.5915311988908798,0.5281147048032535,0.24515532945231014,2.486834933328856,0.4593561675316759,1.5681270189355643,0.69583942579002,2.1938550811467894,-0.013833563595285849,2.5020325449026304
-0.012546060080122644,0.977644457941254,2.1013506489412648,1.159255415385382,0.6122726472415444,1.448340289992694,1.1316286288595032,-0.20771930294628776,1.81058191043687,0.2805169976999362,2.6371400783293777,0.22645642792754284,1.3318477997644287
1.1088983941450712,0.8663500966861225,-1.1828717798222272,-1.2069947983014087,0.2642862521546582,0.2951923134860893,0.05184326598782914,0.6119372313785263,1.9787082981049184,0.25927068963026,2.5133007776995915,0.12312881742138417,0.06993016933815344
1.3749784272743595,0.10522632027355328,0.1556699116600471,1.0225063064534008,2.1447319370989373,3.6745766618759887,2.624647872653375,3.520602272478863,4.6736163278296585,0.5301964736300414,0.2968835713238352,-0.16413192730448728,2.106574117139809
1.2779421640735948,0.5148038108740002,-0.49688678112036233,2.4243783318127194,-0.14838117773385928,0.19260606781941736,1.144938546552116,1.414825761831469,-1.672590796476644,-0.21458692952214425,-1.5375712965377089,-0.07340191972855903,-0.027736659980793037
0.6163263215766183,2.102136837769713,-0.3652662102179601,1.2680793781713062,-0.2836364709979131,-0.11212852467782805,0.9822792329835808,0.2635696038645175,3.038988545010798,0.4295013260344662,0.8474075764759134,0.09427980766424703,1.8208827972391417
1.2991016239978168,-0.8025472918597775,1.316469294186164,-0.05166512570033463,0.3900052908554466,0.09934669397202228,1.5681998518890596,0.42683310325153995,0.11485302742467161,0.9203359356641562,2.7694814877118916,0.13201956045503424,0.9483536351606663
0.09891614010764513,-2.439759909830367,-3.155986873117379,-1.7650205246064188,-0.38273352263443583,-0.8781469547448474,-1.6506670335224936,-0.21321567516049544,-3.5691250214922334,-0.2888519791130806,-3.7505940230790937,-0.18550361462144377,-1.6113024608345912
-0.35433085861512365,1.736471361639496,2.8189688422505013,0.26052537684846255,-0.07010783233110691,1.5723837982304394,0.3757836717646569,-1.072782904776848,1.955930841817107,-0.1680590791275932,-0.696849526792454,-0.09114298924803735,0.5961348923839007
-0.6076015705170318,0.7944046030074567,2.0334903658683317,0.45639829872796933,-1.0618968512247213,-0.15976324769513067,-0.18430806817228185,-1.1943113889322718,-1.1426791131956917,0.5070232472485967,0.9954164800342793,-0.09377640437696964,0.8876797982589856
-0.6400904024573457,1.3433489895617174,2.820477196724258,-0.0582331083704615,-0.020082895934271275,1.280655429013487,0.26596564859462296,-1.3120680262489866,1.9787492458067009,-0.29857413542508665,-2.303282239162363,0.01107275318095661,0.3123231953237619
-0.11567938195955424,1.8993331415485595,2.8811596915803634,0.23421159899638344,0.20256910256058389,1.7332498326545787,0.6960435932848811,-1.0549825341777046,2.4897487996042598,-0.14164802757143566,-0.5640667735060884,1.3359122250265338,1.0170280278293002
-0.2743166004628359,-3.335661741459949,-3.1941043227393586,-1.670875371161641,-1.4707271250430494,0.8264780413959589,-1.1891947634745808,0.5782599835439277,-2.89256852558607,-0.3334360620037964,-3.3672199624890666,-0.04677641946098053,-2.944589958677275
-0.1860502943479352,-2.7669517816158224,-1.7572979927621786,-0.6880330234714264,0.7640152045732571,0.8391026555550183,-0.7534445796037716,0.8994702646850296,-1.4893406693844327,-0.3352792059040319,-2.105050909274982,-0.1141809098194869,-1.9581112067618716
-0.8810392397088513,0.9221251782826667,0.06213415104533647,1.1190782921104176,0.6297277379330866,0.20616388056841162,-0.8337580631600899,-0.8145227849809452,3.6175779169906557,-0.15041721790408089,1.4719459724659096,-0.18061203483492141,2.2684795086804987
0.6401140131335704,0.6656248660675356,0.003668540997637631,-1.109935257383105,0.9752707545873192,0.23369491631630815,0.9074286070719568,0.8643221082015792,4.761169476741408,-0.06310381831756488,3.377855648468249,-0.0158759726345953,0.3435008346403224
2.4722994009255324,3.084396499816018,1.4511250725134996,2.3093073319545434,2.861245314167916,2.4642375069065023,2.157468609637063,3.7983014768331,5.943471199628999,1.6348238913031916,2.3712494677972664,0.17342025132642835,4.287821982701105
-1.0714256436833078,-4.020973123575872,-2.537870204008909,-1.372554578183529,-1.93857867680904,-0.6636173569524871,-2.3060318238608963,0.21501014596782594,1.3071211713438649,-0.2750455711585368,-2.744438600668477,-0.10636395706122527,-2.708905057729118
-0.569069006669128,-0.7275401534445377,-1.6772367760425229,-1.5655480486527087,0.7148929834510719,1.2025179954721692,-0.04995063113566081,0.4664119306506796,-2.4134705105175573,-0.2790792248967208,-1.6314054182782356,-0.1506621304723539,-1.3733306382306745
0.09141518512792471,0.9285518966061582,1.8546782185230402,0.3338416215886052,0.9910424442589283,-0.3095291854870608,0.7548048100579117,-0.4794461502419371,1.1581579023066702,1.3634602166438061,3.0324887243389242,0.05148246188803268,0.27633984357325564
-0.04271656724106934,1.1829967107520334,1.9462431469745936,0.8807153166038915,0.40604224858288135,1.1104545553271763,0.9008658748652992,-0.3762310938309465,1.4875658716556304,0.14552299135933724,3.1480707798623992,-0.05086743732914329,1.7505634292028842
1.6497213979437952,-1.398102591994943,3.8992746098339555,1.6061539804066223,0.9858754057261268,1.0838897631017288,0.9908373860859623,1.5732782586270735,3.8203766898096867,1.120868461492161,2.452076509921915,0.07800563228006162,1.7984385528446485
-1.016680151019763,-3.931814891230314,-3.830948599014017,-1.2104043995397578,-0.7856109112733977,-1.7029706914769487,-2.457300205130337,-0.04843639568218751,-1.7137080086767678,-0.34061594424355346,-2.3371499210032116,-0.1293229708551534,-2.648362466479238
-2.19248688945495,0.6537134614359172,0.1579540535724824,-0.3263029095866821,-0.09478648593235349,-0.3158676810381521,-0.22275619584290934,-1.579485548859876,1.7186729457720906,-0.2942281568961011,2.2324653127334186,-0.07567171252694814,1.3992976856780137
1.2035650789194428,-0.9242128676093285,-1.1479688081000414,0.569563796555934,0.0913237668956731,0.2575543075065232,-1.0483762703339257,1.3975639819891919,-2.5769916917104276,-0.3756640794169571,-2.8889172831757204,-0.13427002067884639,-1.6835740774952705
1.3668858168419034,-2.0406475879909056,-1.7565714027215211,0.4221290090887083,0.23889068073282596,-0.1539803849020974,-3.0964734686383357,1.0209981657564642,-2.8359047201938097,-0.3382492096991176,-2.702436164342281,-0.1987117296705647,-2.150432320619002
0.5730657269407273,-0.9268212052051806,-2.4366825547441846,-1.208171074601511,-0.8375611517133399,-0.1156803227681668,0.4840787717570654,0.6211809029450849,-2.3929695048845483,-0.15560518427338052,-2.329548529041931,0.5615375410434271,-0.9745926848757601
0.44775866305300355,2.561462107837303,-1.1393215598931745,-0.32490768969472916,-0.13597786224343716,-0.5980258210396603,0.4966796706125345,1.413383465192488,-1.7908605683512155,-0.45068239917202546,-2.0630853513679983,0.026486813212848244,0.15173696239116702
1.1565537879812637,4.319461235140139,0.13563170153440715,0.025618730791741023,0.8640873399987403,0.4416952196312034,1.688350523462933,2.176747018199207,-0.5724067801314716,-0.2033652059019854,0.014536001126592467,-0.2886996750652583,1.3073750809300688
0.06119332473259426,1.9264954425301402,-3.002415829837943,-0.7374937200525569,-0.21507372870006491,-1.1582478768487152,-0.18224788793931815,0.9280990874705215,-2.7484399276325067,-0.5650411746330143,-2.7802693756085093,-0.7266024922957229,-0.36563046033804625
0.4393702821293846,-1.48933782607317,0.9479418361456031,-0.974984245192156,-0.07129230973155554,-0.5794745158119541,0.4101439672061759,-0.43832792749317995,-0.41819335999691654,0.6151139520765799,2.3209920723099877,-0.08805218812440423,0.08350746102941536
-0.30348924991985177,1.6885605995351864,2.831836086932001,-0.4110119259533369,-0.15968935774897952,1.3948611395443895,0.26877410933013174,-1.3628061197628267,2.099863984700189,-0.17339384502783017,-0.16149163766608887,-0.055356140702755914,0.7349771827293767
-0.11932376176274079,0.6391327631287278,2.189682968953728,0.7208129818577115,0.42918255217735524,0.8291813068128088,0.6286409662136188,-0.5202003036211766,1.4476273087412121,-0.3318568664908203,2.9526358262056274,-0.09539978946196952,1.4939488604276745
-3.348146436983823,-0.4357056199774767,-1.0378128106240185,-2.46606964016799,-3.1908594438630264,-3.9527741562994203,-1.6564467951515687,-5.110779055658107,-3.379983466966596,-0.8773017570728233,-3.892307523236506,-0.704869859041129,-0.27583285208429326
0.48614172541122475,0.5583789462891097,0.3286332014218591,-0.8793770009025728,1.328001604511713,0.5081349479831341,1.0704177052077526,1.1754197504904325,4.981276166390421,-0.10191251339183918,2.765787908343805,-0.05527220303244485,1.023311440799799
2.1923189532073835,3.4554498766864543,1.8102770773238608,4.961798977641286,3.8913405885407695,3.0548588391383067,3.0463624533907403,1.8620086244576504,7.976897983337854,1.359034842979681,3.7904300584592345,0.14032781102642833,5.0014756924074355
1.2578034686628314,0.16054096448390448,-1.9795743746595045,-0.4590902868192644,0.2783392905919915,1.5892848573138731,0.6191452381677095,1.7148608920392063,-1.995324562164023,-0.17185429735937047,-1.569425337257174,0.7985369387010322,-0.8110773210563801
1.2742815359355881,0.013522764247221226,-0.5575117154098633,0.43316561829609174,-0.24087508659240686,-0.15577802257250162,0.9188650005636736,0.3975117560227711,-1.0896670689387244,0.7937631819593824,2.4989926398799027,-0.1081241454582454,1.4255201753601434
-0.039359597136370224,-5.273496381177877,-2.7448427673444775,-2.6504495377453146,-4.415726661686268,-3.1990140614423175,-4.408062996408487,-1.534237005929462,-6.35879554887561,-0.9309217441609745,-5.599717938926899,-0.13788296384012538,-4.864328722767532
0.12471974237925476,0.2084398278438796,-0.42500920663432545,-1.394060495362824,0.6095980840569568,0.18136281005676014,0.4755806307504987,0.8023232732697702,4.4854771389848445,-0.35696522469425357,1.8853613773593676,-0.15099775599315768,-0.1898078745489734
0.6019324397275015,2.8497349738091637,-1.6780482039776523,-1.194033618637671,0.23479097013361752,-0.6603907961558759,1.583922981102951,1.5574780323594395,-1.238821047598806,-0.1535677064768971,1.9836914249763096,0.335820779189364,0.8228546951002337
1.9351845520791697,-0.4714601087249396,-1.4484312592829687,-0.3785463259291524,-0.04151086241834682,1.0480789668190604,-1.3796251854046975,0.6785036743297757,-0.7629106266641371,-0.01667918984209084,-2.46059835479336,-0.20110938073808543,-1.1742590118090936
-1.9924799640430138,1.1203327332524995,-1.0249855262951721,-0.6061534990266791,-0.15611714946933927,-0.6355252159992233,-1.108825553139258,-0.8689383398601787,0.3087798557942733,-0.5236911516522782,3.2314529403863066,-0.21268848640844232,0.8282375121944479
-1.9635984344904622,0.37053554776745545,0.46555734271701,-0.09408821567220411,-0.1605793005590223,-0.19996377295659232,-0.16748228106182067,-1.5863981168034182,1.687202024380159,-0.2270469225115247,2.659254604393306,0.060037237013586625,1.642107495934599
1.4239893702220998,3.4680990105815654,3.1935532719740234,5.486982200909406,2.6358821085840467,2.5830896299166812,1.8485620636482618,3.4162888994626712,7.757526469150973,1.200199910962127,4.924629733099911,0.40798085674229617,4.326818169374537
-2.1458747201304265,0.5142403458084703,-0.21745673773913746,-0.03392908652778713,-0.2709529972847342,-0.9951087451695155,-0.25122898732001586,-0.9582556125775182,0.29200594676968944,-0.3039526532921526,2.7930302080465474,-0.08986169621037944,1.0881485386648113
-0.44164049814558687,0.7600912788137794,3.6140889097429403,-0.45809784069036447,-0.06477497778832915,1.0357161856680692,0.809312699988691,-0.8120318530432675,3.7649979861235874,-0.03248649763978194,0.6217941798424969,0.04562409505868947,0.20818062553647915
0.6978137913294551,2.0085076868880747,-0.7007356166849946,-0.8221676274668424,0.06914168679776286,-0.3050841061812309,0.8521504791696659,-0.034482506900094356,1.6293661086416489,-0.05621232246566146,2.8914045329578215,0.00294740821131405,0.5482432731111637
-0.7427477346277899,0.5810110369811041,-0.33812659341169315,-0.44896681446737297,-2.537843241232655,-1.2504808122147286,-0.9239943835672201,-2.6821019179477457,-2.7049288726463505,-0.4094874240799496,0.8996908434164814,0.03371698114296626,-0.0923651837210897
-0.7028900950826289,-0.24552136566179486,-1.1059912533923568,-1.0577837431761956,-0.14459461612575178,-1.099746624735805,-0.49282222911818974,-1.0136692629511364,-2.7301681831432507,-0.3883422098505415,3.4413803614882967,-0.014648105481432508,-0.23961989140965873
-0.9148590200378871,-1.6114287676087886,-0.7150472824461755,-1.4580027568640395,-0.804385586866281,-1.9666144075777585,-0.39698544764994753,-1.5327310296810337,-3.46567266151102,0.7921508027613163,1.424921897217735,0.006918737077568143,-1.6352445425915842
-1.9671908241613874,0.047813428334581354,2.811828780465553,1.9434148436086254,0.33020044442369706,-0.8830869059926933,0.6724366879359717,-1.576289614193762,-2.1476304460218594,-0.4059816764926331,1.9401125147022928,-0.05254097584841981,1.856637767103708
-0.42257848082161986,0.9634393113784285,-5.5161939596943546,-7.049492622672893,-3.590740697539102,-4.576183297938872,-1.381671632931361,0.3548338918594851,-4.926161565290142,-1.1245372307222958,-4.716184589099657,-0.022134581025069194,-1.5876194881420171
-0.8592464759009375,1.1597835871758353,3.192210619585175,-0.024067359509774407,-0.41091483892510755,1.2702216253310652,-0.4584488481759197,-1.7471803545703493,1.4850934149081718,-0.2772474218284091,-1.903420687596986,-0.5010424497746864,-0.20302152709259347
-0.0027279639445865755,2.086522220047709,3.521727161610292,0.7057304573620462,0.507006208664841,1.4992494281114908,0.9532932526509589,-1.0164639790858037,2.6022390768578685,-0.15617673111303404,0.2376816894093321,0.5849968420222608,1.2402762054589886
-2.451006125762231,-4.802803849268496,-5.621462553231975,-4.159261835654163,-2.196862010501532,-2.3502598088239837,-2.0976577430694467,-1.8777350436151035,-5.549481804541622,-0.759768619607203,-2.877908401902145,-0.09372861944242485,-2.0221423098729514
-0.3682287831330258,0.813778757981749,2.148452613496532,0.3863418756058026,0.26344200910638177,0.5441873657139432,0.1578883016445778,-0.9466996446929663,1.4364702163859169,-0.3571382744848315,2.0189188321902316,-0.12135241432374132,1.2723996571922258
-1.6488087728779972,0.1871087914456924,3.002738691819314,0.30114201925539713,-0.010051125422534057,-0.2010419749049471,0.4922306169574665,-1.840745444173614,0.7503629786738506,-0.17875122543786537,4.898610011907811,-0.12489198716409093,2.0071514048727437
-0.6061633603062687,-0.10332663146882434,-0.4945482328171946,-0.9862126795600891,-0.05760663815980974,-1.0618893439260624,-0.15747661317129522,-0.5230201970180496,-2.952106520752423,-0.2604835838917642,0.6708032767831659,0.15075647047358662,-0.05396978111265013
-1.437295092505196,0.36260177723132087,1.0374619738690345,-2.5058926539314497,-1.6714257628206788,0.2710136663644679,-1.571007202120705,-2.3093343966661224,1.0839478539623733,-0.5514462079423377,-2.569099381571739,-0.20251250477300756,0.31286544149638057
0.2811158432035398,-1.8696124767455171,-3.449096936229617,-0.09001494881541779,-0.8863483645125394,-2.009767081361885,0.2775452528009192,0.6546237868577658,-3.230404048943891,-0.38354343734422913,-0.5552197968452754,-0.07000369598985548,-1.2893465864565228
1.1256739822692339,-1.7012288866368022,-1.5651470665933773,0.0690044226518105,0.22421954341439745,-0.07369887930185855,-2.625759628644316,1.32258417704867,-3.262886151600009,-0.4375204989883222,-2.8259989059975172,-0.013098326181061623,-2.133802100392576
-0.4425303361539003,0.11659557121236712,-1.445770548574316,-3.4753658756173937,-0.5405319318413322,-1.450313029999638,0.20168783424008221,0.5374296996613137,-0.40788352778233167,-0.38578768081445663,0.5917087381891907,-0.03526682857837926,0.6295227324067514
-0.8735605473821567,0.12147749057815704,-1.2799648072953438,-1.3856690350242171,-0.657570881579175,-1.592760455700983,-0.46930919974162755,-1.0553684952125577,-3.2854263663871417,-0.4459002423131218,1.7999462501456338,0.02439436167271594,-0.39401805361474146
-0.6044582043091459,-0.4839604793814941,-0.5816205655876551,-1.3577938623089965,-0.13684002788375244,-1.6550297404784298,-0.6547505924617874,-0.37340895580231304,-2.7618508460828006,-0.2709782206934565,0.9645404600372743,0.10760196801999387,-0.6209408407642816
-0.2565640441990562,0.05461167786942987,-1.8405963623932458,-1.8367072158136095,-1.1810013283773637,-2.5884098584805098,-1.0119701539828545,-1.0551806618004214,-2.318532071187057,0.35152704046780453,1.4697804134049348,-0.18012748357219024,-0.19170048058912578
-0.5899837224169945,0.991213077874337,2.850267076685818,-1.1605243882878375,0.12101370100345875,1.062863015909162,0.11346135225509187,-0.5810365570993681,1.8921470520495336,-0.30389869328019115,-2.827385613640978,0.05349694624646664,0.9263058296466868
0.7844648329385868,-0.6394792928572536,-2.2438916886204643,-0.08016849015942866,-0.3242958550181031,-0.677715049650934,0.7594959588700699,1.4558534270969945,-2.818964101733226,-0.22064685840677073,-1.0891638295512853,0.16163983726977477,-0.3287339139941872
-0.20633648133422766,0.8647996909756006,3.5642065069188047,-0.29626442401721653,-0.2529365388024598,1.455157647672523,0.7039294606928402,-0.9017799027284814,3.7031463112309573,-0.04670357978437098,0.7292980079161416,-0.004670894363791579,0.22453495919911404
1.257745519557761,3.738141474664833,1.4544439316949704,1.5066741217760784,0.5894826091960486,0.5630215128640542,1.068546515572299,1.116054882492042,4.196912745425684,0.5284020426941829,3.0271571667357864,0.3356715451330981,2.8159489247032137
-0.6071702358949312,-1.9655016225979978,-4.282749546788529,-3.0698245773505834,-1.9653914252544449,-3.581677897277599,-3.4964652573431128,-1.3595589670342292,-2.375400913796491,-0.7129844499146567,-1.420875323115227,-0.7130911154434499,-3.8970352130010713
-0.6051148829288366,1.5651879246957183,3.0714026730838753,0.42509723835055596,0.11004322513834472,-0.17045105455236295,0.5206811688136724,-1.6127139992975732,0.6339101597739175,0.4994916985628918,1.2111634047241466,0.02159515765909519,1.3952587486715575
0.2849896278097811,1.3606360191127493,1.2152383813091239,0.8721167509169834,-1.038458662735195,-0.19262545007539714,0.6023251975969308,-0.0672099629101447,-1.910575000023366,0.7282239715967119,2.7458524623026856,-0.10157332814712493,1.5711282696962972
2.291207189099967,-0.9032606111032268,2.253817132373029,5.0439927819366055,0.9692087093461301,3.309996459775398,1.325650225061302,2.6430010858002224,4.064937927047721,0.5126546404557302,0.5601728333191325,0.10011932058001136,-0.1998789931430173
-0.474123925166722,-3.250160743273898,-2.8869431573152537,0.1996549522214466,-1.4352531682529177,-0.9343967865324685,-0.8395217842748389,-0.05212732053361841,1.042861076265884,-0.7704479465856112,-2.9994847959067887,-0.09654828875222148,-3.375662108289802
-0.8830510098983845,1.205752489297237,1.7709713810356333,0.18891004647593954,-1.4956910006857167,-0.29439744867487927,-0.24319727463595994,-1.7958345918481546,-1.5293608626014452,0.49600080427610205,0.3493175047077236,-0.16620003126923824,0.6920547765234694
3.3534612463952778,5.571718930441161,0.9280651135856492,-0.2959617045118163,0.5895088402088734,0.9843984357510798,2.3059343131440175,1.1294282058719542,2.026728495660548,2.0282923018621903,5.350752384527068,0.17815600376783156,3.405516665156205
1.940863685378184,0.31385767107932944,-1.4857662029760992,0.469780757171102,2.1512297129506868,1.4994896512064662,1.832354668415048,1.8671993763217083,-0.2449646114640766,0.17343325114860705,-0.8717894096605273,0.583297966510161,0.5264780835734884
-0.6589150355187142,-3.1496423062702847,-3.579611132729591,-2.489043537760153,-0.29528103922648963,-0.9253877598895794,-2.158088178765029,0.2867526067234574,-0.5044481848563169,-0.5083302606528421,-5.988253627647128,-0.6671102123779973,-2.665644098070657
-0.7046061741229562,4.64057474303111,1.6959001968682017,2.3105867531802495,2.3806625996457615,1.712820485147337,0.9086132235442188,0.16391752064383275,4.522645635535528,-0.1432747136470345,2.76789915571041,-0.6342071402704135,3.7778635148921356
1.3876515754157057,-0.3032893431662686,1.8404738059911563,-0.0315303601862656,0.632969942305806,0.9377114387348087,1.5643165756741333,0.6333614325952823,-0.08606706244043186,0.7514518522621237,2.321129448379183,-0.04998994583263991,1.7526248831519238
2.009285563233619,0.6532454664332583,2.6275057860391415,2.4885302650297265,1.8517629604207144,1.428152029873389,1.3722447482072235,2.91503670444712,0.9939869522862134,0.21512581759649846,-0.6805603985747113,0.22608342443799817,-1.4204269378466738
0.6000345309513307,2.867641373343973,4.585208283750756,1.3498869045306412,0.9814056984718061,1.288944638069305,1.6606820856536637,-0.2826919241601394,3.8441456820562276,0.007809198344540358,0.8204208337101673,0.48115587922744446,2.017301043790455
0.8285028577125115,3.0851628396815305,4.030333128763466,1.4682619816292493,1.030911746348461,2.417390333754011,1.0144300125218517,0.5048202189384029,3.5593330911526255,0.0816054800975446,-0.5768944491652979,1.1626566393730338,0.9610526628424932
0.004341472508385723,2.0649438457077163,4.296672793470014,1.7311903637114703,0.8295979031899736,1.7344730056035849,1.1179563062622522,-0.27484711769606107,3.4311986675967154,-0.11155490188445485,0.7493880026777171,0.40645815868137597,1.8162886021332811
1.592780696714504,2.5370491959847934,-0.17541633713990454,0.7811791767619758,0.38487290054301,0.10630710940808055,1.1146321183872516,0.8973947282114794,2.9811465030204927,1.389585958504015,2.554581699906331,0.02448320329654978,1.9064729035666421
-0.3007581425354711,-9.13885843770268,-5.785015600440611,-2.6173762748897498,-3.2458537745020446,-1.6630364733380782,-5.0677378857942905,-1.1216037363543485,-6.057742638943924,-1.558870222643535,-6.148701913111534,-0.42552457023205065,-5.741980240718048
0.08928981100209055,2.583489828157342,4.1623866342729885,1.1600030503199534,0.664166479688655,1.6824843768635762,0.8923367774838373,-0.478721146283723,3.269880450472443,-0.16128410936074553,-0.1808440888181536,0.5709527759714468,1.1194761041112038
1.0064124660069742,-1.1128360411410947,-2.9370046552943263,-0.7254184600079641,0.22125692465653013,-0.47437586886394356,0.4066104215098956,0.9331609615279982,-2.088951439718819,-0.11716154619999626,-2.436068626692932,0.4845028284657748,-1.331179848782097
-1.3052205337506406,0.03937801592103716,-1.7214201040074437,-0.4225759288389234,0.2205558582012438,-0.3722272362099546,-0.5874771734632344,-0.7838010315022742,0.6632065145066007,-0.3915559074639653,2.538669504971863,0.1181832749696655,1.0263984995526776
0.2600904576392428,3.132825484742514,4.155515371330806,1.2675506196528055,0.6823245916986427,1.825256291121348,0.8041511879168036,-0.005094524442942647,3.9140173387765467,0.017980012222607065,0.6306404128525819,0.27284734968768626,1.5550337492265844
0.11574229603736771,2.5266075218256763,4.6092652981521365,1.164579777683442,0.9909856565904592,1.5647246311418717,1.1013460578588352,-0.1855928719783616,3.6252791406801492,0.013449380673054227,-0.21536135651895572,0.3482566539850087,1.3527241501522562
0.45815411380699117,0.8177109128314379,-0.7387733918625035,0.5344456759333195,-0.4582446708002437,-0.2985589344168289,1.2501074020854304,-0.020613406795180495,1.0723902424637022,0.4690713845100254,1.0870144845245195,0.07908053983934221,1.6744984619505703
0.2712068211323478,1.1595106316109496,-0.4214756636331894,-0.05000431771700569,0.6727296393054226,-0.45834691684848344,0.4941241212303026,0.826054247379717,4.665580449779001,-0.44961718742787427,1.4205497260189928,-0.2939610281550429,1.462785882837553
0.013573290892980087,2.641529025653273,3.8718805864986234,1.317996238949191,0.8907291646074089,1.3445533636729752,1.0644744056892685,-0.2193003200330875,3.2265379721029768,-0.18792664256619507,0.9288796493799116,-0.1314479017071427,1.5654860130387052
-0.5120642771778835,1.6573092863067158,2.8447063826045227,0.7919690482918587,0.023149468973279002,-0.26142775522027584,0.6848012582098857,-1.057966158637363,1.9373251152700854,-0.16474389612519488,1.1617650631075311,-0.06954551010082166,1.211007260968909
0.24883507550073158,0.7530743726725796,0.04716835108740883,-0.640502511822722,0.44805353600842246,-0.8209180072446668,0.9571998491945367,-0.4919197530216642,-2.1363171026917795,1.1023176016063532,1.076546752076182,-0.04735479244548408,0.4410877215396611
-0.915551312466462,-7.346439813347536,-4.030473565313343,-1.6281906284945502,-3.0770541772996585,-3.525534962745279,-6.369884353504618,-0.28231383712651836,-5.466391911968175,-2.1203669011028894,-6.195813669513703,0.028486865138014326,-4.803845707487521
0.6001171002723276,2.7368112082023996,4.487983192612106,1.7217310750443073,0.62407440552281,1.6975497897347023,1.3352849953484511,-0.4894881870799387,4.1323804502127075,0.14891027269677976,0.7900316584208568,0.5051172146330484,1.945803358714458
-0.6649001495415967,-4.6229401016737235,-4.273049482486417,-1.1448677031561318,-1.44742862895752,-1.2202786120167,-2.510574059196644,-0.04358389965672484,-1.9373666772505058,-0.24398788549782088,-2.120191523556908,-0.030991546068754452,-3.366126818813177
-1.0735671805310996,0.5162307169676448,-1.8215180747924995,-0.0761312339366931,0.06429782687117239,-1.1838655196342414,-0.2509265345117698,-0.5125790947965448,1.0495530536589728,-0.3041676784379199,3.0438006254270054,-0.13075650200558206,1.373300226698112
0.8493647559804636,3.2764733526390057,4.31267819109528,2.0937406930503335,1.545238106065533,1.9980291705852788,1.0168063164103982,0.561877952264622,4.125622332073335,0.11192596587145509,1.8172131380500889,0.03457633763086045,2.845017464821124
1.418611444835034,0.778311365827297,0.47568928256630905,1.747204779030548,0.4291011261381208,1.1505938881299356,0.9863239652234027,1.5302819357667534,-2.108846470184831,-0.1882267436555897,-1.6398508662751152,0.03432171392409739,-0.012846790502468767
1.2033375775684707,3.7169804818095225,4.147175592921363,2.157849513886289,1.139294200803981,2.010769754551455,1.2598441240900298,-0.3436931812411381,3.8853128762827773,0.22623759222061673,1.3468469505845055,0.39047921843775024,1.6337999463567718
0.2430550835690357,-0.19558826217893516,-1.2782776397047566,0.47686019067652513,0.10398198534631077,0.06137919556815172,-0.0034485343507387745,0.7917260383121255,-3.643296346152719,-0.5813132318807764,-1.2396824004749454,-0.27087843093503694,-0.5779394688669385
-1.160257098843447,-1.0436896830812716,-1.0383373612263758,-2.3644608908472584,-0.598512187008746,-1.9657606949196713,-0.7587736610111057,-1.383558559227839,-3.6649713816861103,-0.45844107228020825,1.8060269818066932,-0.1868372961749426,-0.3253447375715607
-0.2300594640228277,2.165103851543326,4.04657359363123,1.1308655683002948,0.38452502993763304,1.33108035853443,0.6678965721323361,-0.6391470483706022,3.167813831612778,-0.16490692201691368,0.1742574906421617,-0.14437455348101344,1.3008010267192083
-0.3193507396124511,1.6445732278619996,3.7446239292647476,1.025587143629479,0.2675855305366632,1.119004018472818,0.5718995584195687,-0.6649869199790474,3.003101413302227,-0.32059583348532517,-0.4770618985298401,-0.04384200076313896,1.3934678795550848
-0.2514243236913656,1.7415060920997831,3.7799193435746963,0.8964125246094125,0.20616448114470887,0.9655954519700674,0.5170355581005828,-0.6139246207103134,2.9904932857625597,-0.10888013395480814,-0.239499240469498,-0.027483234009188114,1.092925028916862
-1.6152385158862712,0.307977132980919,-4.831342121487897,-6.4491168050204095,-4.892530742025831,-4.70354472407916,-3.443262268799977,0.8289890243149259,-3.1062997955637472,-1.2982203251599445,-3.446619290592045,-0.058444804698746244,-1.846998967973826
-2.1462192336764807,1.002132656944191,-0.4351642272129863,0.5948394559561793,-0.5095383841228774,-0.40020228003927816,-0.7504047107448178,-1.0730082892202253,0.9526980279639571,-0.38866425995456255,2.705426384821121,-0.17089244859758762,1.4244392654279041
0.6768645269237461,-0.6859580692674759,-1.7023062532984963,1.70292123582835,-1.01785589036687,-2.016619190188746,-0.9042214386046141,0.6206129615872891,-2.7689723424675567,-0.7926432007980639,-3.53946077188477,-0.5940841744069216,-1.2424099107997284
0.9202455645934163,2.3886641768159143,-0.7173362318374632,0.2944181579646344,-0.1554142015075518,-0.4434009360252984,0.62892750738913,0.3104484422949867,3.281017311765398,0.15334578629479642,1.7900130427799492,-0.08857178068202402,1.841389641617425
0.8580632174894629,1.5420478632694317,-0.6561067968565557,0.2830452381457306,-0.03552474249568249,-0.2123959290060319,-0.2795643463306543,0.6146311639414892,2.6988914898296614,0.5193919209318442,2.1103270280919975,0.058186523628731494,1.6085773533644776
1.7185204035680122,0.6657720495512085,-0.04857158888390097,1.5534299585890645,1.206298155508832,1.0338376779398986,1.2661139538459893,2.6696186741094836,-2.0722401413186966,-0.13166563599215206,-1.4069640227800442,0.12911682261309274,-0.14479823092774793
-0.9851991604765256,1.1271295642583736,2.480514049449832,0.15498641778197547,-0.6200293190332339,0.2453794548712257,-0.22928741947126893,-1.4674505046082458,0.8748445888277557,-0.682615656335321,-1.233500538331767,0.2255645568275617,0.13567171014586663
1.2083382531188223,-0.5556413649984946,-2.297906791268744,0.7004947773750045,-0.43424593586060767,0.492806895221066,0.18965003678057746,1.6657641307476698,-2.791909096506941,-0.2648484875996492,-2.635466481225255,0.055920569388092346,-0.9701604173849854
-0.7049222795598002,1.6724711677556234,2.498837209697296,-0.03073006022255873,-0.26931512279591213,0.6720563259324989,-0.4433579127940661,-2.0491450275589393,1.8937850062968207,-0.43142850472022676,-1.2019766706290342,0.11087362964766925,-0.55464293681706
1.377701023063726,-0.30371714348076934,0.3563358229367683,0.25601469124770826,1.005464291050513,2.019457899013327,0.8987254549480147,1.0966363573560696,2.2119098332731255,-0.07882428454959567,-0.8088398568637465,0.14400364693668158,0.033552377722743505
1.0266077307642747,-0.8233141455913171,-2.2115591946202846,0.6390831233788694,-0.21178328121908843,0.9853305491794733,0.22366674365268813,1.4890171744343308,-2.734864017384953,-0.25089018578330663,-2.599301229988536,0.00403890129178751,-1.2531032239583633
-2.6254513225989,1.0085001722578375,2.809393904506643,0.007276534475903645,-0.5964147078432144,0.2847492516884166,0.0695373369753361,-2.4178226858693073,0.9234821084079639,-0.308193392119267,-1.199565285523422,-0.22186693389796552,0.33339676669695306
3.8943912599277164,0.11005367266738597,-0.6654655888417946,1.202098840083927,0.8650697096199212,1.2353849060750668,-0.10131540674198801,3.49924282832899,1.126494062571889,1.5245083007030185,-0.7359803972072485,1.161406902168981,-1.1309869596610462
-2.120899388486934,1.069627594982481,2.107880831757147,-0.0030414901756578017,-0.6819488561422461,1.1093628675112914,-0.18482670556288217,-1.1156248928518553,1.0055451660116925,-0.4013475048003926,-1.3670734007165042,-0.22196216125092982,0.0647515352049636
-1.013195168825591,1.3508249687341354,2.642888934846139,0.18041762150306664,0.016283466138669975,0.4012092644224563,0.10569308930076651,-1.3414155352151846,1.3126309303887602,-0.395618978354873,-0.90059334575716,0.06618592049771302,0.40237777002983616
0.7713919670000259,-3.215008258369441,-3.531250749534617,-0.9828137353093673,-0.478379815703051,-0.5786839086898707,-3.135688915376862,0.5508655760882214,-4.0186223928806255,-0.3280085147187737,-3.852408828438363,0.20014626563733648,-3.028110964344815
0.9334818919468668,-0.14860088850578487,0.3936562324656794,0.2870750526250856,1.397850964451209,1.8485654711982025,-0.697046377447227,1.4241053903268446,2.7588786062856934,-0.3432297156735633,0.10590399219240582,-0.043439719095929516,0.45974341280137476
0.1571878072412478,1.5422389664174991,-3.200992311863229,-2.9153137478206514,-2.125685613514959,-2.8092438722479467,-0.3254952809090413,1.6518114981986587,-2.269970203235021,-0.12724346777320739,-3.561222150660017,0.09590847330633555,-0.32958066157479254
2.204456552096332,0.22675223977925885,-0.7583188441669984,2.9616604226398175,1.0656049831635837,0.9225596169744514,1.783816922511388,1.635518363397568,1.133968587526017,0.24346194578024236,1.886493011691297,0.24319859472051672,1.8152484098883959
-1.3979267105232511,-0.35892383790316285,3.2512794521575175,2.3352436219455885,1.897039415069545,0.9366434329582586,0.851426383091861,-0.8080328532385951,2.0485436888799695,-0.16464817532441683,1.9605880154276063,-0.13104277466941214,0.8359260700746542
2.4239538685879145,1.703097486096538,-0.4210102960151722,0.7334241295419631,2.6271115903494264,2.179985469595736,2.6913744484855697,2.3804067402270928,3.2412819943654667,0.37829688798532723,0.6492611839803349,0.6412897671469386,2.0313616396134924
0.18504586650938185,-3.5738509548527913,-3.51132747742451,-2.172536269312518,-1.17064422246017,-0.9666028845299866,-3.6822877206436058,-0.07018599184023024,-3.832148929332487,-0.5665662813621265,-4.37459471504618,-0.22971277061021972,-3.3171006138022574
-0.5922622919972569,1.3969545967049075,3.4649151109919565,0.38838202715127007,-0.11954128669005708,0.8294223385583611,0.13404535298339193,-1.3930372075865871,1.3570187628827988,-0.4282947043981404,-0.5718927710974174,0.004044316783547435,0.4894276567248422
-0.7160943807433875,-3.3111057205741403,-3.929503331530528,-1.2471782659925519,-1.1212244542398382,0.6894624753818953,-1.1434663165205468,-0.2298087101491787,-2.473042314673464,-0.6531957626968826,-2.8321275222166955,0.005334781791704262,-3.3118048827872704
0.5614533573570145,-4.532804027057461,-3.264277158424569,-0.3958377524915461,-0.7210144520902799,-1.1480434023873465,-3.373488703831616,0.9107219230078365,-3.0586290081647327,-0.3255950025986467,-3.7850455478273535,0.2454634709231972,-3.2238640554663203
0.1903112238205763,1.7146372105305394,1.291747474217684,0.944771646347104,-1.1054421997603237,-0.17750355652481736,0.6036745529585621,0.050601026800254106,-2.295775248014057,0.8340898674193562,1.9208242092084964,0.05006341975440995,1.5538763188550042
1.006357547119777,0.35398590180246775,-1.3828430776375655,-0.2669461320190585,-0.11564688873580756,0.7077438269058862,0.921987136843511,1.4799900723445334,-1.7469212402988017,-0.2677392632524587,-2.5709579897123493,-0.126719338250243,-0.07621044213107477
-4.963518659601298,-6.697051676768394,-2.4853392107256993,-0.9313941917677094,-0.78829002984489,-2.687190672151951,-4.242834670745459,-1.0658837785054414,-2.4759326393933354,-0.9280064746240773,-1.7873692292528647,-0.3363280151525721,-3.774336426527653
-4.624346393489071,-7.057049489986773,-1.869640344586223,-1.711204384932709,-0.983549326291929,-3.43182966850698,-4.284404228867757,-1.2918416647602704,-1.5487905402760953,-0.625897835044501,-2.084071531595352,-0.36325194960408347,-5.263677494976048
4.2503760134946145,-2.2575084495223643,2.601099811793409,1.9507860653371445,2.3641832077617035,3.221377443494277,0.922972172398327,2.3316984841227533,1.5619625815386984,0.5219373044940745,0.8785158223322488,0.1842354692875717,-3.511036389115163
0.8486607486278647,-1.2984888784452857,-1.7260948895378454,1.794071786788603,-0.8329664354869681,-1.3971977037993362,0.6032977551154585,-0.17633076750518137,-3.328744926293794,-0.4006734661364722,0.20278267331783548,-0.33619986086359455,-1.8857563341031265
-0.9965571199859389,2.3288985983328896,2.450637060500578,0.45800468503807984,1.1878269923716365,0.36281456847623417,1.4262745475396512,-0.9394127236627455,-1.1095877606778721,0.8132065892457548,3.643244453781388,0.07055362083224782,3.32810892609931
1.0334946890485783,-1.7764424852136937,0.10569874884302018,2.715789892728855,0.33282344749404325,1.0604294419976779,1.7053561611318337,1.3405135448892704,4.163299372551653,0.04047159230646994,-0.5594771736787839,0.9329950080227315,-1.0019069238576206
-0.6041637738354299,-0.7587801132444292,-0.5967868654828309,-1.9688763907184412,-0.0937309559724398,-1.601483838618733,-0.18161704542580998,-0.8549006483145056,-3.0073015548971784,-0.34975233716165843,-0.5216691080061719,-0.11542174170725057,-0.7047820884196292
-0.14628671481481043,2.00092900255695,3.2492394728213556,2.4406749657210374,1.3306461833158711,0.006625048063902418,1.6701522369361999,0.0693566411004089,-0.08758971242648037,-0.3121014852858046,5.8418755255908605,-2.7700639847277886e-05,4.144643773223376
-0.7110956386771674,0.2866247756789544,-2.9737273757615017,-4.003897511259032,-0.5373428372226449,-2.5553214551710206,0.03052723659357698,0.42743219275286204,-4.227620772543984,-0.26312699674059536,-4.666592797328615,-0.06587100567244414,-0.34811463564479106
-1.1357497769081963,1.0882363510147364,2.9260595499377495,1.0597699562848233,0.6820435697543953,0.22420713347124144,0.4594773416453973,-1.824364927026133,1.3875704850515147,1.2266196351094794,5.833302793723737,0.0125936243279526,2.284385474919755
-0.14825024612403168,1.0912354142793146,2.667611906335482,0.8731474613708755,0.28669817398302255,0.08870944652447683,0.5489507169271302,-0.6590608792503675,1.4150477719182768,0.21416921761663002,2.8339567921248574,0.026760505182254587,0.9586184814820685
-1.2286893814486552,-0.32969490765076537,-2.164648863708911,-1.0423816881039079,-0.9866571355455866,-1.6495693218645953,-1.8545930061887748,-1.004738791404913,-3.819963361923583,-0.5869887030781764,0.5847874632922724,-0.062343031351661624,-0.31395722203991483
-1.9278951678321592,-1.0521304299309848,-1.96728795247049,-1.359334157951073,-0.43492695148413374,-2.657597898151208,-1.1685162923345347,-1.8500337069015949,-4.312020639798397,-0.3634926804144763,0.3854475759306093,-0.14136873953199636,-2.038636909139653
-1.068868600602986,-3.2655011188621734,-1.9120021625235677,-1.750709044920384,0.542485614087847,1.3506103515438737,-1.8358914921955314,0.2521986309956343,-3.058753636960043,-0.363880889683755,-2.3706815213989474,-0.11756338918219426,-2.4751612399135614
-1.0968387238096655,0.7311722224754178,1.85606334586783,-0.43179927766685267,-0.6759997530048715,1.0421297930121523,-0.8976075267173456,-1.3363616640870977,1.4359552762755707,-0.5637003812830272,-1.1148340517184177,0.1506214152442085,0.13663004817027183
-1.1196984689129101,-1.0962026268688758,-1.9453626135628055,-1.8625674577336753,-0.3687681241302444,1.8617182334031286,-0.5169862462507768,-0.25372391274716305,-2.7990231438860715,-0.3803016879295724,-1.9943029990719845,0.2069049682669963,-1.6915108731337307
0.4869285893967995,-1.3943960756358385,-3.3519529611834633,0.6649603619581709,-0.5865866413272712,-1.918572107979821,0.29448678000002265,0.9880496226240779,-3.0082309936090477,-0.22344450819720002,-2.0255887036015174,0.4355265869909069,-1.205606399643649
-0.7289179118986547,-1.749398007923737,-4.221042017700253,-2.805327561813303,-0.8233509542880992,-2.1751895602197484,-4.100117506539552,-0.5389067727301475,-6.270631492831227,-0.5658373412717541,-4.005174093806287,-0.078462781595687,-3.4197554222597835
-0.13478979301328473,-2.2651822438054827,-4.392294775570432,-0.5365832096509017,-1.693018072101598,-3.276291368682868,0.34095494732157233,0.24177596067285367,-4.37022137499104,-0.528578315542804,-1.9468679445821582,-0.0781742505936159,-2.4816282987273817
1.0082922118659028,1.6866444787264077,-0.6853599328144145,0.3567937328542273,-0.001397928438770306,-0.2004373430057118,-0.39118255394976587,0.46323886543564086,2.682221484330173,0.40425973223367084,1.8800807138009823,-0.08964691293736293,1.5980368574765615
1.150503190901751,0.6808598145376892,-1.499421648249651,-0.24449481912371185,0.617162858144794,1.0680240387862754,1.0631299691445504,0.944512555778751,-0.4568345185627956,-0.06376390865848701,-0.7596760240647321,-0.20516410990307712,-0.6329208799984513
1.4649066480932138,-0.17698301837727823,0.929288284457289,0.6869844443009544,1.7900975870511806,3.032943933943493,-0.01698156131121002,1.9096714024256092,4.322190896245754,0.07159672235345688,0.6424447025772597,0.08854128787345782,0.43713071739715
1.1492138350548018,-1.892447208570213,-1.9821407699626346,-0.6109904528486853,0.8280768532730222,1.3602511669778161,-0.17658180523767253,1.10122107024615,2.882286653869475,0.10142103265039612,-1.2439247370583735,-0.18855347707350198,-1.7055876978321212
0.8417483229055588,1.4547966575581166,-0.6958212873344826,0.21258021561894566,-0.002120657711703771,-0.23384811361009866,-0.17894367197942398,0.45598302146212916,2.5930969939546444,0.4045769557382704,2.0191001572718634,-0.07571664137972722,1.6892405371937074
0.20160525383324243,3.619996119324222,3.9631932187137306,1.9733883853748233,0.34513392956668715,2.8259211608798545,1.2087805775666822,0.748614660128951,2.8561124981784576,-0.17077310823473246,-1.214719458236877,0.02080037208170523,1.8621231029301673
1.0431589096174056,-0.8959870008213655,-2.7728958088708007,-0.4157818155808168,0.25800175425700006,0.3386715919007029,0.427219857805305,0.682908090747272,-2.196770775053236,-0.22831856180448085,-2.263580985114806,0.567198807363812,-1.4787339989220103
4.130517852307402,0.6221377859906191,-0.716457259953022,0.4373117693953423,1.8264792141949546,0.6756653350721009,1.5152211768894146,2.9965834250797827,2.9550202177061387,2.0417594467688143,-0.5253087447987247,-0.06136319423767005,-1.666283483167903
-0.8367243639659138,-1.9248376941763696,-3.2652375662140547,-3.6811202065641475,-1.0846072061168448,-2.3191650775602706,-3.7561965049389343,-0.5601547019711388,-6.505412424520278,-0.6120035007182097,-3.8417602370824246,-0.18674660231142026,-4.167243773186476
-0.3652084083027309,-0.8258908010062034,0.5836493913524059,0.35215212410419344,-1.309745693172121,-1.9830679521466503,0.7553666050369956,-0.3057082130589213,-3.6749429947898418,-0.34045477153267717,-2.5541396683366555,-0.06417359347196505,-0.7959311784136421
1.1170360428063821,-0.9025812774011865,-2.739406091823864,-0.7601138501086582,0.2197422501351685,0.20348441194535966,0.5322234380597043,0.8541149164487916,-1.5258198393012088,-0.3964329121153184,-2.462399690151732,-0.1299438736711941,-1.1721614722224576
0.30969860958504597,-2.7070307590129468,-3.8091214197636054,-0.8540942954877394,-1.3517076891743476,-1.7549474284321893,0.04963770066181001,0.20565846135581117,-4.044705532200946,-0.8208705087875325,-0.9391200983389799,-0.12652239206660945,-1.3624140741169037
-0.2465347437798564,-1.8404513758389902,-3.8003978234312186,-2.0362562868143947,-1.0755908722942698,-1.5088813842667474,-1.1377271711277874,0.6922511463550228,-2.968239440686173,-0.5592892936229086,-3.9257949450229197,-0.27798169379432985,-2.7192291639362356
1.3966982726540627,-2.2435555470972846,-1.6568570502671518,-1.078783804422451,0.9897221525934421,-0.10123118088684163,-1.0224954992915611,0.8060015876508424,0.876261056488794,-0.18964447914105342,-2.791595060229301,-0.06191428844454808,-1.8966675146762277
-0.7381459719356565,-1.766259035475345,-0.6748159858770666,0.5987577062488221,-2.011092554393949,-1.8994071775426464,0.709730033907108,-0.5400450302686335,-2.8544236562142355,-0.3397245559877613,-3.3564321374334396,-0.3200454980610973,-0.8965966647801298
0.4518811452678509,-0.3423633542305065,-2.204664387123452,-0.47060792626088677,-1.7004036827571687,-2.413710939684987,-0.3210161979951791,0.9199990731436343,-2.706087255649165,-0.5070003852175757,-4.976972052158478,-0.2540383645529961,-1.2282203708221724
-1.3921923018764295,-0.2675475085904408,-0.42836128422886954,-0.9958134350480721,-0.7701560064187896,-0.46085781840400564,-1.1348719649141035,-2.1465026496423203,0.3909681486819562,-0.35330617054572544,-0.3202701909819412,-0.5686772802922254,1.1782940768724723
0.23487178692697663,-1.0865033642833846,-2.9474410426751194,-0.5227146967526318,-0.8728502156171536,-1.798787967275,0.03611812958649044,0.7904672415694219,-3.716745559525572,-0.3915932973619139,-1.480815375280152,-0.12527879609778106,-1.1693869665177126
1.501601419204639,-1.0704969139666192,-0.09581413562513072,-0.369474659482431,0.43611141944304116,-0.05405387763865287,1.1254481080277925,0.8951155788901569,-0.38344389363761167,0.7184079246973203,1.7835983821703125,0.02299318645459905,0.494824929614034
-0.10583704566790002,-1.2468005233180393,-3.3068190271997207,-1.1801781026977636,-1.0647322299688433,-2.1869375885096893,-0.5390207400245388,0.5371515422588629,-3.6383882757871313,-0.6005962084751163,-1.159479790702462,-0.24901322700445455,-2.1345374096247056
0.17653226150975873,-1.7572456326051098,1.1809494197554884,-1.0717940428092456,0.13270597312444196,-0.4382256769875272,0.2948215653773191,-0.5602320257460492,-0.16556474152745468,0.8607049199364459,2.0204867537821545,0.13378444648865195,-0.11009505949138355
-1.0802228715480302,-0.4246708555783456,-1.249842705527942,-1.1530789152967436,-0.5653679839645824,-1.2795758783108453,-0.9350888984614156,-0.9583900460525828,-3.5297812878350845,-0.44509685076980143,1.1202584862300298,-0.07157626212471076,-0.6212401603110551
0.597573457187973,-0.9122680754768149,-1.588028478229729,-0.924025709050604,-0.8404134930158033,-1.2866289859699704,0.6507022544322534,0.6501472834658083,-2.4866769874768537,-0.140404792415599,-1.4968710021793639,-0.061188397218680274,-0.9412804005574434
-1.0191500749397606,-0.42543284188076447,-1.3053189937020135,-1.8289143873420026,-0.16616247279052115,-1.8341963346618126,-0.8993754530284142,-1.14050266058029,-3.374551555528305,-0.4704746125152128,-0.3577941701147291,-0.1558698206550132,-0.7002101987812458
1.0254717362284043,-0.4046214718640681,-2.587896838565875,-0.3568477807985619,0.5022597675682561,0.4592023596462481,0.5237201184386181,1.245819416915377,-1.7629720354525162,0.06154908538692531,-1.826274561430846,-0.0065768711413773445,-0.8192591538859738
1.1308425106190971,0.024952396599369084,-1.3846520370038025,-0.3068382426123652,0.5197346335556357,0.651293355020591,1.2995271161333142,1.4483304088976652,-0.6445238562145579,-0.1676895365408724,-1.4686832754138028,0.3713367556273523,0.35501581896924317
-0.4725670103764989,-0.6374113234603361,-1.1094154140477377,-1.8344153140687074,-0.2955503971688451,-1.8498581832631804,-0.37314889949229024,-0.7710912745264877,-3.4870281828049974,-0.18055966961611455,0.939575904235761,0.03454953530751586,-0.6024022132049627
0.315351759078395,2.48197209847108,2.1875176581616205,1.0267466658607332,0.20038808077056372,0.6214043899009831,1.4756684119233654,-0.4627371641289857,3.9504372472052136,0.6178722143913098,4.914315363358085,0.3905609498271304,2.8298472182038763
-0.2985676159632082,0.42824780907688864,-1.3657511106614644,-2.618488002233725,-0.4539862806882916,-1.9754922441274136,0.06740714152498785,-0.41500869003124513,-3.5175104309970306,-0.2806782741084073,0.5590084397213325,-0.09631983169406241,-0.31596011240656174
-0.4401086628923399,-0.9801192115661169,-1.7531214986534585,-1.507682354142889,0.5118060936276903,1.3989188222556068,0.0231662012088216,0.5661629313447823,-2.4001730442295472,-0.3168826309317309,-2.139639733232972,-0.06547049612220784,-1.2609509437065571
-1.046077947044849,0.8691099612383795,2.7660739366415275,0.1660377342197009,-0.10565729460316818,0.23728824195658993,0.5440036137086444,-1.8667970766308197,1.2556262851009765,-0.7611641868286664,-1.1006090780513156,-0.07576198362745346,0.19030307291489507
2.4421572363169664,-2.0684327658700443,-1.694980028799425,0.916311608379603,1.497094501101722,3.35275271606735,-1.6388281004617198,3.594374638206015,-0.5523689499890638,0.22304781723457065,-1.0387843256961142,0.8479917803582627,-0.2869588574161755
0.7159507244587361,-2.1546717343086166,-1.5774873066093358,-1.6247060714972514,0.45053897709378776,-0.6240067558849438,-1.4477875449772302,0.8074623350571427,0.04913207297937731,-0.3182439474306172,-3.483119167807615,-0.19646899904486617,-1.7094712760413264
0.8407575889676807,3.533151062259244,1.115194737801535,3.413263416304254,3.0398187803942713,2.162200053231791,1.5898943547521616,1.7240374349988994,6.754034528285264,0.8791270057453462,3.4444714425824996,0.11333398660593143,2.465011043544446
1.363221374357947,-3.035833075285579,-1.1408437012301547,-1.7923638402044568,0.79486716657877,0.004506481378856477,-2.729512964774234,2.25832832541265,-4.420313374996185,0.0005588257799130266,-3.4686833740108547,0.09680133966004684,-1.8414851448069223
1.2281191436884302,-2.886674782464073,-2.5309932888630353,-0.994389129823281,-0.7683198875799365,-0.0037308676002752636,-2.7313984292424807,1.292973310015061,-2.3323772678472516,-0.10659948104268128,-3.6933143844828007,-0.13706324414867477,-2.2754855448390456
0.6941955910881773,-2.345805705669854,-3.610841040230977,-0.8420878920729995,0.01646656299579062,0.6989596069386848,-1.87775376246052,0.3599607709034656,0.6945554680004717,-0.23911750546553062,-0.7066081038996989,-0.2138904983881446,-2.94586837395353
-0.5726130835385991,-3.4786677695552086,-2.4852329800991964,-2.8246052845727854,-1.4261661679846134,-1.9162406876538354,-4.564295849686799,0.1288282286101539,-5.67051982728609,-0.5698321940294565,-5.555481422217046,-0.20975028355140243,-3.613102111736208
-0.6255971464049069,-2.6678328848925106,-3.1366253359822767,-3.4778365733510714,-1.912797199477855,-2.670575866113002,-3.4710077832416726,-1.0188952820003032,-5.708818206353009,-0.5854395502138262,-5.208449594795498,-0.12914589070249347,-2.6708291555392654
0.6995018573094983,-3.0490177661956595,-2.951976747688216,-1.1726142107835043,-1.0092521756556299,-0.24743400677262484,-3.115709103466425,0.6364162053488612,-2.7862203982534512,-0.46650804781975885,-3.735694726588619,-0.2574955680366189,-2.594823281381071
-7.980970965602122,-9.59094905042814,-9.636838309457524,-5.467719105405525,-1.1707022585326599,-9.533273738509871,-10.377722073478829,-1.3293156658816665,-9.822322171206276,-1.4626456071933114,-5.607756516761663,-0.6163936553791987,-4.8044270201762105
0.6247976007622975,3.8301047157884276,1.3052733783775734,0.924415873642493,1.9631371375354416,2.586500449397912,1.8886959935838565,2.456144323754641,0.9333876381152204,0.5904759026768929,0.12253774213397658,0.257723759316529,1.4610897814720454
1.095758192339498,2.683293183582524,1.4447956550535228,2.257418103747898,1.3518015080131591,1.4100569231032083,0.7861040591065669,3.0578487539218946,4.943745090114986,1.5872667368760127,-0.5603326451664586,-0.1272233403536181,1.892411706039889
2.4258482814988955,-1.0029059179670492,0.361176885108774,-0.8043937986799411,1.6903924296423791,1.546294673537939,-0.029540006372456733,1.9032106782759852,0.13070890294594933,0.6304714374730569,-2.1151215587582226,-0.06736776200019662,-1.2218540686312027
-2.8246957310133927,-6.023646852031558,-7.359491912019438,-4.332838239825538,-0.6393836616864426,-1.5730480501154025,-7.877029102429124,-4.462729895343074,-10.721989201463037,-1.7914795498663767,-8.832523679861074,-0.7212933511447377,-6.730426706135689
0.0808769945996916,-3.820872163321409,-2.3001393657384646,-2.672563976405913,-0.2818225948791949,-1.0557195842276434,-3.629997279685405,0.41191562409202254,-5.1451173603213896,-0.30152187080122544,-4.377124367908366,-0.24279311854495786,-3.003442078532858
1.6819217077497803,-1.6276680850889536,0.6426712175443149,2.1840264434393277,0.49242438351890716,0.34732439131010323,-1.8295329692996,1.255427016102088,-3.1150402531219226,0.36243667178321626,-1.9490842758708942,0.47063740316778424,-1.2391044083496348
2.795824970843064,3.720990738303711,4.111872711955154,2.1747572132500093,0.8482680611291694,2.0654979543574155,2.598279856803517,5.445059979620081,1.5463458056127033,0.13029565936575344,-1.474222561316565,0.09230175347533082,1.319074847707525
0.6082136211461493,-2.0028789663749436,-3.0127912187472803,0.3070958367993848,-0.726397449844258,-0.4629568568433427,-0.40225327702756564,0.5865482524404717,-4.399605452511199,-0.6093194491923271,-4.4939383864206155,-0.4157456586947148,-2.3777539741734244
0.7880761136735481,1.579683615412149,2.312928590462543,4.054403797284596,2.858892060532235,1.8787404111436468,2.7670912346373213,2.0523044194503584,6.103942875252622,2.1586483835165087,2.826951281952982,0.14309468246479012,0.7665465794617516
2.7882832777458755,1.4080106036044246,2.0659333039261396,0.9978499284324543,2.4967910044826573,3.09155913453549,1.7442599121408744,1.519593941712131,6.845431777232639,0.2651507211517954,-0.17013891482104854,-0.05056275393917328,1.5972976075454302
0.58388184790603,-3.7322000052635054,-3.6744971482341904,-2.933973175172384,-0.5149693107511849,-0.19353291547805515,-3.7942915425459964,-0.07460726736527384,-4.504686938855382,-0.6346779891677817,-4.6817414417216145,-0.3001796731197587,-2.958715332882582
-0.2859646845800388,-2.833701197034163,-2.4799195389004627,-2.521941749206227,-0.24146634924070312,0.264651153929428,-3.5445309873504764,0.3643638202625641,-5.5010282049690264,-0.14192552443179818,-5.468142060862025,0.03828807660999432,-3.787702614926837
-1.3112170217413868,-5.2874514642523405,-5.936893673403602,-4.125221999618224,-1.0317299626560676,-0.5364447650830783,-2.6792984905859667,-0.2854692330997852,-0.049286534295727984,-0.38202776117612536,-5.028121865173389,-0.1505277792147052,-2.763979498845422
0.7575942038599817,2.5627294067112314,-1.811537550377349,-0.6610846903180292,-0.48952967531616903,-0.878849234466648,0.7883683487964379,3.2639116979612863,-0.49382082185707976,-0.22331849480461752,-2.056208592733472,0.08806185923982418,0.6715551692495743
0.013669193532938748,1.6961757269232638,-2.459178418619558,-2.1842554008950374,-0.8742584279215788,-0.8550451134031429,-2.1733994067568956,-0.37094381174693514,-1.135854402931614,-1.0231341424662002,0.9421435279833774,-0.1443184488561625,0.8550712314682704
0.1859834316176258,2.522011575224395,0.1961248808064393,1.0460995215400015,1.350232165503419,0.4748502954985534,0.4382286488683895,0.9615651436041421,4.5021509371946244,0.19672366971615696,-1.7262447341226246,-0.06584853743151256,1.9757609019268092
1.9373055787519031,0.8726526517840103,-0.32956757223388805,2.4656395602986834,1.2387194110272037,1.1572554045480985,2.6767943292654426,2.5336670546751057,-0.4138308901851998,0.07472197758033859,-0.7697358389514396,0.18204607982084975,0.632656228749806
2.6107498831829683,1.135919140700975,0.8005377423659795,4.706782816512924,2.0193997500505714,0.5880930079483532,1.0354603070222461,2.902706209493594,0.5516514900838955,0.7150920006198188,0.22936763076422112,0.06894543866213008,1.9537158420402558
-5.086614132395739,-3.6547793445151506,0.7027230755384596,-1.8048011652618234,-1.4671797826270472,-1.6847884854384594,-0.76494896242602,-2.913216337197874,-1.5767364932917474,-0.7924131714019714,-1.5675924349772845,-0.16706638701260082,-0.7920043605726419
2.717313780106812,-1.1375227943828539,-1.6036133996542123,0.9463082848256453,1.8789798942689464,1.016994460741472,-1.1263661027311658,1.4534510111291377,-3.237410981855874,0.1544116971983263,-2.6686226863465787,-0.0360704105373266,-1.114486334355962
0.8436318263411523,-2.738210468805499,-2.0392360456820784,-1.7317716463282704,-1.553068562960252,-0.6344522018751335,-3.3288946072126,0.7085840781141692,-2.4297185364189655,-0.6381062803236357,-4.5139299046030885,-0.14580395508195362,-2.6186675921496407
-0.819619044933675,1.4719805971284707,-0.3078131601540373,0.13411195789774252,-0.22217226569333837,-1.160553084895946,0.0952535638275246,-1.0177264472376555,-2.2377617338905105,-0.3636796071747732,3.815156291780165,0.16315097624332534,0.8241988474513509
0.9297063505209775,-0.4882523649982697,-1.1564574876588045,0.3584996538205693,2.4998470798300376,0.6451471506323045,-0.6678863314601285,1.8658347816082335,-2.178145873183902,0.39496188342416055,-2.331999266643801,-0.06656087621322107,-0.9269159921031032
0.523014589639691,3.0619731456258648,-1.138191671327998,-0.7613592933076949,-0.5424649057609753,0.15979375554300426,1.0762164134082068,1.409889616221707,0.9626137852818807,0.4874816999853485,0.08551319968472754,-0.07409456130013696,0.8713532424071392
1.2065583468554542,-2.909465830972315,-2.6891013577916763,-1.9335143549186695,-0.1673057631403207,-1.3850293239081903,-2.927686354646769,0.8962812858525042,-2.2706195703464456,0.35254676364155263,-3.863917468964227,-0.16372904149867198,-2.8602444943599408
-0.46621495279224795,-0.12070212604995402,-0.0389346302890531,-0.7199720686467155,0.6979469215916471,2.480771736527483,0.30002635646042314,0.5887658124034187,-1.8903665993197092,-0.16746139181674372,0.9500744412601408,-0.11350436124174548,-0.5597966304535253
1.6589302973371616,-0.7804869582566124,-1.0438646671543312,-0.11623562363597258,0.8909095212139396,0.3626021303810799,-0.2560175310302941,1.8343983310212693,0.5949473184062581,0.4846751100880403,-2.351725027319561,0.6899574856279005,-2.1449641506461834
2.305529372075883,1.5361192979027207,0.4653499619574803,2.8887767952401195,2.2437927352626708,0.7328729576627828,2.2259567554677937,3.4432364799703157,0.14584261461575004,0.07855457409595455,-1.1644890915509312,0.03351982617647288,0.4402969421492889
1.0424439838673505,-0.05032168126613317,-1.5816731206017236,-0.9753429701924323,0.13833419497124846,1.5984468321202123,0.6353238315357722,1.001561697500551,-1.8122143731964755,-0.16798106772462945,-1.9527636119583616,-0.16512568039198713,-0.2889671002276656
0.8229047121614632,2.5049257727852083,-2.1872681555638294,-1.0824499409412962,-0.6127795520150621,-0.7786064538933959,1.1852576268034882,0.6891125943863557,-1.9929710798669187,0.4798692566761747,0.3762145193919746,-0.05528614770776282,0.2875087044605364
1.3960225198588647,4.180482745254413,-1.390164165940756,0.1790664670756087,-0.7220203759029713,-0.1476319960375421,1.7628964975517656,1.7097075363931555,-1.4785845270949523,0.33236460202321816,-1.6739896369094234,0.060127405099984675,2.21185174432428
-0.816685142846157,-3.481324294169641,-2.1616814261043658,-1.2264527379938714,-1.5396039392054084,-0.44660296932794163,-1.4363652927625095,0.38863361886495545,1.7550884782243514,-0.23307459737122438,-2.803551989760664,-0.10737799092609879,-1.952309422932772
-0.45422563870540955,-6.337432834728518,-6.347639476234715,-4.219690625103604,-0.6492471565839113,-1.7076510878181503,-4.422607941647166,-0.9920171640409785,-7.809493963927443,-0.7661401738019453,-4.7997186922758,-0.19412685544126565,-3.841005160028322
0.7072411871494519,2.3708973107750837,-1.0755089922828807,0.2047815009320362,-0.17240076645536143,-0.58529175067217,1.4547860289623757,0.3365687290630819,-1.3129761168360714,0.03775737334870622,3.6317053723454262,-0.0295629407113625,0.8424754114474895
0.05049577746540317,2.4108735849159872,-3.0775291492200147,-4.004917924692855,-2.0432733887299483,-2.0185452848476255,-1.4463655405232883,0.19040756582230736,-2.134666510445791,0.0289946043770762,-3.6535071417870415,-0.11884756567060112,0.37650908855824855
0.8314405886295978,2.8539548249459923,-1.687690511143042,-1.0916259408338616,-0.7133185369283375,-0.23699404108131106,0.8515232504260107,1.4330974341874634,0.2302059303780294,0.31594172107107515,0.7567213581458458,0.13574906308928297,0.8544462189067984
0.8034614583110025,3.025078038087942,-1.098157243669654,-0.5494786792320924,-0.45004388518683197,-0.15904459854432704,1.1391871989032045,1.1853114988080535,0.1785432422688851,-0.11898022760430152,0.4791814431346333,-0.020974210155093004,0.8997223874548861
-0.049719941388919164,1.49665670375081,-2.3289759498348253,-1.6142063875579167,-1.4600703859168829,-0.8763968162926741,-0.86389066885122,0.7886036061029881,-1.7641292003775015,-0.7447452925016278,-0.9205981001180285,-0.9583532667216951,-1.0926693063322457
0.7555473435458003,3.0084070260589932,-0.8669822709153718,0.057997376694757935,-0.09230752341035339,-0.39557436567369014,1.3697219024546863,0.49131593215537983,-1.6328238981486192,-0.09867998321747613,1.4571263693485204,-0.06092160888740591,1.7003910054613114
2.7479431323324235,-0.4751271004250481,-1.4044131971957787,2.56268883724283,0.38724230239271296,0.2524581493178589,1.1811700542240093,1.8568998195313742,1.9453263024509775,0.06060793084506352,-1.5816689514575732,0.4918240444765737,-0.6954104768660748
0.8434194351448159,-2.940786782602986,-2.1844432222305072,-2.0235365320059153,-1.3122144180515578,-0.24340219040815214,-3.3899988338496128,0.061961080594402244,-2.723634917605667,-0.7506716310119048,-4.705483695968156,-0.24842262101152693,-2.5571826908116537
0.8159495976650055,3.7847380047586423,-0.16208276707058145,-0.5165142418697682,0.29295551432917505,-0.1300445495690737,1.2738579169464197,2.7611142009403555,0.44304876925475456,-0.1989591112453491,-0.09576886478294111,0.29958242851516437,1.5188265890923018
6.1651675211570955,-0.9158314383909522,1.6355145851548554,4.022910400288594,1.8537625265431896,0.7602062330219064,0.33032539287478546,1.9089184781971076,1.9252196982523637,-0.26726209013101965,0.6303875331559942,1.498656622638098,1.6222061268861099
2.0925551741725448,3.3377779517245165,-1.3092615044365328,-0.437266708804398,0.8371435593316954,1.0120666111519352,1.6914959626970814,2.311030046054576,-0.057599034620862924,0.06279925608490072,-2.1697276046478917,-0.004843103207337385,0.648422524179332
2.1263192995006426,3.5189066949466037,2.3405959246871584,0.005044203288335787,0.8031220182905803,2.269892202347206,3.001753100974797,3.7983023945837178,3.6703331611874592,1.746903597802544,-0.9538540389373276,0.5672350600936138,3.245224261471174
0.9486450356379564,2.813878857140532,1.5687579352967438,3.973060646284268,2.1806798704061654,0.9236004595075633,1.6013018675189876,1.8225619343901052,6.277763994147277,0.39899911460880616,3.6510615952721697,0.24337882459577603,3.3303455197831817
-1.6127768157557063,0.5245381095570824,0.04308384378285451,-0.1744616402835689,-0.6428043334403387,-0.7073719856960492,-0.7800507231698269,-1.2347786335176272,2.1300215159310034,-0.6253073118270067,2.0401973963125295,-0.048427570378925235,1.0345120620303268
1.7413059218320994,-0.5847497085109354,-2.0646450141061927,-0.06251014859881249,0.6339193466471301,0.573330571734243,0.7339770242882272,1.7636391521369417,-2.6283658850265463,0.04055088698657028,-1.5026528883420138,1.3054088096879422,-0.4530413716586512
0.7482835344069948,-1.6323601959656093,-2.0482434635019544,-0.03201456721458164,1.1475229341578155,0.33173456617217095,-1.3728548696145624,0.4264056897287565,-3.3561945648998437,-0.03666895423394941,-2.407729997711463,-0.042964882481739936,-2.235989675952328
-1.4816279579585208,-1.240918576493859,-0.7974018223268085,-1.4329265377965443,-0.7050081464839683,-1.7117163624117775,-1.6197453543290292,-1.881768845630707,-3.386738958941876,-0.7248681280472213,-0.4917660316540343,-0.06804016918150907,-1.3853016967083223
-0.0677367343018865,2.0218081315016994,2.10784110165822,-0.3075995434970699,1.4580611780203054,1.1779500364713993,0.00485432946795799,0.5382363661052659,-0.5462267872763591,0.5947852931171655,0.0012985808443691917,0.5168304364678141,1.7208273204234947
-0.6163307075771602,-3.264706735088387,-2.199480079691857,-3.4825492681925083,-0.7257310167456873,-2.290746300031121,-3.8440430902855263,-0.818967388978021,-1.702669287131478,-0.8112504470431138,-5.231269082170395,-0.3813543862399331,-5.011143747397387
-0.16262526693805646,0.8796980014991844,3.2593107031177104,1.2213438476078835,0.4249346460945283,2.229776494174989,0.49911261134056567,-0.10395595599431545,3.3935246862026145,0.11921087695337423,0.5376741094421595,-0.09466007298117292,0.5034559339083109
0.5626925188447864,1.9607167834250459,-0.971279521305114,0.2362840374098677,-0.12169906499174735,-0.6412667786578338,1.2765270624822007,0.07013872919138518,-1.7985769475396312,0.19199744348931644,3.640123057205022,-0.1604588471761802,0.6370521458497067
-0.5937862817166996,0.6987302908363441,4.4002375093014505,-0.5773595890775324,0.037613318209639875,1.7957802052537184,0.6102503943288079,-0.28245762846070455,3.576805464721078,-0.18433279332032226,-3.600948166119762,0.06040866525740249,0.16915512076475553
0.3940477399869513,4.330049012718827,2.2674480357859292,3.1391270853817055,2.119934716399552,4.284814529593827,2.163035065072796,2.174303679119589,7.621225421447306,1.236212858295379,4.773038925567332,0.25673263923730705,7.843872311949833
-0.33227856969409114,3.604472718578763,1.3997951814020049,1.4835838656846636,0.007481852012375997,0.7086093065691075,0.35265469221967366,-0.30384312063145136,4.3260797203642625,-0.4094863674536142,1.709729001287681,0.05514149346544095,2.898021946229661
-1.081546154539618,0.10371992193524629,0.4535418656178645,0.6539192599798035,0.8226260684611689,0.04804504530814787,0.08245199396688906,-0.516497983586871,2.691766017860113,0.2745201258868393,1.498345076524549,0.15750494592357422,1.7411104158948487
-0.6931632738218954,-3.0654383606981073,-3.6989049177999718,-2.5326513596934577,-0.8554568925934534,-1.4960383246445819,-2.485452960632328,-1.1250421242457298,0.251463861907315,-0.844254297481643,-3.657120770217023,-0.40318824800455744,-3.132719927607106
-1.2078658772839441,1.6093344282322668,-0.12561773983296007,0.6095933669986617,-0.4532171829888183,-1.535012661343855,-0.48861498347276605,-1.7740543588644102,-2.28493422332375,-0.6176383120887395,3.1974897239383098,-0.04754143442027273,1.1640163162816317
-3.2901435532094916,-2.139655104173451,0.7356441620602788,-0.5361183797464606,-0.8823479992704882,-2.5549276851733316,-0.8482275981295649,-1.1965315024492644,-2.8901594443733085,-0.4938329510934029,-3.175321770725876,-0.11789504716897183,-0.8935427320743395
-1.3263257849914958,1.5889361728624336,-1.0696543496955804,-0.24236992963693213,-0.15478048292143892,-1.2752587221412814,0.14146182083473027,-1.3695914278257013,-2.286896225286958,-0.4805575063457297,3.624632915456573,-0.06277351718292468,1.3109205342906836
2.3669515698744608,-0.37886767345273675,1.612246094609921,0.525216373142062,1.7108703573037767,0.5096893713778506,-0.7678999060050897,4.1150415106469564,2.4777747788745907,0.1101298678966447,-0.9960742475237286,-0.14260087698387588,3.125296180113736
-0.9388373438139551,3.077423713048921,0.9759213458876024,1.7586167217956652,1.4868601396090038,0.6533387185690097,0.3720672994231184,-0.08101548311404054,4.929829115056328,-0.6702174093993383,0.9569623320063366,-0.13652328398906535,2.9228833147479834
0.8616715429516305,2.5959337947724594,0.8628605925550477,1.1185306707272926,2.42694966889504,1.2315399585126174,1.0389592606056892,1.5369288743442546,6.019774700176074,0.42235267399396337,1.5126748421995175,-0.035878987665702154,2.609383211752607
-0.4931682772567082,1.3972808864288444,2.4063538928956003,0.32046656589230726,-0.19329836664721364,0.8845918620512301,0.3595423624768025,-0.5366460041743186,1.692348536528233,-0.0033502374315219183,2.283099268736939,-0.04874375475156638,1.0440441560088136
-1.917410164413094,-0.6920391715912979,-1.4443692797882899,-1.7238064593738982,-0.3494827820696972,-2.0474217331957902,-2.42083453837006,-1.2566741567462065,-4.333355804177829,-0.38405454914137305,0.5718967405665251,-0.18292562280005484,-1.790113937651687
1.0844465869484055,-0.3821472361249229,-2.384464983580013,-0.22432193299186304,-0.16309274046888775,0.20416785753435546,0.31815838165425997,1.1578192669199783,-2.1740395885400674,-0.3008303972939029,-2.4578952643704697,-0.1776356576683207,-1.0983356686790164
1.0917007164641594,0.23613177930004892,-1.151760695145673,1.394340340726905,-0.10364945874756419,-0.6335356338673996,0.7914489763695746,1.1877953145606441,-2.2899252249942053,-0.12178203581935827,-2.3215129764502245,0.009985273942454655,0.27523210333867204
0.9418921379951966,2.5619515909875425,0.6548782991007384,1.3739867450229613,3.1262098430712806,1.4044398087630463,1.59778933447113,2.0345284247512203,5.722853174490542,0.9160660829389882,2.7309743942889493,0.07549099734880838,2.3900108969511664
-0.9956725042116725,-0.8771735837310557,-5.215822798213922,-6.516815907576947,-3.4101443439929024,-4.564773134403967,-2.6697896944772856,0.44683045104818636,-3.5149264760889727,-1.0500573863058047,-7.270102106702201,0.007877584540078118,-2.980144658917044
1.2942232578930757,-1.9115000726158422,-1.9688608148978612,-1.6612918084808104,0.4081656953775222,-0.2534407374666384,-2.281249587444796,1.2054624187190912,-1.5651866208824023,-0.2119929219337389,-3.4949864285232293,0.5009813283792596,-2.1329649181581214
0.2924368739624817,1.4518272834892076,-3.0714822541622238,-1.631400611228827,-0.3573221743686333,-1.8088457753245417,-0.4357099190204303,0.978186692152586,-1.9444351098841675,-0.36779304874853946,-6.269389449516312,-0.10217904808413648,-0.419041688343924
-0.10851918577630491,0.47623824123914027,-3.4277867649552505,-2.2564239290822297,-0.8470377543791096,-1.6511340656100462,-0.16570378186750315,0.5538128084492766,-2.2762234625887747,-0.40304114702519844,-4.625264236978255,-0.05025045780982398,-0.4621564726738467
0.6398434101697057,5.6730674348388686,2.971025664816713,2.967305654501542,4.907457402719498,2.187914483655865,3.04252094527603,0.9363938319538198,6.842476912254154,0.7656879541950504,2.1259176676290936,-0.07803487497951034,4.987498421296478
-5.714753463231544,-2.659776368489903,-0.01524859145904589,-1.855185777582228,-1.6352704596503949,-1.9455673995505403,-1.1957408105902791,-3.404351024378816,-0.6307878134099559,-0.8703846909431744,-0.7302392536406926,-0.4329602313522871,-0.9253493972583158
-0.4725033927879607,2.0191425379443295,1.7670159536832941,1.8065930143692017,0.3948600150054941,0.7288372148811403,0.8491469296150738,-0.521365328955257,3.402585555393663,0.2493908291382508,5.005608264867527,0.03780121928391345,3.0833682309448096
0.052844401890825905,2.1613897370722968,-0.1977174792821622,2.021986799394298,1.1158152500953937,0.43255936064136535,0.17578881611633626,0.42537865146787635,4.986127065102983,-0.136029694205564,-0.2628069959730944,-0.010692164014714487,2.166245744250611
0.12584080336408476,2.478720747784504,1.0737397726350977,2.54506921177523,1.8063872674164472,1.0002492024299376,0.5795085018505856,0.7458070254491437,5.536066342147792,0.009394947620522521,1.5974229491295087,-0.10582160570244825,2.0040204170491136
-0.17543692587357437,4.500896159679525,2.7460918992757803,3.1356674078479414,3.2421703005173343,2.804603238539874,2.383982393126935,0.1882564747447355,6.683984385275592,0.6111139674464036,4.172352360462149,0.10667293511020653,4.968832597285509
1.1219170573431378,4.72723101152728,1.6937367107025865,3.497443634231781,1.760488622355171,1.6970381736258664,1.4864652553418034,2.085723329788177,6.196643858932786,0.4110861666769617,2.4620309659114317,-0.0444239730082659,3.8735386836290777
0.5784445408514391,1.463820886876848,0.7638279207288806,2.617622109431152,0.8887651589466258,0.9647435745255404,1.1329877132425703,0.8108770805369652,5.167032213821592,-0.10078919469948017,2.544224192271423,0.22441045039436883,2.6197995641496443
0.49480190034283134,1.8282056981113017,0.4466768542703032,2.6346665497988253,0.9144844905411202,0.8887292794138193,0.9767169736217087,0.6586045718498321,4.990635161630602,0.044030422143017105,2.538545322701749,0.21604010510620553,2.576723316284414
0.592942540129233,6.356672495632278,2.9470308168822275,2.1456394592838155,2.1966737724871686,3.6960611781353743,2.3604356118972003,0.7643663230191707,5.3864858159754005,0.5713873411037235,3.724783771261055,0.04344889748117163,3.7864670063017147
-0.16369334586223389,0.9203778669098391,-0.7251078447078665,-1.0908179466416026,0.8210923022466399,2.3202482272932925,1.0974311863237782,0.2697753096149407,-1.8156350901396945,-0.20270610246600385,0.5174650182461159,-0.1251930215101069,-0.1012224510813959
-2.231221094849622,-1.0310173560554778,-0.6596344407114925,-1.272160067212664,-0.6991024075924522,-1.4332089938626935,-1.544482038047475,-1.8625325690106382,-4.23942468081394,-0.5942176466047144,-0.6703167378105636,-0.06677779359742979,-1.6890391964263591
-0.5297409311288761,1.2738632002731576,-0.07689261144854966,2.122027125213192,1.416449916694934,0.32555069469122433,-0.0707749864246904,0.20012150969408055,4.335468130985586,-0.0026577506390296707,-1.4172367763167455,0.17882588099843513,1.569937474889577
-1.4197591990030678,-0.7024417172372345,0.936612900669376,-0.9508926659543064,-0.8947712214197963,-0.4524734487715695,-1.2823388448605932,-0.9794161837341058,-3.2148725885840963,-0.6502040415153734,1.376795738246809,-0.09430858204555179,-0.5506352653556194
-0.12999055708913757,1.4745646817299227,0.40736814319570036,0.1790030527906493,0.10085060543846339,1.5949776146622991,0.49607278129189364,0.2060888270262835,2.0502048545346288,0.25046743249106734,-1.8307591720256537,0.011662339963950226,0.11307565428213105
-2.6547195555554284,0.15333460017314376,0.38879687442702965,-1.1117511998029017,-0.473370750054924,-1.196097272022938,-0.5320557269314302,-1.2462796253131494,1.672585456717449,-0.40912806837095167,2.8138560574812193,0.01795379828920375,1.3586909260497322
1.1114550573197712,3.107649676451562,1.319484511786141,4.125624052931865,4.0858024742319765,2.236018200765572,1.381835576867581,0.8346999955265267,7.067734717196888,1.0163207916258317,3.850267567923809,0.3277462222406435,3.522379044676199
0.5283611688711164,2.366636567983983,0.5037564783201862,2.878874750225288,2.7979813357535748,1.4313884842173301,1.4895141185902885,1.2554885896869623,7.260677020272965,0.3508163795361501,2.372336219832715,0.2863022011585737,2.7795426828528025
-1.866249655562245,-3.1818678202723256,-6.631474271240751,-4.493506969463392,-2.9708240946490942,-4.323335535378816,-3.951952346307744,0.42882059205168255,-3.753569245758051,-1.951379032323344,-9.361322902114027,-0.286899194904189,-3.193148574688369
-0.8143377197896027,-1.3634997299504983,-6.757565380601834,-4.848591041156713,-2.4008937363243765,-3.558511360602246,-2.9785800494269155,-0.7829362630833767,-4.502239351242573,-0.97878212704168,-5.022795796124265,-0.1480532821723155,-2.4422399168906517
-0.4014079614935651,0.31543746217412666,-2.82921808413178,-3.3369971814565367,-2.224774650109725,-2.02556284485954,-0.38803100241451616,0.9047758462445602,-1.638085749210376,0.4260639636497944,-2.6547791793337083,-0.20300265183413616,-1.0767876280342334
0.01883816706534057,1.564710451960563,-1.7102126288776178,-2.6190992317364237,-0.7951915280872749,-0.9609664809921133,0.18508931718145816,1.748477654694062,-0.185083624628476,0.26507958858894803,-0.45409956439656923,-0.08734972764013539,0.20762377373770707
0.6401062706195647,-1.6982406795542273,-2.6962506837056326,0.3434285165959351,-0.47586484278862634,-0.441548777097422,-1.0824346130020503,0.9091467230177174,-3.185926139053578,-0.44774020027886663,-2.950450418891592,0.08552346414989888,-2.1906427940653845
-1.030670767594129,-1.0003417311469092,-4.9404665030606285,-4.535397607465276,-3.8271109711839304,-3.9788946234015747,-1.9075181553197191,0.11122322293464151,-1.7265926550359771,-0.8356003258703276,-5.9051058815890505,0.044165605278686154,-2.5266643203034373
-0.5778665550844744,0.056153470965929916,-0.8347338943695652,-0.9105194432355669,-0.019247238284701207,-1.2079565709436106,-0.2322114212904126,-0.78331669521725,-2.7071951418282056,-0.3089235483756704,3.9880709904308103,0.028945392453008097,-0.34713567167934456
0.3476084498140131,1.6111151047573529,1.1696117335092278,-0.6496710840317731,1.251381296636537,0.6401287607600293,0.835761814986666,0.781816077016087,-0.8034557405817837,0.06434014693213008,0.4027314817657073,-0.06637377184815726,0.4963574056006555
-0.39286391603656967,5.068634433066989,2.073907508766796,2.4534582506647955,2.701042036741662,2.2565721532443748,1.7330199022601462,0.6433580100339735,5.593817799476804,0.4270678244696722,2.931088650991312,-0.014638453324118554,3.9032629749246146
2.679836937732374,4.198456181032169,2.914305668477899,0.7044269848402795,2.9240357782464064,2.4834625208714147,4.016497691645701,2.31822010181896,3.9478756307996807,1.00243546215093,0.6760264760364467,0.16179903153485314,1.7510400858257584
0.43939346792745504,1.6261241881352746,-2.4471262546173405,0.10012347079399571,-1.0421665332305972,-1.210523057894574,0.4949996591876775,0.7950140577420177,-2.9264067065037995,-0.6230067740686029,-1.4522060390339337,0.03166321598096865,-0.2659244743688034
-1.0740396538894208,-0.5388949576082328,-4.516718696824586,-3.2722546734267635,-1.7680625000337344,-3.075600793455829,-1.589559241025191,0.06648412375503951,-3.602050360877895,-0.5915823683028835,-5.41899898829042,-0.03376354874422133,-1.0138462134502413
-0.3558745923627995,3.940419023745797,2.5326228809915485,3.0212612574019775,2.78438009138633,2.095024651180332,1.4285575794014664,0.3221199552704477,5.94088127054688,0.22137326924440764,0.8071095274445703,0.17867666748093647,3.5122033683593497
0.6561958719458845,2.605701414849609,1.1354426064673397,3.8037383993352867,2.176596408234392,1.6880879500611794,1.8401505886364937,1.4907376316034548,7.12140560489355,0.47946481783874323,3.306137693489696,-0.04730342730414129,3.4061997631171517
0.5819531166993287,2.87269795300646,0.9279759525461123,4.012625595349818,2.9303802993319312,1.7146617666761292,1.6131682944473709,1.0824314974962426,7.011225422255488,0.5537691725492996,3.1565451920405043,-0.18021835483351892,3.8492711673576077
-0.08546478468821277,1.8435355977455359,0.2950129056028607,2.1191304916371076,1.459535628947326,0.7107048689584349,0.16029848585836584,0.22370261681110903,5.2059081616676925,-0.4342213246904105,1.3125855873628625,-0.26464805482990217,1.947418784448463
2.3872896970260067,7.036596406288446,3.971397751892607,4.653998018602528,3.404165558427987,3.5607038178657078,3.805007004272193,3.1476824445908687,7.656476683480043,1.8805087449691362,4.0546398734777345,0.25009650538261613,5.879012424436707
-0.4945529206376522,1.2231518793178513,-0.9161477826080389,0.5395702862320466,1.1998185963359558,0.3266504213514013,-0.11764015125628134,0.27035003257915385,4.682356857633632,0.07863449473347929,0.7051060612313449,-0.29252092874143276,2.3490989010770704
-0.3636706143555542,0.9299593755892582,4.780338098846582,-0.16545915012351342,0.20095890332065108,2.142214708719403,0.9328440109961148,-0.07857083080646889,4.158916133311058,-0.1562530333528089,-2.27097097950884,-0.023641619628502267,0.40538255534496986
-0.2990125688310296,-0.03605305304233405,-0.39028616601083843,-1.2154813995693496,0.04610749923520626,-1.2798799983991518,-0.058066637980648164,-0.31888791513474046,-2.72049337882859,-0.008718250616350169,-0.13862751832128403,-0.01647028629254131,-0.051121817004556425
0.027585291261784564,-3.237325495830737,-4.13027661574901,-1.1346671173690508,-0.8587606866031677,-1.0698280028015787,-0.4940835159427177,-0.15262555265954378,-4.051273501520561,-0.6640140223761813,-2.7646045072619905,-0.12023886528745686,-2.79261513522826
-1.6364256463820734,-1.4445287901075146,0.014689759426853676,-0.3429668920507862,-0.49481128019849874,-0.7057295862326606,-1.0877470551193174,-2.2114422584821787,2.3467265333338734,-0.41729540983628927,0.8580427967643159,-0.30437852910668095,1.4526048781810745
0.6206806561112819,-3.3602615374823404,-1.590615417093763,-1.7420916633877077,0.13229568855940477,-0.2557813804291391,-2.9195829039346424,0.8709557839250193,-4.676110163437616,-0.1592098303237515,-3.800263358296619,0.7306576680955994,-2.6835622117518336
-0.29772322162054493,-2.137152095651254,-3.7526763115399,-2.437917419313454,-0.9308097756260799,-2.2835301501572958,-3.4068057447744327,0.03559851833257002,-5.421723166814903,-0.36660991354328076,-4.145879833735525,-0.08737348193923683,-3.7311093610266446
-1.816218623407185,-0.19722430000133376,-4.067156338467161,-2.72492198118733,-1.5715168699492805,-3.708215120791768,-0.8804954512753627,0.06598538800453127,-2.9235007092423952,-0.43847880120078714,-5.823772334571307,-0.21843365650727523,-2.428449377075045
-1.1449926487470252,1.891426726287334,0.4318331620231684,0.8507127554983728,0.022944236411195577,-1.0062121205569972,0.2406446550693363,-1.1854896457079382,-1.9817950542674712,-0.4329606701521618,3.399983462033173,0.15113533777598706,1.9075097044898817
-1.3539836626117012,1.8367697905288596,-0.33487009229966336,0.33639564778034897,-0.2714149951081103,-1.1824314083645324,0.011276109591643753,-1.386017199672966,-2.446746945845791,-0.5266985778577832,3.7562805127574967,-0.01932715636057158,1.561673692019346
-1.3582308593392372,1.1328537488537327,-1.0451536069603433,0.3854767060678246,-0.9896674510013934,-1.8676789978363861,-0.4227548843658428,-1.8117401546922822,-2.865043827229076,-1.0555153470977932,2.8730544907827347,-0.07527316034564538,0.5542676506310493
-0.8361836445683406,-1.102931517952432,-0.7163582370161182,-1.6642082046826057,-0.6268900807186343,-1.6781660192480516,-0.29469483208014746,-0.39051023899163634,-3.11081531461173,-0.10807600439629599,-0.9431077931800649,-0.11675748896422898,-0.5603802796691244
-0.8379677044191498,-2.5678764718445017,-3.005375513920767,-4.052693460180631,-0.6000836039753633,-1.4885781621286234,-1.2089555635639568,-0.5211374104561077,-2.3450771225435245,-0.9172504228203451,-6.209073412565825,-0.15311194830729316,-0.0860037496737722
-0.24136648560822424,0.9501341210564392,2.099458493871822,-0.2989489362461286,0.23009678303781472,1.979578238372277,0.9044102416466919,0.3259807036599766,3.409819978418139,-0.04338482043964586,-3.0640904460542115,0.06299136002082378,0.19244358463316327
-0.8632652277908187,-0.5924502491666418,-1.6690606417434501,-5.6042873376607885,-0.6958810750990071,-2.485478384978035,-0.6695964600683916,0.7958796049551002,-1.5588823952634512,-0.8023597944486471,-5.542224779978085,0.019262400085313294,-0.26714711480411796
-1.2998561352113676,-0.2892668433859946,-12.763823905192414,-6.129933912893758,-5.922044699761191,-5.5240253008296705,-4.40017290354551,0.37635711186979387,-4.9694708981634,-1.3626488713112972,-8.853636864339931,-0.38592951384062524,-4.089876972879801
-0.48729243084063967,-2.0207347540179685,-1.5049749667709689,-4.402854649143603,-1.038667956673954,-2.251767589444191,-0.962020351630118,-0.2923944298995449,-2.6898147324094968,-0.6263444797001363,-5.262307894707966,-0.07276623903773712,-0.6406818148597249
-0.6975213990836509,-0.8860653579183337,-1.825722949816328,0.5131854365631523,-2.2695725390558232,-3.064299341091472,0.18726271145563161,1.199295264440071,-1.1980939463629487,-1.443537841978897,-4.9980259320233005,-0.4548173525370658,-2.9135651856785016
-0.919369068037098,0.16645525644326373,0.781200562437686,-0.9185825525762306,-0.30103543547137324,0.291347030852404,-0.8539533065176671,-0.6259564239733546,-2.1434126403053395,-0.048357053318888524,1.4774155613019444,-0.012091017436857008,0.0379307199921458
-1.2144355818411958,-4.001183808463522,-2.613277001883834,-1.2245710733294906,-1.9830474304935584,-0.395785916849143,-2.064745115923385,0.3295695979039492,1.812242270027184,-0.4054798298272204,-2.618440668054649,-0.17665416782825377,-2.350820272625425
0.4270500625364691,-2.7120094431781516,-5.122471362353923,-0.034757654967510786,-1.7056340020413818,-3.4763403145855083,-0.40387942252628917,0.4886712436693616,-5.615535491035426,-1.2597922423776855,-3.283376790888916,-0.25583991315733223,-2.2148316835715542
-2.1317854107895657,-1.420845849547121,-1.27408851939357,-1.053241255203159,-0.3888061565077967,-2.3112239355526656,-1.2818558991840108,-0.04121234726109002,1.668701762154491,-0.05985558608339895,-2.3491626517376343,-0.32522483287172177,-1.0862478644830276
-0.04805524546032136,-2.352037153597921,-5.176475529035347,-1.3706911528089805,-1.2389426805223858,-1.7210624318631984,-1.8657925009603302,-3.605949902328559,-4.562285757239701,-1.5510678517508012,-3.6634647508514013,-0.24862475654627725,-5.619847419005301
0.3766188616564291,-3.060079995587261,-4.118737259944384,-2.2850630847157705,-0.11415702399694282,0.3178104852129603,-2.234149291784399,0.45110015554974503,-3.0236745099966518,-0.3807515173586496,-3.7687962925998075,0.24698421329880757,-2.690036553406261
-0.6462218557463753,3.812292026857742,1.358241325671164,1.2650682509230036,1.3010140982653118,1.0017014570109959,1.1164059855954513,-0.6386447015684101,4.91519757508352,-0.10605563415938773,2.6807822060295283,0.1460361689753416,2.9650636441534797
2.4693147164127898,2.269350594858535,1.1429518118448965,-0.3056079650049409,2.1864425133473953,1.610273622606053,1.4205204490122076,2.0122430760703143,6.884161406714055,0.05918798585525812,3.9441733095706955,-0.04843036598681157,2.907885457083272
-0.8102825451750929,-3.650601534264989,-3.3470245246651276,-3.8399392625078956,-1.973080971109577,-2.3426086384896196,-4.491703858524563,-0.30477445896094046,-7.514851362423245,-0.8123178344261311,-6.2449600442323,0.1880492370141051,-4.792003969398018
0.6981678944691602,2.7756051584891974,1.6144584185919824,3.8770666910211236,1.7613239838990074,1.6023529807923151,1.7915664013904622,0.887979387782721,6.443349291104823,0.44656760538048623,2.1136112246533028,-0.029912211257033347,2.602444291833995
0.1826510070585129,2.29801203035853,0.5892274170746611,2.820791063978233,1.549480105983093,0.8285516870684092,0.8638632992779213,0.5393852137981191,5.520316432542685,-0.10755405218236991,0.8751957447873426,-0.06259725417010482,2.0963476445308573
-0.7815328891368378,1.859860411834799,-0.30410319573970324,1.8190170522370477,1.2761996452049873,0.610731736991244,-0.47581799891156457,-0.4387233186068222,4.629136341160888,-1.0356754010429399,1.9147105119025543,-0.1685941275172971,1.5233339844111145
-0.1734368051205659,-2.16984713764706,-4.647231779214407,-3.864433397897519,-1.524082231061637,-1.6946505297389298,-4.80857942790569,-0.5953131767264053,-6.98899145982073,-0.5859746667494377,-5.286385395302332,-0.0594990263806861,-3.5417229284832463
-0.6115079496945772,0.6717860407734081,-0.11781134084487974,-0.07197012058873146,0.33968335120214355,-0.7744988363432799,-0.09462623939176819,-0.510892081056825,-2.6285886169851027,-0.1826319100324892,0.5523135832453975,-0.09541099948808557,0.37460516817298617
-2.0417193362732515,-1.3321531020125585,-1.787575052595801,0.11293072884229721,0.727842638554155,-1.2629812096437028,-0.47322612615664394,-1.1361444216407837,1.3279998305998741,-0.27978957032888296,-0.34783087577463817,0.05169391244287705,1.2872780869042295
0.38214977874472317,0.7812898003051267,0.12036160636589756,0.90901016471804,1.461066553911401,0.8534215723040203,0.6620339266029704,0.9730401123372009,6.056615394349726,0.2604270629119128,1.436417113795048,-0.08434131720362022,2.06809216234833
-0.3932314402020226,0.7711488084050102,-1.5709958364995609,-1.632196135137541,-0.06267693889793008,-0.6772602396385952,0.12805452839807713,0.5981919349471314,0.49623512686281973,-0.30795434794802623,2.2995091552054507,-0.009821776530912308,0.6552307173514014
-0.6492450047434409,1.347372087483915,1.9728082685312254,0.12408240532554281,0.16341599436166387,1.2827849976796037,0.5243334615929052,0.20805122955857458,2.2307740630975195,-0.19011928404940093,-3.0728150202789237,-0.1504329819221878,0.7510612086072149
0.4737759523662842,1.9873268042266778,1.350832084134324,0.2930293839590417,1.7094568154427945,0.4644507939151179,2.9989030276994315,1.1296222455494311,0.9288476872113017,0.3612050558807743,1.4816029144037104,0.04894415728437404,2.526619539248447
1.4112652164309598,0.6390060286379108,0.650075788223702,2.3780435022235746,0.23627574874139906,-0.30216716448931646,1.2500834247154287,1.5664547531891406,-0.8613882148917767,-0.09855832372171182,2.2735678695245745,0.1771736142008255,0.6801954715124643
0.17875394948758172,0.7531708670412705,3.051443548712155,1.80633468929316,-0.44767516737182916,-0.5073467487769407,1.1320986980794825,0.3844760117415959,-1.1415941966004253,-0.27330066659539515,-3.223245892228248,-0.027026720911057494,0.35255984537458673
-0.4159499827492983,-0.7497776329646714,-2.159938861113559,-1.1142490203130162,-3.0744177696512387,-1.4158814747186588,-0.6315796415631968,-0.45808366522192945,-4.360927321065424,-0.2637091818612276,-1.7233462747522728,-0.040436789025035134,1.2319338326383797
0.2508088563382626,-4.033746417027174,-0.3772738104986234,-1.506741144002105,-0.8913622876639583,-0.036464619514946284,0.5500558522136676,-0.4569462087765957,-0.25743377300186293,0.4168176913939209,-1.0247834489116858,-0.10450573575165564,-1.396197666983224
0.6621967192521939,0.5576510438705896,-0.5469613202661276,-1.8293863367180652,0.3514472485519945,-0.6923475575990357,0.6632606805540209,0.5314921538645608,1.2725636994662801,-0.20118596334838204,-0.5840255124742786,0.18201957265639457,0.23320775216238365
1.5430985489710132,0.4226823789574621,-0.5156255203588969,0.7653484937403765,-0.037319461726066164,0.8287624599800136,1.037892249173795,0.39349271966920546,-0.5445899502819199,0.594538661375021,3.9446435810253018,0.058998804312302894,1.5608796699231284
2.0394580022312905,-2.058130629540214,-0.4125150034043732,0.09851478440583583,0.39840609670978877,0.04821884336467418,1.5338441354755519,0.31948907021847034,3.0505035456947773,-0.015972832691752217,0.1855195600591186,0.1789118537151565,1.165562609988782
2.1387746753471166,0.4740337526177368,1.9911745323680554,1.4939631477075936,0.55963004364839,1.0136855595833105,2.588722157130121,1.3625013316288177,0.559887039941839,1.0878255131514747,3.70609144034485,0.13330360348905546,2.5619250429949414
1.300438232405318,-2.8461877216052054,-0.42576145906053064,0.1949012452436404,0.19956434970462908,0.14857423766619626,1.2792557697598308,0.150784515690369,2.0273641464988597,-0.16528479240006877,1.3143347029770827,0.04475485543099527,-0.0890000075800344
0.39311317906352794,-1.9922362340381368,-0.7279375359685056,-0.6431658513223132,-0.295348022628265,-0.6766783593072453,-0.12068173973355435,-0.31425502853675025,0.8027880388575916,0.277537471862096,0.6325573222261542,0.08344414503882747,0.18279366244768933
1.652767133081539,-1.9017439533883913,-0.3158692565870782,0.20700163560195092,0.5506074062641709,0.26135192762542925,1.3065363556622631,0.32767315637113315,2.2550720470145142,0.44385580421011483,1.2163191098844015,-0.07166644526335098,0.8665464166670831
0.06532794066446111,2.0127560916651657,-0.5028948891659577,-0.07039077324637516,0.0768139219335798,-0.9039183444509076,0.25662332816308153,-0.5250323495527522,-1.7331885413644423,0.883752912368315,2.6024534766350147,0.04509427391665265,1.842843749070954
1.5130207084460803,-2.369135903362184,-2.1448417542864466,-0.6358621927547373,-1.0678961096641917,-0.7389586334768682,-1.2848598876259187,1.0491261795690905,-1.2654305823913048,0.008415058764836293,-3.0534589363717366,-0.4053089041469827,-2.3756457483395925
1.942364835651695,3.9991646327544004,0.7080495867624672,1.5199737201703505,0.37668803045681387,0.8994116220959568,1.119112088186667,0.9608954003235949,2.9202154834734078,0.7198965344329675,3.3904329802499467,-0.017619714434775842,2.8612382657453415
-1.2824476442418784,1.628536301294031,1.7450005071444643,0.8347120791032081,-0.4089302844693883,-0.40745056944744046,0.19456490836882342,-1.536867921430514,-2.295473052758413,0.31436094498623995,3.7227520681684823,-0.03209392574046637,2.4804212577672056
0.7359022962508929,-5.851555864730229,-2.96128419580352,-1.352546188619195,-1.7802183582944175,-1.3463663326669488,-0.47712281789734123,-2.33099490614194,0.35576279854815823,-0.4510432247455334,-1.5735328791683747,-0.17948457265065793,-1.6651805770914592
2.285548851923603,-4.017642716372181,-0.32591008537966343,0.8962229902271388,0.7895336343099674,0.8244468146293529,1.3906373640553404,1.7424372574780138,2.1016140169391617,0.7197521686828178,1.13214714976752,0.1949348912160429,-0.12010589189103094
0.5471194893732252,-4.48929277393346,-1.0381345562005622,-1.1700031169679848,-1.2646689464514038,-1.0447425380576818,0.22391202986343867,-0.7842902927773281,1.1933029874434902,-0.43546538029073023,-0.8747262904989637,-0.11735701128736971,-1.1121163548963766
0.9604885687089217,2.7021538408204084,0.24657985950457967,1.5619880935228947,-0.22278541132911212,0.41665468452291354,0.6543477273815207,0.7625783029602222,1.8106613383669818,0.4039459255968945,2.076679352641934,0.18483233958482737,2.4069407049292284
-0.3872911989321517,-0.6228421498897174,-2.172487306468086,-2.0503372675459834,-0.4027427193418973,-1.5798406374040572,-1.140297395113028,-0.3000015596284841,-2.6964275644766165,-0.0014129702462296859,0.630133155184384,-0.08849788576674968,0.039803905623654545
0.538950933945986,3.4137446232631583,0.2252440563196108,0.5815354465843281,0.34006705377664814,0.27247680121049705,1.835475818328042,0.8199136641756112,-1.1319282100867065,0.7840971018865499,4.69693257755341,0.22259820178927228,2.1081546480684636
-0.039095041063200296,1.0794871978461744,2.058654203204852,0.08163142484716243,0.14459829577244812,0.31661102331088237,1.0139714561144098,-0.457246482826045,2.179862960541827,0.6662176976021791,3.531540598211189,-0.03844364492843554,1.2719845342620584
1.1079247425698364,-2.1670252791000535,-0.12990736776497216,-0.3940007784786739,0.03933815721318944,-0.4116387677648002,0.7936818136492124,0.4023223703271813,-1.0063883097640551,0.8221100920982037,1.359547545678086,-0.10412435633544301,0.27867336329848813
1.5956145013180663,-0.2422820707255353,-2.137900911137048,-0.17111723778251955,0.7777322134924015,0.07699216514618851,0.2529499690384707,1.9965225616542415,-1.27302670554258,0.5358664373918953,-0.04182216843486651,0.02008080304703795,-1.2608399589370105
-0.3893059090338648,1.3011402126763845,1.8732494824152022,-0.17702175043005916,-0.02287403650271396,0.03788704805334812,0.6544163810673895,-0.6441053072709796,1.8855559546510792,0.6023762898245412,2.978738409405988,-0.009203369662993498,1.257043452589876
-0.17503159959127917,0.9119441707613354,-0.8660199726393653,0.18241679020795148,-0.12927932096438285,-0.46133617342708433,0.8763704071188763,-0.3370285227077288,-1.5360416058249151,-0.0592195904027257,2.09445117790459,-0.2595806823200028,1.4199497781916417
0.21019070941230492,1.0276818361247166,-0.015103097018371937,-0.05285672483189648,-0.17531177076614574,-1.1557609877388717,0.571795624981427,0.1825943196642522,-2.2391022357241144,0.17886469155394794,2.723937242732176,-0.07011083924625483,0.8401192305801021
1.7390682128552966,0.187895904234093,-0.8123663356941607,1.2183550518533832,0.18411040995787414,0.5309366824032946,0.8051280795974243,2.296586151179961,-2.4212476096886935,-0.17498002102753765,-1.1769986103516488,-0.07599621706021333,-0.12655069028234323
1.2964660104897083,0.07157446076058671,-1.047525624667501,1.2712874257942248,0.0216382529638293,0.39178855756194225,0.5844173640364573,1.7581405206888707,-2.593693781811227,-0.39309555255083567,-1.7571984355508659,-0.09259956302638683,-0.5863073278394425
