TEMP,PR,PET,RH,WS,GHI,SM,ST,DEM,SLP,Pre_NDVI,PV_Area,AI
0.508312482049999,1.8311263998494378,0.0012887418678859614,0.12511147103013687,-0.5076892835144987,0.9227251488161793,2.2368482971962336,0.15356312060056046,2.121456083581369,0.7822331221660392,-0.05658417025270576,0.036980881066992884,0.1900816513877363
1.0212351364373333,-0.8364437990097537,-0.44768073161805266,1.1049926747231638,1.0345624081366178,1.1285596714194654,-1.4521978454343563,-0.29039784956775194,2.954685840918682,-0.8241170192432281,-0.5215825127774021,-0.019427126590679952,0.8594918912338714
-1.9638026892649938,-1.7217824649976357,1.035158967760702,-0.1913225553210617,0.1546546333459103,0.05690793247039743,-0.6749498759755965,-1.231492188798988,0.0436606905273059,-0.08037031571406668,-2.2658567764703186,-0.0604056735497175,-1.0988899253308775
-1.8712647155698177,-1.519934850054172,-0.23523708079268937,-0.8804430621282923,-0.6650485160160398,-1.988779651302741,-0.9856321437889708,-1.1853411119720998,0.03150210068173086,-0.42285287002567207,-3.0008020819224317,-0.3157447197381408,-2.27301034507083
-1.2223185177913138,0.48411998958223396,-0.5948865279182795,0.07467197344845367,-1.566977317216806,0.4208067500079051,0.09553672631685099,-1.0970224456354563,1.3154173306898318,-0.19541523980908085,-0.12265934036268551,-0.06430952306060742,-1.0791499833209024
1.0750142068819453,0.9468684930962302,1.8263349727887865,-0.3293300442423466,1.5664928866571024,1.9166926573180691,0.24679108062034677,0.6960265018084706,0.06171165392423666,-0.06092624116275044,-0.3360397023583453,0.03207412782694308,1.1230475995891416
1.2393422021566787,3.170750691100127,0.42592265829236964,0.995663757989597,-0.13402149657874057,1.4560270785633476,3.0301180970787787,0.25206928076377755,3.509414311541865,0.9974739097793484,-0.1792424215662242,0.022401226832039777,0.631373801274846
0.9238664922025054,-0.14720549677705597,0.7520372748051565,-0.46215617857925195,2.270265087383385,0.8406128629033145,0.3751968988853816,0.8284560548705565,-0.45639025548136697,-0.022334239643791567,-0.3254172090306464,-0.011807002062495412,1.8934488866400596
-0.8346907475782144,0.11030336966686365,-0.3323886982015231,0.6887385999188862,-1.009847611062125,0.4201046413390175,0.44779664909518835,-0.06758186933067124,1.787230172986682,0.24233251357916746,1.9937300287254363,-0.03358445584774012,-1.4788771011199187
-0.15596410608953903,0.3805338927379085,2.74193580642653,3.391981330600877,2.0451609838733247,3.589477920418398,0.24238374596151196,0.6029443734139205,1.3581226314945765,0.17102866873559008,-0.5171398755137084,-0.01719363024251354,0.43150594403398107
-0.8290403670579608,0.03946466838475325,2.880357584816197,3.182736704302435,2.505202178395767,3.5676797012632924,-0.08868791542326399,0.6021005634213282,2.187309366026893,0.15454505841014898,-0.7430627727493018,-0.0587609262353119,0.3994845472519388
-0.251455794295503,-0.08623339851645549,0.4618932469525477,0.023717060857711168,-0.30558080000182,-1.0431076369659662,0.7143797717051996,-0.14218523427714694,-1.1119598299231275,0.1795696911086432,-0.6048195374894163,0.033996762452491856,-0.0300304472358483
0.3073512221738282,-0.7334467178562449,0.18086242544878686,-1.6734430490276366,0.06662760104311426,-1.0933856362275158,-0.1107962566308884,0.23359667835718323,2.4165817418735887,-0.30852564233833824,0.20066340159586013,-0.038775325825101556,0.17146252829840203
2.804210955948673,0.9912242211486836,0.9977805610034718,1.885566996480338,1.0193408484089497,0.6270494864016978,0.1240077501581983,0.5131788125494494,3.4220091631936125,0.9594363409384257,1.0864130563294103,-0.04344025832290452,1.0946089558753496
-0.14637139735588187,0.04654990831519373,0.834731480110333,0.04524999985419628,-0.17598476743247987,-1.2531472006693687,0.6317848724375168,0.004514010688290019,-1.2663175831590263,0.04190698587801305,-0.6318705714721645,-0.015946207531313948,-0.23552023370025876
-0.18349176208617995,-0.11161518246401103,-0.19399350800499743,-2.4374845844649498,0.8025126952815077,-2.189636425769164,-0.25396389290535204,0.2943428445053804,-2.06443731890655,-0.16807659764360222,0.3024561056386059,-0.015261334366579041,-0.02762143150023703
0.30859182337764657,-0.34414165666533836,0.47430395018800886,-1.2662810185955218,1.777494810635172,-1.6234121423543226,0.04101500863105889,0.6769426058672576,-0.8841418880198357,0.514205831747709,1.2210552349484842,0.1622115783450298,-0.09132362674637183
2.148478767782864,1.8903551372896048,0.5652792094922108,0.7131102713652779,0.97537762190474,1.1413226676592605,0.1631689480164398,1.4649429494380537,3.351084865016035,0.5471478168086876,0.10782369229476917,0.13630600173802443,0.8122933417812197
-0.8173004171966264,-0.7265737327920376,-0.8875194238752334,-2.913862091133681,0.3205680340582815,-3.2341438201364756,-1.2826358623197305,-0.33941614419894506,-2.6482856106080326,0.09609294260334636,-0.26135326215479937,-0.028367694900888543,-0.808402385272396
0.5055044500664291,-0.316344105976168,0.206246552463207,-1.6179880815527097,0.7540605922250285,-1.0022758971126229,0.1856817562503016,0.5918903116457577,1.7375872412442954,0.5878289554087031,-0.2081258364078692,0.0026777319354005127,0.06572923994623128
-0.2431087556352011,0.8228991131000737,0.6582919228408071,-0.6012705201177031,-0.29431173131361393,-1.147140740907958,0.8728591932395164,0.0033078483034235783,-1.0502494241035956,-0.0673978110123426,-0.16988559199005568,-0.03553612031016705,0.010952423741109633
0.11606623360964785,1.4165717191502651,0.17140626956682858,-0.8723194721621823,0.47786972003975986,-0.8175242863388525,0.7640729305355085,0.25378477640294783,0.9834890239936716,0.5153275990998372,0.1038238563611068,-0.00961672667336341,0.06418585735657767
0.12551821469898444,-1.8422168607181975,-1.4986071843669437,-0.2458304300392046,-0.00558017092291268,-0.3017047115311854,-2.10856809556924,-0.8306399811162719,1.7494639987819316,-1.0289487517467286,-0.6706949258906146,-0.002883773152199067,0.39689857054294814
0.3148960716587802,1.750224055461585,1.1466092830461765,0.7610862470428563,-0.005444309101957269,0.6003750326856971,1.795079233030685,0.6040033088945268,-0.5343806227839861,0.5992409751134821,0.8766977509711352,0.03695646944766251,0.8680135494387813
-0.5751626127089065,-2.777596231072934,-2.226913166179632,-2.5545315694635637,-1.1584463847444082,-1.2556218622373936,-0.9076949380188145,-0.697380858462097,1.2430002349684943,0.71775222703711,-0.8028202280045179,-0.10083478487045,-1.1284636412465219
-1.1137643677997404,2.1415053844508822,-1.0561130627516344,-0.8806062344158998,-1.5260938247396718,-1.8583885630075305,1.4711810695431715,-0.4110865859159578,-2.160853861031226,0.1334270580966646,-0.5503507732946633,-0.03619917376432568,-0.4803791220271443
-0.4657114130887202,-1.2283473028858296,-0.1558224678727695,-2.3856694154040374,0.15999125055140928,-2.0142221053702647,-0.0009452804816990068,-0.15782103703952288,0.9761152682427523,0.5408005504700769,-0.23431809794157743,-0.11050341029496247,-0.5914816082372432
-0.8664002637275392,-1.8998184885860734,-1.8467300068059318,-2.1434298902191227,-0.867391266283036,0.19514874942548996,0.5568392977421172,-0.5378572263584164,-3.052068569358541,-0.35496144179901534,-0.7483771209703348,-0.04961007557175533,-0.40262690183473754
-0.2124655804198441,0.8850890559749679,-1.538987234104942,-0.7536869467189538,-1.2201719388065657,-0.10375180943765566,1.1865946295821215,-1.0820766797685069,-2.830996494050552,0.677806219540847,0.48611933917635025,-0.0740616233013053,-1.337667123465799
0.19728170840069653,2.030831418691151,-0.4125503459880646,-0.973286621654665,-0.23628977154485054,-1.0444326543683808,0.9392345407204186,0.28789934943869916,-0.04597910505383175,0.7053575613792054,0.306948518694844,-0.05226984735112636,0.4954490054248727
-0.031408109931119935,3.2866234470878,-0.8127098147400342,-0.249145395086509,-0.2273922271071934,-0.36454218899029206,1.5620526777585555,0.3063433704064746,-1.0607837228872814,0.5500662756957011,-0.20395048503712238,0.3835701347680556,0.8454300399843808
-0.8000104665306087,-2.0198765517357327,-1.9028661526351545,-2.6112054524855273,-0.9523145789808282,0.21695728624601734,-0.19697625086487575,-0.8985943722988787,-3.3264919942415627,-0.2953243659343572,-0.9883768493526924,-0.06789051295465058,-0.6822543984191075
-3.9419343350563816,-1.0679374763413536,-3.1107234380270046,-3.1972549934586922,-2.6563586661876695,-2.6101170453170526,-1.2133808038854559,-1.4113230048016543,-2.95643214501156,-1.5185240833719986,-0.6966723765391443,-0.08279866156194132,-1.8307458448919673
0.28321863466485714,2.220993490688658,-0.18873740018914556,-0.9072287204077776,0.046281734336840186,-0.9928287884331721,1.0572288904667626,0.6098787770099523,-0.13524591426649646,0.48566912379710825,0.502661583949553,0.43583742501446987,0.7452085009755359
0.27131802849988973,-1.4777740628158464,-2.3824867533224943,-0.08457914531955295,-1.816238607692325,2.2246605946894524,-0.390023082311317,-0.6825850772381657,2.0154366756918742,-0.8667973078031923,-0.03776270423136241,-0.1754669304458528,0.39144472470920955
0.4190105216833764,-1.0021183006157584,0.340474000027429,-1.8060148027443534,0.764920633637812,-2.1302132552670727,-0.9054513523135229,0.4360156763153563,1.0131728852320359,0.1125514522088795,-0.18195691231431227,-0.024982247346003197,0.29628382148195265
0.2534191596332111,1.2015652062655946,-0.18192638595691968,1.8776616598184535,-0.5696967610665081,2.3916581915189616,1.8494428163642682,-0.7177114681149315,3.7296379746486332,0.4697253401406731,0.6145591835667276,0.0020958663476630854,-0.13917591301931262
-0.3841637089870508,-0.16506931114734877,-0.1854629004953636,-1.4456204977542317,-0.03989501724498246,-1.5794344564540206,-0.3149146797720136,-0.22303858319970052,-1.7282051335919337,0.6041933079648556,0.13389406986172422,-0.06109643032851941,-0.5886008646707827
0.46031045860171105,0.2783146800245675,0.9507665464897743,-0.5050393188605086,1.322327596309284,-1.1909344547291083,-0.28809412431152953,1.0005482083020938,-0.45920267780000956,-0.3548295990768303,-0.16273272851378556,0.08530784725108077,0.2985938907368109
-0.6826091694314447,0.19806348000161567,0.33184391941564795,-0.7523885528681178,0.4785500792031072,-1.842344053438347,0.02320260220362493,-0.09096639340407114,-2.086312608952221,0.11234510680376036,0.2342080874272828,-0.06034929027392836,-0.5392850441705537
-0.7633008741152781,-0.15710361119670174,-1.1814244292078853,-2.1672755733253957,0.14171174693192976,-2.1158801786222545,-0.6438158608696216,-0.20598864770934194,-0.7343753073281714,0.0941137394691921,-0.23265763144241644,-0.07368288331406397,-0.4177849842732152
0.6977087852948652,1.4463256937917321,-0.1894070950129796,0.1480993643542752,-0.5570091589892076,2.2008414505758425,-0.24087597219894352,-0.16535110011903767,3.6071107655184145,0.3956528892564688,1.123879888847263,-0.015555332788369717,0.3574761978112575
0.5710745903733184,0.8307982605209367,1.3605483490215717,0.3717163485006636,1.0137156750114322,1.1027719180495477,1.0139910646833274,1.1268062684446987,0.5818536366338634,0.4608776274178592,0.7443795158843405,-0.0063689665724005595,0.17386870031089832
0.2715530367454307,-0.5288276647996261,0.5612802165014565,-1.1124124921335734,1.517794847541178,-1.9012600386499732,-0.8544236701261251,0.49672951139328586,-1.4653203459999833,-0.1806964792507804,-0.25184136404552393,-0.02184496179274806,-0.09600329333838692
-1.0011871205917042,-0.04749848870870962,-0.46108147511155256,-2.1999737082926245,0.2635436808392923,-2.1172202327547387,-0.5526176398332849,-0.542701998935081,-2.0911224671991335,0.4405700382908495,-0.09082191726425659,-0.04265374889209248,-0.39112430417754995
1.573538891265893,0.7010782376231833,-0.07542920853321744,-0.5821461708978233,0.21899602281084912,0.2133993073314843,0.6313739537209686,0.5183143797796221,4.2692323535287535,-0.2092087376210838,0.3481832844262115,0.12332865773079307,0.36881977865006765
0.4479857822600752,0.5228018510703826,-0.44668252678794995,-0.9572884004102608,-0.054680085333788556,-0.3640347221457504,-0.12393851529470538,0.25410841674078255,3.343012581824636,-0.5638916182088562,-0.45181984274648124,-0.1413388308916344,-0.21415881253934158
0.15832201584979577,-0.33177766618163634,0.7798465489557322,-0.41404098676866846,0.3133519001649176,-0.1730363284995676,0.553401834776677,0.4470164115297506,-0.44377327950671314,-0.09916245252877055,-0.3436287698289379,-0.03125065403809356,0.18128200916987325
1.0312371675931435,1.760730320598102,0.39285864587666264,1.7786251416999015,0.2585689426161762,2.422182602908255,2.6899730136100617,0.2616096981045686,3.685467751467497,0.9600691372363102,1.0525977528721302,-0.022538680614541326,0.7199960377688207
-0.5782705998622502,-1.3629747226591116,-1.0402744033749014,-3.8099538158498607,0.34154949103068144,-2.8222194808297267,-0.8798243172585757,-0.2640372274761709,-2.209284524874658,-1.0331370787275955,-0.29394370575927,0.008680414018324626,-0.8339296318021501
-0.14170017395841164,0.2507144065573812,0.6832958535425777,-0.27031490150218207,-0.0784868848717047,-0.3327154696210184,0.8549494239186042,0.02970463711716649,-0.9013243588831068,0.45470095573924474,-0.16941425979913521,0.02332374533069217,-0.14150416972684765
-0.1621522983142899,-0.04141826070120765,-0.3129187507575584,-1.6590147155580215,0.12684784679104472,-0.9740578609697214,-0.20914443107114905,-0.03179056184832006,1.2821684264195048,0.6581103814025927,-0.26066714232787497,-0.09601347395477608,-0.3350088443702811
-0.0621754801687267,-0.04198882951815093,1.1361884971558018,-0.12774791879734648,-0.11736378139816225,-0.3284341391429512,0.6621095341702715,0.1766351443586044,-0.8241306265277994,0.03085702883079648,0.4525844123881931,0.004968867121367822,0.004021646403190126
-0.515160741580702,-1.4305691287348359,-0.797719638367287,-3.4019916593570576,0.05865092676236397,-3.076580936730994,-0.3060607245096212,-0.34684452036395674,-1.2683047110734815,-0.5451195702337039,0.3538554912885754,-0.019749179060260375,-1.1535276204456264
0.22995689488041945,2.1405412719212467,1.0881180351814774,0.3225265843364307,0.627646693719758,-0.6469066856760118,1.3381233266265027,0.387779607275087,-0.8602273930089237,-0.025107637971846605,0.968798109933527,0.12594907428810584,0.652897606774285
-1.113867066778346,-2.89210076552971,-1.0902701171735918,-3.3618878774246617,0.1385357393552031,-3.6534079534156865,-3.768981905192033,-0.7825160527133589,-1.4477759344047971,-0.5910270359411111,-0.64554710519707,-0.1476415583486152,-1.7147992680247668
-0.862715112768217,0.339449179254524,-0.07785892211211226,-1.3232781040702115,0.0011309810808032407,-1.1341621203249734,0.18302977159800418,-0.4584303001104854,-1.4853159800521096,0.7841326464404765,0.47933408704819136,-0.04810997248885948,-0.6059037259945441
1.2810872558856181,1.3035858881675333,2.199960401958476,3.8453240995372955,1.2315404242318537,1.5793590678921383,0.8324519189056525,0.8896607420779765,0.8454929578030068,-0.22175268143855253,2.32834505146835,-0.09081207995380597,1.8547281741663921
-0.0908468626175697,1.1201529964711516,0.2508060032036155,-0.4397011947417114,-0.13881991930409437,-0.1424328055375049,1.36177664744409,0.1583633845465051,-0.9240325826768658,0.5003620680938992,-0.20213437708560378,-0.04251485750337855,-0.06418816064380942
0.38490062125182406,0.2710261448369258,2.2741432225155744,-0.6693258370950611,0.24999251198696174,1.688953972775489,-0.3552216498719321,0.804509331894935,0.6841960048763495,-0.10981454645076558,-0.2446265301123883,-0.018557858334129873,0.3736512983171269
-0.9423646215072622,-1.4723713842593131,-1.7231476421087668,-4.093308202118043,-0.24161775172377617,-2.626985015962273,-0.9152277224422948,-0.5725410656493881,-2.0332561335125416,-0.9621922732824972,-0.024726884271949467,0.061406622048622635,-0.7782930866496947
-1.4104709048015587,-0.7279882913895158,-1.2997743432159121,-3.855143460205031,-0.2580455128972728,-3.072538086502399,-1.1835980195981552,-0.6520630499115211,-1.6991185405837477,-1.0591725659986129,-0.28080822994104676,-0.02545814768566436,-1.5193748226430683
-0.37718625564904257,1.1592341865084341,0.5139193501025955,-0.45344039656454704,0.16583785516830785,-2.0737493779556817,0.05780625968395424,-0.3956599046468424,-1.87198761356296,0.282179705248887,-0.043619700047549705,0.010496809180670714,-0.12382904409223963
0.15508813952354517,-0.3600416916334589,1.6254391353525637,-1.395813120799139,-0.31751485890036246,0.5582960286177695,-0.7878803251111983,0.13194538667073685,0.019588215024107097,-0.18930848412267454,-0.2067746687139798,-0.02447261933754717,-0.3424704955688988
-0.288057095880827,-0.7748482677324984,2.111394501362099,1.6238184729710015,-1.569732649217153,-1.2788983615363638,1.0703308808669032,0.1688454324110514,-2.4795577513768032,0.4523678380711417,-0.8159676204006086,-0.04829743750186434,-0.03898736062614869
0.46642682021690735,0.07271715190313338,1.6168458677150521,5.161597744411686,0.5356740876993473,-1.0366512053687542,0.4972761674846211,0.9101631684782395,-1.4131849637249898,0.9091080926938186,-0.208042414590406,0.26583758850064537,1.172935350237466
0.052146506519574275,0.7686055373586715,0.4636177041184984,-0.9093706780879034,0.07284246534781735,-0.6933738685073328,0.9587421739810252,0.050230288662326816,-0.9942466576583686,0.48529751577466296,0.03430846031030848,-0.03370086102229018,0.09641213747931442
-0.006336741552998663,1.0930521344207225,0.03015428835267406,0.8366671386407688,-0.6029963825130834,-0.7708640493535331,1.2639697214003862,0.009005115046683245,-1.1681887845674321,0.8882524104633677,-0.10078388408033387,0.02119704482663013,0.037003979080667056
-0.15961775930106847,-0.6733283074024237,1.817468178139792,2.3009162985497253,-1.4255378012943807,-1.2493284021162738,1.0811503052514877,0.16233666732027718,-2.188846898077367,0.4711780181873796,-0.8171436005409082,-0.05600455181285118,-0.0014502591730302476
0.2242795998458234,-0.5350903956514471,1.9920695133626256,3.6396376730222255,-1.1837328628191932,-0.8557640054149345,0.6907917175560983,0.7912471371832197,-2.7254357012074126,0.7244851102090131,-0.3961736136299765,0.0829338061649145,0.30924140290098473
0.0776306571578607,1.1010562167430504,0.8220775856000062,-0.35143228277486444,0.10724663124730187,-0.6548865013321241,1.0980888214205495,0.17632245677057648,-0.5508984689737875,0.7465032186726523,0.9224123182758274,0.04901261812127714,0.2840512504785632
-0.13902320756887382,0.5549740037156475,0.680875529687748,0.7383204240579573,-0.6920105099631474,1.5479987787853715,1.580892540060191,0.08223809139803054,-1.8615236672479658,0.5922530308303733,1.2120896983953815,-0.04306284865467899,-1.0155672501084496
-0.33301475727102825,0.4708019990717165,0.7307133124882559,-0.9050400187450257,-0.36662409996743206,-1.267386099819301,0.9288867348918897,0.05644015182740988,-0.943277679706096,0.07217609637960172,-0.34020600729647826,-0.027772246668011744,-0.23299819663270474
-0.4143843857429196,-0.10207071099533799,-0.04549617708815886,-1.7990535597893826,0.6157007802314021,-2.0170700189142696,-0.31533314648627614,0.07296998229110613,-1.0008444611433274,-0.7733310437924229,0.09248713730756815,-0.052611464775270886,-0.2756997201206266
0.18919120542860274,-1.0997487553022802,0.049546407423396124,2.4312356372332817,-1.3965787528367304,-1.4926486878050496,-1.6485098877776827,0.22309278504664296,-2.7035614119904743,0.07326311493809853,-0.6604127903318863,0.09309992200591498,-0.005370379508369531
-0.2846513964059866,0.31145408166365496,-0.3793240472557955,-0.9985650747403919,0.3135043631804486,-0.8565819397560941,-0.0076584580858858825,0.037032583737228474,0.686856206828573,0.5062680672091018,0.037916372410901296,-0.04281431563638357,-0.31097031125359037
-1.2337367383302709,-1.6918261142390674,0.8340091894427314,-2.478542996352124,0.10624737452379326,-2.492100266772322,-2.2749223748785967,-0.43258038521847797,-3.4529484722468378,-0.5475379247032105,-0.2721975826867856,-0.09216100069797697,-0.7074162787038626
-0.2593859320164969,0.5897287045057034,0.7524006338412357,0.5743501460500475,-0.12420902778756703,0.6028585371106036,1.4912463359907264,0.16030271209052044,-1.5767780899204726,0.5877397166471927,1.2967983700666164,-0.011076227220603085,-0.9623849057716627
-0.16691404185464812,0.1846685408363636,-0.5526302453337443,-2.0478732531044326,0.419413693852257,-2.049828857880396,-0.5711577602411206,-0.4212166868411522,-1.4975889627568213,-0.3860344172051798,-0.05736210310340126,-0.010292441824761514,-0.9781666925409804
-1.0640127808616184,-1.9127894477191798,-1.025621954926238,-3.2270001253972036,-0.18752734440016663,-2.4203057429779116,-0.5408048639671567,-0.4674530021300436,-2.299386055630166,-1.0995195555883561,0.27343951407871736,0.06656071876537885,-0.5386798529453679
-0.16156123165041206,-0.7838869844643502,-0.34054436276666816,-2.3807335775692224,0.7944155349344428,-2.9722476268616607,-0.25511900616137095,-0.10864820551023717,-1.8186509711675656,-0.6933781321336412,0.1396666785420126,-0.02649167974246661,-0.600121635183071
-0.44240611877137187,0.9874658352400488,-0.2688332348684263,-0.4135895651744473,-0.0690813843114301,-0.04950011617969723,0.4444189412581425,-0.04604709084559644,1.4715602134139691,-0.015320594120356738,-0.33208999902398023,0.14718975531842765,-0.4445949827338982
-0.5495541359049576,-1.8694119938809632,-0.06843956592647979,-2.3882480300595574,0.4322679354814398,-2.773710817610328,-1.2956551566430263,-0.39292714698705833,-1.5074193050691653,-0.4939310823303338,0.38965658330462044,-0.0743220040310795,-1.2273172959540455
-0.022567966665374133,0.7209831503190153,0.1725910106376331,-1.1591094953596537,0.7385026555011671,-1.7047451355155663,-0.10014114375549578,0.30850458321575486,-0.9255941656619933,-0.5935019962774173,0.19916764956743768,0.018618156379088806,0.14558409823052998
0.5034608744113291,0.6527597167412751,-0.4643330687853612,-0.8698189372683152,-0.022447456009685902,-0.5491697803450127,0.015105644340316499,0.15028243028093125,3.7557641600776055,-0.37953161677035196,-0.4476548913085005,0.0996980699627764,-0.11353531447187473
-0.5379939966069328,-1.146066593104301,-0.8617011296906923,-2.408627998948925,0.08237755211820426,-2.9399438994362326,-0.7760461562558905,-0.5921276277655528,-3.661781762603723,0.004531573510677082,-0.12353284851389211,-0.021314168179718162,-0.6593799460958686
-1.2605449885911204,-2.6538600611712564,-4.310304183612009,-3.510290363177967,-1.3855637326867631,-3.643880298396883,-0.4546126156688357,-1.7036662714002244,-4.143336534671899,-0.6848332213056791,-1.3580867264756102,-0.15121241374329372,-1.6616338199651284
-1.92257249478199,-2.5786107196907206,-2.3406398723093376,-3.800707432320858,-2.381322533921339,-3.817643153883723,-3.6023360154193096,-1.8033725066012185,-0.1377834206555661,-0.45192766563294257,-1.2783036456107062,-0.12694667275063684,-1.7852384325308313
-0.9637367053893912,-4.2638365902363615,-1.7842202654687895,-2.8811760943372637,-1.7704216263577761,-1.283208244872383,-4.285820104570853,-0.41336316306144005,-2.520990793728269,-0.49652394130826,-2.316703451610067,-0.013931048961045876,-2.7193494234989504
-0.18763154522464096,-0.43104802602746833,-0.14531341251813706,0.7949216921441257,-1.155284363343381,1.1387207219780733,0.8275122699131156,0.01056926483340147,-1.9166878372536864,-0.21419068464750626,-0.5703809437109157,-0.09321603002673427,0.4375538789289486
0.9066944371795077,0.13691836245616687,2.005693607207181,0.8211925222186578,0.9221015687700772,1.8753434150914354,-0.28295995456528744,0.48372984156633414,0.667479150492905,-0.061394607497689595,-0.4191808777499116,0.07902103978105716,1.7384840028303574
0.9175634564459325,-1.7529145356655744,-1.3003097569994213,-0.60796325215035,-2.3746282515819708,1.129195998751869,-2.661164760621161,-0.6149145355510215,0.7457315848224485,-0.9784164978307671,-0.4988230078227612,-0.05515238073525122,0.8261543017915554
0.16196752846292733,1.211664286176674,1.2008385459095654,0.03336293113004005,-0.37247970247175527,0.9728062610017759,0.1563969952918382,0.43912698181863447,-0.17474692956958376,-0.06439661619408679,-0.6908334229845138,-0.04931472109423739,0.15838959862840254
-0.536601607272298,-0.055965445223781836,0.6185876211104913,-0.07764659109835827,0.5449217094874216,1.1799802901657916,0.44729909375723864,-0.28942593394364763,1.144057992966845,0.14765567333489246,1.2925544994541753,0.003243169027587589,-0.6576728545419045
-0.4174788002659462,-0.9685964667290032,-0.8947205948420905,0.4069968219851663,-1.1005969616936315,-0.29235120741546977,0.8645966027620146,-0.12166684880335299,-2.2956490659765487,0.05393202891728526,-0.6962119620402034,-0.08483965849348649,-0.18979747646384773
0.5759553539344214,0.21015384917509639,-0.3523830065038055,1.6505610526172037,-0.18077781184317757,1.0438693633970493,1.303533869287413,0.07158418014697315,-1.1191669952031227,0.045338717762691216,-0.39321575114762203,0.07900159323898462,0.5034007160189665
0.4496864662184897,1.8987972782891138,2.0551114394614056,0.20623774240052123,0.40643339773433085,1.9066202101095884,0.3681211689683712,0.6879537953852882,0.7023490882866705,-0.12255329952109613,-1.0116520028225044,-0.04733606672328376,0.7077950471960422
-0.20152879965232898,-0.7852024560401011,1.739232607662885,0.3603898074214036,0.8358797256330338,-0.8408667497212688,-0.9673805517178129,0.37390124273357084,-0.28228811779680335,-0.10086007095019643,0.1154418364534569,-0.007105384850874526,0.3328070756187662
0.22569843179209986,0.40288435254504706,0.5200069027782108,2.124901099995606,1.606318560378729,1.6767766349237516,0.7232978910135315,0.16456681354385286,3.1611327125442523,-0.5223475129850621,-0.32766154424287375,-0.12161717993957494,-0.2918890845747148
-1.0368353882957144,-0.44088601447641845,1.0129145506702157,1.1335825609361443,-2.1511630541844178,-0.9974349306632452,1.261167415224999,-0.016435829124723814,-3.3453923889673836,0.7285099914817449,-0.5590443366672841,-0.09912862867996511,-0.8590807906706401
0.42243872610645167,-0.35468881204698455,-0.04714596933271321,2.360257845512695,-0.01976610331226964,1.9136840859960975,1.0390512856851433,0.3483518798447524,-0.7518276988288078,-0.12576136999194404,-0.40175214890804545,-0.03757583143137808,1.3447335687517712
-2.028332190048984,-2.5719460916943433,-3.0538059543688885,-1.5365294827174187,-2.58973564723817,-4.667614992627254,0.0768189453012828,-0.9777588992115732,-3.326582440389321,-1.5109365090970985,-1.0392479444584912,-0.1160949767168818,-2.610582099815107
0.45917202246944516,2.4989897064854287,2.1474566550635625,0.8161446651286033,0.8377397700999347,1.3219872480025516,0.5533738578907731,0.8220768352553972,0.27066044083641216,-0.1463704645493999,-0.23085772396686158,0.2466053193595467,0.5799072581798667
-0.06205220323780342,-0.9903571966782003,0.5137747152149676,-1.196552987980346,1.79175067537904,-0.41420769552984804,-2.1061219397984035,0.8402221351895584,-0.6824050646420156,-0.13017508340611428,-0.2215934014542856,0.2307900599467878,0.7971987600200294
-0.5548870802567237,-2.426234143407912,-3.310592290480207,-1.8772413412228015,-1.210203881617118,-2.2615922736956016,-1.98902372956276,-1.837096625719633,-1.8848938527930947,-0.5510342936766229,-1.7414985206342921,-0.10597607061008182,-0.5981364200059843
0.4262740986957214,-0.9745403937224505,-0.6862780157862126,0.7784006668270256,1.7777618262947847,1.7712056324993153,-0.653593543161276,0.9416037282792643,-0.185572256711829,0.04745111423648063,-0.33550036014445755,0.022443888124285428,2.429135742834251
-0.3026905312536595,-1.5637348324285512,0.48584457835389494,-2.062161060602714,1.1967123443969625,-2.005235300144284,-0.5240762628322571,0.5254872635312172,-2.5270261233015407,0.616618124386813,0.7019290090295383,0.05915799513536819,-0.6080411693629704
0.7198569732081767,-0.04441748371813454,1.6997986353869132,0.1677948734303936,1.414993106345129,-1.1431067393119965,0.9971823831368241,1.280626513745325,-0.36242254046283445,0.029413723046373994,2.648651369427745,0.08050424165247633,0.610366197698232
-2.05478698392321,-2.9647555249137807,-3.542281328830868,-1.1425369060976014,-2.656811602284303,-3.9467172139629523,-0.29826786543242606,-1.1944767889861638,-3.4933859355054384,-1.526270707191175,-1.6099284351420482,-0.04532482653002558,-1.528943980566433
0.2564024606942096,-2.6450278894189325,-2.08321837507654,-2.03205264884099,-3.0097578681053387,-0.2727883640831957,-2.7924189550636545,-1.5395966259276292,-0.35139658420605385,-1.359404284381825,-0.8734849127940836,-0.11919997431182609,-0.7862741746675845
-2.3256665710421904,-2.377482067211531,-3.247456185675434,-1.768204734098528,-2.4376488109139927,-3.479492887334587,-0.012197543344357138,-1.0033191576537988,-3.661680971371114,-1.2648889694316314,-0.9359829600289881,-0.07912293115915317,-1.1798734391294419
0.2827265763769132,0.3088020932482969,0.3730096269429972,-0.14011501038291788,0.08203958818275073,-0.6646272392803801,0.3628215921080361,0.2453722145351477,-0.2644694893682995,-0.06965925707481797,0.33314795978367334,-0.025484154693678793,-0.09353946717197281
-0.33307541904608823,-0.8263856880749681,-0.860773411353843,0.5159936822366176,-0.8254347499765249,-0.3540979861566385,0.7656022816280733,-0.3085478172513345,-2.0831605608564696,-0.24858869667630637,-0.72919440878193,-0.10250810674029504,-0.5481392827164381
0.18138124417461865,0.09524132097295178,0.35249759858215435,-0.009960657717763518,0.10458571856013604,-0.6187361749246096,0.4715296239628352,0.17432615594369258,-0.35366951870525043,-0.0034795535045364923,0.3860277178888726,-0.027831453351407427,-0.057542844808453474
-0.9524128163305835,-2.5607150578778235,-1.7314588741673569,-1.1110352705093105,-2.255493612450341,-1.131198589873707,-2.909609207139972,-0.8883929642838323,-3.297593910693087,-0.1694859371096309,-1.3787666975990087,-0.19331791408838606,-0.9718159287314242
2.8798916971719724,1.3050414712251062,0.6590404728577579,3.5163224002305005,1.637963657751162,1.6448519136552286,-0.715551747980838,1.7843711850807702,4.594330250166564,0.02206728035428862,0.03989325822279269,0.17746382648642675,4.489866957305154
-1.1371656997843336,-2.2485751849847535,-1.7440685983892115,-0.4477687676442373,-1.809066320169303,-0.3861002347654559,-2.571486750207841,-0.6892060898399602,-3.048120795101341,0.025341859959169363,-1.1106860442537194,0.04985858263913545,-2.101062926606067
-1.8958297944066318,-2.069502301426449,-3.3481863138565995,-2.5397427584717267,-1.786063744859356,-3.200182574491224,-0.3379666652132032,-0.5457330794389257,-3.559256216348408,-1.0337128753315967,-0.7409773030822786,-0.09728876441277372,-2.210434559193026
-0.2524850881777497,-3.2180076498196772,-3.3904020041310123,-1.1616252723005085,-1.0125408704159784,-0.8112727361182783,-1.367648226534948,-1.3871610483149481,-2.2263799790981125,-0.7630161593011062,-1.101495949057345,-0.19087896815863326,-1.1894326817973824
0.9329934375200213,1.5314656353317617,2.289930998104004,0.2371518634057915,0.35011781813525095,1.8270088530518112,0.5462989022815599,1.0285922288573868,-0.23225658748402372,0.2341566889226023,-0.2325016688048425,0.5251012266018532,1.3424001861373995
-0.4850297929186167,0.6158067481287033,0.38782643981381426,-0.8246215243368513,-0.6597806551566142,0.6395882728990787,-0.31133592846906843,-0.16536383676627237,-2.008716552775974,-0.8045660992189207,-1.1921767048325602,-0.07442351545698733,-0.028121914082310257
-1.5261582960400524,-3.7810235430496846,-2.7926221940883735,-1.3972425494379257,-1.2253435413420408,-1.6489151588625586,-1.4735137094355502,-1.1625993900037266,-1.6501437707116002,-0.6039327112104123,-1.3143417505040351,-0.15290897753607072,0.4604641888062988
0.2643482513699887,0.15407280484421387,0.3980369125974054,-0.09830832544222678,0.10517498029163108,-0.624039730766995,0.34818025512517314,0.24601361831184473,-0.42483324260347416,-0.23319702871040343,0.390614482891332,-0.03424072415826629,-0.16452891333546069
0.6750080683366912,1.349080712930817,2.02415535151648,0.3725685662827971,2.3219143768725914,0.5649731544488008,0.8448332352087731,2.0936225765384733,0.12660968127608704,0.47254080704413354,3.6940272247222143,0.12235511005390437,1.402179530305374
-0.050191367855295564,1.091148104650072,1.3684842413632818,-0.08390107387987275,-0.14024529368202718,0.9462415819930742,-0.08831138976746139,0.34398805497783347,-0.5056933299938422,0.004575815841348634,-0.7991482952454435,-0.019583484666008122,0.022743578444545436
0.16619124227410395,-2.541269365304874,-1.6713223893335085,0.579817354081509,-0.48686759325313456,-0.6088703930310696,-2.510609414537128,-1.6113300646587996,0.6174578941070165,-0.3683302237165884,-1.7555688863925427,-0.13758715469390154,-0.02477608931302597
-0.04931132163490277,-0.7208071605951732,0.693085395393945,-1.3825343128329972,1.215749144164535,-1.76865411656055,-0.46892054952060186,0.5340570049225871,-2.519981919014567,-0.03751340725562638,-0.11262447585558724,-0.06267620288378868,0.024847730749752352
-0.2999960588922517,0.880423581449108,1.0540821655073929,-0.4991558623218185,-0.3586460100709357,0.26390482859582537,-0.24824548596361032,0.03883948885111344,-0.7336634666451975,-0.33376740751943246,-0.849946130729125,-0.05819947442350285,-0.19935902204674974
-0.5285089138869404,-2.6057424919928116,-3.221297697454898,-1.0066814870635672,-0.3451168974116446,-2.7859088383532233,-1.280019287447342,-1.6400534842597942,-4.3037975991398305,-0.10377741133535494,-1.8467950884485616,-0.13134039031134725,-0.7357091009368502
-0.23487221063321664,1.0176104262005539,1.0478480807339976,-0.299648534314086,-0.2618449687259272,0.8834310787949812,0.0006730966011269256,0.17703870620009385,-0.54266340011886,0.17304137628991154,-1.0962703499764512,-0.032866652069302976,0.06224800637716218
-1.59781526200732,-2.243023045035338,-2.8274900448275733,-1.160946053164597,-2.0164759966764696,-3.0771489032645087,-0.20597009477309067,-0.9110305329376005,-2.8721513265834395,-1.57143248540608,-0.9394977639486188,-0.09471433645036695,-2.114543478150283
0.44723201998250783,0.31393384858293244,1.0811448043036382,1.2462000545916248,2.1040422298686785,1.8051196565354866,1.1310377028356824,0.32915398881563707,4.1134304516865985,-0.1952750204503536,0.5483708483570564,-0.00048628130151577115,0.5736000704278962
0.40026584927923986,-0.3735020307040152,0.17461076886781177,-1.4887758507403652,0.8238647258856022,-0.7135130399863959,0.340763936141868,0.6166810817894939,1.6662352287345048,0.666757484048398,-0.1329024212409018,-0.04249531236580681,0.21191741407538456
-0.26542524420242347,0.8378069033973022,0.9693342824836468,-0.05605332019764722,-0.5003346084143655,0.6043115753615792,-0.1384499735276525,0.15835105337849306,-0.8559217467133162,-0.2784956846101624,-0.9516685600061382,-0.051989816597455905,-0.18413451101579179
-0.6319397712964565,-2.7899759056000044,-3.646786262744314,-0.4845267285473855,-2.281399590761607,0.462057825653917,-0.36662749194850525,-1.7020157530251894,1.0221469698980863,-1.1012043418657658,-1.2561855734657081,0.08923857054931833,-0.8467377910400845
0.731761292501922,3.2209534358626435,0.01123184942769712,-0.5660001286711649,0.2390290475636719,-0.3414941384757146,1.5702491717780422,0.5757928269754892,2.0910457245995184,0.14304658745725934,-0.12664554767724545,0.1961997680443649,1.0715807197431824
-0.8117825000815918,-2.5739143406930896,-4.9338472786137,-2.5747439814152,-2.4843215254968443,0.5420939709727345,-1.8639933464872753,-2.202753852698434,-0.35890904640623655,-1.8310446702895895,-1.4496719752345237,-0.3513173496117814,-1.6037326732815966
-0.8985271589287248,-3.589380685868155,-3.861799459017607,-5.7673075444101265,-3.616213345288093,-3.0197947902191014,-5.01251765836884,-2.808133773698161,-2.3234491570925133,-0.5924429154101137,-1.7083511832987683,-0.28656505017256795,-3.9741998088985877
-0.3858166182682747,0.8002346592303363,0.7438502364616011,-0.22908067616194275,-0.30315789856016634,0.33199858461765364,-0.7867529377620669,-0.5089844191431379,-0.8357819889573795,-0.5449945897562428,-1.5071336105183903,-0.16209308040276577,-0.188347599150406
-1.1395955038479422,-4.733346749983417,-3.737953737507987,-5.85091965471239,-3.6946946696264464,-1.6868628806915758,-4.364075524972544,-2.838576924736197,-1.5128961049956784,-0.35782864451201435,-1.6546969841684533,-0.22409618495653097,-2.7437778896051968
0.5071460648113861,-1.9604066347930997,-1.7316950086343827,-1.0746816149328107,-0.6008390898521367,-0.5013830149499698,-1.929899488249276,-0.5313070766120735,-1.6805262314957667,-0.15316957200204728,-0.7068062361759235,-0.07025273776975358,-0.6834730922554931
0.1318152103795568,1.7505912795859493,0.5042459453083575,1.305549449242858,-0.7227579832392643,1.7565972895785755,1.959179875223069,0.18034180602576186,2.866970968029151,0.4816903899806653,1.697169414487564,0.027793683128741753,-0.11154246773156855
1.5663104604363132,0.8783882355273492,0.7820795239973813,4.021970509720656,0.14480504764037008,1.816762560344198,3.8537216965947305,0.8994108544874732,4.089213817569221,1.3644672625651582,-0.05266165511061738,0.10852636967216536,2.5940454993547046
-0.40074435654872403,-1.0474427185781918,1.62287760774398,2.109556715239564,-1.9771125423538294,-1.4160316776841257,-0.660930804555925,-0.20386130430994343,-2.4710321521929774,0.012216645062176708,-1.0737796822909471,0.05435885113689841,-0.25375532367680637
-0.30858099193247546,2.4448727054803427,-0.8948620873200708,-1.3438266776067516,-0.5089388137975602,-1.3510262149391281,1.0002835426295902,0.02207793707028031,-0.42687956230016433,-0.305918911206536,-0.22921402965206653,-0.10710743096152633,0.04788832071107915
0.6988967445322002,1.8520427166003113,2.0088110794626277,0.6546611015224415,0.2454599676006991,1.5032507720801775,0.18232663715128877,0.6757626575619602,0.5219036425872603,-0.13810286283234352,-0.06498278886079796,0.12337013416302686,1.0476917804612051
-0.6750832898759593,-2.8244729905523775,0.047820259968543145,-1.898590738634682,0.44494516464933337,-3.3045519824967617,-2.5575689073548546,-0.2976358110224828,-0.708231201662889,-0.32482691182703194,-0.423662924393494,-0.032574367208095915,-0.725244895400376
-1.9616914726617847,-2.7707738610382915,-2.22675993045792,-1.3111201899219305,-1.6442821840626296,-1.5971264888108196,-1.397434126908063,-1.837485298028526,-3.458634678389773,-0.7344883778587812,-1.587726789442305,-0.21120116415899262,-1.411569697599755
-0.8519950681309112,0.5557221032920967,0.3721911777861209,-0.7586469295325998,-0.37754270944278684,0.8936048458208743,-0.5867896731495337,0.11340183164976114,-0.96501512487212,-0.2895711603314461,-0.585981313726968,0.09131975357511292,-0.3419797175350444
-0.9100065479758713,0.73360410859679,-1.2785823398254188,-0.5847341648064968,-1.1658509565553525,0.006263138232752711,1.3053122746137278,-1.6687546930293966,-2.4115721267265173,-0.12223753552211243,0.38691655318149265,0.027270773786844456,-2.2790589890375528
-0.1364914640773916,-0.9876958239461394,1.1193627118800455,-0.681669371371261,0.34003871098264216,-0.27326743097199746,-0.21720358261709208,-0.12118318982525829,1.3625730654884438,0.6286207825576678,0.9585577029882306,0.006461145318009725,-0.2255376705840334
0.33010189173562043,-0.2315750864655193,0.5728905768974477,-0.6203630308664609,1.4055040972912685,1.4129635168839656,-0.5335343376474664,0.4651942204347708,-1.156044739258941,-0.32376109831811234,-0.5199241062921162,0.059502975704251906,1.2373033879893938
0.32144338382252813,-0.17603392807870274,0.5346943930246764,-0.0529913700434069,2.30789748464711,0.5480170022406514,-1.6998310827127554,1.0660456888657066,-0.7653001391848858,-0.00018222252217426412,-0.5073015142633166,-0.05908295473187334,1.3420776655514624
2.041206026344508,-0.5629697622071641,-0.12926617546783148,0.8867634186029644,0.6804402656951507,1.3391773034290717,-1.0402408711405264,1.293642209664815,3.5115994680248606,0.1937611629643167,0.5560576213663444,0.002614320700263838,1.7069124366436155
-0.1978937578066768,-0.1307504746064337,0.79001632331767,0.5705930804595766,0.46745403989088835,1.691514453443233,0.6390077317764775,0.15340383639455668,1.0950035840904133,-0.08615773944701592,2.081997805752067,-0.0039998590216660706,-0.04999493557545863
-0.3970287723528843,-1.374757637776848,-0.8990749790876483,-0.6248848863931685,-0.3001273254625912,-0.24605852162775882,-2.7056110798914195,-0.7685960969631561,1.9633659431255532,-0.5040250179088778,-1.4615393168846553,-0.14475131330701213,0.46418266557053556
-0.9096271250800539,-1.5703187600011008,0.8026246019152716,0.04507865823469025,0.9960083333961669,-0.3686539408559394,-2.4644447503655424,0.3263517041923478,0.5553831366697947,0.32819994436576966,-0.027945207720622416,0.039027487874651934,0.2593305860925465
0.6574415538320317,1.9848444485472934,2.2348981402979953,-0.012006765914977464,0.3367172059147722,1.6068239058316165,0.41612277921030505,0.86883568723893,0.5007533856170873,-0.24510449260783687,-0.09096162002223224,-0.019114230902762066,0.6444129102899588
-1.136568395402282,-1.6804950216495325,-1.8760329299668466,-3.763573022604299,-1.4434954241135465,-0.30882331246717093,0.08073240739138182,-0.6072654391918331,-2.9095914431803656,-0.12038065164815633,-0.751710862570132,-0.10658370066899803,-0.6074744808459136
-1.7611234124418762,-2.23964413756039,-2.1593161591582213,-2.1864968054190586,-2.20647927410228,-2.167274457487898,-0.5774006645756565,-1.0815605016404557,-2.790907068750562,-0.2569809531084158,-1.1851134319634489,-0.13056277419621531,-1.0994119291157567
-1.0820450263726524,-2.8206773372304936,-3.365756936465494,-2.807623020512983,-1.9132371733371274,-1.848190475853884,-1.5586438638442708,-1.460069917710498,1.2201910587146672,-0.8838720553482159,-0.4156820474311502,-0.19716011350870963,-1.5022626362275335
-0.6665439448466832,-1.3272801647262853,0.831211509693983,-0.7422045170246726,1.0631529452801787,-1.8274355225547008,-1.5737612942903718,0.14980207580736737,-1.1320257536554708,-0.07621399391339052,0.1815643738618948,0.00476748709075364,-0.9166977858957317
-0.769850710112498,-1.196923856677798,-0.6989971746889769,-3.627902241281699,0.3653354363471994,-3.2975913644794157,-1.0531774675936645,-0.6866823306325305,-2.1770597520773296,-0.03017564514031003,-0.3906778110144659,-0.08335327695692984,-0.9605970833569556
-0.9193563493517127,0.552199251972294,0.356933054428082,0.02071700896964303,-0.9438513179431255,0.15211739743102545,-0.35493462465781106,-0.06795658973563042,-1.405840156558487,-0.5432915807166139,-2.1861271235527884,-0.11348693950049989,-0.3450027097063139
0.8956600094646109,0.17422173601006039,-0.21017832935373817,1.2800305596557966,1.0308962558587595,2.1316913425746487,-0.5048583986822309,-0.08051101401810445,2.635135485288015,-0.384632897189715,-0.3057500355507041,-0.1366851597690645,1.502542669831569
0.6110722500385923,-0.062128694790104966,1.7486696406841895,0.15291911059783556,2.0021835392061624,-1.091212813010595,1.204903492745943,1.367278745898252,-0.3780927600509797,-0.07781332080614639,2.5865098217931686,-0.029038915282063753,0.642889510137029
0.4907062564221108,2.0819664052206406,1.672395846876833,0.07326662525586373,0.07504999628549233,1.9242893922246163,1.1829545581128658,0.6909573032065399,0.3850981428800151,-0.2447511449284178,-0.20403091834702844,-0.005100730875920913,0.7129981998482254
1.9538482158465516,0.6735619577568857,0.24910257635586397,5.0308100284579105,0.20325247670523824,0.4255080217469691,0.26166155470172975,0.5207969325035811,-0.5316150682698935,0.1432925723410314,-0.06569814606776674,-0.04685939758964297,1.2427796519294174
-1.3540938111762,-1.9028371532266546,-2.3276533695827757,-0.8470520983235392,-1.2953119875682106,-2.9405852714025724,0.35413671082351356,-0.592618951135729,-1.7400225430494176,-0.691228015064262,-0.47695735751754703,-0.10388594970236442,-1.2410297535515078
0.10797297356495004,1.8684668440834824,0.670737742937118,-1.111792098261002,0.6595223087729472,-0.10967912371917121,1.2633282528351997,0.16762950992522144,1.2492753555579112,0.8589400768851758,0.8298772403703898,-0.00487647369995504,0.3194922030634351
-0.12468303194373018,1.2989526722753526,0.2654407916906186,1.6924357430861956,-0.6380265008932392,1.2485192910180845,0.822727080993096,0.1782451523299743,2.8397699107700536,0.70781010223268,3.0278127383435565,-0.006618278660397585,0.11336246405624682
0.4318622441595006,0.048726262865174154,0.5064758129138498,-0.6184527500361825,1.5663505681179875,1.0269594421480885,-0.5355700505276519,0.4338037939183414,-1.4354366909826382,-0.1575901879132208,-0.4669412867926682,-0.06774434108545796,1.456098683038209
0.8141671127556929,0.6982104901907343,-0.15572937083585783,3.3866620787471122,1.0576651083233042,4.399752338924961,0.26862633558921534,0.5776724822819234,2.459380925288942,-0.07195093506843676,-0.8666520668152304,-0.10618185865589283,4.409065556141235
-0.7192648599333027,-1.3647526002295,1.329411333799362,-0.425999212945915,0.8393550559966307,-1.1372070865027817,-1.40273511735412,0.00579368518898265,-0.7385401618294417,0.12761711338638426,0.2214595552828783,0.06874890192256625,-0.3824548944225534
-0.8515905222927942,-2.6504829551719338,-3.7034202950701336,-4.128718538474186,-0.8446503449909183,-1.5372512175344553,-2.1393139547290705,-1.5590904071911549,-2.493536762360794,-1.1497505362274953,-1.1631004192581815,-0.17058899134811445,-1.2119179632193926
2.46135663700497,1.3717759915265357,3.101782749393541,2.665579069457534,1.8108801478574361,1.132704021172184,-1.0719227713646573,2.120070776488218,3.372297537498072,0.32337721038661493,0.285979345290042,0.4916668698465865,2.695627882665851
0.17723509672330695,1.586784634659998,1.8804473364968892,0.0537707806518301,0.1907028538925159,1.6633744250682905,0.1703763748814041,0.6445865593923048,0.1384966972941118,-0.2714693046769955,-0.023381683212808486,0.32285784470383067,0.5584233523095544
0.8496284611724938,0.9810637034568932,0.43754043130255815,-0.8584727975746824,0.7844929678344894,0.7893688863488693,1.1378196163713516,0.6451671228297828,2.3720872799565815,0.8844118410576547,0.8723532984506649,0.15060829287394883,0.09563200935203997
1.5537100762281466,0.36197241561150983,0.9879876240073807,1.6376671651766324,0.7646728346990941,3.0489639546147864,1.4310923204752097,0.7784532483987923,-0.29489492009005813,0.31378309514321795,-0.17714501562838747,0.08219040646010807,1.7583843791308917
0.30130553377326563,0.27195089911395265,-0.32258701423338315,-1.5267145869470875,0.4681077528180968,-0.13719135240755154,0.6164284796296204,0.11772264101128603,3.252400340251883,-0.4846763166350624,0.25713079146950296,-0.03160819952583146,-0.0049764242219842315
-1.245093567577294,-1.6032324109050549,0.54976337947624,-1.1347603645775879,0.08840159697173576,-2.0542231460182103,-1.83843332945007,-0.29064210455321393,-2.2445799483933175,-0.06917029065675,-0.1860731060432995,-0.2894071696455487,-0.6928950865719365
-2.9482429613038486,-3.7119629952725433,-0.4275183116349701,-0.18716403757946357,-0.9838117822890895,-1.6868703926861697,-3.243931272259085,-1.468257694092787,0.29099516682792453,-1.6553852233864985,-1.2951143733111934,-0.21096000012113814,-0.7663928919963331
-2.4966041070253904,-1.8477014610559368,-2.915744557253396,-1.6131887342817048,-1.7157532425618003,-3.8501050851592384,-0.06137889495404002,-1.0661871138261625,-4.427526506878848,-1.3277992285627664,-0.8279065007188665,0.21853291753912352,-2.4432988481772036
0.5129323068421541,1.515915694178547,1.125846033995557,2.3428621350642707,2.666036501346776,2.744308458022358,1.64692350416703,0.9590300108919231,3.4543014740452382,-0.07728521355065625,0.6589142365422513,0.13574251685705452,0.419440590650257
-0.4048405656601407,0.8442288037601653,0.9682095616450535,-0.2319090978431308,-0.6184460853311854,0.6927609522933035,-0.4286566315235621,-0.43996660619120415,-0.9472463744744241,-0.33961179005603,-1.2775700375147994,-0.12236001826965046,0.08048107466349998
0.8453054277878256,1.921274369472845,1.7523420718415745,0.7875962875742054,0.43265230431376644,2.254439422837458,0.35823979347168156,1.1269663205685925,0.4978100740112781,0.09523962066301872,-0.28312724637669623,0.04009454724327147,0.6505417459698706
1.082401256510574,1.7882791336889683,2.089406852682328,0.49287106903425104,0.4754320862102839,1.2182749678427354,0.4400406060228123,0.833825585726752,0.8670207765398338,0.08790289254652121,-0.17706805281392826,0.160811961962738,1.0377878985755769
0.1725266043981537,1.1820560370509823,1.5649940362448491,0.27455481388011116,0.2663581635326974,1.0344402314308616,0.3141881630732677,0.5058658636242359,-0.3730931835719902,-0.05205506518534901,-0.7874366367334085,0.039902587319827675,0.29674379956235897
1.9507948813049327,3.091526739678036,0.023540561914236986,1.8384609495693196,0.0437567635284117,3.2332204824411828,2.8573123838969825,-0.5944491153288014,3.531476530539285,0.12372913290849986,1.5026084345982718,0.06871300815294175,-0.1401291661378409
0.10703493380815615,0.7615843486899715,1.6350147845239065,-1.3425853444128815,2.234761539462488,0.8589835529047476,0.3160938250521817,0.8354782699612487,-1.063270655169359,-0.09794292072196392,-0.032803459203957344,-0.021481976398111724,1.849454937677106
0.3603651209232501,-1.3832715498252464,-1.572190900279416,0.9186965219573017,-1.3118361350386918,2.350494525242183,-0.5876299260572222,0.06033166909435147,2.6696598285653943,-0.5237041425104771,0.32594940853305165,0.046638926969220215,1.009663858922302
-0.037971279396572064,1.876847474346351,-0.7201630106151826,-0.6585802282007516,-0.7229640220824837,-1.4470296653075558,0.5069813219442341,0.06594331116855351,0.2896019140993142,-0.4284884186404654,-0.3483258046559058,0.01117140561549197,-0.01485687577890026
-0.04304410799458206,-0.6858410818401416,0.7588063907028277,-1.5156927691102542,1.23787281486154,-1.7057633814117352,-0.35009288142331774,0.5870463201129394,-2.4159627909870407,-0.11700450893801954,-0.18727896547928033,-0.08613086994478689,0.16486048271103457
-0.5434041480306122,-0.3632632567133339,1.5153733445227973,0.226799702422383,1.049991886048164,1.119147078741549,0.23030434290826754,0.5361917983461173,1.2222590963382067,0.1270668067508895,1.5907637697892882,-0.020183226370977032,0.12013062804575189
2.441089333142671,0.42858682942059306,-0.2607566530955953,3.5920021534317903,-0.11216573252187409,1.605416526622139,2.3909390063718376,0.33615866217296586,4.031022261123484,-0.7678395568372475,-0.16642297571680192,-0.059390309711193745,2.4763465002127405
-3.891320184529241,-1.5063191714062767,-3.266298822519472,-2.987837212340544,-3.262199385377786,-3.5573391276789414,0.12931600563797283,-1.636328677965794,-4.2786080800203825,-1.6079301284677867,-0.7034139251732268,0.07722148939708456,-1.117661664291906
-1.0775357994258714,1.454138530889112,-1.512138814214203,-1.3396763533547826,-1.4357122407998473,-1.003941987647882,0.45258199021582385,-0.522559431646433,0.6642248558630752,-0.2771074158545688,0.10402464754905341,-0.05843591204844413,-0.7952793223338407
0.6145783408979574,1.7886723389993944,-0.22361117780725998,0.42627306472354903,-0.6065047822856449,0.1521943324788784,2.409582656018126,-0.15333269488273402,-0.9013428907505134,0.9927556691463624,1.2136580192727142,-0.021617676705225502,-0.5866219031702107
-0.25084226021336176,0.8139917047233837,0.09708157124359988,-0.4466394371653183,0.014615503512322991,-0.21124374238256774,-0.35278998549768914,-0.0439121657498698,1.0696372792843933,0.14622043504224477,-0.015181533443327597,-0.04645431687486254,-0.307448963658729
0.0545443449443621,-0.057568505952238044,2.0625958334377756,-0.11048996446757685,1.6108650661823856,1.4109953238675372,0.644866873590638,0.8908385020745404,1.0552496912728786,0.19184432285786077,1.8614897791756735,-0.020511718224475242,0.3873385345066589
0.5608905355187339,0.3741407422892128,0.7006437901728269,-0.0034017450812583758,1.1233533978353565,1.832823701153716,0.28443477674904794,0.6672778586644887,-1.2979297521581046,-0.014810424672646653,-0.3000194690262692,0.028948944838096673,1.3903744062201846
0.6508449487351917,1.2849182718086782,-0.12893590630911708,0.27644686456097073,-0.4684976162047434,2.6717775090895075,-0.12274743382767246,-0.0919639470231615,4.135955848636934,0.44929341317878824,1.1535329948259627,-0.029557964061386683,0.28109315537588864
-1.235217421944253,-1.798574528665696,-1.96843758094228,-0.822343139960172,-1.1578477601577635,-2.6854201629305146,0.5374626501732401,-0.4206840551546257,-1.7914273549924187,-0.509664666470554,-0.3546040142751816,0.09794607141779525,-0.6725921434596079
0.016695750020961787,2.0948437754410163,-0.6632168353801695,-1.45814708268451,-0.2663098010821785,-0.5879889674515775,0.8653419116359305,0.08725619960110637,0.17769575449612202,-0.6696528987321331,-0.5029089742720436,-0.033984418103160934,-0.04647911885287613
-1.1198614994679683,-2.4011359748502987,0.2283257302191729,-2.967894321226308,-0.19400648568705142,-1.557228401851737,-0.48529665789204757,-0.8161312299971984,0.62283383197772,-0.29271848420198576,0.2163521015918296,-0.08856123241802878,-1.076958039000941
-0.8035815215372067,2.691299746680953,-0.9861802730634293,-1.265082765051112,-0.850351401648691,-1.5491297946849631,1.1976379358972837,0.013808886142344089,-2.62878970766052,0.5148967626276942,-0.40243324974344835,0.0015950567223545686,0.14872461413757668
-0.8814554162473524,-3.292239729146887,-3.484216327349552,0.1455812852829694,-2.832557896763708,0.8227999748263716,-1.6622109857951808,-1.8724334135170406,0.9724681410291747,-1.185658902823925,-0.33893680460802805,-0.2254637834357306,0.047318030376918646
0.0897247806175922,0.5772053626764359,0.04363517086745963,-0.11696339257734104,-0.4546542519548286,-0.9435404952470628,0.9735909046455183,0.16708164308841034,-1.0123870486021045,-0.2615046600821531,1.0964474206345363,-0.024650816612152557,-0.5450952923422059
-0.23607483534970225,0.783490507756877,-0.3884680878836662,1.418168721328386,-0.5922883242642922,1.8341134423058898,1.806375928401119,-0.45415452569257475,1.8316945739535413,0.6297831564313835,0.7210008800102191,-0.029955361576544055,-0.28638334608222893
1.0739971480958368,0.6595060957016216,1.4050061222626309,-0.6964620105544519,2.301135285051229,2.043597548088679,0.8681981463383676,1.1235199090791865,-0.23122961059885316,0.11304187107520808,-0.11825655725965693,-0.0027666213754047675,1.1791140171730268
0.9671748535842117,2.110896638194616,0.08239371669789157,1.279679345700683,-0.35934990540043343,0.2655678413270251,2.242205340842096,-0.16701344892330894,-0.3780460593937379,0.32121936163554593,1.3568446880998088,-0.019358266310042015,0.03479135346288479
0.05206809808810556,0.16080339150710243,0.22945172816256276,-0.37976140175066475,0.18041084050925238,-0.6395017429684393,0.9888754330254677,0.29962755830855,-0.6600061035782309,0.14912579774339169,-0.036476876875903064,-0.027515633688825727,-0.14778169559263105
-0.6792644414543694,0.41091716623541685,0.9020892069292152,-0.7259417636627847,-1.0587970978251862,0.6913532035751269,-0.4784533026172882,-0.5614717622720895,-0.307329662008625,-0.541797230412485,-0.6059185741033353,-0.024730445752437744,-0.22834073755890127
0.11593565027384711,0.32407866951776665,0.5368095172468261,-0.048450134746833795,0.12351315047384964,-0.7610611374251959,0.4635415003345245,0.1943782675587054,-0.31049361154074884,-0.09819222481766093,0.2595912434848854,-0.011582913682278657,-0.06493550300029002
0.010976288544997152,2.98503644847751,-0.2986376042902056,-0.9754844917791586,-0.28703732222241035,-0.33161162347041273,1.3207666773118805,0.2938387786716017,1.819388591453123,0.8409427233247295,-0.32973924143369204,-0.05676357435010789,0.4248883443486153
-0.01708190239784826,-0.0497041651777302,-1.5862399918963717,-2.0011916193761863,-0.39201416898674013,-0.867944400620957,-0.691122349871633,-0.4098513771027017,2.0811840854062593,0.9041546949441545,0.21496512535286866,-0.03778562108365199,-0.8024275903300279
-0.09255897245887255,1.296356913958055,0.6349136209084342,1.2685176919224772,-0.05643827469346853,0.29976745329435084,1.6191711996562987,1.1971146634847136,-0.9148591035563085,1.1692830217738328,2.3733544123922994,0.015555928330351076,0.26199956053454015
-0.2915038630397369,0.6073357576545741,0.646074186970428,-0.5978973000776022,-0.6530974979300261,0.6158090004596546,-0.5327057297326002,-0.33701881110409476,-0.9967060308207548,-0.7086195565540239,-1.0881480582994927,0.08146585916686391,-0.03721893425823911
-0.22771497733541768,0.5704357306278931,1.1081268316279682,-0.6634436856175309,-0.32161050552541076,0.7132350399748733,-0.3164804078310003,-0.22711199811685626,-0.7271661890221812,-0.4893409890610362,-0.6425937442026205,0.17228545856261107,-0.2435904501756239
0.582731362045225,1.3278490259053393,-0.17695561876313542,0.7004503845257892,-0.44651013930431677,1.6881615127881784,0.7836960397226115,-0.16686063275569019,3.9572062945562516,0.6428139125767888,1.145330511300514,0.10451780591004843,0.3952682268702323
0.3967640230483896,0.9041420890282219,-0.5409065879472634,0.5570846513961442,-0.6960145772269203,1.9446919147357238,0.5559254070182535,-0.22417312262812616,3.1401796768879935,0.7987949736302511,1.2682233769513875,-0.04065081642112793,-0.008043011953122835
0.27886860112400913,1.4704036542191168,1.5859822497315081,-0.12279720295220622,-0.0031570721541841575,1.2745600124044962,0.3528889933158643,0.3624386833768544,0.1277285526747194,-0.26271812181505905,-0.2145848371802519,-0.050056010521948344,0.3645811169317717
-0.2739520338788214,-0.017151748825692457,-0.09259934628071881,0.4062661109595662,0.05558407539191342,0.7788050673891687,0.9471129231196309,0.24104098394927057,-1.9184418655766384,0.39333854472419866,0.8772082117572426,-0.03205791592080562,-1.3225972056849342
-0.29742568981290485,-0.5358301504952315,-1.5861584846070036,-1.9195463345875037,0.0961940472340211,-2.1400485590922957,-0.9514770874179279,-0.4596201504932509,-0.8094152083413468,0.7362165306671522,-0.23855938435402807,0.003926653233098137,-1.6147307038379626
1.5069199777653235,1.1772574142097598,0.7391856808955267,4.307510169653171,1.8445304159263876,5.461187032858273,0.36388744616958624,0.6659722508117557,2.4999524351995857,0.2709720040071341,-0.4202671194707767,-0.048720515059928166,4.072203290431449
0.3909871080347027,-0.5792104933079746,-1.1913385130314984,0.1960220341787984,0.9459851744351909,1.4059366241211282,-0.26320506602060045,-0.4347690536361189,0.9562680418587597,-0.11555349592792075,-0.6578737709722999,-0.13412970090802334,1.07604277491673
0.15811264582844975,-0.17495487400020163,-0.9834692011382944,-1.7253554464974954,0.2723588060303074,-1.1433900002121096,-0.42569314772004463,0.35171197708980695,0.785069159908582,0.765547519994434,0.15520223612418502,0.011109643971495735,-0.48094415954210706
-0.09289328317054449,2.4813992368212596,-0.31836644433904443,-0.9006155389821573,-0.2413810326407354,-0.0727604196349987,1.2387128779535286,0.36554320224922965,1.6644682163517504,1.3820544035241213,-0.04237904965981018,-0.023927327188300887,0.67430480638907
-0.05014211798319592,2.802131177473088,-0.358542642009755,-1.013298716390402,-0.2175687477991193,-0.5048218588719872,1.2460330187182667,0.5090575980431297,0.836553714049773,0.3749096213001758,0.009596980043893873,-0.036863706018258384,0.7465727484205531
0.2466145781841543,-1.1697337989948897,-0.6235316718814686,-1.8873122999843004,-0.43050886109730024,-0.5215534402691344,-0.9103851946857241,-0.1662744599792899,-1.0923764281269783,0.1378468095790595,-0.1292461793611032,0.7549241160629835,0.20970935855267767
-3.8332126081186453,-0.5950092280547444,-3.375804844874267,-2.7018214383022863,-2.3483425342891784,-4.621416281482928,-0.06097634230274708,-1.1971107862977723,-4.302751130258872,-2.1869019428076633,-0.9866904999377826,-0.05035329061094686,-2.2301187098093544
0.8066453178547734,1.4659823279827833,0.8460155614584477,2.408091405540601,-0.13706576551207245,2.386699161765476,2.557500130971894,-0.3229305567292289,4.338172161965115,1.0106563055225544,1.0359153237835403,-0.005513115388651735,0.9133325330199056
-3.6525744290546402,-0.7725176510344155,-3.1935995222075784,-3.1537608618144355,-2.9896257107461692,-6.111445035383415,0.277718481456654,-0.8313915702012473,-4.865744161231752,-1.9990792679207192,-0.9034737085928725,-0.13494105313645882,-2.9325044227928285
-0.5304298612232219,-1.7689105151381552,-2.6622598350891424,-0.471618469386465,-2.7994989081420414,1.043390188180945,-1.168445907519199,-1.7690989332558176,1.0337072260108673,-1.2553558677026173,-0.9980150818245277,0.3908086577797722,0.49624821062872393
-0.016213749969222962,0.016936226230787277,-0.5821259778981202,3.032139907967713,-0.056981283177932135,3.763890963848681,0.9276755344541743,-0.05696740696413641,0.013236950137135026,-0.23838191815134563,-1.0453294414080054,-0.1183117866811032,1.9222677347840116
-1.7325753105819848,2.1455793663347134,-1.5002217716092456,-1.5728355341854816,-1.4682626093008249,-2.299641521202608,0.49001044785396913,-0.6179062773142426,-1.3923667610529813,-0.8570446762665073,-0.32412275054647277,0.08554452345240862,-0.4878716253225378
0.04959213184736046,1.238111066045757,-0.8820430328474482,-0.7468787375573689,-0.9603496101612434,-1.029169968914551,1.7862932683915522,-1.4663172107743512,-2.1788212340563127,1.0465143758529383,0.9853536005328514,-0.02682438179048598,-1.468049553879537
-0.27030407754290436,2.4817804562137464,-0.8205395406231076,-1.7522152551245462,-0.582448906562705,-1.227051699155062,0.9894035800517946,0.03685598824043864,0.1977628285217927,-0.15006116810358228,-0.6149489878415544,0.01564243532018735,0.10581348260398953
0.10086833804845814,2.7686810944907148,-0.3747402653437005,-0.8213319988005483,-0.2645098832174617,-0.38178506153428743,1.1963106967288901,0.42576541426591574,1.6831792245536217,0.7786283383208018,-0.2487841577512317,-0.22732154000395288,0.4631629183751324
0.6670495133202833,2.97520672551408,1.0983176696991235,1.7880743750195127,0.3066519438734072,1.7110343045032481,3.206801783101012,0.9036189038435823,0.3946811958040214,1.6156946970925978,1.9680436704307789,0.025913803961335025,1.439707673727017
0.0021691569137490354,-1.9418609155988737,-4.169942850710618,0.1563488637112703,-1.9918419962334966,0.6986509768131914,-1.2333686676921531,-1.8409598906617615,0.9139330693510259,-1.2899868768158678,-1.2827774965897616,0.12446744720348057,0.3574441958725868
-0.9738372781443309,-3.9675709676106146,-5.00545070179945,-2.0952145777241737,-2.581012253533118,-1.91068329993118,-1.9901959224138406,-1.8578735628558525,-1.0177545976028262,-2.6681076748488053,-2.219845409890534,-0.19672641686344938,0.7278481882039665
0.30809844019305377,0.32332468023937605,2.3631836290683386,3.8328333840436404,-0.6664567995449114,3.4294850714416762,4.960431110691796,0.9465377129190082,2.192065055864967,0.3469414274560079,-0.23370982465075552,-0.09223226306856516,1.76521068110079
0.0548235041161792,0.6710581717412505,0.01602779165634683,-0.5274029371747748,-0.12395923296196597,-0.6292482336367375,0.9806256101104535,0.27486976572157196,-0.8062452640384435,0.18670130858249542,1.1101832956163629,-0.030019601855633966,-0.46044089250007836
-0.5937937641604286,-3.5977772405872943,-1.943029389296555,-1.2272703595837162,-1.127335914427725,-1.046393468216993,-1.7693206266140462,-0.987629064740613,-0.7425897718171797,-1.16139501558772,-1.15283302094063,-0.08889536887872963,-0.1731769606646979
-0.04777142192819155,0.5383823330829102,0.31959108200855557,-0.060724290912168945,-0.01588588841556989,-2.0776348614489613,0.5231085002410691,-0.085276790406141,-1.4994612903329028,-0.307365401108982,-0.5146980519002924,0.0038666686925959825,-0.4137536981344845
1.6355248502295259,-0.1775900719982261,-0.16012480508225668,0.2515942535101851,2.9805106811484112,0.487160246948608,0.6654246640088964,0.9833384378104366,1.7344228650551912,0.256203206261206,0.39589691809740735,0.042074593946648114,2.149416123792633
-0.4200938837385426,0.9386522031249476,1.08795681270719,-0.39485509200564906,-0.26388680534100994,0.9008966556041398,-0.2294004825060256,0.2756248576597622,-0.7561045122617442,-0.1158927195193246,-0.871327863408563,0.046855859617288755,-0.014203093021125
0.04379941197629603,0.5869979434563881,0.038235538114483165,-0.10998002328392528,-0.11584972191808952,-0.2967957728283686,0.9064641097400131,0.3728096517770447,-1.1774299737288514,0.48383496532113185,1.0520958122699005,-0.018482058509252983,-0.056269448428000884
-1.0064949897236917,-1.8742327318604413,0.9710479263288693,-0.21062363416266938,0.9988605328763109,-1.1635239601544,-2.398210794052316,0.4551191373309121,1.22470714023492,0.11555562109427735,-0.2621665351248036,-0.00640443158439466,0.3913205292210397
-3.6884254059953503,-4.160348131163306,-4.965799212300529,-2.976205406032709,-4.136499099942545,-2.662041613458035,-5.278457233063979,-1.2428293188888992,-1.2832278597784328,-0.9639832376435188,-1.0539528017532493,-0.24549700308177183,-3.6079505169562376
0.5943410858693012,2.6903317214393363,0.7357803763702717,0.45857454501868516,1.289514565829757,1.463436077399593,1.6865436783727878,0.5461374118867225,4.3870213859228215,-0.11926748192843256,0.2621276733299924,-0.04115164774676988,0.40631480677519
1.6355581496686993,-0.42523704444523897,-0.870062189695115,1.2847503731239385,3.3812106456524798,1.3825672841915446,-0.13024063480448808,0.15542067570611837,-0.29875295951238096,0.07857595362286607,-0.5234489532337627,0.4599941689815993,2.8341033121840002
1.7769620196945555,2.391370167950583,1.2466642047299283,3.633305240911691,0.4287677030865517,3.3175087477561704,3.592673147251934,0.4936081832957763,3.727562291697703,1.0024757953019194,1.95201534451684,0.1503781062923374,0.38518471996765585
0.3868792714121648,-1.149812823522629,-0.6795297602677927,-0.6364201443714815,-0.265721795068433,1.0768401907213656,-0.5610759981087823,-0.17519514801653313,-0.5957222194097832,0.1103055741275765,-0.6803490793099627,0.0684283255847792,0.49056800370880704
0.47065805554803863,-1.5094387238141562,-1.152529787842392,-0.12553958316954456,-0.1729885930764591,-0.43570747696535866,-1.6184877420382366,-0.4108982513575919,-1.5671923172473905,0.1285165190479408,-0.33298726172859033,-0.0679489060025663,-0.3423452014507105
-0.19830051819923228,2.3873132634499217,-0.6306005703414689,-1.2994610760733485,-0.37886701707870485,-0.988921434747883,1.1054413041674223,0.1969777556783002,0.2912640893617128,-0.5241911470467069,0.26824231684518357,0.1876479633131789,0.2222641047509388
0.5917477396673835,1.3725526677791235,-0.524067753547699,4.013311978917984,1.1279333730849126,4.730948687219579,0.2629749486290127,0.4526311743078339,2.6603808453529036,-0.00955474910274552,-0.4537305027577612,0.07205010561893413,4.2235355262722205
1.0330394652785944,2.3270960230302697,2.9147382080824014,6.0952653449747904,0.197486772880786,1.693928783418507,0.2950713484672208,0.7452432712847884,0.11443930876260218,0.5650397162294637,-0.43644753972223643,0.14468185443120693,2.106973268270699
0.4142344028236241,2.4890416384405567,-0.27418775512215987,-0.6856331510696974,-0.1930242610813326,-0.21396795568625548,1.1696468532675262,0.11518867479352696,0.5450958520670732,-0.5704479813542114,-0.3497179031540225,-0.02488935885148955,-0.051996759694690496
0.288763147259338,-0.36274517098389986,0.3167279423918161,0.3671314989847857,-0.10696312002113298,-0.17559344598816498,0.1008420944588983,0.19351734905244988,3.080092592303538,-0.41562216816987435,-0.3315103300676369,0.25109620338357574,0.2739997896125229
0.016153807071968913,0.6333539868135832,-0.024382185366832596,-0.088311478922454,-0.14949761202662357,-0.18380805032327774,1.0108069913487676,0.4384780290753891,-1.2082298865624603,0.2070676425999651,1.1329829075068443,0.0003142534522339467,-0.17228119862886768
0.2688234903192562,-0.8979838199401277,-0.725568849988178,-0.8471094127366734,0.714018255119833,0.017022601427096454,0.18281828005798156,-0.31429040764665434,3.2141525986997626,0.18377949863724,-0.1684162619244307,-0.09194252641612866,-0.5215460148469235
-1.3807215021731747,-2.0194133972252413,0.7047753281777519,0.9838657527949868,0.6599519957027709,-0.8919580928805391,-2.7525211508277185,-0.3797414011518574,0.5682052747196412,0.10038742433405584,-0.3203772598924115,0.008032847007529601,-0.35489671086375085
0.45699387488731497,0.703833816206186,0.5836355951950989,-0.43321634947063614,2.0778211435680793,1.9509994662806602,0.38442484190997983,0.8638845790989905,-0.6081356732619719,-0.025621907505103188,-0.4503872995782229,0.0377080783403168,1.3776234965900789
0.4224961770059436,1.2836115936513268,-0.11634573824186287,1.8860983220249834,-0.4803764870260945,2.6697229527459583,2.2734972032946015,-0.23780263852431538,3.125825906892618,0.9771975891747411,0.8453208017411332,-0.021985315530974936,-0.23597318657570415
1.0893444545282465,1.9576715117677423,2.3421358508057897,3.2613772379167165,2.8831153042428195,1.7314516785761545,1.4904954305332572,1.7495338586645406,0.6898832373729804,0.6849953546933829,3.2787421328962467,0.009014848058318679,3.59069344823973
3.2632878531914007,2.1592262367658424,2.9861833537633853,4.749740563849142,1.176154815258148,2.898568150983191,1.7684868705117454,2.217788995100289,2.1812731268743257,0.18927265441614302,4.355782976510106,0.011178088644519635,2.0919874232919473
0.3250587087745468,1.4420152285198367,-0.03390616576601239,1.9316607171286728,-0.4249292704871752,2.0133231526996114,2.1164973691354194,-0.23110996840262985,3.061731112938271,0.8226333663043461,0.798099322457177,0.016231868508168323,-0.013090719445091104
0.13991724198114952,0.05773144460800614,0.4363542385026813,-0.8891980348698176,0.2741107924458467,-0.586225698054251,0.7754090921262589,0.18273141120405242,2.9106392692893537,-0.2581688757481364,-0.69780228190124,-0.09433951719198379,-0.01342758778637898
-0.3346382769673235,-0.1883561133365664,-0.22981838639308194,0.43533516803342426,-0.13581296718886327,0.5613960073991783,0.7227934146713879,0.11495603717397904,-2.0490197966154664,0.24945494059369797,0.9332813147990967,-0.04440377157000411,-1.347712958344362
-0.8733506898380192,-2.2933404168440035,-2.67910780624383,-2.74729469426235,-0.514963709083903,-0.3114110508975056,-1.8532787971188212,-0.4447431613980897,1.7326996886518058,-0.543292406101504,-0.7034895638950789,-0.08102096702075663,-0.533853238845865
0.32885429811896755,2.7356923263452746,-0.6002285883663636,-0.544076394775572,0.024190551963531284,-0.3148646931311426,1.1331176080966059,0.6146151063386867,0.5929932308600596,-0.43039843360427765,-0.17594206052987524,0.4766178221529764,0.42222954021249376
-0.620507284612395,-0.6930700996994142,1.2155060311717294,0.3088528345768443,0.8805290135668797,0.9739829613423596,0.04497827411370557,0.0771068408153952,0.703293119814868,0.09106006114588422,1.804467165959068,-0.046541054887800505,-0.053737880218153226
0.130645743610803,1.170813706668818,-0.815557570919498,-0.9826984818771272,-0.32087364365579574,-1.097241065531141,0.6534878108076131,0.18897553887968474,0.6916671559255982,0.4942926797788176,0.068073829073045,-0.03636450442304421,-0.006341196584204832
-3.0876425167556016,-0.556443921868793,-2.710889422100088,-2.9386621337539203,-3.1851333706836313,-4.946223217746138,0.37432168609204,-0.8252076469449737,-3.1125172697871712,-1.8348425475099228,-0.643833206628656,-0.08832141558406861,-1.5140044816045297
0.023952096318826072,0.3924100657707699,-0.06317629969109682,-0.007466372271171905,-0.338611303200014,-0.9639704271840552,0.768347280898856,0.4144118965054966,-0.9300332322333836,0.045348749103335056,1.2950427741826411,-0.002191741034492047,-0.47947333615376725
-0.09012709375936535,-0.8258226064101067,-0.530465259709292,0.5202695053474358,-0.37770088711701744,-0.02162371616655339,1.2336501759184626,-0.040670806345426344,-1.9223056888205206,0.14411782527187217,-0.6157879876805885,-0.04430342111012174,0.08100804224506848
0.328718307596476,-0.20366288026406731,0.4281963032088244,-1.4470487524693216,0.8171565007940971,-0.6931513205882056,0.21716160083267216,0.5784390842050521,1.0164529049481885,0.44285107487786757,1.2915587986951382,0.006629544919770628,0.07813592671002781
0.8014974162831073,1.5504894616009872,1.075937245901053,0.24750622637983818,0.11644572284952205,0.6962466650269924,0.924450709177181,0.6623024551477282,0.6289692602213472,0.04791490215704672,0.38849469340820275,0.0471318411195856,0.6770366725920597
-1.9720915497203046,-2.7899209571870345,-2.820614745296641,-1.2037936896057282,-2.076728408067849,-3.2355261986798394,-0.5685756439053349,-1.0132589349052352,-2.098243710783621,-1.1146359627838764,-0.9192627127851465,-0.16971932090301475,-1.0903918689908463
1.4542468922952603,0.6830344919565445,1.622272767319551,-1.1191131107276302,2.312722522600347,1.8733299172240214,-0.7706813421188335,1.6901205517237798,0.2851865165742734,0.2422086152403305,-0.15899124833703449,0.04593372414716422,1.1778455818465186
-1.8017683985265391,-4.049723290370053,-3.3810528726027242,-1.544069594024267,-1.7452964939513342,-5.181143035765531,-3.056915755300886,-2.35007763524281,-2.8300851080142375,-0.26635832490502953,-1.9468088551926312,-0.25584708273979934,-2.5831420219932792
-0.06324023970066467,2.2749622099991473,-0.8329035259483173,-1.3500356764173034,-0.5305720708415741,-1.246817867175107,0.8262739938000838,0.04368067552361435,0.5846683897476437,-0.1547126063782101,-0.26338729802156907,-0.17666858012787995,0.2386953040026128
0.6444316159799279,2.989291868943514,-0.09317579660357708,-0.26097366918188825,-0.16760183966330564,-0.3529572499031201,1.0743054027224164,0.7391558768765795,1.7262795175723213,1.0016564152327678,0.674966146134668,0.10893772939375296,1.1141144031032715
0.36678835507585766,2.8729565357140054,0.017237068731337554,-0.7191284074608445,-0.22617642798305798,-0.04401426055416882,1.3671642113877973,0.28549930458655587,1.5608191931371886,0.6730334194671981,0.12499113301850026,-0.006049388515400785,0.8901274082302635
0.038759659991547894,2.006217405349534,-0.817643389886297,-1.2878081590462374,-0.4536560005430753,-1.3193313422090271,0.8595602456894187,0.009079384761345042,0.2646309232380655,0.5616325686711612,-0.10223290764623219,-0.13732401693679597,0.22553768401965504
0.30096766231167643,0.20050559003785676,-0.4087626467034634,0.7129451016109023,-0.2533317553034673,-0.7297329501124717,0.2987370322168702,-0.056185240323862295,-1.0144018524233256,-0.2817247433008419,1.086263231971405,-0.0021270674865485496,-0.8570827662339435
1.33434218300403,1.0850886906078085,0.9022630865271724,0.09323392182692072,0.3590540237071563,0.0006138032954186271,1.9313952826610246,0.6811564835699069,0.2445516338835781,0.05760396591077236,0.08126136251414834,0.005588542878265601,0.380433625371273
-0.5260758359730242,-0.6446917536008795,-1.1825222245531362,-2.439208508917493,0.05724490821206321,-1.9530369140109463,-0.8421482527768238,-0.14301305649207072,-0.980029225340113,0.3847479073333348,-0.4817247047821163,-0.10274335677140496,-0.981396406149078
0.8482464593555776,1.973305719199384,1.708799709133907,0.2838131569856261,0.24339671097281912,1.229947855830089,0.6902656726321825,0.603558917357586,0.6330082341454303,-0.17614214446033458,-0.15353962939801727,0.027851191298880917,0.7703955534855941
0.6920255730125227,1.665187443134427,-0.2742419763271593,0.21508995458483696,-0.3703592292974807,2.5700710593885745,-0.26127579294765985,0.046606073489723156,3.5592843292348295,0.3501272992443087,0.9245294065993386,-0.047154833564224626,0.41511178704418444
-0.5484380085029019,1.015346303617892,0.32186424752283427,-0.06817990564042699,0.20729450730296486,0.4749227284394306,0.84680201933564,-0.0927572021144442,-1.025901596138978,0.6934075373731967,2.6474956425225056,-0.023246676463426735,-0.12610727341819758
0.7827318464602447,1.5239481182049759,-0.2661626274982053,0.6757058546997402,-0.2978953672448793,2.0704893900024595,2.4201170449129616,0.6293021879831538,3.497476811054059,0.9468722027835125,1.3953145310598323,0.11055055362845057,0.510984770724964
-0.6667314628573755,-3.8288863653746525,-3.0098193360978946,-2.105058990208329,-2.441533152700091,-2.9229580088818654,-3.5829435593640024,-1.9511229917277686,-0.9789574631526031,-0.29703966885960353,-1.419418559127694,-0.2005502857521386,-2.852051129560504
0.6640688348416652,1.186784638173671,-0.40621855712495747,1.177292038809715,-0.5431466467393977,3.567173086964628,1.7323903302558596,-0.5906105589525151,2.3712470028466646,0.8418052216231202,0.24164274336304514,-0.0473448614698525,-1.051098139718589
0.054672395939317865,1.5522638608083232,-0.8592489138017924,-1.2850609142209088,-0.4284431941693443,-0.8148608316439723,0.7406313958021605,0.20893588970622257,1.1046981604115313,0.2810902135094835,0.24954021342926547,-0.09312241464180664,0.029668582000821436
-0.9737696373726552,1.9168627587113423,-1.0996081164862135,-2.181579013525301,-0.5256242732253545,-1.246894026108914,0.5618903764357994,-0.40234350540390657,-0.03070068273900282,-0.4955261844569921,-1.0893833969261808,-0.024519571239749564,-0.27559843959338537
-0.26705782125005506,2.5673732087401566,-0.8310817093032203,-1.6289697713958518,-0.3196235766013463,-1.110284611408909,0.7762749535931897,0.03450924801071068,-0.6364763957306019,-0.23338927816289168,-0.2963074973820605,0.25464019755522416,0.13659863342117104
1.9989038137584514,2.8195504867409658,0.22522842007896138,3.647857666270187,0.1282824121457007,4.25826733061009,3.289302338285166,0.5966163671927323,3.5350926631088875,1.1767960313231582,1.7862363477485883,0.08782198505890058,1.2422406276977727
-0.5540758281170081,1.2975584432286107,-0.678273103596746,-1.0076533958706482,-0.7311620279833572,0.6179093163563975,1.6958472011486687,-0.5645472033174398,1.8401911317846844,0.9768536032775109,0.48563266834192376,-0.06794587514984109,-0.11276813788287744
0.45930209044108367,1.2032465855715178,-0.37228691336595365,0.759374959273264,-0.5677945908650552,2.139950952219467,0.38063393385666955,-0.3038212021512704,3.493461913244489,0.3579348017239116,1.07761671069699,0.02498214658660193,0.18886882257544335
0.1547899710154161,-0.1673037041635771,-0.773070101971324,0.9103345638911963,-0.6197874447615405,1.2980249712911125,0.44092225527442586,-0.03966102185762588,-1.4936568101273018,-0.210490332906031,-0.6913797977913378,-0.1961346792367597,0.6901001379530256
0.583745047486801,1.6342766390989225,1.948203804393092,-0.08432816330446968,0.03583774625220241,1.6788418431580068,0.23546737515936714,0.40795142023720676,0.1908656317042187,-0.2629271702069996,-0.2604205442178581,-0.054610068567821586,0.30274493421324433
0.6594265113848574,1.792370891169024,1.9215290208243663,0.07828441070496212,0.05623644814826556,1.990316224222382,0.5212453211285176,0.6652727561444046,0.24231214030283615,-0.24301247198134662,-0.20733963367736172,-0.053114250989941235,1.0532785071753379
-0.8834812578383006,-1.4137874410166917,-1.0821288169082253,1.0695903406612985,-2.219423530136959,-1.2568212211478709,-2.9896992914420033,-0.6815810424855188,-4.527715430546346,-0.30619563145252576,-1.6732207313335188,-0.12377079232647611,-0.6382536711026394
0.41947486775720283,0.2349132698629466,-0.034610225575613884,-1.6388385203977427,0.5034307568005495,-0.4649354920763936,-0.1498682753840047,0.40933343268698086,2.2569493923864017,0.730759103378902,-0.21399639741517607,0.0808687245931166,0.007931971261277808
-1.194199875219622,-2.2656663288279533,-0.9593716609286554,-2.7145172386057674,-0.44314719525786733,-1.6861494129420156,-1.3594521897130956,-0.6335393901779833,0.9757450080062782,-0.4333469737926498,-0.411596939152417,-0.1882610574685452,-0.9644850589091786
-0.8767848709924144,-1.6410203932836243,-1.8201387100190753,-0.41950354727709455,-1.0743029640164847,-2.9069343233662135,1.5752589628069353,-0.3324006379845864,-2.847235891080151,-0.20599054552407742,-0.4809183504121999,-0.030941452645282832,-0.5888328134139172
0.1973164248776933,0.723992444899761,-0.08882254672236745,0.7948902699444444,-0.006325318851094219,-0.38208930828453375,0.634580338319453,0.28593462436356487,-1.3083889806317166,-0.14704413460878038,0.07907841534457276,0.02705793742504384,-0.23531272993526522
-0.4530122308302412,0.8899085706088228,0.4835190267283988,-0.9170869029573319,-0.29771517860638497,0.46511366818979805,-0.6479630693189232,-0.07008049915001416,-0.590721848604735,-0.4482734615016832,-0.4222928316640252,0.24388244482986116,-0.174277995790148
0.48878990881869355,2.0864164097824442,1.7789614928415456,2.933342729015534,3.1698565168394186,3.9080489438435873,2.2720392117457875,0.720108615392819,3.1328282931547915,0.051981320618910414,1.3585349694021156,-0.02890531585396576,1.1252265059901394
-1.4487929747558923,-3.542467870663128,-3.8603705196206772,-0.3329709583422583,-0.5971025050328009,-1.6310337217157296,-4.243095464623636,-1.1325964675879934,-0.354612547318037,-0.9478699312860976,-1.100443102599173,-0.16513034047403707,-1.1336076027871524
-0.7997793614202074,-0.5415382680020088,2.4523511266077147,3.025503077824186,1.661877378221834,0.27559608665036256,-2.338060375697807,1.5964023681419592,1.575903930908276,0.06472262038538854,0.05358674296229666,0.313228371358192,0.7337808829080313
0.999289543135609,1.544454097624661,1.077845020640331,3.309607820044685,1.4859388396293955,6.656392568223075,-0.5587886425438856,0.5148358274804842,0.2654493747884408,0.2566945321102522,1.2291830985770658,0.020965738873411216,3.1175964898869606
-0.3078108787614231,1.307313121268267,0.4751416339854608,0.9632017433736474,-1.4264108718882518,-0.6878926282303613,1.4122934626912074,0.11578540275028594,-2.08821958821836,0.8205783244667365,0.1475242960587558,-0.024614770613714202,-0.15567953276758384
-0.03279432854925601,-1.8667207349081418,-0.8833092722263087,0.37026872447950554,-1.2280762451768128,-0.4687830365604412,-3.5175200148327797,0.055993948594873916,-3.335202247130736,0.10756769889499984,-0.9898985360068681,0.5213913113597987,-0.45804400484698526
-0.013271921478315315,1.0743131798138426,-0.5628641736103842,0.3504197537009086,-0.7878748832042847,0.6231403574042227,1.8156371414464791,-0.548187773105585,-2.2493409177950685,1.2051436361572188,1.1712287261864793,-0.0379483024387931,-1.1890829232060869
-0.18479869977157154,-1.6446650383543842,-2.023741752484607,-2.2459212498211616,-0.5441021873196588,-0.939629043078619,0.1297309634063598,-0.5626581181332262,-2.6139880781243043,0.07269865931166956,-0.5457253825711086,0.6300963130391513,-0.17282135832873705
-0.6752474270921408,-1.782404918375736,-2.724987446114214,-2.2106761104613546,-0.6088619609337508,-1.0385614436864854,-0.8574874984229813,-0.7005356433237386,-2.6519063992265406,-0.14287128736523702,-0.4875437121848678,-0.07174582460377782,-0.7927188085112721
-0.013541787886060783,1.0669480754362626,-0.4894353609563162,0.8946325105397652,-0.4607725712067137,1.5416637743140262,1.7673233706416147,-0.2347193087016544,1.5192903886036948,0.8743744501368038,0.7751672652860481,-0.025752864762002472,-0.18816471901929221
0.5593244301926136,0.7546903349873089,0.07291009350731548,1.0688649268391437,0.012680417372224325,-0.3302129892104617,0.683595900530927,0.19433032822795207,-0.6377462531383044,0.16694792619802884,0.6464043690797148,-0.025221101822228094,0.2221754676755518
0.21653685655418997,2.3063568734442295,-0.41740438662236573,-0.7455740239631592,-0.3156518204717172,0.313633725451202,1.2646466733463524,0.06946131900677245,1.8746484490804791,1.0832946058810273,0.4489945447514765,-0.07565072839613998,0.4143913671366561
0.024449313088423505,1.0755368555357885,0.044647629057419466,1.4554608585706186,1.46585876533089,1.32774683483928,0.21405663326123917,0.02434613566586969,3.452436594979631,-0.15648349675919015,0.7483202904240333,0.05752915838215911,0.06016298986324616
-0.16288109174075843,1.1435370279703703,0.16960506423945643,-0.32293151534033115,-0.18049206699451642,-0.5713601047589651,1.3994597853813318,0.025541772842148574,-0.9405986706141586,0.1615852142358199,0.15989906711089943,-0.017534148402305046,0.002528050412010041
-0.38434504734507446,-0.09412085397764013,-0.8059864020264812,0.3019841679692683,-0.624089133307441,-1.256656896861839,-0.417602515958974,0.06558798265048406,-1.48436398690256,-0.21672480632111224,0.9546088918531311,-0.11914968587302914,-1.321002914976432
1.3731106361156944,2.039280256915372,1.27340942274986,3.48790260923716,2.149282551244315,3.3374205922821734,1.1566272664124453,0.8156471716576361,3.8057569699188583,0.14049195933983538,1.8224808173595615,-0.01722916742735016,0.6498818211451481
-0.9679087820680192,-2.004495244476841,-1.6105324060832045,-0.04874215499808396,-2.0736667068023245,-2.4744789624020154,-3.262051924843497,-0.965100025676398,-3.0362521269534613,0.4143087567673582,-1.3784182992023934,-0.1008708749028545,-1.5510843213269898
-0.7247699078112942,-1.8612922848698996,-0.9097240671851774,-2.9830246180973736,0.004882148032128355,-2.851052860325048,-0.7782571313046437,-0.4823437163329476,-0.9868283845197099,-0.7919310326010196,-0.26519227020002706,-0.036077871233638786,-0.548546226971731
-0.38292606501270904,-2.0771255206249446,-1.625803059134632,-0.2874600940451231,-1.4125475582154468,-2.1096558063281954,-3.6795600066887633,-0.8608031979286008,-2.4952521664519907,0.3044077365540175,-0.9228168368474063,0.12963594507956358,-1.0031881706194126
1.197566291371671,1.742207440956392,1.006612409379126,2.415381092476762,0.18218258404276427,0.5600829619096801,1.6415776321674798,1.5482586087286474,0.08423507169613405,1.5344417688612724,2.4069712527189404,0.4681547782068244,1.0214927743157993
0.016921707861539386,1.1657379969757882,0.7204532765384971,-0.012664433882778745,0.1328079026973703,-0.7543131836452006,1.3401931025413798,0.224300284354637,-0.7768818760916798,0.5607530658919778,-0.21475485362578184,-0.012437530333797115,0.2298484791629016
-0.7197307786097129,0.17491457005885136,0.35702918747698675,-0.5381252825839654,1.0820467998516854,1.1292161105798244,0.6574915309912627,-0.21410504108501813,1.6665214637672117,0.08302530368427842,1.4684091757294822,-0.04236682598220386,-0.3079213975194013
-0.4216797804881611,-1.0830323054946749,-1.1812289111559384,-1.9046784493332316,-0.36524551975696035,-0.5665435299745555,0.5049225063813435,-0.21742754048978294,-2.0824373057795067,0.04875580948829248,0.024516811107492313,0.42156708066455195,0.2390565370897659
1.2290901971666608,0.6903423085074045,1.237946730229823,-1.0916666628570397,1.9418008408452272,1.9524139386436186,0.6733571654573705,0.6256020141253247,-0.7737345508129025,-0.14768395611291954,-0.32549227707488976,-0.07337901306959488,2.087248026532147
0.1647411715231525,1.4118953778788754,-0.1843992384026448,0.14838729384458724,-0.4570667039577124,1.4624957007120576,1.9554626653027825,0.2567548283344755,1.7524063286475013,1.0433806855469525,1.8352602431188438,-0.026808997824943243,-0.006655924244162935
1.746800426889935,1.8291260581230746,0.5053017659190424,3.5158899373664614,0.7431529924149315,2.0289997423178927,-0.14219135458529408,2.1563395961953535,1.925833870482683,-0.22990863616474805,-0.46548166732148577,0.18085352073889224,2.0207714249291975
0.013071066860316536,-0.5177564831802415,-0.8263516845166062,-1.2708622079008878,-0.07350870093537705,-1.5958372412544362,-0.4615784484277376,-0.18795839537711193,0.9314560533829758,-0.25905628126916574,-0.4114667650260446,-0.04329160023480652,-1.1918201378621682
0.8338770808207079,1.602515216518401,0.880990184954264,2.8443768427345075,1.8309917866573144,3.7702117944436364,0.8320371266609679,0.8091764617196494,4.157756106946618,-0.040018433559323774,1.5759565305451138,0.30879584270736427,0.4587195698420206
-0.42882047348086627,-3.676870559274426,-3.0001269107762103,-2.017006066037963,-2.4600609071164703,-2.615961326748753,-3.1496451963380814,-1.1544461318638384,-1.8443071851682749,-0.4166452128119352,-1.2450693892227074,0.005880777626815801,-1.7269562758815784
0.19670412448648783,-0.5509562188029911,-1.5041366919606096,-0.697641823681382,0.6771988374776104,1.1563856007432978,-1.2559540698289249,-0.3563807053584606,0.9856186055014321,-0.33874249199767503,-0.6463981668206139,-0.15061512547441655,0.38055823303500413
-2.5317149517773134,-1.5797715753583343,-2.1528736002259476,-2.243958095287284,-2.935850692465255,-4.364594090926823,-0.874390940499078,-0.9886785348465974,-4.023167833995929,-1.9403043843927383,-0.6585093421670092,-0.07254191101166521,-1.9565945563855998
0.30598375646707904,1.304639928941098,-0.28470065801921823,1.7263678844138564,-0.40857436481811515,2.527939739032752,1.8335218597638112,-0.21324418365230996,2.945385592857169,0.9638514165047347,0.8743554268177182,0.01117912507978152,0.2533318289053729
0.05061459963416886,0.6632450011858925,-0.19493123110642452,0.8176320584899645,0.0009438551212144208,-0.3348596561249966,0.5831196365598592,0.3705495054398973,-1.2961621650732635,-0.16214222068691414,0.12204807272594836,0.010031953905709169,-0.22998400670734956
-0.1978494749368273,1.6784213886606616,-0.02128053702776193,-0.004945487758506932,-0.6672460373444484,0.792573425481096,2.5100703603329353,0.07014943088353087,1.515099714413906,0.8845794359710999,0.6458592208945712,-0.04545992617857533,0.0297182246137204
-0.13850524272666204,0.3065782528463752,-0.4333082983259939,0.6468100711672258,-0.016711104954075493,-0.6021852265375977,0.3854752272962489,0.20115665060364546,-1.564725027287172,0.1465274533008536,0.9239060402009637,0.014676098721101871,-0.34334676926438196
0.7031210762761638,0.4609509162234866,-0.8511283325864416,-0.874254336632892,-0.17922015726255874,0.6132520001614467,-0.11451248730067166,0.17663037162843268,3.093789427728496,0.8830648219709596,0.6654749614031366,0.02639214842373307,-0.1385677373812843
1.1374418530957258,0.3324788610078395,0.4486951865705973,0.7407416618620561,1.3104372647567655,2.455717657790002,-0.8093063855176378,0.34556272970719465,3.466944479619722,-0.4266044400058066,-0.20033357097146398,-0.15786849700199024,1.344930066151234
-0.5217799911813604,-0.9907386748213324,-0.6481439038619604,2.8565523731615396,-0.8095999736245721,-0.6904563146741647,1.1381604568810308,0.0832636034576636,-2.601789722864309,-0.8003070056359541,-0.6204500469975434,-0.06632172291011856,-0.30070569563967486
0.4519457780719838,1.3707505001407119,0.3157032651945742,2.0229542516715204,-0.47937590449893247,2.143824086060437,1.714367189315251,-0.12897091610719358,3.178721667623872,0.8931635366897619,1.5184494321617406,0.03853554680581289,-0.06965683042382188
-0.14242908956069084,0.6974698611152255,0.6724997862490514,0.711945034691857,-0.654513426413242,2.003593285612555,1.8955285466508944,0.1365465197205129,-2.0238224889058616,0.6130302559659403,1.194209662393874,-0.027204800554188995,-1.38992790576381
-0.6789867595733247,-1.5223689924946262,-1.9791534140224876,-2.517109959800728,-1.0112618070235473,0.16355748905127665,-0.4021822158495585,-0.6832441768505504,-3.5849106245081774,0.21246220473225946,-0.7952948220063827,-0.06865664707703713,-0.20297385482427968
-0.19471281417438546,1.067929222702773,0.7179817530000585,-0.5418211729307141,-0.2276790668841244,0.8648997482362514,-0.8098887136557862,0.30400022359099244,-0.4828220073645934,-0.4420485841705359,-0.5090837313995384,-0.3109634484681818,-0.17487202877437488
-0.19528134470909,1.0283970762592638,0.6620199489101976,1.0705412234008935,-0.8809776919273037,0.026995003543690728,0.7804775992242826,0.17826690127400477,-1.4144756340064728,0.7253986128424811,-0.13331076298788605,-0.012084799903548313,0.1267635097256345
1.0286370421071644,2.4464736400332514,1.8207605074128754,0.769620552292197,0.47393179860535195,1.9925156069818573,0.15828216104380172,0.6876308058569623,0.26871546319841105,-0.14926110765120632,-0.438953206683509,0.06593553593951379,0.9715751503708048
0.33254381151869894,1.3721158202251211,1.424767851041009,-0.4286980064063229,0.04295063678744353,1.1755026532616464,-0.01205137329641724,0.307923055730967,0.2992014153995035,-0.1673307345414327,-0.2509434035379027,0.33403654832962076,0.41570318651592564
-0.025510854194354633,-2.55923568794064,-1.6965448424432221,-0.2266320778657166,-0.5578863876206905,-0.7615076023728278,-0.9422576162446704,-0.4835353631458969,-0.4241717019547811,-0.3008889670566553,-0.8388643356645478,-0.0740798235234494,0.4985183826611482
0.5607919388285114,-0.8523213499556812,-0.6027157231717782,0.09970025515675346,1.704950458776309,0.7875153557061114,-0.8600604317275183,0.27579297798582253,0.574757413042502,0.051155640481350295,-0.572284763490057,-0.07613411264494058,1.2677157345279637
0.0952122694450534,1.4905420565149852,1.5718020545717126,3.1440622436110344,2.040662401279745,3.262818918539107,1.4203485670561597,0.36707682627563687,3.257749927371947,-0.17568303490523215,1.2363088598645606,-0.018093315038519606,0.5118215386145232
1.031386513423382,0.3739951258432119,-0.167233339812503,-1.1818156618516271,1.881650927484346,2.100513691050518,0.9687021908365812,0.5109614935713923,4.462111103505206,0.23794824136628043,0.940521495630965,-0.013962099498344809,0.17362257705535733
-0.08984407631137092,0.025995080486043386,-0.6248055487221831,-0.47814558919881367,0.9449123109437318,0.7527003415001351,0.5839655195587935,-0.2747235312457714,3.5763607493477556,-0.4375570497827399,0.006085736576933466,-0.07634627883426015,-0.2869880940832404
-2.2377788620959556,-3.0183231362446934,-3.592407766633874,-2.438967692746212,-1.1700806536080521,-2.9076136218808184,-3.946058119016235,-1.15873135638268,0.11105680019698205,-0.567153054010123,-1.3116977245174348,-0.16709696233324278,-1.4167194423731417
1.1324387798685993,0.8807078670539582,0.28014695795459876,-0.15013631835114222,2.150192421943259,1.5229291325279823,0.48521734893166774,0.8123536117545639,0.08154139687617619,-0.08213868592762294,-0.09324020155912477,-0.10894820198313233,1.5707660841615871
-0.4578145517031145,0.5212412505917664,0.0920900865768393,0.8091583258756954,-0.5553443914988181,-0.7245894198507691,1.153297159775264,0.4333759877810048,-1.2131011634211366,0.7830510070216326,1.7107009520624867,-0.05288132374588819,-0.8030182226354048
-0.11330055322808527,0.3816841558346318,-0.3979718753266045,0.5916909309285177,-0.025266092143073262,-0.5051831663829377,0.46746384629565807,0.24337208196882987,-1.572962880717177,0.09091736440495082,0.7561446942094094,-0.03454732862740967,-0.3258520962929146
2.297987542113082,0.5990293827223486,0.14694560639870646,3.812790861440202,2.722734136324789,0.9088180876864738,0.4078011930392434,0.1726172507078283,4.220110340773955,-0.08686624557659445,1.9276017783157942,-0.009907855487739084,1.6463431006789
-2.3641423315456556,-2.5190872184088864,-3.638762878303208,-1.2227490359011834,0.06498814153743702,-3.520614355420177,-3.8396057799913814,-0.7439911677305483,-0.16390977792079667,-0.03198026086048537,-0.9239667437158321,-0.17450395239310143,-1.0634520882983798
-0.4643854935099891,0.5727300157630816,0.6239062538727497,1.9039133471633412,0.4302774770992498,2.1558503271804916,1.211312028631154,-0.06621800593928344,1.575739956289116,-0.33884493568032575,1.3664709734471723,0.005621763698549578,-0.24614744237624114
1.3833969821532568,0.9754463447040567,0.24912938073717264,2.3776534939267564,0.19923116110834402,1.9237592852094936,-1.208096482691148,1.3675872517796235,-0.12480165766552093,0.4132084109318547,-0.7759555604929727,-0.04102804983629742,0.905383625391146
0.27704826561553,-2.104282167377468,-1.3925366065646003,-0.5511036070363803,-1.1263340761434908,-0.494115411833239,-4.651262830816623,-0.168841432926452,-1.4711706466900392,0.1086054198873333,-0.9702769456301916,-0.17908601743169128,-0.8678360009304662
-1.3808681986351603,-2.482797154497562,-1.8749150549827351,-2.910600876087943,-1.746911405825263,-0.8191916554400489,-0.42780614225556035,-1.3254246933452989,-2.834353554308311,-0.20999348920097352,-0.9132397084320998,0.1619729950868837,-0.6803420143781436
0.17666786676816024,2.237521637717986,-0.4793221739749425,-0.9341463953473917,-0.2854160955098148,-0.08469942536877673,0.9233841371606102,0.19559859733769874,0.2552130890322022,-0.5005007752131981,-0.49732292497039055,-0.032337498848533465,0.1324206194030639
0.35211666365800837,2.5378854935132487,-0.43506310988631514,-0.7099182908989801,-0.24886336425189962,-0.1704590198400224,1.0406873863790596,0.148798188094774,0.4626294138429997,-0.5895762183786266,-0.34373656532778923,-0.10673860156339492,0.4104966245958994
0.1257848819505631,2.244834934280306,-0.348943753607778,-0.8236709566046999,-0.04203642649886509,-0.2546181905417082,0.8861102162893962,0.14253051901650104,0.21856405471037654,-0.5369603158704314,-0.40888835125628664,0.4111512082375379,0.13302063423260632
-0.20576608939199817,0.9191177585741711,0.8386602453696024,0.8609984529427147,-0.23507933573279946,0.8129958705159112,1.8800207222066823,0.5091927445348765,-1.49439726461139,0.823350713547164,1.263206039694034,-0.01465920975173106,-0.9474409420878835
-0.2274363725456513,0.6659779524536701,0.975501960157417,-1.4725287469285022,-0.651407607129982,0.8063501068235686,-0.6191358446454008,-0.08266392017559457,-0.16601560968181328,-0.3620990420867585,-0.43455986442147854,-0.061920056882728315,0.04742111318874071
0.06678781883377173,0.3571806037550169,-0.326675318573705,0.48062675624154505,-0.09797676158396319,-0.4176936437303407,0.5018984676297339,0.24495582810137417,-1.6124463897653751,-0.21864152755174374,0.6896103775997956,-0.012945577825109118,-0.20628512534830307
-0.06889672412252468,-0.9408464580212927,-1.0625334588665925,-0.547615064911337,-2.965135228842394,-2.9164877570371353,0.45293422484615203,-1.1394137023402273,-3.7455857760604068,-0.3000633423956524,-1.5754366079487627,-0.27964362151739686,-1.4305903553879924
-0.24216044323596492,-1.2885761260269726,-0.8033163990830587,-2.2850650258207073,0.9120101614712942,-0.5074485984573969,0.12772420203313242,-0.3419078335005583,3.2229472812966233,-0.5676951476683219,0.03951080776544079,-0.14190258175186393,-0.23716538000800128
0.6719559667833771,0.4153545849325341,0.619367225594146,2.251484394587784,2.3491713447527336,2.1423349908604807,1.1099126337339273,0.4756355310096924,3.6951478948299257,-0.1976339579808215,0.452844718310775,-0.028185553917298996,0.3814720445183209
-1.0256656381958678,-2.2537480025443557,-2.04958528321314,-3.174970471491106,-0.956905622953911,0.1313654006598518,-0.8608300608018826,-0.9233874012470348,-2.139766766462838,-0.22983303190571144,-0.845019152880025,0.20037748302643496,-0.7844611693225386
0.2602054156114659,1.2445051709050308,-0.4771978555919809,0.8781158240408533,-0.6012510831773075,-0.6822329414573807,1.9402962068183764,-0.495149080070874,-1.4908411746203072,1.0971609159051958,1.105054023254456,-0.0035094276525908467,-0.5131433818903235
-0.6607604373867311,-3.238368572325238,-0.725871136445138,-2.1813933070671427,-2.9116168418066173,-1.9617637114904614,-4.8272441013597165,-0.7353330762068634,-6.51998729902009,-0.2461521886299466,-1.3204997337180087,-0.0919034713879227,-1.2914011149175673
1.0824811708228665,-0.30136604148532364,0.25435555371248875,-0.8957055036733963,1.6961837512102078,1.2631286881274233,0.8412963016010406,0.8372676266709136,4.194321581626104,0.19572942721114184,0.33297524590924804,0.04914039571355617,0.0013813650830545433
-0.2796293790692773,2.607724787807609,-0.605978747509782,-1.3074616387188949,-0.26145813081620467,-1.0037896974129967,0.9517406321716653,0.20860806906363005,0.024090576185068744,-0.33163841535621835,-0.1990033342536643,0.6197625066275295,0.12491829099469924
0.5674151336060215,-0.9157717791872305,-1.2592911099539035,-0.7422628049500699,0.0972780452391857,1.4408021818256624,-2.4225255932276037,0.24347072439190626,0.30452613589043426,-0.08294573263782593,-0.5939692657306378,0.03279047868887172,0.9007052209994034
-0.6465098517884812,0.06510776180463536,0.0923430649121292,-0.3670511024323706,0.6881626221413415,0.9344284353772593,0.35551149963194306,-0.4754649367982833,1.2883547141439178,0.0035271266754717317,1.0880930057861327,-0.07439646075272731,-0.523002116342541
-0.5009176704629014,0.675456319960714,0.7907272209578924,1.962117610059472,0.3769155996742969,2.4519283904647455,1.0409924219665116,0.03912548244258196,1.58387623561184,-0.25384313606760567,1.8502569287078872,-0.036722649127865825,-0.03318768639324435
0.508864030869057,0.3665609814795769,0.45821845573321407,2.367225631927658,2.449949342605865,2.71963564020685,1.1394293478878934,0.5848538362529749,3.838722390306648,-0.12761232593614194,0.32302131933030775,0.04019287929482129,0.30474518192362854
-1.0798028434388758,-0.09036422774092195,0.5249262216640633,-0.055312966676428994,0.10184919850797286,1.0668017741323759,0.26942032642817726,-0.542898510568775,1.317167808899863,-0.04318129018958029,0.4036943060511515,-0.05674752615573302,-0.889782520139383
0.10775119934851927,-0.016439466474888215,0.2573579499984367,-0.41012312252074484,0.21004887708617997,-0.8823252698209967,0.9766820303179949,0.30458475486582354,-0.5077517480884368,0.07844170327298342,-0.1442848706405816,0.03601768445740969,-0.18394949295920215
0.28429295995272696,0.6272495226533565,-0.06680986240195737,-1.1926576702177734,0.19284630370895484,0.3375935583647032,0.7166484184467442,0.45677265356139596,1.9243208900275124,1.027564096666562,1.1709918039191203,0.025177063917896394,-0.13590361304658766
-0.5723691524986904,0.876112204425606,0.1160114532198188,0.40253478296023487,-1.7848382628574555,-0.7588696815114881,0.719899575052938,-0.34345288587915196,-2.2798700740221993,0.15892772326763305,-0.13385910297640502,-0.032200353509720565,-0.5721743008046825
-0.539329681477199,-0.356241068801739,-0.12359372973545553,-1.8761762953301269,0.5606136211829208,-2.0532086380258097,-0.46066144729705727,0.19464273627071332,-1.2668631944360418,-0.3079319081465818,0.9409116755520357,0.015851653005099973,-0.5777292305363031
-0.1879240780458269,0.7402162909393925,0.5693745095557016,0.7216997532111902,-0.7534629737756526,0.2989613001265872,1.5607986013756856,0.36666615766162675,-1.7952982927481125,0.8749946030244851,1.202259734055648,-0.03721136980172662,-0.8673205193784088
-0.49934640279634757,-0.8325361510485203,1.6080546073809578,2.4182327995195783,0.8430652818634796,-0.6948544214878025,0.3023425043074208,0.08524045797504692,-0.3696385534568173,-0.6000663916554508,-0.024191367244089188,-0.08926278613688833,-0.108480424885638
-1.0046632013283672,2.279536225038788,-1.2903363146190532,-1.4417460019881316,-0.8512432883423754,-1.3007141975838588,0.9160234425633423,-0.2405763037544158,0.8197416701819747,-0.5754490810073912,-0.5050366807741941,0.07841389921959493,-0.23706798718336763
0.6933343522783575,2.442106676963158,2.0308373211448396,0.49916980347803075,0.42558645164412967,1.8274499504684674,0.5081843864457268,0.8746368340620151,0.6535862855701189,-0.143113140120792,-0.4268202985698977,-0.028872684093916596,1.3217540520310604
0.20252934786387614,1.1849361875668791,1.2522709755992725,-0.024162918647440714,-0.29862902984850936,0.8796254872427218,0.05644449798752449,0.0052538329600874,-0.06240220524370679,-0.17059288054187263,-0.37045539374101066,-0.0129526633619228,0.22550061520551226
-0.6215161168223453,-1.2309638515321746,0.2301199859709272,-1.8049030047737884,1.012736229406049,-2.3290963850015154,-2.2273283116860934,0.018011773778125642,-1.8259887233438588,-0.14492137267512994,-0.7959485760429462,-0.013718200099085328,-0.04460458792642587
0.2264131667842674,0.41361912058304173,-0.3879631758062168,0.7453387728912964,-0.20140533720350093,-0.5467032564467647,0.34498386536310943,0.27264838691749094,-1.5793969848772718,-0.23842767850599358,0.8270273927024876,-0.03979419626088601,-0.4239985084161162
0.24451391028343805,0.05645101043499165,1.5803494699878824,2.859444944853895,0.7939506787780877,3.7385928862604008,0.6259561766699581,0.821766562428222,1.662275747541442,0.1450862946397521,2.19209710360039,0.09902935576314721,0.5171320910653515
-0.6352734373051985,-0.7698984225373717,-0.18668642691388318,-2.2641850849729956,0.42256717244473596,-2.131514715437984,-0.7901827005038246,-0.18617909198833837,-1.671526265718922,-0.3259493751968774,-0.17178476530075493,0.02087016478724155,-0.6453791772496577
-0.38531474241572955,1.0741850075130868,1.253435715367604,-0.8733613272585596,-0.3848458164371552,1.1548570706534926,-0.8182648454860058,0.19652854407102696,-0.8709134489266823,-0.3694347297100143,-0.5310786489428331,0.09276072105754997,0.2575572418612945
-1.205758561216709,-3.2377136728920353,-2.6366677372390406,-1.0371712792638896,-1.5954728976052461,-3.5351439819865234,0.3616417342186392,-0.9554117112011752,-2.6689952665939933,-1.095169847261471,-0.9162725998111999,-0.1148220532170186,-0.9804193456106199
0.1911494901194238,-1.6770007793134492,-0.9980130577516848,0.3220204427150182,-1.0098002057972675,-0.4236685663244376,-3.4925363049242226,0.0014303322470125988,-1.1531871765112092,0.14477709276549927,-0.7192845401659402,0.15812480148238442,-0.27587518294600577
0.6598301551850614,0.7004191112476919,0.7741956964176558,-0.26985221378298263,0.8415009513730182,-0.22912369883645123,1.5933971603481203,0.6494245896229727,3.2752171202133304,0.06039205313091059,-0.0039891488958771915,0.07435294473492021,0.6811134232376288
-0.4042724820663635,-0.13571850690499154,-0.4301435486103096,-2.134009576733741,0.27752928615909894,-2.3654232670969537,-0.40722886320927904,-0.3202788365280463,-1.2032085034817768,-0.6411626828976701,0.46879212615908017,0.06788220380665734,-0.47463930401071497
-0.8940953409723524,-2.2579825086257834,-0.3068016004888343,-3.1724217816261153,0.5923282162387234,-2.9932636803869777,-1.6304639016645444,-0.21307873396668586,-1.947507867862522,-0.7791874203163508,-0.21298926610706592,0.029401873354023864,-1.5446010327732398
-0.193107356315013,0.2821738823216099,-0.46100357579196705,-1.7956506141518345,0.27270693906220717,-1.0494706540614265,-0.63575579199733,-0.13394940955952428,-0.43159489931202394,0.8943213080200884,0.32064444172842843,-0.06018020368620961,-0.21422687501025697
-0.06310358670436671,0.8007299193654518,0.2362168748863041,0.12363215885332066,-0.02034256868064404,-0.5595626208651809,0.8428578906599432,0.26175420063159743,-1.295850968344344,-0.23802657506014738,-0.6982769699405051,-0.02431530981635048,-0.48480297421829555
-1.1347531176749102,-1.1015437431426511,-1.8804859700209156,-0.8586725302614892,-1.0479466092604628,-1.6348125590601312,1.0366762156205047,-0.31220298404520785,-1.3777680968405266,-0.7393674835324701,-0.11912684774802362,0.19301369464257745,-0.45947412891002987
0.049948830364479,0.07045029153788665,0.18146802682119112,-0.35636513957339866,0.2155368852103129,-0.8170700515009873,0.9859233473567289,0.280857178120253,-0.6386264512418871,0.0739377930377507,-0.05773424030436821,0.004767876531825264,-0.11648920117360029
0.6274650491670599,2.6723035514830715,0.8798296413731036,1.1919038659805012,-0.2644275597700227,1.5705123269889087,1.4901343854035556,0.7197098819789894,4.328822934869677,0.8624643871726259,2.184701797508427,0.07139272678928042,0.16363426684505403
0.4194959986437526,-0.20125829579593205,0.3563177392567093,-1.4996388409736876,0.6027996128901011,-1.1171415720003035,0.38546412111363476,0.584212644904231,1.094943258568334,0.5550166179294077,-0.21370980944381002,0.18656125774529442,0.0733016977984355
-0.14037705722937574,0.24114477070074328,0.14823971486676274,0.7909244934425481,-0.5928976681388707,-0.3923849974929665,1.0349584363129298,-0.1564451818858895,-1.7938876275123201,0.3591801964610608,-0.19607348429685872,-0.04944342145954975,-0.3913211875232973
-0.3359173385110787,1.2018661351926212,0.7073485006040171,1.0820564802394559,-1.6054929392577877,0.16106461552126955,0.9122142755804172,0.021714507723227153,-2.144563505556435,0.9415867728315709,0.8619989748350859,-0.029273634044867443,-0.029848829503171113
0.09041225527930596,-2.4407515475583375,-3.217909259728364,0.6268079127692102,-2.7237352824200776,1.6562434857928503,-0.9983604577209592,-1.0639734654470034,1.4242399034405957,-0.5992232375721345,-0.6211955186941972,-0.18869897906306293,1.2474709204284267
-0.296867288487653,-1.4073544525660369,-2.438596652240699,0.8134209232021951,-1.4506024987993038,2.1352516901521534,0.7101008663947384,-1.0834062662345563,1.5283218835004506,-0.906345169705649,-0.9282303695561779,-0.19124130668739475,1.4525034897197555
-0.19380623687576096,1.0558515603405736,0.8653190922483592,1.0418866583854993,-0.7830259419035996,0.09682291113254099,0.7655515817252709,0.07713430954195148,-1.267147156156393,0.7757902278187168,-0.10176574612657226,0.021947093322459213,0.018211499870651307
0.16179096194501558,2.6740208271601134,-0.03295817812232089,-0.6173333743338782,-0.5102859226221012,-0.5963469229886929,1.2202744300673818,0.35107843780683157,1.2440489240616772,1.1126924320486271,0.37929195822837447,-0.08488117854162633,0.9415559435309844
-0.29819818367560713,-1.434212017777479,-1.2397628121083186,-2.0028995734789508,-0.5047414279982655,0.39483439519328795,0.2698134496425174,-0.4805809854002049,-2.1075592289714966,-0.26416786656301056,-0.7179964248965391,0.2818173696794029,-0.2247062720461851
0.6117991561644399,-0.41765848078454526,-0.12900427495232883,0.9661513482173905,0.3216786656859847,0.06003339724097819,-2.0427958526110483,-0.2851456111390143,1.8479009151593264,-0.12037793943968916,-0.6248771143942657,-0.09574428417305977,1.0166199816980708
0.2801877297776647,1.9321493204274323,1.8127505397936328,3.0809978430562963,3.057308728123188,3.8531995917649735,1.7156556346489944,0.3023417212307037,3.5430838521549277,0.057247740489223986,0.8127134731287761,0.2453619707468898,0.4732462534598181
-0.04117618702921189,0.81211692668808,0.8284737552505814,0.8274773715772772,-0.48250143307105947,2.5364067367691963,2.1055274049275456,0.2444844812361728,-1.585777921962759,0.8466219897816581,1.484427787035497,0.055681415298022285,-0.8028772035163515
1.444430148696734,0.31884390741483215,0.6532001633486815,1.810951900537539,0.21066493677389286,0.29597090539625953,-0.23572829442874854,0.6376061227519271,2.2754712177580223,0.44904857526274594,-0.39697208843349174,0.1714298554934146,1.3426224827155884
1.0953783944756208,1.225549990752091,1.5787679654809954,0.35919021732768874,0.18892152121911443,0.9272126001655122,0.4944080139365461,0.7963296460913907,0.5787466589832264,-0.07704699248489408,0.053770810953444846,0.1658219470844292,0.8336129134526061
0.47817848970854854,1.173035176668006,1.6871843201946464,0.23595549903447843,0.1228884756813447,1.103485588020024,0.2229984332145088,0.5745688027629836,0.3628809452569111,-0.06961244087459308,-0.4398780951819691,0.15670990168194596,0.35464433987547334
0.4272593141849049,1.7427002677295564,1.3960094532318825,0.810867436739823,0.43020300087829444,1.1716846818094035,0.6578101290881427,0.41036433136711514,0.5392511299759564,-0.0683315201383084,-0.16587046493724406,0.06686144198497966,0.5657850160713619
0.8920698289531802,1.8019119107692194,0.2899825849208153,1.3498959587286745,-0.5421452334616332,2.8036951076011696,0.875495815264682,0.2206757404634521,3.5077897450255446,1.186242063064128,1.0983128585128323,-0.014239086050333243,0.29012321752909975
-0.8530549957153077,-4.674739126928875,-2.9214490532336965,-3.1212009411538033,-1.9222523825160331,-2.995639497586008,-5.034537630072382,-1.6904170965134266,-5.026080317877543,0.03965624351054446,-1.7701567989939617,-0.15200306490063673,-1.4360876729199665
0.4241567180771381,1.0621385164372623,1.5354836926169486,0.2450657608848996,0.09816008218538225,1.0535500780205864,0.4030126636263191,0.36065027300785807,0.18388082561031394,-0.10056107960305075,-0.37960321379722,0.06787661415783477,0.3012249238007805
-0.5976960053739863,-2.31036553578503,-2.438826173225728,-2.371262924689023,-0.7407204275966311,-1.613314351646954,-0.009860015575670407,-0.5006980794937247,-2.590421624754607,0.31064094244243795,-0.5637161035556342,0.642993828039099,-0.5255381407547328
-0.5338594559155819,-0.023168939033057525,-0.04375658414895741,-0.42329269661775065,0.9964844147542801,0.867930745340677,0.7446184836496186,-0.2093709878877013,1.6834589630241192,0.004544590128482222,0.9173567197761601,0.15126146372097235,-0.7274552617524752
0.5656778773862041,1.7527803781452693,1.8707661221036689,0.36385601301470566,0.12752800693321556,1.2511082241166802,0.41081591083719926,0.584741879155497,0.3456582516685336,0.015292852410736227,-0.0788037042291318,0.0934974998965238,0.6578310745307764
0.8104509199576246,1.3623532034710248,1.8194933308190149,0.4166565475204131,0.15056564870497433,1.1257578531518169,0.40569927569013103,0.6235102836394477,0.36369144252863617,-0.14012485868711425,-0.24125341024301536,0.04870285641453745,0.4649940603345426
-0.04503130861144089,1.050033413756432,-0.11670404339002267,0.9667178418492482,-0.596415080245998,1.7775022246729997,2.171774397278205,-0.056369714120713295,1.5289891754727187,0.7563192595505259,1.1730372018434316,0.027173595593000588,-0.19305605765897774
0.18165872074197978,-0.2106954345013946,-0.8988123691043195,-0.7499025252704612,0.7608756636714357,0.540944633760179,0.20183889533858745,-0.4609585494077245,3.300441708252764,-0.19106030846842467,0.03876622428367329,-0.09891149386090944,-0.24694846850664665
0.5952470145121009,2.3682458808174776,2.00115951402682,0.5790398602642948,0.38759257294573934,1.241549238913382,0.7750341464636018,0.46920588195582646,0.4602438215683733,-0.038527066691054226,-0.0215543383662589,0.0658932317648497,0.7900361608605208
0.5434434319639371,1.1415968238013903,0.18013255052320248,0.9901797985119953,-0.021369957929580567,-0.4963132633801756,1.0385089856743195,0.24726835895122765,-1.0442590287648557,-0.04292079280958412,0.0015970740612182843,-0.026002628073199776,0.2892737408908499
0.04688292941156155,-0.15072116495446403,0.08619586465104169,-1.436611241075055,0.5408159953133307,-1.781054033308756,0.2921751756807013,0.020673989282093106,-0.8510594313374411,0.9523496262514447,-0.07615039851490617,-0.024373195352834758,-0.01711070675997892
-1.0880498039712097,-4.132923591030347,-3.226857115736024,-1.9404204838241759,-2.55280654857763,-3.841856154702707,-4.757500119418319,-1.5979417716597932,-5.286932246885264,0.18315364001474044,-1.982270421783647,0.15427198239084744,-1.6946432640181026
0.4733616231534526,1.1774863481666484,1.56725042236943,0.3312672683389651,-0.061223682985227096,0.5327338412631716,0.2334240883591379,0.24273232030734024,0.2686278628216435,-0.3411212449249191,-0.3576082612729321,0.09657678882384467,0.44315469081720543
-0.330920154652041,-1.7532590171730975,-2.243269839454442,0.26594784803636784,0.01848001481965178,-2.5566720494715907,-2.6673672528916756,-0.15126134985954404,0.08833085720375593,-0.6453510657770353,-0.68238757207731,-0.042436994644813215,0.1815839808020326
-1.3110694122857725,-0.062900917481424,-0.11732202462903737,-0.5582333615104047,0.9233502000363336,0.91955288372106,0.6028167008681015,-0.1944833675156244,1.5928862369865078,-0.009997917028764958,0.7252727913209757,-0.09032083512646047,-0.7770533146026235
0.6384229327179493,1.4013440465720164,2.291918520188321,0.8899414535526495,0.5054329440784125,1.2579312891461365,0.8067595886878878,0.7411719261989413,0.5788113946640967,-0.019553236145422734,0.21478610650532784,0.14714466026984152,0.7787036742370884
0.706228567141936,0.08532388972066755,0.36449437787342404,2.6738029307856532,-0.07372030382717251,2.3568346917396408,2.228002851549018,1.3592915298168857,-0.31841505153259875,0.4360432322576849,-0.23462163355304957,0.2625298460288386,0.908750109000442
0.720889960261993,1.451541049665668,1.685722418392284,0.5034993874866307,0.052348071803959645,0.7691477651180076,0.303235366307199,0.45912033512050054,0.22098555361489877,-0.36337185471163447,-0.15398497380419732,0.00543714101633247,0.34605261175841506
-2.7761990932426936,-1.8399606225453315,-3.5761962859627467,-0.231215688370996,-1.725006286274228,-2.164937294950812,-0.852352726237538,-2.5861252693795707,-3.0649690503326967,-0.46571345433178873,-1.3650883356637016,-0.19150133001876787,-1.6666824894786507
-0.8294102697910016,-1.1549408986033975,-0.8565887160412965,-2.42571525729727,0.10837294856655512,-2.377807939403897,-1.171775514492765,-0.6114773341278651,-1.6205054679396558,-0.3727441215101216,0.4420349120258147,-0.008731669928206029,-1.240596529307206
0.5554414187889134,1.6650092948036685,2.2234542162116204,0.8940591898801116,0.11609310428430845,1.196833559470251,0.6182488307796626,1.0543019319612845,0.6294416340631952,-0.046570247936373,-0.12836567897608286,0.08131124561316234,0.6681266755393395
0.6723459175513642,1.5903505222887417,2.016795324333943,0.29849813730093755,0.17030583142872074,1.1971353860437457,0.47457383617965715,0.5009845362257006,0.8838582786519287,-0.19651590818901454,-0.20563639660262412,0.008138205322126522,0.5548251436267876
0.5975435292260307,1.8272212218141388,2.3008980033996824,0.44891301142310525,0.21091351096363123,1.4752958345506337,0.48543572740577573,0.620953354305174,0.5452652729716565,-0.25808502102012015,-0.2318549759023719,0.07750175198850538,0.5450765860323896
-1.2538706019551802,1.8820904400846399,-1.7378891622487247,-1.7803928927702104,-1.167032029823038,-1.5399863920001209,0.3679025625621176,-0.6591315334869754,-0.18009516158658595,-0.7855857517655626,-0.7359604869120651,0.16923628064441598,-0.38654142411762016
-0.7462562738027836,-0.09363874371991386,0.2874730133104862,1.01113929673305,0.36214127363326654,1.2120928918756542,0.44627156484716884,-0.43004940736624925,1.4548693482639887,-0.1916375896081121,0.8555212749561503,-0.08780139139801664,-0.9860493660511239
-0.18882196117658168,-0.7153901941963057,-0.42187192243291055,4.635414895714366,-1.1665130447578205,-2.0201019828357842,-0.1707667856808338,-0.21493213951846377,-2.326555318464266,0.8600077259581951,-0.9866356476313539,-0.15434136744950794,-0.2992672467164488
-0.17188820992182535,1.1223043528812313,-0.6002642130158429,-0.04909168361349871,-0.8141436123361605,1.8900391534964243,0.29395238393503764,-0.5296370238655559,3.2420919781447286,0.40568669568333376,0.9317405204806063,-0.03694220749325015,-0.024459142333879445
0.5055806206854887,1.3568832105082562,-0.3881300947266734,0.08568562234337963,-0.6212368416118745,1.5998841411216802,-0.40983818561252616,-0.16239613627342322,3.2526161840485623,0.8361289661957156,1.5150737364372864,-0.005018956407697692,0.357474410460434
1.2984173277398154,0.2939392758595446,-0.21147198712349768,2.0482885380022022,-0.3479480398399756,2.7439611518388194,0.8690153728663508,1.4753463777084836,-0.36474680707738233,0.11387342938454816,-0.4111071163343473,0.1456739427521824,2.1161703791324467
0.3614545094330483,1.1778130958239652,1.5359428375493733,0.12163769982548217,-0.053414976864328854,0.9485170626666188,0.22755910308255492,0.2754937377789369,-0.00972198542414445,-0.32469984710682176,-0.344846383840777,0.07417086523543633,0.3333134735706779
1.6907970359000482,2.709404661335931,-0.1599724096980774,1.7515183756521178,0.17576002918494252,3.569702077849975,1.74876422627234,0.4993670022707535,0.3655020771548153,0.1221672159880917,-0.022995744078523513,0.0849690175372073,2.7386740490701045
0.2752557598245847,1.237708286903799,1.5134965048306108,-0.021980487688755004,-0.1971492101158947,0.8115861946411637,0.20465299972591705,0.20020784216208584,-0.15140958304723945,-0.44486659327056266,-0.3133861795181617,0.026585969335089117,0.14726473298751638
1.352987148975695,0.6948935790608327,0.2149615547092012,1.1903882601696791,1.3753593993280082,1.9009664590734365,-0.36890997741474885,0.04831031739246095,3.2949576996504844,-0.08207624450739881,-0.46953260532839014,-0.042364287158836486,2.3445874633671098
2.058181732146379,1.62967166976848,-0.7640969511447473,1.680765399260757,-0.33452555666005007,3.941010743766609,1.0796705687630714,1.6897671469538988,-0.27936818339034075,0.12035332697805846,-0.08281490344502446,-0.051129921948951114,1.7738925751298669
0.3212142624693095,1.2205915896992925,1.6126919090116607,0.07077738049284868,-0.05802261348994864,0.9819678462338115,0.2929771278876191,0.2752763412106368,0.1369312590676256,-0.32529207542642113,-0.41548456647950754,0.007900420144821165,0.20809626005383006
1.8531242965166983,-1.376158523086665,-0.9325789380596121,-0.446611422382088,-0.18852375537933158,0.3108556016777746,-1.102795003473034,0.8668423825605878,0.8078860391298726,0.3424524593187702,-0.09465561970654474,0.5879599475860595,0.5076269220074431
0.3070995182171463,1.3028939223760327,1.5841395073922147,0.019762040222218853,-0.1486161146525087,0.8887597727139172,0.1396656693249113,0.2826254971071871,0.008976384039657762,-0.24083148696252868,-0.3644235870138639,-0.022307229225213308,0.22537161233498615
0.2712720154132694,1.3001139837089506,1.4328703113593577,0.058773197946656155,-0.09107569221251949,0.7661885484602922,0.15317415634480627,0.19973154036017768,0.0027797296394905277,-0.33654625102360225,-0.3423166136671272,-0.002806829902239883,0.2538470302573923
0.570920904125087,-1.8813259204896167,-1.9119615722292411,-1.3250364972868314,-0.6781626613940009,-0.7691651470829837,-2.4721955203735786,-0.4172337066894397,-1.5484233024338672,0.05812398224862081,-0.8801972037238176,-0.1784330693487492,-0.7162022901750688
0.6864005449191769,-0.1658131793286238,-0.13831866323740952,0.5466601987731541,1.0401749112079335,2.0167918549664314,-1.2136104364625906,0.28453737402231316,3.9271283794085807,-0.1058708025121854,-0.3759867674609025,-0.12505203227874728,2.0496458173072374
-1.0543817831322346,2.0082614844800752,-1.3225862993998454,-1.6044285533572027,-0.9450272592229564,-1.3131852334719665,0.7902403174193268,-0.20569717618610914,0.32165402249096786,-0.08563497114939515,-0.7583682801439946,-0.047861333354117554,0.23422984532830812
0.011645740232326975,-0.28848280259149356,-0.27982655468759027,2.606066402755678,-2.0743834657977445,1.4716172647403765,0.6419037220699505,0.21934232088581965,0.5451532757287431,0.3939739834103319,-0.38995231356471777,0.026433412045136946,0.9705291164992373
0.3208275844705185,-0.0832312405011099,1.9280339672618239,3.3210656435704893,1.9479639315465471,3.172539344783355,0.3004790103249253,0.542005214108568,2.075145385323817,0.11703481360338627,0.5020121457862355,0.0017253013565721722,0.043728681536287846
2.5008823664429496,1.7926302710630826,2.239151677319056,2.1830004774199594,0.6289241750429695,2.2215767613136106,-0.7897883468276512,2.8129769959549105,5.741954863680942,0.514117631137164,1.0157062428661932,0.574904746947189,2.7911753932536683
0.9915058678818041,-1.6881244153772585,-1.2192062641054184,-1.0012075364537951,-0.8035584919723785,-0.5498060436908984,-2.3202991473550596,-0.380122475067878,-1.4673199573552442,0.07826526414706472,-0.7327122943470669,-0.10577412502064061,-0.6896460075179737
0.460018430481044,1.2599628094889015,1.7472623634271118,0.009817123823902655,-0.11943918286977954,0.9462719080731686,0.1397201781067997,0.1765321631884824,0.06853384151382157,-0.39581782014833555,-0.2836824556005498,0.03381181697361173,0.4622474993149644
0.6419825617410241,0.29669925027785626,0.06481061991925051,1.0177303470107208,1.3512980247061281,2.435647997906328,-0.11213343939847419,0.21493095561137648,2.3983528103720824,-0.033728755631277134,-0.22084985238499943,0.6115988048931794,2.158145299541453
-0.2594067670213473,-2.4694884382969593,-2.125478623017359,-1.1538025849240103,-1.5540659350793196,-0.8442340173179075,-3.7158421929128895,-0.9432592684403064,-1.722563455424064,0.12183515153825292,-0.9653043382780417,-0.02556471000218547,-1.829125883676008
-0.3453008660446439,1.2449987202701678,1.0426742716366428,0.9224057775999728,-1.4173144546761693,0.17913562899921087,1.1494049458826585,0.14663683644081993,-2.2274072161878244,0.9275330640153131,0.3101743705001556,-0.01990109444802833,-0.1319460964505561
-0.5380490108470741,-1.7218789860590675,-1.402846568565712,-2.1301362731168045,-1.2330634614840772,0.9022526696044948,-0.10600862383273318,-0.3715667433850467,-2.729047669754881,-0.23032371224318102,-0.8005921363313164,-0.06188226124426967,-0.01442212340680666
-3.2796505599220587,-2.817072495061697,-0.9678357737889102,-0.7429647791333911,-0.8872444267539927,-3.6635508727680683,-4.187144194998158,-0.7149362304491097,-0.5920341193763953,-0.025244387991002155,-0.9367910072678285,-0.13657637635866818,-1.521879955880447
-3.485675689047201,-3.2947318859232806,-0.4604638879834158,-1.0956585526771638,-0.5282442456437275,-3.777841558250495,-3.98935527795874,-0.8592981749390146,-0.8430199818654609,-0.20590688147012973,-0.716720402833178,-0.17128165679983795,-2.2895342467787367
1.1644148005226937,-0.5619830053436776,-0.9081249510781427,-0.17667717738232258,-1.672758172188058,1.9659322169135944,-2.1153583905907962,-0.5122101355085354,0.622210463349345,-0.3477461631567631,-0.08472427920515956,-0.04481680911706968,1.318180808139344
-0.7957867072988302,-0.7480197716059371,-0.755630878158069,2.305617868782849,-2.573753541691435,1.3706966617214493,0.1473311796937034,-0.3188439395674505,-0.7624419681034564,0.405707739722501,-0.4905683040712028,-0.13202453384072407,0.5639763747409192
0.1758060439831266,1.3183046137557053,1.358452589205569,-0.2550463442636343,1.543893626033225,0.7399359170978683,0.851546414825134,0.5495950997558734,-0.5851996451163558,0.5963165244196228,1.5226465488411485,0.0039013300830912923,0.7948495508264748
1.2241230648166193,1.2254546706756164,-0.08286744331320112,4.907977899763113,0.9124372671792906,7.2181721143879845,1.9102534980301027,1.577195675993442,3.9580359630421205,1.0988616203309762,0.259976933654398,1.7103479012153633,6.420148581262779
-0.6599339403807082,-1.2821747825988052,-0.47563128820879186,-2.9138830138127227,0.5488079215831951,-3.0209873886246026,-0.6838281684759487,-0.31031405880012447,-1.477911568331894,-0.6047414215617917,-0.6111835071154768,-0.012062709506652829,-0.6352819012695302
2.1419396163352453,1.1916315615451378,2.6419469571791376,4.743466064774225,1.7149850455180018,1.9768667618216322,1.0506138252668704,0.9312095577497449,1.878089532907535,-0.17526010514857854,4.1354765264027655,-0.058319037955564784,2.3377460225516304
0.5439189683190652,2.5423147504523196,-0.2926889076373642,-1.1404843481358453,-0.04030530513393582,-0.05771422818458324,1.1764792485426492,0.2910050514180006,0.5543724625806016,0.09455359680578113,-0.6094241977113094,-0.09869127075317209,0.3436876586312428
-0.316014366374972,-0.4533734263412447,1.3281975106532788,1.0285102210219743,1.3802793427292877,1.2495654347929588,0.20267571063350054,0.28242480287328364,0.7311137140335309,0.49195182730573134,2.1621790488033246,0.007752942804040115,0.015417089282741991
0.9558944303433718,0.5946738977254263,0.11292355592310842,1.3666699150486639,-0.041163927721791005,0.08684495770838116,1.1472698308258418,0.5781386258080603,-0.9044067168111601,0.20902883870371922,1.6120029609733162,-0.030594914208114547,-0.09036897804743299
-0.2929111223706665,-0.4588398818911002,0.06969717285854533,-1.9351830651129904,0.5057058765744376,-2.0205815542178844,-0.5303459411331762,0.10706144184546752,-1.2594427411081006,-0.3502105399407447,0.28932040851796054,-0.0257052481774655,-0.2921827544359905
-0.09347212585568841,-0.4601749912360943,0.07179583346290098,-2.2018880711582542,0.7057472771196627,-1.8001047300787956,-0.6075432061587668,0.14936359430042406,-1.4962133622686897,-0.26202006350814677,-0.07908570919224686,-0.04617356668368709,-0.1922379772385789
-1.0533373305087703,-2.347305000924196,-0.15738943703886538,-2.0604764450610515,0.8367568018644428,-0.1659176267388587,-2.10095121784071,0.24215624210683423,-1.0845619118539613,-0.2149085865506074,-0.8198225211917367,-0.18411650719948947,-0.307724786014296
-0.27277780714936356,0.8439531593878443,0.9145455680199015,-0.9454958584035437,-0.5554716786737036,0.7931083413824024,-0.3897917380291296,0.09940687805465939,-0.6401817705985418,-0.19503286850962062,-0.7544572009736051,0.11590210108164076,-0.009013410761641935
0.9957730119494305,1.333123621734687,1.2402719002863807,-0.19712737883389408,2.233247144599445,1.2640615519726028,0.6264128350818323,0.7196310497794508,-0.4485296143746625,0.06846286543955411,-0.16850856941710754,0.3705982477616309,2.1797564399459715
-1.7390762536657145,-2.81502689940441,-3.255175219161126,-2.0190229474116737,-1.6224753262444092,-3.6247456460037366,-0.09432870673947032,-1.2564150070259346,-1.5821506203969733,-1.0020946352871964,-0.6558518007283821,0.4071031593024317,-1.0283527579096454
-2.2285193794701867,-3.701645664643082,-5.657242466922227,-4.288881887694718,-2.5397267937199732,-5.908600067129462,-4.603262360938307,-1.1253331340476869,-9.501723031312123,-0.4310145836442504,-2.371883905339572,-0.06394194013904733,-3.1452451376311688
-1.958517017707798,-2.8604541418649663,-3.465738796688513,-2.965063580649698,-1.8739743348718108,-4.436410314372431,-0.019617953595912303,-0.8670518479884293,-3.675932943835958,-0.1623600440751762,-0.6723766115525117,-0.08921912018545987,-1.4914857884843107
0.4538115817220469,1.3078181061448735,-0.302623550569535,0.12983954290807678,-0.4288823921233414,2.0162387203621783,-0.3707476812730437,-0.18435933662526724,3.3538316935859624,0.7664243985396914,1.214973651674162,-0.04054003382567321,0.31801049097648093
-0.11381872546108864,-1.280820128695729,-1.5483601509934912,-2.045113072343067,-0.22301495746347222,0.9515939638318704,0.0248972380823559,0.5845830719607572,-2.284199948670705,-0.020135436841390148,-0.008353162990469102,0.0951069552249586,0.3115260433917866
2.5781554201136654,1.3976561528154543,3.402224606565303,1.5536250734639665,1.3252775367918526,3.9222723532312846,-1.496722689971534,0.4098117586044181,5.497515608214047,0.5005867741557044,0.8866160955688811,-0.006343556394179671,2.244345815936621
0.7292328955460754,-1.4309830901952876,-0.9968867363925606,0.5048451819157022,0.8761267734707022,0.3901825387144669,-1.7470068630736524,-0.23800399418920282,2.845666318572023,-0.7847717832711836,-0.5432049725380623,-0.11857995323371141,0.974648992786598
0.337428136580727,1.4365642799938927,-0.45513434124205077,0.2498238085199976,-0.4932753733620565,2.366060264650215,-0.30224473488258413,-0.1545190635685707,3.3162879458354375,0.7654860935934509,1.4268243438450408,-0.0041362503841003585,0.09223362233774313
0.26113925279273337,1.3516336571461416,1.3123018365042904,0.6957119161946078,-0.2552708993790051,1.0085861102201872,0.33635257947103425,0.545587327780409,-0.30665697948593224,0.01767824498781315,-0.7153660744806339,-0.036087289066571396,0.3919439230502271
-0.5043650087191618,-1.7290009100810213,-2.0982504853932182,-2.2727889257250355,-0.4907258535078209,-1.0355926584504134,-0.06348906331385176,-0.470534700702669,-2.7799224425226248,-0.08799783217875913,-0.5516895437033642,0.5478395596819206,-0.20347890555729264
0.7665696740947252,-1.979758930840116,-1.6210724139159234,-1.5680605839575745,-0.7150975894115659,-1.7409165417573722,-2.1749680919929717,-0.3951202866000434,0.7692720179759065,-0.01649839797988543,-0.8439192679157067,-0.2008697093500652,-0.2628185866178116
-1.3598054254137806,-3.707243945874893,-3.155420227292667,-4.320033715566517,-2.2544128615497097,-4.164298337330627,-4.299931920828918,-0.888495249550841,-7.226718256429564,-0.14349536676270228,-2.2998167261305364,-0.053217570510589285,-3.8464266441457178
0.6789457474840391,0.5346701472976968,2.1228848220211356,3.6351373325039935,-0.7634092133062791,4.405797329381005,3.988489693639437,0.661784826840998,0.6629298615667761,0.22525862802027,-0.43779874416740844,-0.09338949294321028,1.4066212815936243
-0.4819049292233667,-1.5718568783926052,-1.8307050525252189,-2.6975925566235346,-0.39988170797367506,-0.2944708402801512,-0.05664498980933183,-0.23360465697219798,-2.264049425306729,0.04305498580758777,-0.6652649692994438,0.134679088827947,-0.09742612975390831
-1.0739782953153678,-1.7515860477343415,-2.3762926964347972,-0.8043409342926721,-1.279042762791117,-2.8012283460927816,0.7827375615626161,-0.49343575725952793,-1.6538587037763663,-0.598279930378,-0.4024273203132261,0.08238620436103594,-0.8999775367672554
-1.2070568848463392,-2.2156683555354046,-2.977923431664498,-3.716036959895865,-0.9264378060845451,-2.1700525980499683,-0.2743719559488818,-1.4145853440980944,-2.6438020559702995,-0.09191529748081732,-0.8447629576357494,0.10739469933323569,-1.8812656495971087
0.4373377222629884,-1.021734887518299,-0.4305769503820273,0.7468222285196597,-0.3683472817479114,-0.5307022322067578,-2.342349830626303,-0.7925794942382101,1.886490543913614,-0.13840743227499647,-0.8832724767048947,-0.17778145890786418,0.4537287731344499
0.836757501185768,0.7280143078589916,3.2111404043689573,4.803763713109721,-1.0311380578660303,4.362494699381705,3.9003624264078436,1.1310230709007012,1.954272857051498,0.3650947720096964,-0.2401925972843955,0.10540037860369517,1.212144161141995
0.8370987355168389,1.4185821619340113,0.09278252955733082,4.815517908652418,0.8396588592285602,1.6796857283828366,1.9870299826306292,1.9518230926116102,0.17092129598371686,0.1256415399823647,-0.05026670826547262,-0.06499077500206307,2.134080142651995
-0.2902256718446087,0.8354696682768148,0.8604202724744882,2.478775975482745,1.6112048503301208,2.7662599717484166,0.9160083616193799,0.04222758184601036,2.4867538631821264,-0.43166581015309524,1.5814500897802004,0.08534022238441855,0.17602796404415544
-1.1528995378408577,-1.8851295330385784,-2.082689514512507,-0.6957001971256818,-1.035763995971841,-2.525184347619975,0.7441804158687593,-0.5018766421102919,-1.7567075068464812,-0.7362170236076536,-0.4067103388129424,-0.10158519289559792,-0.49781759798449154
-0.036991840064680766,1.1402531836047356,-0.5068958021560684,-0.15314901876935938,-0.8874376127064331,0.4145208535105404,1.467251615542401,-0.5673442948953663,-2.012583059059818,0.7347186538152811,1.1492827328822266,-0.06005206050351264,-1.3737019935503811
-1.5374899850433903,-2.4394046630089488,-2.8975490956893193,-0.964871503898046,-1.658705869843511,-3.3861386480658417,0.2752458156963502,-0.9044440486815033,-1.8096395227212152,-1.308155789153081,-0.8026773537359095,-0.11411864952417078,-1.140685018302821
-0.3345262552973711,0.3391342589993857,0.4436716348796877,0.6595258724109994,-0.042221476058993096,1.386046181593297,1.4090277917993568,0.41754207971091906,-1.6735639003509033,0.6717475855940334,1.1806547525245696,0.0030963956983760563,-1.26558257458835
-0.276855318319156,-0.7393088169641691,0.1516021873372503,-1.8760707453607273,0.39121287544361416,-1.6651271113512724,-0.5541774876286378,0.03843381894183242,-0.9931624310204966,-0.47672095498328826,-0.050815847014956665,-0.0839161040776203,-0.47661899291651555
-1.6313730584669646,-1.858653232877453,-1.957105273169,-1.3240882920083175,-1.8455776115990656,-2.748441341453128,0.8616403346826943,-0.467011716033125,-3.714523092193995,0.07201229753748835,-0.796726788385357,-0.10461869800178726,-1.2522088317593765
-0.2835107865417376,-1.178343656400943,-0.1909112518705013,-2.4922402173379017,0.5094096471938409,-2.1107654199671626,-0.6144360796913192,-0.12649456007121543,-1.3696492125249158,-0.49409135198091264,-0.2706083251028838,-0.07228702342784443,-0.5799962019749607
-1.0187794860193713,-2.028985269374421,-2.6617568666084357,-2.220402583551282,-0.9707434047758579,-1.4247586346487513,-0.8901033383462992,-1.3564784048127736,-2.8262581534926894,-0.21719611567341618,-1.053888008771982,-0.06337248282403588,-1.0685882798494355
-1.15774752838951,-2.0338008989492016,-3.127420840517669,-3.078998463887514,-1.093643959920284,-1.4857618877816843,-0.6852619398545681,-1.1341846245822185,-3.0737165600459813,0.09121181811387148,-1.3086346370199076,0.13624407092988913,-1.3489450565192642
-0.18959904257880733,-1.0802863105821112,-0.3857926420831224,-2.7244383038745985,0.769334151599194,-2.477444535228165,-0.11587965033534495,-0.22721423929169157,-1.6186532377495637,-0.6651416623512181,0.20640793681843211,-0.04051849813071182,-0.8505309090341648
-0.06494923630263655,-0.3310393798584119,1.5000095804974745,0.5611044414817461,0.8288945282079899,1.1246313105766759,-0.32048258464731677,0.3605760443528805,2.3312788438962566,0.5933781685178272,1.3906288704534786,0.17087887371062407,0.5332923925973267
-0.29210163705413106,0.05245777433298319,-0.7680192892080068,-2.7428816423177103,-0.04478886602731015,-2.533918151721979,-0.5099706158877558,-0.1593324548365651,-1.5492040937142963,0.1460119127484763,-0.24510749320189154,-0.08465396770120902,-1.1667495971693036
0.9494391456023893,0.8848642612740191,0.07453637438257117,-0.3125507866213513,2.4131431140859303,0.9074193099601607,0.7120599345692122,1.2116018105479371,0.25652125379846735,-0.02571497290912605,-0.11376849271098363,0.025902249548687684,2.1975206398710405
0.2650728652403795,1.1101132359650605,1.4399001833413623,-0.02281718858362484,-0.1222214426581437,0.8805564418460966,0.13187184661782048,0.16788417841773476,0.035130567024461906,-0.4110670435175091,-0.4386833505886089,-0.026712259995337162,0.18765512740394724
0.6477490916286803,-1.831039533040797,-0.889251673655688,-1.2420092128662183,-0.4473958876775577,-0.0095270799009853,-2.333725000688444,-0.1433387798231302,-1.9494704567040833,0.25117639553008797,-0.7335060814912948,0.08610470940151978,-0.49594958500496833
0.4978344253191933,-0.8097503897045842,-0.5796633646109454,0.5464877674790719,0.4152296749326505,-0.6847204334004263,-2.0904277178500252,-0.2334473824733869,2.2170242466190313,-0.14901109456964245,-0.7649699916918246,-0.1542026867430346,0.31578093048599026
0.22295290220166664,0.6564551051638813,0.42990736437185345,2.758765954254454,1.90950018974435,2.4008086045458916,1.6182991795477253,0.3638819203800002,3.2809683907952985,-0.21685023957759986,-0.07324397899934815,-0.061207203872553594,0.05474268714509272
-0.2663873090486353,-2.2320593133444593,-0.697275378875331,-2.9762512680732964,-1.8530081588050555,-2.0418628737501185,-3.949942918346367,-0.28269718720474196,-6.020496948012153,-0.06849014072472041,-1.3556553801865734,-0.04034605912450305,-1.4483338932711114
1.3212790507549008,-0.14345888873200044,-0.3158267025437411,0.014098842245164604,-0.6305203218918501,0.8993088644168652,-0.47644728057474517,0.2620843442870924,-0.6328109399467293,0.4121895543925673,-0.23982292230137534,0.050998561006660226,-0.22241523093440463
0.02154802606078899,-1.4637356008340923,-1.4361626401641925,0.1018676669197157,-0.20898364717425372,-0.2453147187647926,-2.5460042410954413,-0.3975613126637312,1.222438283603276,-1.0106773139262157,-0.43860589630539637,-0.1512554988645328,0.08824169179165943
-0.4629541611314443,-2.156823815457109,-0.4119735543926557,-2.794946201914249,-1.8903175049254461,-1.9169307184121054,-4.028045470074544,0.0797287969881047,-5.960891943179692,-0.1318971727405572,-1.4768357539733146,-0.04023798601080972,-1.4139101986762965
-1.94104203601911,-3.6726341333090224,-4.110355416120339,-6.215263975692085,-3.5012256220127975,-4.9294144971832985,-3.7020992019645766,-0.7760546737139683,-10.20113768868821,-0.32496306977855677,-2.3185895413584587,-0.13282859784602719,-4.470161403034711
1.2858118260134423,-1.4797234763463754,-0.18450663796160371,-0.013514645269864876,0.11799461573853876,0.9928217216441405,-2.4908685733559026,0.5100842498866325,-0.12146076265024013,0.19359813785930677,-0.061539494365505404,-0.09616933971126049,-0.2415799703632688
-2.015366731204817,-2.4266494218071197,-3.648341964952545,-2.846226649308422,-3.033943689153013,-3.2277482599030356,-5.252904565207558,-2.009645901495177,-8.416924252345538,-0.7724826368094522,-2.639197651093515,-0.24194157650745993,-2.57260982902824
0.4722030029802893,-0.1293338188707517,1.5275886262495382,-1.2877455505146647,1.1151083179946166,0.002167264216890039,0.05241528156239335,0.8955679430057191,1.0912487356675167,-0.20448859113604861,-0.23094370300622857,0.247288555409242,1.5088902972191054
0.3753138002861912,-0.39182925353214765,0.26339735355021227,0.636732170691248,0.25790828509152763,0.32559732528687985,0.041847131330157744,0.49358869562442936,3.616179056980957,-0.21938872695693543,-0.42639070283518077,-0.044072405915810804,0.179781717914674
2.1188988769923642,1.3191809168111328,2.888721683102453,2.2457451070327723,3.1364955084750226,2.5989673703319087,-0.7687917891082665,1.260524948215009,2.5652158368187434,0.7882204861592297,-0.8231966437482172,-0.009978407044998305,3.181844390416001
-1.2200203455989767,-2.1262916364924367,-1.6964370489017004,-2.7490031467047,-1.5571794951326834,-1.726873971239353,-4.660001618813517,-0.9255429996788087,-7.3952002442441875,-0.12540050534427996,-2.118824297182469,-0.0995899283588449,-3.0664463365585024
-0.42749780715546654,-2.002569227919966,-0.5682739238663472,-3.060715981288296,-1.5973065084513896,-2.561469684446541,-4.4696473269583645,-0.034991168845703496,-6.9059562706088435,-0.1210623928832095,-1.731472040774146,-0.10461676042061302,-1.7726373001200972
-0.41815263823709553,-2.491480310646196,-0.4396102274043693,1.4763955735265173,-1.8950254503213282,-2.1239301629162703,-3.613953231269907,-0.25838640311551786,-4.676786131605299,-0.6160792943561036,-0.9905412237542782,0.26014484243777897,-0.9723632306753037
1.5865412442960463,1.73054781150228,0.24647734635664767,1.7259054605373079,0.6193051901573522,2.571569786954723,1.162207436467417,0.39236329497976435,1.774223049779216,0.15866612083226847,0.12553172842832278,-0.051353966064182015,2.776289218153235
2.0671822330278036,1.8248524154303598,0.4953612308193826,2.9382364595055375,0.17221202844003622,3.515427298456844,1.0103050722580196,1.8020759767713028,1.1469769063157342,0.18929954973515117,-0.016088983669308006,-0.0005849376532974808,1.1415282805295037
0.9086116102343009,0.08355952538549892,0.20929478378164473,0.9286321096365442,0.4889301948495106,0.0125481170653883,-0.06218587109819055,0.7696844624433047,3.7161165769693127,-0.30035833790743105,-0.2083785332392695,0.043564543355928895,1.26280940387993
1.2128840841404678,1.1094424844828128,0.15030668561967697,0.8852508873885705,1.57782976717326,2.337925279180829,-0.02854467179212303,0.46544734936673193,3.7842746475514852,-0.2735013274584587,-0.2530383395936547,-0.0053007615202417336,0.8561543806999299
0.009830228759286288,-1.4486213443293754,-1.3162702384699754,-0.7231448059901595,-0.20887875131538347,-0.3782909762792082,-2.344436963179356,-0.5416833165655324,-1.4470815297904318,-0.013728512095597882,-0.8240163894732377,-0.13176889981298395,-0.2283388253270339
-1.0090361230178841,-2.078498752931547,-1.8862645819863404,-2.220855113107504,-0.699926537280747,-0.8682093650547578,-4.572864173840112,-1.3839822463122093,-8.187368592671117,0.21838671587407563,-1.9998538305799265,-0.033547949750597196,-0.8833066104448194
0.7526642181786399,-0.36312516012435975,-0.43912714004361386,0.2389204439277658,0.8817909521676808,0.11213994588030296,-1.2766869731909696,-0.18705465023302373,2.097248022610115,-0.3734490295147731,-0.5145877430877753,-0.08124206000628567,0.9341774399413002
1.2612273623002694,3.489082635544343,0.11217332982846233,0.41443143109946196,0.14189833393656753,-0.12440904288397474,1.7058551346986657,0.9190164170290033,2.5516192029232894,0.16409540371038017,-0.3309050660029363,0.4230722681127696,1.2693640976523357
0.2672624652108385,0.7992446643546122,-0.08543748607716732,-1.6199430580957168,0.5557334647507458,0.03690305961606402,0.6775688050511397,0.10513383339159191,3.3989759745485038,-0.4183458189936614,0.028335686453307616,-0.06518482148220456,-0.09709466366485382
-0.23214985366496796,0.887135324806182,-0.7350203025190991,-0.1589140433305874,0.959185032739511,0.49794447190076535,0.7408951446532994,-0.029993741920011006,3.5499364880756996,-0.4007039720973828,-0.8784247009264718,0.13561750503877798,-0.24422692369048782
1.2229545253233258,0.2270480985918806,0.3288601591355271,2.78165268584879,1.1925282452741846,1.179621192355019,1.9070610711990028,0.5612695982255456,-1.7005491799633536,0.3113295022005007,-0.31242040533960486,0.16758475876697862,1.369814887464874
1.5877889114111248,3.6633790346105672,1.327888994329971,6.412242855229414,1.120181762535228,1.3268193903614565,1.1387458397003098,2.2282832998565087,-0.7426534829319765,0.15575579980026102,0.2717537428746517,0.05521915070764299,3.5904641918700912
-1.2382123474031688,-1.1588236864821777,1.734065777015769,1.8379501870636732,0.9727241138906945,1.5474396587354649,-0.16568461254420164,0.177359375923665,1.0253630048103837,-0.11502807628311627,-0.5218991065307313,-0.06130980796594591,-0.4714140468437432
2.548616050894682,-0.029603194040246306,-0.3141526957570264,2.4540003034482822,3.089367637034092,-0.6600781564766334,-0.8675901149549625,-0.28650621908095975,-3.002652120285979,0.35061640304978936,-0.3078709540309176,0.08265907568908815,0.1780516979419109
-1.0360687656157348,-2.380111843944113,-1.973538797694879,-3.152375453109335,-2.3281089297599267,-0.9574589914114527,-5.054614932393758,-1.3620846052912787,-1.1951224225909551,-0.32490914252845365,-1.42931884269437,-0.05713218650004518,-2.237331632860523
0.13199106207712452,0.7676934920696334,0.8225583096769536,-0.3927241692999896,0.9161264171678987,-1.2748135640042733,0.05712010081572879,0.45221901642934725,-0.6905909567698837,-0.5079945898322493,1.0251580628429329,0.08201830238310831,0.2313585527476647
0.5176202589444193,-0.8631999016522118,-1.1110013265799106,0.5593953492792528,1.37283972215787,-0.637952465854275,-2.41096041875374,-0.7727301112215756,-4.024698866039205,-0.18213578818935064,-0.9258719124241419,-0.18737263771705331,-0.07450439055605486
0.02136035237978726,2.7430943634873257,-0.49124560091178854,-1.0664603328420263,-0.472478280417466,-0.21317937163920658,1.163921604583868,0.41418624861657416,1.8493335279775782,0.8149125102537477,-0.4181560680378849,-0.06914603180045055,0.4903501665390409
-0.23341785520729086,-3.257269667967533,-1.8253769189579825,-3.340583094592309,-2.5924054144622963,-3.3182805450027804,-3.9130618995464315,-1.0342468191393552,-1.3596332346409972,0.44766251157762266,-1.593710319042827,-0.15455395872187275,-1.64053935907212
0.4868004523036588,-0.10784101288041305,1.0790446941510567,-1.2558456788688075,1.932432098837259,1.44506923519851,0.33605470824365824,0.47548806946724653,-0.9824758349439233,-0.36363797555367167,-0.07214503749170237,-0.10270126292275059,1.1466151396055808
0.7317306373656416,0.11764839454812713,0.0827502148960613,1.088942823618547,0.26599008847493677,-0.31033998284126724,-2.2512736845011307,0.05180438422546202,2.0694486300228165,0.5717299066018312,-0.8841368885374525,0.23060533534062813,0.8727574800606815
1.5508492039175084,0.44510993229742685,-0.13237654185853898,5.221530514162345,0.21594495870897337,2.4136787417122267,0.061627011849648444,1.085901670611153,-1.0450013076172524,0.09113216343930815,-0.26023252894532756,-0.009503740305339705,1.3253260486593677
-0.5386484596148755,-1.3739321811460994,-1.2315721959258532,-2.8357516618104035,-0.6503152087191119,1.53644337395827,0.17996206328272812,-0.3620661223669433,-2.6939223436478312,0.1599826033382366,-0.6160603715406938,-0.06662179488740444,0.3827977394855892
-0.2783495777700509,2.9292184159731383,-1.06780050228324,-0.9302817946183496,-0.8319697022049998,-1.1339607392959037,1.5055620655639927,0.21734682831964972,-1.212587091460203,0.6884929364177191,-0.25950979783820616,-0.09376505965703272,0.1656288823052051
-1.1718618327658623,2.413044002037495,-1.2262654467190925,-1.6758746371418238,-0.8988709460964633,-1.239424355605669,0.7983929939141188,-0.0984520790857884,-1.0273475124728346,0.29666001513496865,-0.6804919252448922,-0.1018253652221109,0.1327197202825401
-2.0197933646870982,-2.9894903186532775,-3.533520429574161,-2.027974658673629,-1.0238247513693444,-1.908544501030507,-3.73649838116796,-0.8282573712420543,0.7332479406675945,-0.1635030635896448,-1.0817032704636869,-0.15418666060186098,-1.6820360249622412
-2.3509445143118493,-2.8982776699277255,-2.2533424124908112,-2.2252243239965503,-1.1698572564031928,-2.8004789625873996,-4.147120102668801,-1.9725027339346706,-6.7010039983958825,-0.23492170545531213,-1.754231504289847,-0.2183818824599599,-2.4485821016277693
-0.021690840273319387,2.531526182516892,-0.6876761930337589,-0.021905018192871193,-0.1859757126826379,-0.6511181398561329,1.9592160694179543,0.40377919497796233,-1.6109589518736014,0.5903440774501199,0.7062968494184316,0.03240312412795096,0.5472644913636354
0.04738271488497656,2.8231492812615913,-0.39083188921006184,-1.1071211330439996,-0.38204310173556827,-0.878043731794589,1.4064040570695777,0.1574164861482052,0.9380276748623388,0.6703239531137258,-0.6726522846235378,-0.030468113409976145,0.6640159283187758
0.3899172264857527,2.9496265160142348,0.26779056292027226,-0.7716356806216449,-0.16351567768207234,0.00959240172782695,1.7225191296732771,0.5102611041123357,1.8619617063572842,0.9330545336851436,-0.1709022523879281,0.13275779234504115,0.9178666768285133
-0.03632025830344195,2.733660318143665,-0.744670976880524,-1.1827161117906995,-0.5045233509120428,-0.6645770702987079,0.962157058822405,0.09327326438596682,1.0843296493263914,0.04935892717473002,-0.41583571167248823,-0.14639937066938724,0.39930337678304756
0.13859668626863927,2.6520299949874695,-0.3661284113390785,-0.9606141646534928,-0.17761041124558283,-0.8105974341649564,0.9322562995320186,0.14465788264034518,1.0751255640097794,-0.32419623764335287,-0.3766098914937012,0.5328987305650177,0.5021586001773054
-2.9050709580640417,1.5892739759137235,-2.770760460339176,-1.6069622755371447,-1.3835931365264371,-1.8634281054403015,0.2744931349587729,-0.4509984980456324,-2.509087455659691,-0.30934015276660726,-0.7478660348275054,-0.2872691296095336,-0.7495826879117844
3.1476375557461536,0.9693159827331288,-0.18828520700956392,4.306717895733502,-0.20900247837830752,2.190427968757123,3.850291634358258,0.3846034068515939,4.501661722032974,-0.3504730724698555,0.24432899936568,-0.0018193827476351812,2.6188288376356166
-0.17320950913449956,-2.4154856850331035,-1.9348695113116672,-2.114379666798438,-1.4218349572767814,-0.38448126529809085,-3.8042254844468295,-0.971014992285313,-1.0753989114338118,-0.0012865061700964113,-1.3820500010039862,-0.05306703106603684,-1.0178379079570166
0.0377365473541431,2.6988839193537,-0.4713940774038849,-1.208310800432874,-0.4741242439718916,-0.7771170685147969,1.1870743581743188,0.04162628246729989,1.4761981643834672,-0.2976154837699141,-0.36362435399684007,0.05608662605233908,0.05929997580850293
2.5141194324567913,2.7572942793053676,2.617051254433269,3.534361498040768,1.1425893385511723,1.5781401960013643,-0.43040382267700295,2.704299079242887,2.029235858408631,0.12692040154089534,-0.20048095613407593,1.1079802632833724,1.2911231606081128
-0.6296841125591246,2.106990833092067,-0.9112530837647823,-1.8091693051335294,-0.4548956100958297,-0.9231419609818197,0.6732144203104287,-0.19913409577656743,-0.0062301328698069446,-0.7104818181075259,-0.7340200804919005,-0.13434203815206683,-0.048092825966111086
0.41634950487150074,3.057979041101774,0.2001456774822955,-0.748033729797074,-0.22775878655672496,0.25672025641271223,1.2588927980985802,0.6238723278058589,2.165899597791334,0.8500015683218629,-0.5374061612055328,0.01760314301432411,1.1036620056235957
0.5336659084177678,1.6342666229838507,1.1462980482970466,2.635888267543374,2.0215666530426177,2.9949524819757793,1.0758651112061408,0.45399947732583523,4.083100762697869,-0.06271888989334316,0.26642010055585863,0.09486589638309355,0.16042520414675687
-0.6322173828528157,0.8556330875659155,0.7148235335816734,1.9994090998038234,0.5628428860903821,2.1925648109992553,0.977784628306205,-0.3026947217222509,1.7780689573319006,-0.3454797127480721,0.9087357948151316,-0.07061856335805103,-0.3171475580298446
-0.6460060227170793,-1.9467042213238566,-1.9870068673204837,-3.7032878987139304,-0.8860773744646254,-0.868448560991221,-0.8599339761680717,-0.5451256884510318,-1.8851497329727538,0.11334546959855496,-0.7012236116552312,0.6057358527581933,-0.6701188584396408
0.801481083762418,-0.8183388188517549,-0.9412633379424613,1.302982381072102,1.2547002271464502,-0.3918481888554783,-2.2516226435090525,-0.7620125391233401,-3.1151167725869966,-0.1252433302610492,-0.8474930324120861,-0.2936911402239153,0.08450495228766369
-1.2445421358138424,-1.8251952940812848,-0.12733285892082172,-2.5034716817547777,-0.09069222766155789,-3.1079233575255305,-1.6902477969785432,-0.3385014945379872,-2.0296468813432793,-0.5996556771621626,-0.43700531880241916,-0.04557437306347614,-1.632055797985393
0.47673349702756646,0.04128952875112497,1.4648497792563606,-1.129068991480809,1.2039961109188801,-0.37883000856213683,-0.5556327946403891,0.6699004231628755,0.5880518073777462,-0.37227507749468913,-0.19247625772608432,0.28786836637416857,0.3125235693886256
0.317378317411575,-0.8645901550600927,-0.6501057993853464,0.6870149277000585,-0.5407214272229208,-0.44532947188605454,-2.6130885121852367,-0.5225971819170647,2.1863729065811874,-0.07532390081116724,-0.9891583202536114,-0.15320077494769874,0.5804850900266321
-0.13472780326381323,-0.23026429681676536,0.9829539470783334,1.1187713361929896,0.04755412547538685,-0.7450710992975573,0.6338009757574441,0.04211276187406233,-1.0324023427467588,0.20714749731951304,-0.21379488913808006,-0.03832955560853908,0.17088797040490641
-0.442273550360567,2.2754302858628543,-0.5418138156140533,-0.3710014857494065,-0.27912232681177557,-0.25822902999119834,2.0871577988394225,0.4968732822919264,-1.8183872407423851,0.8970573613968575,1.3365548935118647,0.00485917304849453,0.46594840218054334
-0.04166804325145981,-0.2530081619169666,0.37273360460091165,0.30636851990233277,0.2606719540711492,-1.7029718919959853,0.9869853603410432,0.19419384233537137,-0.7328939602503346,0.008107701511018812,-0.8020578492132742,0.05483784486487926,-0.012325899640434481
0.5116530217038879,1.6505545323109254,1.5486257258114509,3.794810749940678,1.571543419395263,2.8739005670950024,1.0238298275119933,0.44705529245651454,3.3653454661131317,-0.08639899001094625,0.2316394302756008,-0.03838099103731405,0.5745323582836944
-0.7573708310397343,1.0962747845540026,0.581818394034894,1.9007478685997843,0.371129294388617,2.3111423868623877,0.9970777716259988,-0.2382317498129688,2.5932913366218817,-0.6636945555400516,-0.036810360185077634,-0.0738173705587784,-0.45086935442458426
-0.056154373042389,1.230841498114169,1.2615075307499826,2.479755637269571,2.178491526544093,2.8842849757201545,1.1236412270377492,-0.036831816080957716,2.7067242381742433,-0.4037685473242567,1.9236684027309012,-0.028702832020612294,0.2663031853549182
0.6265791433873689,-1.075944180821793,-0.7404242874268029,0.7247391452805865,-0.22798893476525953,-0.6289415090049926,-1.8911886511903466,-0.03983485830378613,2.1259665452668237,-0.5276708831156917,-0.5167461208776675,-0.15466254486754125,0.40940077047588114
-0.13013965956401086,0.881565634129155,0.5595398060325534,-0.06186356714719702,0.7224037119363333,-1.341468813144085,-0.10358417923355276,0.22225569578818977,-1.0956078003794472,-0.5328885652740589,1.1506170910909876,-0.01980178580050252,0.011672437782399367
-0.5246920519479963,-1.0029818866101816,2.0944488327112043,0.9634770328059999,0.6328446772138381,-1.1648879270046015,-0.6714723741066541,-0.030277724485430473,-0.06664342431558502,-0.260631777392959,-1.0002812793235192,0.011963481383087731,-0.26838084844510174
0.24316755353861177,1.246091271088355,0.5288190791339408,-0.5809346076690901,1.220314436119257,-0.5151548981858003,0.31945440997343716,0.33697208299146336,-0.7497889491219797,-0.3317848430592049,1.3897605525376273,-0.01876665498673297,0.17716345551734167
2.468035100678293,1.8578532695801309,4.84330987796084,4.124410694130024,2.762313565150317,0.40281381398491145,0.9079744262204296,1.3523388365397435,4.730476514918781,0.3565305107666386,-0.22284803427911049,0.004450066689557166,1.43297714058672
-0.5979984659401496,1.0296933006588374,0.3687344333632952,2.725061915394747,1.7175204119841672,2.501329821091559,1.02430804279012,0.024162051279304684,2.7083339282611587,-0.8778084797857123,-0.5815081911637551,-0.06707774280984381,0.20571465091572871
0.5082655763921018,0.468961125756614,-0.2509225074900314,-0.0953637962483076,1.5303529819380495,0.8800408807609025,0.6088390855811949,0.377246921997414,4.24223472724617,-0.19672071930486706,-0.1728086694870662,-0.05306409937433074,0.12600750842054065
0.13654184776047865,0.9398752653691917,0.052284566284571315,-0.1643456326018916,0.09050581975270895,-0.9655569590770432,0.7120646318958868,0.34718376176897436,-1.2176097169647824,0.15492179128600073,0.6793854619526408,-0.030895388817104227,0.2751909998297277
-1.1028312760907122,-1.7231510369158864,-0.362273525468643,-2.7856236630595386,0.47158132226775507,-2.580089979571963,-1.6447077278534155,-0.3270321680041445,-2.1720531933754685,-0.9511772033812788,-0.21956447433473336,-0.034546871990379396,-1.3195428930339401
-0.612032666354854,-1.563298405868312,-2.044003617444541,-2.2955380496946685,-0.995748447786706,-0.648151378309509,-0.2525013511886613,-0.6148275481120477,-2.3466337127872325,-0.26063947136488,-0.7927293528360314,-0.10878056103208389,-0.41297455595030136
-1.3581000298572083,-1.228660678544289,-2.0686978808930143,-0.567404383819602,-1.0815942237914222,-2.7927252634350825,1.020303416587541,-0.33553508535480225,-2.5916131469615116,-0.9279006319731058,-0.29231486252353833,0.03780030702033813,-0.6684374624503671
0.566050160767045,0.4895498042512271,-0.3501343976038819,-0.18332454135279289,1.3769990982384317,1.19017080230716,0.8956066994513903,0.26156527931853724,4.153628446732441,-0.19147074935026465,0.3573981668080927,0.02344470223360172,0.28367694453388037
-1.2009462634629262,1.5107127923575339,-1.6309432760056937,-1.8867833152516849,-0.9787752074825887,-1.5932399730666331,0.15960253164094546,-0.6879192127631462,0.15792552371664584,-0.8294245905173011,-1.0187848720055386,0.0007327962881471436,-0.5850683993608172
0.596255352199595,-1.2881645643359259,-0.6582359256574677,-1.5314020162303414,-0.051360573647543775,0.9505568316982438,-2.5397217117632844,-0.16035582569427775,0.6119181007390014,0.1814719202074532,-0.4796596625126485,0.3241941323710813,-0.3307867738133709
0.04354240581031061,1.9977655254832156,-0.756216727004697,-1.3949673016529738,-0.27889933158540064,-0.4650170600931676,0.8199885953952453,0.07205905767416378,0.6496663077180793,-0.17140578818145313,-0.9122199893747973,-0.12797420607207133,-0.09163906360096816
0.14815786844817921,2.4291639767131863,-0.6630223134330783,-1.2529138981509542,-0.2575344551339124,-0.31639444037883846,0.9591019720941163,0.18580065971240395,0.5544270687532197,-0.42180988895706817,-0.7550427711511859,-0.09140257089088362,0.05730319307832463
1.1587831496721546,2.1425174694487623,1.0495691672329694,3.5565341101845522,2.5677589608107994,3.2636743131864607,2.39667221404819,0.8981973469981717,5.353540433100425,0.1283133574031913,0.9191936932493829,0.08513896170020513,1.15659884613473
-1.189614537806871,-1.264442586543866,1.5953256986724833,1.8365646514312053,0.7602317300832109,1.5906229462422847,-0.22854815442218548,0.08799738429745456,0.9255372842897973,-0.062021694507242896,-0.3779362639971079,-0.04094379164847653,-0.38687890472407965
-0.04407710476571499,1.1574294409867276,0.7459342625426747,2.083881463629401,-0.08382301125261507,2.7536947554856948,0.9425268551096733,0.23598361177214736,1.8974034066190428,-0.2868825636948976,2.140671836626199,0.1294596514830158,-0.25753770021514755
0.47035322547062397,1.506624509846378,0.8109866620558832,2.2169613860682063,2.2528393324767237,1.879814618606017,1.1463103161255517,0.5418691406148072,3.5443968318247547,-0.16624473038853863,-0.23252108505125074,-0.022001659704320515,0.2582932287873701
1.1339480338219763,0.7263095377000153,1.1431019589215672,3.2875400549349267,2.026259197653012,2.650385135434982,1.3955846705820614,0.46134504768686985,3.5911493475892993,-0.0817596718211038,0.6325188033356485,-0.03511056292129482,0.8198724239790396
-0.08705153555609299,1.297788780949906,0.94574905221454,2.7795456890627315,2.16603271038789,3.060554840265153,1.40621367666353,-0.02846385863816564,2.6753518011115696,-0.4096389402661262,0.9314648670982569,-0.11583483339080367,0.4126038957263034
-0.07510852407974487,1.4737112456404913,0.27564796011067094,1.7807008271705773,0.7809121897852878,1.6351642798146029,1.097574993159829,0.12365001778842677,4.10473413254186,-0.5135214252780295,0.023542282811055533,-0.04488681357923066,-0.11379449550735024
-0.3784933303032692,0.5709379418846221,-0.03960435759690081,2.121865663899937,1.1202693374066923,1.9840349726223698,0.19979937748052173,0.20207485317304333,3.357115085100651,-0.478448977824818,0.47328406314417304,-0.12659557925692436,-0.3478013430509924
0.3685474391201406,1.3074660407446532,0.5765681275632232,3.1214181647542865,1.8764722768517421,2.9474886710222594,0.758659412550688,0.4740334390494454,3.2823121513871265,-0.31958306851589846,1.176183238431501,0.038286808461158096,0.18663125274107908
0.27014684724931937,2.286057665002429,1.7344305319815045,3.3935520958962537,3.246475923054127,3.294912331027703,1.967974415275579,0.4990119678925516,3.9456307612773447,0.04150461324438878,1.8377750157896011,0.0031295893703484254,2.32477453108463
0.9731487259444678,0.6779142628522173,0.8745946019670614,-0.28508000907177755,1.9637105226278715,1.4155337460178679,0.9538827225607301,0.7935882237325941,-0.521491036219005,-0.0714510482197834,-0.039646373555685115,-0.0701329225218958,1.5257616324376106
-0.8893435456257106,-2.8995609155372297,0.23399618129789207,-2.693186841222147,0.5014335804505068,-3.010450391975335,-1.3219625052007744,-0.2848509241011925,-1.5035270794574174,-0.7451896358943645,-0.8133201688419407,0.10170028051439059,-0.8236017307732254
-0.020973102676475047,0.9088777361856776,0.4585643665725365,2.400843640715918,1.7209878997297752,1.8429552124823547,0.8275492748882001,0.08881598141561779,3.306045563272718,-0.47402020523479826,-0.9501848578147798,-0.07174840039728815,-0.1287523597815175
-1.019690425237382,-1.794723830483336,0.7874994006126913,-3.0132498770041583,0.005991345526547145,-2.4833698683728773,-2.1883094388813094,0.036652410431868426,-4.306138710018972,-0.6801375850396126,0.1031009988998995,-0.10079269390087578,-0.8635162904374818
-0.22731913622261754,0.4422349424577422,0.48597834178091326,-0.4424485349101532,-0.17651587146386094,-0.4267008304694253,0.7216507543664838,0.052048132454252084,-1.1886053964718137,0.5021845747033755,-0.5332887384797342,-0.007159637281050229,-0.18882265669966325
-0.38991475321249003,0.6524588505571913,0.6893361968474668,1.8622490921854558,0.39502832204517396,2.1826597589026724,0.8041867735505931,-0.28212679451331485,1.5178216661637025,-0.45220309048218443,1.5955901812125617,-0.09442100698335294,-0.569779789093882
0.7894225682892525,0.8067296926925582,1.0170740873909865,2.245682524326258,1.952026523625892,2.8104949518826063,1.0422022051271052,0.879462381083415,4.004539538299562,-0.021184706646535004,1.3925429281168105,0.13674535747720962,0.7054686388549294
0.5432525032616426,0.8752111598243937,0.7378801300785403,3.0613608276016193,2.3331507933000104,2.852908115250886,1.903719245098376,0.7084985085473291,3.9493827966507506,-0.08726378424041376,0.1756900593783293,0.20923244300091454,0.2369300780704039
-0.6071479276107209,2.1354827552275832,-1.30412774172715,-1.9269272253204446,-0.8816529268083264,-1.2307104438747691,0.85585749992454,-0.3735014533942256,0.7934025607506436,-0.45794080713686225,-0.5998978860220974,-0.10400663175025127,-0.18195586615216197
-0.7989036011615664,1.8852303658562921,-1.3878885057568549,-1.8819023646882524,-0.8560109075112269,-1.2935876928264691,0.5834542761820678,-0.38628107856933225,-0.55971066846564,-0.3544792846039248,-1.2361553867965835,-0.07158759682361654,-0.12854071619014984
-0.9185718946114907,1.9909506028551713,-1.1214045116695988,-1.8058215066948387,-0.9115443374382125,-1.178392388300401,0.8743879747473531,-0.37752392906540383,0.7930468877676563,0.7551378832578971,-0.6333192833644958,-0.09051695668293784,-0.46086637497413896
-0.5184730074528812,1.7091485473115204,-1.3687864784849806,-2.157201225059883,-0.9751636590022179,-1.2466068929226861,0.5570642368805905,-0.4050863265062475,0.9402447685511367,0.33498743203934267,-0.44157009432480365,-0.10871024321997536,-0.7594750331544007
-1.1835739493763282,-3.8795595649174532,-2.3403511912463646,-1.4549895531482373,-2.208024483272909,-2.214697672647631,-2.4814326948289662,-1.8079052317302882,-2.2177561409233344,-0.3787844345516835,-1.1313336085859276,-0.06143292697353496,-3.3278984286273925
-0.17647285550522307,2.5236589524537942,-0.8054090465343973,-1.3440561753110447,-0.5575737165760559,-0.8368180637444473,1.173935824594357,0.11333461977981246,1.1378774130815228,-0.34327183225994096,-0.6590643088695489,-0.06245396241907857,0.03455810133652346
-0.5578823454075286,-0.7200763178070906,-0.6044472969395832,-2.0124924808396547,0.19925176001723024,-2.4537741157818687,-0.5788117570062686,-0.050002140987457526,-1.1943996147400076,-0.5564830484756063,0.9820661172281121,0.024238854094098015,-0.7072931977671884
0.987361966952061,-0.20727880854935693,1.2802856665321938,-1.2807687373767194,1.5171953284163544,-0.324778362841397,-0.11959457928237192,0.757075155621343,0.7139558376459821,-0.22123027381409574,-0.2834478245825609,-0.06429483040054841,1.0740811174091265
0.16092141909317817,2.220507626368457,0.962153922288368,3.005947293491206,1.9518091768176395,3.4540616691097,1.5894151354472463,0.30222191303657986,2.9212944564740693,-0.32344905596873214,0.4034637576419239,-0.015310744588625759,0.5095124942033238
-0.3104962646448985,1.6963943150525704,-1.011877517713648,-1.9255521546526713,-0.5869045694648392,-0.37781619991796717,0.9866773869397326,-0.33220897291476525,1.5870837790606958,0.47718537425984525,-0.5361068690780342,-0.018430106431349264,-0.1871371417647848
-0.34488865783153516,3.443040920888695,-0.4576275153230463,-0.14093861705675303,-0.4870320270370898,-1.3097097075135549,1.7061049470802145,0.09744966652451298,-0.8031176627445448,-0.3927138432800873,-0.14360090210904466,0.19982592306255048,0.4771741899304715
-1.3797257339214495,1.49589876957186,-1.4338210185565472,-2.715812649978842,-1.0205814903669266,-1.5772322258893918,-0.18473038109821388,-0.4148995590649753,-0.5720994822561948,-1.197060852257742,-0.995904948307046,-0.099774350141589,-0.5010878889523963
-0.05452367947747316,1.9304996075209537,1.4381152530666437,2.743533158961734,2.6876633217454784,2.728582600763378,1.6900188578303075,0.226355773486818,3.667530526088344,-0.308734214992987,-0.2758856347969009,-0.057281778662776395,0.40899077404756096
0.37970820510449516,0.27595899044173877,0.5188418805813931,1.796161973692684,1.5419997736542592,1.550686170551926,0.6458324593422002,0.13285316241077255,3.643319489389347,-0.3654307262472704,0.1267337507625213,-0.12483330522431076,0.1180609698810926
0.7193462559777416,1.3453898097543668,1.4288144432049659,3.3251243934640655,2.853958737610375,3.4232871849834914,1.4143966938125798,0.6097799103795034,4.46254802746181,-0.08885295202619277,0.6416487532067631,0.3368566114320937,0.2356244365012066
0.21662609008347822,1.1268247978570354,1.0067419545321414,1.8805506516423907,2.301047690603364,2.2728401570311845,1.3954183024276667,0.45843674767762416,4.219303597372491,-0.08352736762155685,0.17690090576005674,0.20217525127447258,0.5862871776267679
0.8128081952796007,1.083907518354762,1.6715325005869894,4.043183868214903,2.4158273573333604,3.153628114000894,1.6135308467327711,0.707527326623806,4.0980686458986675,-0.13093507778675606,1.0677893734355974,-0.012887956182369074,0.7922820540776265
0.7421739375932764,0.8606704803990824,0.19373413492149366,1.490080563007699,1.5541838011929454,2.2413113730845766,0.9358579522945606,0.3910937170681753,4.074579462244227,-0.20076553318132126,0.008612136224077959,0.1772307385742252,0.1656461365696872
-0.25653275056974967,-0.5053167759098061,0.6596109823012051,0.23422855783370322,0.2500037020948042,-1.6985196960753655,0.7303612337066121,0.02378376486866425,-0.9268453807528646,-0.06132656362877842,-0.7414383159844307,-0.041899497035321684,-0.07625396080961863
-1.3429093028465289,-1.8084543526646064,-1.028695422415363,-4.474885636464073,0.7837082909024322,-3.2225501667330456,-1.0222062356619994,-0.09845560798680204,-2.105325137108254,-1.1319021366849646,-0.5358938439066212,-0.02757372196116994,-0.677311401457991
-0.8138359273240594,-3.029491940543262,-2.73953447933464,-1.9665743376500906,-1.814741552526442,-2.9184602138260383,-0.11462146944832059,-0.9613841425208375,-3.2933325944095846,-0.35639371249048657,-0.9176530711197608,0.07377967247170288,-1.1512223541736604
-0.2030005326194481,0.8186004194606925,1.2152554351463913,2.612904353529318,1.749303937745798,2.944947555869197,1.0599034323864103,-0.03973946716636393,2.4049699274543674,-0.3724516155177521,1.5259946784102876,0.10319472272414724,0.21456349382332196
-0.5249386715573362,-2.3082678441367013,-0.7286263808214827,-2.988037574868649,-1.4939078944269568,-2.5195962994499133,-4.184114521170658,-0.11610078239761704,-8.01859615129522,-0.06604723832311293,-1.7309773427770572,0.35637057044232906,-1.3174966433582203
-1.0766673633171655,-3.0573548969328916,-2.8000515171223213,-3.819536902240426,-2.227189688633403,-4.741109040451444,-4.521858146389842,-0.46504426507331026,-7.314359347086606,0.03270281014032677,-1.907377413007327,-0.07126705963423266,-2.618059691157089
0.5388193269524102,3.1668074599733673,-0.08067276987971535,-1.0127634144295004,0.26676801108160164,0.04422743455299903,1.193541402651204,0.6429245054126818,1.1559150197729462,-0.28812103857596716,-0.12035380339456944,0.2890009140256895,0.37947330729389145
0.5047378556037114,1.6530348366623122,1.0579679394528891,0.2808626036076911,1.287958880374725,-0.44261965015282234,0.45385267937969836,0.6064453373244033,-0.605458120282274,-0.3023975135794737,1.5346087163885949,0.14759112767978666,0.5635475408922259
0.10164009917475701,1.1580175496210967,0.5888950469727733,-0.2943115235585718,0.9651576764987677,-0.7804144373246366,0.19271539710591445,0.3758965393652518,-0.8599804014091691,-0.45919484615015477,1.1522581965044245,0.004134915568607178,-0.04536763747248585
0.2780622290167958,1.044165105771584,0.8890205537194079,-0.031136275069374147,1.1168674538496672,-0.6147120428437163,0.22639356445314165,0.384122583970117,-0.6750822598678579,-0.36382860607183015,1.0739448902246334,-0.038218112981671236,0.1830706714965507
-1.0532591292037006,-1.6561923944515484,-0.8515400547311743,-4.541447092566329,0.14360302608770628,-2.5840461663645695,-1.2495893308093464,-0.35670013852883137,-1.1935914172304587,-0.7056150650959977,-0.46649587770303064,0.27132684423846926,-1.18117879652263
-0.10230495400131784,-0.479592200491267,-0.6608318987808242,-1.6631897144533125,0.3137851476457176,-0.7163026091117516,0.5312280744625928,-0.2990402567874278,2.756897152643909,-0.39878328095086746,-1.1362394006069128,-0.071656829351818,-0.451324548286179
-0.20786218438763163,-0.011719599468116118,0.6218287178734317,-0.014508336414583017,0.10525685656246624,-1.0323838093219737,1.1824247165365762,0.08950309609839066,-0.9986253612560942,0.14534423145517283,-0.7528822660353033,0.016148097417317334,0.014558741196265669
-0.2017994345164496,-0.1168409569222584,-0.16211165553062332,-1.8718109394139095,-0.15599522430268647,-0.7793183760456223,0.3417362728634746,-0.27862702249872706,2.7636785674333155,-0.2567225016288769,-1.2132523502647463,0.05877074542532983,-0.268024937011198
-0.9461181431155031,1.857837566934112,-1.7729600090766326,-1.9493651185903904,-1.3441720691525065,-1.427429972547624,0.4614530826111634,-0.8692063147000348,0.0433935525558061,-0.6959063732241177,-0.9821375300864587,-0.11822439967913342,-0.5833436173278218
-0.23818075263368277,-0.23652543511940172,-0.18833168545207532,-2.2025861299488074,0.19285502724957448,-0.5735906438973164,0.37237965701083237,-0.38369696282328936,2.886705886879418,-0.4132267772146345,-1.1926720585327386,-0.048896712878227465,-0.15749402110413124
2.589268582794919,1.8738568534686542,0.12859186277983492,4.246087880772021,0.7642060826051359,2.2288757560898866,4.180166528989146,0.8706027990020812,5.005739683049938,-0.0015711750317781283,0.6356440908446286,0.1929320113278094,2.155410126833141
-1.2133567728316925,-1.5372094790821171,0.7853544671611031,-2.5136292976927423,0.06153827055486752,-1.9109089043896854,-2.266672737120858,-0.20797395246827766,-3.9019250485368278,-0.13493159973761065,-0.060207961783744324,-0.05901824369457446,-0.8364235973958338
-1.6372737580374817,-2.6364779530170686,-3.779494451103577,-1.9250336141263444,-1.1901362172664247,-1.8662293321476318,-3.072915828126586,-0.5199615137822307,1.134040241591736,-0.3645653049857355,-0.8083743901462814,0.1898562490024292,-0.5339049409205714
-1.3786126371400642,-2.2272365161931758,-3.259373541686477,-0.7004394102494957,-1.8245602919132868,-3.3285106678855487,0.4561938276069447,-0.6315860616265692,-2.6006846537190076,-0.39725559229212287,-0.5945738314019722,0.02437451993865489,-1.195378598257796
0.23116017637554453,-0.6585184606958905,0.2479763234417057,-0.719515711431288,0.04487405195159629,-0.5910287690692994,-0.1945492662970597,0.23555477891246687,2.806677433591103,-0.4778097367167679,-0.3160538078854896,-0.06537114592217319,0.10660793100845893
-0.10153031673644564,-4.17174559852781,-2.714418869173775,-1.9364143278351464,-1.6627232642352787,-1.6693532519140795,-1.7845942439164766,-1.1345672568627119,-1.1889234466545493,-0.441264274597375,-1.0394234053086904,-0.17252904652048734,-0.36971558361314233
-0.5454783142275281,-1.6636942760635993,-2.681702189949446,-1.5867410956111012,0.1075531322891928,-1.2029594327788797,-2.6265134767308416,-1.3103527192492037,-4.6251127007179385,-0.34867397078830337,-1.7668505860994468,0.059467661654990636,-1.3036065799163452
-0.431198337818496,1.2291253951222942,0.7846209950150095,2.162569232361598,1.4476274673858032,3.212989774244165,1.3121561670122253,0.054895824397293486,2.4245763809233902,-0.5381559063745145,0.48499955037401793,-0.02784208663118376,-0.7909550658303003
0.42707150291651486,0.31205717266563116,-0.283261574063864,-1.3871787457134468,1.170722420626941,0.5806717685144397,0.848578546084981,0.20686231253565185,3.8703662928672404,-0.2397128605697717,0.18304455612113502,-0.043906568066579235,0.27006846419639075
-0.6916909374012092,-2.4308098388727135,-0.8751299574950502,-3.379453363770413,-1.6496253918765835,-2.6477151437786723,-4.55035323305521,-0.18823613836585246,-7.948143848883142,-0.10630619222298253,-1.7915084670297792,0.3490710600444841,-1.1483259845804423
0.6698828596844234,0.7239762272923769,1.1144464845769109,2.3588118112635694,1.966100792379584,2.348880465514958,0.9957455531481858,0.34007408460990196,4.395197889336074,-0.25476008872398087,0.184136707256548,-0.058361423736334746,-0.07636495681117389
0.4682989264602981,0.9710574817812694,0.8098222854604118,2.4742704312575774,1.8958978818137098,1.777811033294226,1.1354994952254414,0.500458115172676,4.085748379932614,-0.15326576092280436,-0.20440098186127006,-0.07322330290762082,0.18348001263725275
-0.3650945914578106,0.12150029370819945,0.23971588793883303,2.2060611678152866,1.2768623971887347,1.775362695584384,0.7327496976074246,-0.024772631001348362,2.4607952833113576,-0.5044085396681396,-0.025845002654112118,-0.09812509475896745,-0.5190902973644227
-0.29135641835526455,-1.5405865338263616,-2.1168044123177725,-2.5613555745188035,-1.243313830581287,-2.061930103683585,-4.6352757479886835,-0.08330289680200303,-6.2661533701761325,0.12946022143794414,-1.3439582703270327,0.06397405273151702,-1.923910144005591
0.15516921961654184,0.13285340102337712,0.726089209752002,-0.649157351821454,1.1216890953631244,-1.4353777365091571,-0.33771602384099325,0.5025000111337027,-0.6352393251696292,-0.15992856247919718,-0.18060404742654,-0.02117863246472552,0.5269834580660486
-0.10745786630186352,1.6161352433212515,1.2480052272235556,2.7337647977673134,2.195053500766193,2.7234348513276516,1.1004366928975409,0.13341174957471788,3.2906649871191207,-0.2608102558646351,1.8130948923414363,0.05996906564545073,0.06802518608048559
-0.13628858692530121,-0.7552477637828432,-0.2853103342023678,-0.5909555520096587,1.1877721094293525,0.4997390393679962,0.22183203878398575,-0.034266769404833454,3.156453905475016,-0.40010836904454555,-0.2494784605068464,0.022700696218396654,-0.47811570778644324
0.28656183418352155,0.5966653000630646,0.006342553388741278,-1.5189705065009185,0.6794440360307799,0.15249562449261758,0.7709168828190821,0.16082014071858586,3.5191814126907337,-0.29706815160707456,0.11977398801543233,-0.008006410416888198,0.10059848574973225
-0.39537889017917527,0.674374263946148,0.5022747903769293,-0.03870207143274862,-0.23648895884107335,-1.8261148740991484,0.7955716343403199,0.04999138963124198,-1.5345618824645255,-0.049489376952405996,-0.8709195118326334,-0.04771648719292392,-0.3290591961385993
-0.32495134296361367,-1.5437700350458423,0.16260665569661395,-2.9970803440680416,0.6485520102880483,-2.2717698410655265,-1.858846030490887,-0.17908501022443593,-1.668695847467105,-0.2092929884610284,-0.33539441385021845,-0.07223933438615249,-0.8662006640134172
-1.3313316546877227,-1.0266806812284308,-0.04088247511535882,1.3586259613605218,-2.1001851378329515,-1.5087017552782265,0.3163456052195074,-0.5306379936790715,-2.255121931376763,0.006091726901941004,-0.2540625611433966,-0.04093782553914934,-1.4149208349827676
-0.01934113213145692,-0.42010140302901466,2.7671252764515684,2.3958134300034075,-1.0919008095893594,-0.20955193868683025,1.3160209340726337,0.6829758709663942,-1.7221984694561818,-0.044631194234825616,-0.5568196850603757,0.14123948876461423,0.5081903551948359
-0.11777590712454794,3.2075231901618344,0.32213414952676334,0.6154662460238776,-0.49810503663857375,-0.34138258616258904,2.8566887998254966,0.6890442943399671,-1.58894445002286,0.715281136743207,0.015529869181207486,0.03982595484212244,0.2593710992516331
0.5260916349302148,1.462496416131034,-0.21363990522145,0.3199076131193174,-0.9448639345650253,2.0126749468801752,1.6453941516381587,-1.069184070580846,2.8019840782622083,0.6675837349757138,0.0634706967789679,0.0011934496141557177,-1.4867947377145496
0.4276640417545827,0.1569483658862818,-0.6529578395237008,-2.0725663819484827,0.49975375753930873,-0.5813443276907009,-0.5952333068400104,0.33442817222818516,2.329489603854664,0.48813025908027263,-0.4444630262491087,0.05759610647775442,0.0008124119814278747
0.7870996479100236,2.027223278428946,0.168482950879261,1.2157532925179433,-0.039058865587123494,0.3520097321504727,2.186270028315484,0.2963354311485053,-0.6946386351964127,0.614954967930292,1.056320694859864,0.0050354648402168144,-0.18513315085735582
0.7419377805416781,1.876230023670941,-0.3415649729677373,0.5683012278771236,0.4180005752440128,4.113141070805076,1.773992377861093,-1.206393162340133,3.832643600091752,0.07890743746422232,0.7094280522989317,0.056852882173326146,-1.6062449145720654
-1.4492762115809856,-1.0521832582846071,-2.3240082918205816,-2.576180676164933,-2.013533293720749,-1.7691828159868923,0.31687090022489445,-2.5691403782434965,-2.38550675524347,0.1269234217993088,0.08641676156988574,-0.08345529732346116,-3.2270768510451955
1.0545039313638378,3.7302910115083474,-0.1446072313049807,1.836632996250668,-0.20460200906524215,3.127924258108251,2.907940246369689,-0.32708512021590835,3.5206721703666783,0.10247306590744625,1.2825948312718216,0.08905706239709019,-0.26719347146494915
0.13217300459276884,0.8963815032111272,-0.29770790969021627,1.6182377965520651,-0.595900911386642,2.2298525048869973,2.152210886495499,-0.835577692520908,2.6126128242837465,0.4668497377848772,0.40227564188936304,0.0007540791585213335,-0.6373886431453542
0.9706021730793226,2.395976638911913,0.08724209971518973,1.3643099831427548,-0.5132438636333165,3.5917465066397565,2.2017185332496756,-0.5655171340150347,3.9332176965485437,0.4676506957732556,0.7849178464710713,0.0959783026658828,-1.09657591447855
-0.6116316938508926,0.41103146142300423,-0.36353915134237874,-1.3303739856729389,0.1911419786233455,-2.1953132474427632,-0.14704503873854677,-0.41011978028419743,-1.9081303224614308,0.5898880727581369,0.3074567315846475,-0.013002044649587732,-0.5771197854259257
0.5181016960124382,-2.0894152982631287,-1.5731530881730007,-1.2741716003505927,-0.79277414804428,-1.3232727277516902,-1.5360602714597351,-0.2850322527459098,0.37845977448185697,0.12130614421019957,-0.648520015097844,-0.09476775824351032,-0.2857533437132627
1.1971666151704268,2.981121833593999,0.6889526854414081,0.8953102112098387,-0.04650816823355846,2.112782794971847,1.169586836517168,1.0725701862863368,4.575587390144355,0.8523097735239815,1.809916171116186,0.019637656161665153,0.6405061640890524
1.0710017922913861,1.3440850768139998,2.131625611851664,3.1264392157312892,2.614656657171953,1.5182497377502215,1.1861028211620743,2.1998930409232473,-0.3914706818449,0.6179019988338569,3.5161317463467516,0.01539405345709794,1.8799861444843309
0.32302004470024265,1.4042644241328044,-1.4929560713438936,-0.22202836009156376,-1.1990779791979327,2.098023816853141,1.4441104157626008,-2.153385769509607,2.817029574685212,-0.3410183591944062,-1.07530474061819,-0.011741171633410631,-2.351690167369218
0.3208081946247775,1.4975505495516375,-0.6851767273578381,0.31989350835792735,-0.9225689692867712,2.292165331953308,2.2288843019989635,-1.5193213122265623,2.4193538727378474,0.5836116696707905,0.3032352903350773,-0.04760342159618937,-1.4883615553886116
-0.3960339741056993,-0.6305320777019693,-0.7955066959001125,-1.1231106684496628,-2.022572156941104,0.9635639109069272,-0.39090247327203165,-1.519829289564449,3.005265125003126,-0.24215044554943826,-1.5251712660770862,-0.348794836739285,-3.079716144423518
-0.1983941061820629,1.2579182615431235,0.28363777397096984,1.7607249355854258,-0.8216522930443496,1.0545351249543535,0.6731229382463626,0.1040421927720308,2.6935220200635697,0.5286259823877157,3.028843133978856,0.026443169001075857,0.2617356456981764
-0.3529811667601784,-0.11427154636851306,-0.8704326114731114,-2.0463648726152157,0.23191094852983943,-1.650671796874505,-0.41920249462813236,-0.08926476593336291,-1.0743589529552908,0.4181717280735675,-0.010223239156055297,-0.034993706766205515,-0.6594239127576454
-0.12979843848436654,2.3404867051823794,0.6096468792607386,0.1655276246374058,-0.06780712703915509,0.7078353880780439,2.9909912711454347,0.3285205398303353,-0.018758076167303198,1.218831455461267,1.8980996658559883,0.08831535854273367,0.7171045029018487
-0.022583586388629767,0.7305605234050502,-0.09635555703865577,-0.412327417589517,-0.25561322431959627,-0.23718873602752055,1.0471287072056699,0.30667657575828744,-1.3447506272606555,0.5166843011126753,1.153494675958322,-0.0417393293513709,0.15581019399687646
1.2702447118237616,2.4030758722509358,0.29816025883632,1.2084812892585368,0.2303371334236322,2.9551971365946033,2.1580028457991367,0.1719597136431063,-8.97494641442879e-05,1.1805600696005338,1.4816794763960772,0.14633224558292168,-0.7560358498152345
-1.5576939371991387,-3.0628221245847325,-2.47542879280272,-3.8402047294375694,-1.3541953962704993,-2.5973290602086734,-1.336544619057224,-1.1082072843828545,-3.1397833703877405,0.05442016388030917,-0.7904590436627361,0.0014036918607436724,-1.5072008824224272
0.0737223432958126,0.7590412879880104,-0.0857265862170607,-0.34769928667642597,-0.2763330150105887,-0.2896734911643175,1.0377495278718154,0.3247955249265458,-1.3227932823614947,0.5437968841808228,0.9953024365685672,-0.031097749156308203,0.08038477871256564
-0.642836735798046,1.2434599080686974,-0.2917426292841425,-0.33958314420603636,-1.124254902873395,-0.034019499796753165,2.059149918151606,-0.23046369392838745,-1.7312426900056503,0.6318263850024799,1.1056631533946426,-0.1935516010017859,0.06804341990604172
0.39323546917514046,0.5982085704793119,0.6189013222276439,-0.684068878372976,0.6394699130137451,-1.4318462686059585,0.3201585478206268,0.4549767824474513,-0.042399459192788064,0.6790208501666264,0.353016743443182,-0.040195478770830156,0.0894142370213133
-0.042703811150665086,-0.12075780352267129,-0.6572478705753262,0.8190275131098719,-0.4869872879262807,1.178149111562719,0.6865350167142849,0.14653701761220062,-0.8701948853132004,-0.3179322295232365,-0.5177899768643289,-0.0935543903480801,0.2618868820664162
-0.08026424849354145,-0.15083013885757987,-0.6804961058895829,0.9737917523308555,-0.7583020482799555,0.4525251703352358,0.49494955469414376,-0.09348141015015744,-0.6441549012039064,-0.09173503798536128,-0.5158166908819435,-0.10369259379700652,0.6326469066317402
