TEMP,PR,PET,RH,WS,GHI,SM,ST,DEM,SLP,Pre_NDVI,PV_Area,AI
-0.7261100033119631,-1.4521653475387333,0.07310962586560181,-0.15907081959510425,0.3889360094173915,-0.771551466727526,0.869164817840275,-0.22443634793110606,0.12767298208239175,0.3658124319251833,-0.41304141542796674,0.11699300048614128,-0.5407119099043
-1.0184819471166056,1.1072616808307874,0.6285931120730109,-0.07070312551766002,-0.5582402811504692,0.7739727924228643,-1.7705090586334056,-0.8031793362369193,-1.2806352059188708,-0.8034494554308346,-1.2841674894047899,-0.0821530737011279,0.3592994359548255
1.0142838002063541,0.2830072128038025,-1.5724198698120504,-0.7242788064923498,-0.2669758824191779,-1.8338223942007044,-0.5865572720297819,-0.27266927052315115,-0.9944349521005322,0.1615155789173311,-0.4252992950081049,0.020532905693269484,-0.623945204492193
0.8497245746307694,0.16865451090995023,-1.706154341788238,-0.6657223233466759,-0.08036734716319992,-2.427087659201223,-0.8677260117711396,-0.6748985702559973,-0.8220063775508767,-0.14571978648270795,-0.780157295372337,-0.07524581864269239,-0.8663318841182628
-0.3593874656331415,-1.0572252507740634,0.9611180394163562,0.02225934009895552,0.9458081481362589,-0.4829766206285503,0.24352724464687825,-0.2977311920359109,1.0788507831339826,0.6189250912147367,0.09071836675258554,0.04323082778680443,-0.5823728134596925
0.5028672730912349,1.2693566244954453,1.1426324260617706,0.42733271672442147,0.7260789540146166,0.16030962412918187,-0.03233164632227267,-0.1416317488009938,0.848705303475468,0.11574508764574094,1.037315567889147,-0.04162717376007799,0.5924847666075866
-2.280271579822423,-3.572169602529353,-0.44434410064714036,-1.2108023417104659,-1.999742900818431,-3.1721211283982518,-0.803649190431978,-1.8108254787693214,-1.6312966586494198,-0.3159343587958979,-0.39003178549464784,-0.16509084553613024,-1.5263361979237138
0.1570940863610141,1.2464085398805844,1.1638282761603802,0.28411514874495986,-0.17552133793270008,0.5897654466607816,-0.1309492595509313,-0.07242982591347152,0.8300780783598829,0.08645890659704404,1.0169450776646325,-0.03378819482633845,0.3685159141001187
1.936941547863082,0.5950483315999411,0.10573887615904418,2.0289795804556663,0.6682332951236619,1.3682235504420368,0.6816324012028053,1.5903146406483006,2.6119499570871185,1.2641131502035488,0.8693529054113766,0.13159808560093447,1.35553397621054
1.7153713972281874,1.287686814540583,-2.19559269331706,-0.5831972109094364,-0.6281235501723779,-2.363658452592014,-0.5904531635693274,-0.2741986172923096,-0.45880171673320647,-0.06238634571847005,0.054711828463089925,-0.05238207382667394,-0.44788990938001205
2.276945189345731,1.6141244017940741,-2.028083563471317,-0.25467095130821693,-0.470186785934493,-2.588907611523237,-0.6689769320627157,-0.17168553291871738,-0.7336862860811463,0.09021360291995949,0.024085472714569813,-0.003295120296792899,-0.2737014140196455
0.6063297008076272,-0.28183485076568704,-0.13871417759542568,-0.12055376758669602,0.08257825617704331,0.38221393532507736,0.3571414221807692,-0.030348064696105896,-0.6980786077121995,0.12522272555985386,1.6879394078725538,-0.006798909224518122,0.1491086547762258
-0.07947061516784341,0.7928463734857117,0.5398377697120627,0.7230216888987666,-0.046722285803407426,0.5507294415783447,-0.09342401880538082,-0.6364289997430104,0.34266047442150815,-0.018682278187997232,-0.5932566423668887,0.02470803692755805,0.18637846126803198
-0.4317851800057622,2.3117010336214054,1.9107835141181324,1.393292785341748,0.2187630385760632,1.8457273293415912,-0.11672148664119754,-0.15797602225146778,-0.06585973708321229,0.39596790054192144,0.1605085354479444,0.019999936140763327,0.7517690777804497
0.24837602449839727,-0.24196404351464798,-0.6810016508628097,-0.03212108254484426,0.12656665286928825,0.07567280385048239,0.27210248315008356,-0.15189402349409648,-0.9692695880914106,0.1706199925654155,1.2217825819108272,-0.0028816215342117313,-0.031422797217447694
0.953600015693034,0.24931942319057684,0.7335061492600167,1.065579967173075,0.8180552510725748,0.8117697023711581,0.5727665921386021,1.3953698113418396,0.8810058513314776,0.3795861755270097,-0.4529733889477533,0.09469632231009509,-0.17432235648777952
0.24660934139948543,-0.25624283972144535,0.1501629129222905,0.12645391456731087,0.429645724263456,0.3261243577630053,-0.06620507601338126,0.43061613068967625,0.37649511998959084,-0.11794788848013726,-1.1286221455586043,-0.07004438973031946,-0.17446981951025217
-1.841105979448702,-3.2087387072791653,-2.0835842908344544,-2.7917687473394386,-2.6245245842294165,-2.375183597569251,-2.9984476246560607,-2.642440680195061,-3.502974575822657,-1.9089631680518184,-1.643502226452757,-0.29524658385095087,-1.9086092063639728
-0.5217553912742167,-0.9148914619806843,-0.8492152974679549,0.161109168152325,-0.3614212828328729,0.21879730228645095,-0.21908667139243332,0.3767001653059076,-0.12526949178375732,-0.1425301838811073,-0.5794718420039863,-0.009471119450819144,-0.46858189404890344
-0.37419659296568075,-0.22255182563223774,0.5007983279620142,0.6970624192932156,0.24230201680937558,0.3590304210466436,-0.16864493547330817,-0.423801205261326,0.29870340229115555,-0.07992027528428769,-0.03663909000629147,-0.2537230483962533,-0.18472708048764616
0.14249298537111219,-0.8618246720759716,-0.7500531992228289,0.07148799503726579,-0.0470236551643918,-0.03209291745216534,-0.09212432589213775,0.23169487833414065,-1.3930806714421808,0.1329158026383569,-0.4666486066522906,-0.007216227751406344,-0.29347291334066544
-0.9210654512103389,-2.0607330281610157,-0.2958087474902601,-0.34356219361794904,-0.05819274071009005,-0.1838475597534691,-0.9353849924689468,-0.3154169765257071,-0.5097998183789767,-0.14350372566194797,-1.3615941534144802,0.023107508989051003,-1.4501861922626593
-0.6914823461647355,2.221442270471404,1.8277811104022998,0.6063169115838697,0.026653760245794283,1.3824261455853568,-0.1547592802578584,-0.1615124996855029,-0.29254109435895886,-0.18733610418935628,0.6984156876631704,-0.0757911562572956,0.49036641275458454
0.010873919293646553,-0.8475499311306821,-0.4493096281238832,-0.27858167308693144,-0.2566496994726671,0.32009739154121936,-0.09579334054530281,0.1706647028667956,-0.971271496080121,-0.16040035488394405,-1.1972269661824164,0.017087186316752632,-0.3388548209894604
-0.24170019214972868,0.4196321179200377,0.7500646708917339,1.1121724928311434,0.09857493168079384,-0.07842317645282794,0.06445088589460476,0.15596624317811786,-0.23353792218853625,0.8113935888382708,0.45693802288720486,0.046677356987881155,0.23920895741670398
-0.5454007350060983,-2.049272423543605,-0.04418613657976197,-0.8041592531935827,-0.07425605463226224,-0.16719356433954088,-0.22733959908933482,-0.8167723336443307,-0.17951978659050338,0.039114333364284735,-1.693922645178261,0.08870207863859833,-0.6600043190084397
0.682740209776546,0.900907618642992,1.728217449550931,1.77096566546372,0.7532719553424977,1.0288866022606897,0.5788255854618425,0.43939638608652687,1.638565713601549,0.5879940244865912,0.5170109176061428,0.0558453143657082,0.6009029237005032
-0.02673024180707411,0.6982168800965884,1.4251526566403396,0.7764374468591995,0.1349640135865452,0.8981820262029456,0.6327957242196947,0.004072506369298407,1.4167850010536815,0.3282287850696593,1.5032312150351284,0.03179516251121341,0.5029804435607772
-0.9772740906280366,-0.4602915737940929,0.05776662142145342,-0.503927875647787,-0.5673936105222027,-0.4360161784819016,-0.034641213094194795,-0.7907295438701598,-0.3880847687488939,0.3466556093508067,-0.9741561029949745,-0.02719560186430396,-0.09343715148848587
-0.2417813945427122,-1.8134842185396698,0.3013660401429257,0.448100917825553,-0.35230757526872253,0.2921173950195468,-0.29781234239874815,-0.32108906170637863,0.7094813931164228,-0.1417690094948437,-3.0647669784306912,0.04776983131098355,-0.29658043546576274
-0.14433956088601724,-1.6102964836229676,0.9187803706764761,0.8946805877714523,-0.006644041004021575,-0.22627627373957593,-0.0532111678844214,0.04001320321423305,-0.02075660290558711,-0.3121184486197307,-0.13936917462399126,0.18063491244554625,-0.44158952413152697
-0.20027640357303111,0.614727891439365,1.5672900861713828,1.0118551421869133,0.0305071611047929,1.1015459703568684,0.6343293285825187,0.06656655236457792,1.539514265994334,0.44958258004082985,1.2696912249979664,0.13341519172613825,0.6753786802514353
-0.8602774481170088,-1.1965326664795994,0.02057622832504824,-0.977246335593259,-1.0596327125570844,-0.1890182545651785,-0.3595441182107768,-1.2322006380728754,-0.15481344039758874,-0.24093351417893752,-2.0973159683656157,-0.05408017895158592,-0.19085301797733537
-0.26527724420237875,-1.9353775494884593,-0.17448998012631717,0.2750516469712602,-0.8986453110318526,0.08945743515906439,-0.21558243075592645,-0.6619708329739254,0.5472813806139553,-0.12702987837333538,-3.101161053454594,-0.0718832937250328,-0.43105626070768477
-0.5997753076493327,1.566718059372571,0.8843347510377254,-0.25110362410390125,0.1016407117721004,-2.3032660292793947,-0.4752397737610672,-0.6819235768619302,-0.2859805500352135,-0.5331924387271931,0.2660086464590859,-0.04515018059302947,0.6694170233819424
1.4463785324858809,4.3015390281410255,2.5575631211231116,2.008214612877734,2.663855084136594,3.306920654281146,1.3724799938681018,2.5569269642299823,1.8157925846826073,1.2165643017930499,2.1315410447361907,0.19183433148867646,1.8398943671102943
-1.2803986983658333,-1.922491051390664,-0.15390498013132145,-0.9422850082268833,-0.6435841144872313,-1.540175919850461,-0.2154135170123644,-1.2579361560513886,-1.0023699740449792,-0.017153192625846612,-0.8069134792832969,-0.07134798198679669,-0.960167164353188
0.017559756052279323,-0.7916358781779288,0.2582013484354441,0.1576998734461247,0.2960804802127596,0.1375234444873381,-0.23561990083764414,0.4546113724452962,0.6548891376256426,-0.11532372164307164,-1.0938231076835652,-0.02810455665069946,-0.7426081507024355
0.14209719569085988,-1.2559371153927512,-0.6219107085686281,-0.223970878400788,-0.07696867310493768,0.3973619553252744,-0.7318217785115769,0.14367549011897704,0.6856041420225266,-0.697764473609471,-0.3467037815310889,0.0071217278515298445,-0.4357909030203396
0.4414308166175357,-1.163343764055333,-0.5463461218153437,-0.29296882352144976,0.29361044973755873,0.5330406885741589,-0.04878761044638754,0.7003505829707461,0.4532921036775222,0.06248142852625785,-0.8448459835187533,0.05942905836272976,-0.5954444148634663
0.1720177640160545,-0.12902957702417772,1.1061268612276765,0.9572671139260961,0.7075657115493797,0.4281144633811587,0.08953083126391795,0.5524577519649434,1.2042859180933898,0.17183098041866385,-0.17694187272469417,-0.00191402181284502,0.07320986437714759
-0.872959695353121,-0.9059974201887638,0.16096903437308763,-0.42002682012661047,-0.5206829389135561,-0.9321568879852486,-0.10546473551670917,-0.6186276199270248,-0.4217045582823145,0.09633853218233629,-0.21164156712281212,0.04325321407393647,-0.525150414738649
0.0010126403593716774,-0.3440750556753482,-0.15609488042976907,-0.3395111074055442,0.1578752583226499,-0.05136953270373241,-0.30452555919699886,-0.030792067757445522,0.6644963054644824,0.06201753337660601,-1.1089521026298301,-0.025032282328854003,-0.18239999003863577
-1.2197134353406724,-2.1747301847803304,-0.8301759537220157,-1.6709538719817325,-1.1588872318633368,-0.31496173021745766,-1.3415801600646222,-0.6351462950604037,-0.26479966568864044,-0.237288572364228,-1.1385370215491595,-0.06763880173326459,-3.0620884284956595
0.2095271524106566,-0.783955540422143,0.35609676737286555,0.7545108078880648,0.5877113420269193,0.5066489945240837,0.16509770009498526,0.8515532648617712,0.7184403607520894,-0.0557701789861959,-0.6763963906174628,0.026696126449904895,-0.5816156919792089
-1.2386645740694882,-1.2804976374350694,-0.2479392048108599,0.03955353160621593,-0.5809955247819502,-0.9682031987861007,-0.8334781296917938,-0.9265166166949914,-1.8205512012805174,-0.5025643563516332,-0.07079199483411183,0.0404674487855906,-0.45498212786947584
-1.8589996718341066,-1.1083433869437103,-1.1266652916827138,-0.3073260931086002,-0.7298833427073744,-1.776116953884872,-1.3655891956497606,-1.031575705833319,-2.448539107782094,-0.9877249324727908,-1.0184098461138393,-0.01936412466405366,-0.9424709175915145
-0.2149027541257803,-0.33023768381060414,-2.1941002474329436,-0.18413000145215644,-0.06171838510936753,-0.6899480275315648,-0.10732686341054637,-0.2841658405196439,-2.3529686035011483,0.061634488593812785,0.2821633567803332,-0.016578789564470356,-0.35023203109339296
-1.8898365470741152,-1.9055609338285606,-0.8285794278767168,-0.9551116323411571,-0.7819118727823824,-2.0472025864630834,-0.5340684615561946,-0.9531403641573465,-0.20724225409070224,-0.1727194598267994,-0.9074312176131123,-0.04458465719543814,-1.02631099658863
0.10358860083338298,-0.5155932040681365,0.07960206007300363,0.4619856648250587,0.115537848835811,0.4492726858490561,0.10391148950134979,0.556475827255959,1.0102162608074208,-0.5053324422908351,-0.1248912712246076,0.05178140902115653,-0.14788707661455402
0.35154928183752227,-0.5787987973782909,-0.47626370605973833,0.20578203991120164,0.24450190653481219,0.024208769621198195,0.15405697615312727,0.3361394720803946,-1.4926914192989678,0.06766874575573531,-0.2661215539330928,0.02831606950313374,0.031006258205355457
-0.1721965345000435,-0.09185418992251576,0.8602074287322146,0.5771632144258668,0.6697786113824175,0.10967209433515863,0.336860343106867,0.19339381050615984,0.3738028212636709,1.0301537327815056,0.12707977035380388,0.016951094957896446,0.19736493253407786
-0.3056415793423851,-0.874225598474085,-1.2671895263315593,-0.7660974281819328,-0.658545817315915,-0.8945974334722594,-0.2640820924981704,-0.2705117509739163,-1.639205080737981,0.08462113687160626,-2.1079423382935216,-0.005164885015951271,-0.7708070338362208
0.3487701471433198,-0.6149514453514066,0.007041883753198734,0.12986646321498693,0.2285943046588607,0.5223864334892844,-0.15366481709242286,0.49234199196850487,0.906537663168274,0.07969240559187413,-0.6764619213047749,0.01614150731953697,-0.14765966075071557
-0.2550348606175328,-2.611263576522211,-0.9503216932463044,-0.6472125547663827,-0.19636654957559785,0.06724145186004334,-0.4674360350224499,-0.4684139176277029,-0.31579205789189374,0.08052235775316757,-2.32765474440504,-0.14089716066037197,-1.327417382241175
1.9142686938274542,2.6254407012012484,2.224576809055999,0.8385665717920187,1.2896618784627778,1.699136059308011,0.8798503817123773,0.7298257011237246,1.7485668228509728,0.23991875018562295,0.9158970272466023,0.046581692482965766,1.1805700647551567
0.02693830509152672,-0.7206864250613015,0.33441934703280124,0.02918659774948742,0.30322071960635694,-0.02977061049029642,-0.32271229524941486,0.7555924715876527,0.7357377421183305,0.016449107049653924,-1.1040777666204502,-0.030314439901978702,-0.7290035502395282
1.4291983914932804,-0.6889524502139023,-0.7262297337189213,-0.027392209379209435,0.3065218288855007,0.20312241282727983,0.025249325714539732,1.1441672113299783,0.7005879250380935,0.2903381187551552,-1.083757474690598,-0.010032296796950162,-0.6223000928024864
0.21876915293784505,-0.9072069270564759,-0.14358442709483724,0.3977072065314537,-0.04521148308128529,0.09476090059059462,-0.04041493397671726,0.1519921683002677,-1.701623196983063,-0.08531466168467886,-0.12387467655068679,-0.002095829263691667,-0.08754493112649982
-0.21102882088368968,-1.0350975780088145,-2.7113362972283115,-0.3295844379086822,-0.34630674522473576,-0.7510843255709753,-0.5045905062147519,-0.31975149437112527,-2.3293816593370864,-0.03255236016870992,0.3757984423226056,-0.002555843482777078,-0.4671758029868619
0.15385973153946295,-0.6237796457525756,-0.031677777096629195,0.10748576925239622,0.034240579074248774,0.35390906699208746,-0.19474148956179205,0.4629179999842827,1.0467708478247126,-0.193149458949661,-0.38676137793472865,0.11013370340353698,-0.30032059829061253
0.15854566859598793,-0.694754843742897,-0.3723530664429482,0.07398939521233043,-0.24341688139596945,0.3558804496812323,-0.23557580388099375,0.4119283353386629,0.8029764177493053,-0.245589269257099,-0.6937463028694039,-0.04435499059812482,-0.4520187672971388
0.13088240014828947,-1.8077120244182234,-0.8471034629456701,-0.667449606852994,-0.12170274990222721,-0.07241887422847668,-0.5705902501596656,0.31524258858045656,-0.03662009177988186,-0.2846463947882876,-1.2880639767747681,-0.07059149498818441,-1.0685003404715099
-0.5181108565609125,-1.1445639409562054,-3.163691961203521,-0.36258187978709544,-0.579859795942644,-0.6865373083866306,-0.8142899565869529,-0.38332306301505814,-2.875373420778196,-0.04456838784118495,-0.913204856621774,-0.12966932390195626,-0.6622023932105449
-0.06346346181403434,-0.3333947068905562,-2.3441909096516773,-1.8967112137736848,-0.2725402855940369,0.019577536095554515,-0.10527129391622213,-0.14437332454318602,-1.040599612137303,0.048044543598468104,0.8340133877672875,-0.06422648233309793,-0.018959231493580652
-2.7929773710254167,-1.4166985540125627,-2.3773614793025057,-5.281022491430503,-3.5491237310433963,-0.8428286485286017,-2.6676666342601596,-2.128891792636779,-1.4246242456350264,-1.2865219667450425,-1.3344484878419385,-0.35789295566526963,-1.2185861679520977
0.17399755526230568,-0.7076783052002752,-0.6759752719716116,0.30403489384114635,0.12611715028605733,0.05104694981024495,0.27036667173081597,0.3709197570358972,-0.7783466188626417,0.2307071372992101,-0.8238221674827706,0.018490624679899283,-0.24570245456674863
0.8696834089475062,-1.3030223941846961,0.07665472803740864,0.6335436384804132,0.4636649707534039,0.6713396099621121,0.7746318210568277,1.285574072447554,-0.24080036930688134,-0.03329753859615366,-0.49595775030656825,0.11622163352530654,-0.23832881175240292
-0.8220852025412023,-0.6525794786339005,-1.8649727774918494,-2.234677413712359,-1.0668433093517604,-0.0857122039034342,-0.29911011616233746,-0.3728735730150302,-2.423523959504544,-0.2000587622050403,0.31793623037946717,-0.11087738402394794,-0.5535228472756635
-2.074787339960588,-2.4971353699406604,-2.4948080550977547,-4.54366955884577,-5.1148549736979305,-1.2596618535855992,-0.7385453882937628,-1.7813143047183333,-1.4436203877451932,-1.4445780711132101,-2.3428132276992426,-0.3691759125044984,-1.5798206773591745
0.18677240223235764,-0.8675925835845473,-0.6802653700872583,0.22467971672717896,-0.05342470560986031,-0.22389405501139759,-0.30586976425670503,0.19269763706161436,-1.2470055801554636,0.09090979047611147,-1.6755578729671994,-0.012370483039024608,-0.20987208906936256
-0.9233205047974155,-0.5693324597474808,-0.6916866395757019,-0.9921746913636004,-0.5368664563379977,-1.8538263005750357,-0.06007984545780346,0.10383852363227762,-0.5809603291175638,-0.11459710855269807,-0.896835005163836,-0.05762134896332606,-0.146051786413882
-0.17615163645422505,-0.9197519968103409,-1.0769811276103265,-0.18708610622238156,-0.5397021711497414,-0.7519478781350579,-0.250044318881248,-0.4177526791511468,-2.0024967362303543,-0.0008712383816277752,0.2867059272584609,-0.007939052391771426,-0.3079969127526663
0.6603278308949021,-0.3632567174608508,0.5647719018965857,0.37635186476012095,0.4772276044305825,0.7288919372947164,0.07026630228178365,0.8966927012749427,1.0884375126514998,-0.08056910379298239,-0.3106840676025281,0.02478585960317618,0.03753273849685993
-1.4109617349381252,1.278371144596798,0.3743360453683675,-2.09169616233247,-1.185762203469769,0.49434239355122883,-0.21506136838294984,-0.6380820619532216,0.5613306815648035,0.3327568279672414,0.8303754280626567,0.1117996086294039,0.6932215083400822
-0.6955832695394446,-1.591209518207858,0.014653400704005932,-0.4010310765495525,-0.05662214413944945,-0.31175033849250106,-0.8209286039503706,-0.5527452159052095,0.14129538580464826,0.15297944428813123,-1.3206174323027438,-0.04187400152479915,-1.0736198028477117
0.9042366943060836,0.4106401773040286,-0.7236047490880207,0.0361246567809333,0.9333068373659626,0.5469426585935675,0.2051396439232242,0.545722567362504,0.3083138004493797,0.0841251646406534,-0.36031005414875433,0.0033264332688930733,-0.11018340623808201
-0.1969855620647366,-2.1020097451023785e-05,-0.13033768010041158,0.16754217693970228,0.11670378188111102,-0.24608806473461703,0.3632959565354719,0.4385972817019664,-0.596034094934714,0.07788497064133278,-0.46437836149629835,-0.024516593915824204,0.41085410247996657
1.3774221413913699,0.6687469441539404,0.8067525347324813,1.257963257328245,1.444043028598341,1.1770214889066601,0.22776015953988685,1.0676283282895263,1.8624651688500309,0.45112504593665825,-0.09461017104745312,0.07956882880586706,0.16729899110971022
0.20816727568343696,-0.6065429462326897,-0.09569267082390273,0.1345396246290248,0.03658282666518872,0.2771195337401392,-0.10938566542877298,0.10285075071164297,0.7291606844061365,-0.210463003002935,-0.6978947327940517,-0.08530700981539377,-0.26553874963377067
1.0421839864859874,1.1298171372690962,1.0746645957272916,1.9983001412523709,1.3171293139969933,0.7470959626784963,1.1755006286589849,0.8759617527031028,2.397139422467703,0.04887080756274784,0.04729643416513407,0.07733541960414084,0.7237300646781094
-0.9222534403318746,-2.385223239206244,-0.0424784404810311,-1.1688033550369756,-0.8368252683751697,-1.477670682228248,-0.38376786763055465,-0.7259134028169014,-1.5104572519755712,0.04671057689339957,-0.6692762867022409,0.034614431625232124,-1.3260474054115674
0.2437282597405525,-0.12307174874935296,0.10260939309476975,0.14079572090723866,0.5140335605992006,0.4779522434984231,-0.03591239721410812,0.39335738625066985,1.0118910654158226,0.07702741639817966,0.0019857184852783614,0.006697879212701454,-0.17533724931223926
1.0213537806691604,-0.39732864030688586,0.5828518302417878,0.4273435121125334,0.6751740983467447,0.952962728342714,0.4694574213165065,1.2497538770450691,1.2983342161389166,0.06675201019737875,0.0005323068753608403,0.011279977933089744,0.02122625326272086
-1.9252530307496072,-1.7412411326697717,-0.6995894016297013,-1.1332673910635316,-1.0239006284795078,-1.00733043403908,-1.2424492214604592,-1.3132744664812668,-2.0894975526993065,-0.6690434219703699,-0.6877106552250271,-0.08029696708596833,-0.7844840892554363
0.0780194543995377,-0.7121522761193209,-0.05292992515334237,0.17277796843916995,-0.0015806669596995688,0.4799036921827228,-0.07778648977633568,0.16577086850897305,-0.1437886752723716,-0.0913063191976915,-0.6980755241473932,-0.005206940758507645,-0.21047918445068522
0.43784559212107627,1.8683748920458474,3.0566279113142656,2.181308565923052,0.6966614233169497,1.5776171675107133,0.6033062198069333,0.6124366582847303,2.752439916486231,0.7775803277827795,2.5043951268877014,0.11314875149375034,1.4787485486932566
-0.5133028230182308,2.379752074353293,2.9027742848876437,3.216277341663372,-0.00433991663364896,2.838159950280355,0.8407291421705548,0.4017532644832195,2.0165478829889456,0.7009947204874415,1.175183329150184,0.06926876859791158,1.6811743183713408
-0.6793740320474737,3.334605475891278,0.8293508582826082,4.090882485655861,0.7732337486925019,2.6353240501766813,0.9275735439717151,0.5506539539537498,2.172298178222652,0.6419249598552574,0.8766143025152595,-0.025836982187401023,1.1234301109917257
-0.43974775663680504,0.8084023814410387,0.6975612958655175,-1.143486836503467,-0.26709573477467835,0.5147241335284586,0.5370240507625402,-0.8991186550399289,1.0760286592257517,0.28765501435949564,1.485618148257232,-0.009991836362751194,0.5090572775381669
-0.8810189837848559,-1.1617374120161146,-2.7866412471537476,-1.514342705820842,-1.1293295280886946,-1.0878193324780376,-0.8103930650625585,-1.4261292786078732,-3.597352498026254,-0.33854217641857554,-1.1103504614081856,-0.04232958367948103,-1.285953522546527
-1.1931725546986696,2.3810772806333587,0.9861700530047527,0.5392616666946559,-0.5657847346401669,-1.3243483102952855,-0.1971123183234077,-0.19935368154508376,0.6559295431731476,-0.12720120150337205,0.7484283205408913,0.054807358716304044,1.5103448362751968
0.00408354819053784,-1.2417613311285256,-1.829578184575981,-0.9121066136618092,-0.16436377956842385,-0.45626877372334196,-0.5106473289753518,-0.049039049076123414,-1.471914467380589,0.2631374958497731,0.8872221903349016,0.04085238795895646,-0.3376627714311083
1.1947608600334367,-0.6575826442572805,0.23496541479912902,0.3077849677779403,0.42139546692060936,-0.34498118284313617,0.387409398300418,0.8568502962277529,0.742620145030992,0.544920160923567,-0.49697855098043675,0.033540915019629115,-0.4025229612414517
-0.9382216900540514,0.14889494137579776,0.4400839500651799,-1.573903585448861,-0.7390853523848477,0.19812157258934648,-0.16864622693250167,-0.8407003740273002,0.625544292905575,0.1601228114305477,1.2477098035108711,0.02466350382866547,0.15484984191289794
-0.6823280004593025,1.0245973911092414,0.6193227336995508,-1.0189408409740361,-0.463884537013558,0.4258558230904035,0.23609766595945172,-0.6656123751432943,0.8656015142808771,0.19256088356125278,1.6976231054154536,0.03886477733160264,0.35313448439973083
-0.5053195844629468,-1.5407075913959285,-2.6262794972976877,-0.960755949948604,-0.845202292308936,-1.2096861396378114,-1.3294964701276168,-0.5100966056886439,-1.80546784898111,-0.5761484013999709,-1.1276783268976334,-0.00435528066733636,-0.7242245622284503
2.446120227582028,1.3320859065739854,0.20986914637265722,1.041308910823686,1.007579910066496,1.3032985802300066,0.8382913205901988,1.5519388117434252,1.7264396432399125,0.10561663293745373,0.45818404540264346,0.16754034320047717,0.32550104728175516
-0.1924431380898588,-1.2212472954084577,-0.48166558293211786,-1.9965377738306094,-0.9269691298384635,-1.3260468430116046,0.4679198347725389,-0.19456383180856293,-2.5846956656521396,-0.7558821455598809,-0.516494703169705,-0.0628299134103064,-0.6774872959648364
-1.9222775070097606,-1.2217478092459755,-2.674765986538647,-2.2535591793738097,-2.737694971894897,-1.407198754100181,-0.270249352957536,-0.8414974978905067,-1.7048270689225242,-0.5946233047001684,-1.0300184831074957,-0.048332628517722104,-1.716829759643879
-0.1196901694711091,0.9698889770175124,1.8830739872897462,-0.6570131267265727,-0.06826964475499048,0.5615672490813045,0.6785780030525186,-0.4646294965444961,1.1585931235989042,0.3649971535245681,1.9979938004098625,0.029179316507652438,0.5454405451679811
-0.7548851098585874,0.1446577200283193,0.8062142877961095,-0.8369508433336806,-0.3361699926188318,0.3626081615735571,0.36623918494106167,-0.6520094434854884,0.961370194333916,-0.24472713461404463,-0.47511416782702615,0.025897700823843503,0.058352285088557374
-0.5237171425873469,-1.3822309596616666,-2.5256029187807716,-0.6877017471346901,-0.5599748092631086,-1.1103504321324484,-1.1221374973335254,-0.5337995599893233,-2.0655090627464876,-0.3844353106128982,0.43082148210650006,-0.33914108817491484,-0.5963305722935023
0.5162435573592988,2.3494741756236177,1.2835971475832375,-0.0010844782750226096,0.27948586662506864,0.8180392080007327,0.43868787006475046,0.04528085452763164,0.8895182847666246,-0.008894999998414588,0.18502257545271683,-0.10171451802934647,0.6335884399701736
2.0573656219797614,3.648278045068599,3.1308514983600215,1.6558811927121133,2.639497227387295,3.566003270367575,1.6690365987415943,3.513879395152649,3.610670067505497,0.829504153391657,1.4819089008505562,0.10422446803810703,3.7777175587793397
0.3309854160968422,1.3944357910022758,1.3379812095334964,-0.4875167220137598,0.607704390661998,0.597876396574494,0.19933743217701305,-0.5667064912860387,0.4013861018848709,0.006050252000697975,0.9034848463354217,-0.01788448237503563,0.5333442167823927
0.8192544574867415,0.2662472687586626,0.43360728424715106,0.44333059361773647,0.569142011322288,0.7355845396686345,0.2057287854070052,0.7153913931518844,0.428877595954109,-0.1037653076092506,-0.9336542547667501,-0.029807754149660415,0.14519313340812615
0.6339753322668066,-0.2143156333898918,-0.8856842598259552,-0.4944496413853226,0.5141243440474179,0.48734123952453956,-0.28624485237342817,0.5772261125891885,-0.33167652008770454,0.10362948932141686,-2.030844611162061,-0.05696570278662774,-0.5673404011448535
-1.6688892471759267,-0.47575795194134113,0.3654942589765416,-1.202500097512578,-0.6311564326697648,-0.09124572648485715,-0.5450907855144599,-0.9984305862109698,0.4503691265186192,-0.493136501994191,-1.4502568121332047,0.00953758870122123,-0.80727496215401
-0.6667531387461351,2.089794857104102,1.0059131713102885,1.1145014931851371,-0.44246779490365756,-0.8022995137495715,-0.06107332755501068,-0.15221054373929915,1.0361506554587845,0.33023295640428035,1.06181550458591,0.07554454980262855,1.644647848888611
-1.1214087518361502,-0.14245665272206276,0.5398292068862873,-0.9795334633475998,-0.5847027569383175,0.22661953595156467,-0.050375574868068915,-0.9831705624410989,0.6553499952879629,-0.6358597337749475,-1.1426032619540476,-0.0015346765021482885,-0.044848201646366125
-0.6985342701467583,-1.1711326917568738,-2.363772829059098,-0.9378141446458178,-0.11421885815850041,-0.8717370298621243,-0.37380808511386726,-0.010924078085873725,-2.195403576964292,0.0739753210345387,-1.9525735268412001,-0.0001623817585640777,-0.5131727588761391
-0.4452200049498221,0.7777258990316963,0.6594321750658046,-1.2599431368579266,-0.42660219872266897,0.48901716557641844,0.7381953606154359,-0.58473255770074,1.2825610761023651,0.4630005140462889,1.4624396703247393,0.09039039892610173,0.3401744254512919
-0.8104832483124402,-1.3380481798346673,-2.004185775705716,-0.9147786186410425,-0.2245725401732811,-1.091096212956796,-0.2768346930763477,-0.23396394644708687,-2.4075932582216213,-0.05240211412491685,-1.9920784230926725,0.0019306738926873931,-0.6221080126504722
-1.452482389090065,0.10829017363229956,0.301864396216503,-1.4412491880158063,-0.8632611806434581,0.021912587647222766,-0.5498182764225124,-1.1857491989469982,0.6988738889260113,0.22816400100477038,-0.5446951004195336,-0.06490418003872042,0.3022190765808854
-3.4297505974549702,-0.5196745860987962,-2.8146005589289893,-1.678627971964888,-1.902891143792723,-0.33886660723196754,-2.014249289133327,-0.9976568286865947,-2.4143948874987355,-0.01077762804408052,-1.1438311780670967,-0.09186684589858887,-1.102106999897191
-0.7605252847453167,1.9440460714035557,1.1816918824716571,-0.30197989931174873,-0.561370305658525,0.9641736688501099,0.01883824745969229,-0.8247815075940967,1.4286905816414703,0.66953513478912,1.1697447675756283,0.09621997871798363,1.5005491395113575
-1.8512544470570154,-0.7240474297724558,-0.17057478094111303,-1.7477900829111845,-0.7818053651950324,-0.21421868537500918,-0.7730905461908938,-1.4971008430967208,-0.11343946173166236,-0.5493450120683863,-0.7951713606309041,-0.17132326258087727,-0.8732705085835833
0.5596974836755546,2.834380145810234,2.716825891537074,1.0032080534312666,2.2039196718106466,1.3358582154459628,0.3314059962435729,0.44412111010298966,1.8772624619900142,0.20204717731465482,1.4552041550777435,0.022777497224613294,1.226312386290067
-0.6166230715322307,-1.3686974293811036,-2.1564025512785236,-0.842445777549874,-0.8699029405999723,-0.7017559167072694,-0.9989736615136887,-0.5430013641808183,-1.8515804260231863,-0.2387711086654518,0.23212645149142996,-0.45904983520766496,-0.5549257473174172
-0.39117269093532947,-1.4174999484639719,-2.671657261006379,-1.37525096312812,-0.6214362380288851,-1.2245665362027163,-1.1327219351437974,-0.5872371870938999,-1.3157733831608978,-0.663518028237029,-0.2531021397697947,-0.013204469882831391,-0.7404481038513283
0.5557773581158835,3.049740619493338,2.704311920102789,0.923005963565471,1.944872952124828,1.4960786554196641,0.289000060301688,0.3773914050640694,2.0380474279148295,0.17038877999927435,1.425071583121704,0.03023603905302778,1.095928990627225
-0.6341741889813499,-1.0557296959227986,-2.2422617474187994,-0.895399998750072,-0.16839168839984475,-0.8661762695482723,-0.18232919440397782,-0.13066733377804565,-2.4238651384489556,0.0643017445851324,-1.9997112923230616,-0.0013909492116524881,-0.5366549639683217
0.36940858241351726,-1.7093439469009173,-2.3523645174715466,-1.4034375997780204,-0.7164071532913175,-0.8876681252042504,-0.5630038554363677,-1.4956710472552937,-0.6645129250124509,-0.48060194522504596,-2.1285805974812764,-0.18544580404569094,-1.618325533636121
0.2724624136645192,-1.1178653575560178,-1.7768739358805274,-0.5152600174623592,-0.32254154721973466,-0.5138568600882879,-0.6240549854062394,-0.0771013088048332,-1.0872949714157987,0.15590316262199647,0.5455081978182879,0.020621620964957395,-0.30422987795952294
-0.49698637735383183,2.195974735850986,1.334973491382164,0.8882409997209391,0.3582461283515051,1.6481958851606278,-0.17088992588842894,-0.522993727389516,-0.01252485792204309,0.12144774205775738,0.15650730755749248,0.04749671547945278,0.7052410625868165
0.7344738304335626,0.02553342274726474,0.10738558661166785,0.5550271512715457,1.2203007758486395,0.7639219877216967,0.19313942475710066,0.5992922294574479,0.5190335245376142,0.18697918030278146,-0.05396621338091788,0.01063412406016141,-0.014693650255600568
0.44305942728908515,-1.020122730648145,-1.6040919664649602,-0.5398075746010161,-0.07444097308454928,-0.5545535616235188,-0.6529663810766456,0.00608634692125226,-1.0729000253441177,0.09809447664224236,0.9299333879493901,0.13803430071372225,-0.04735495607730829
0.8664588285623016,3.4879792105629006,2.5058573441486804,1.594146346576875,2.1375633281195117,1.7973073711856786,0.6861413861793055,0.8244741132120703,1.7587358655762446,0.45737912080147186,2.1290495092338992,0.05494326555118402,1.0629065043344679
0.19424971826141701,-1.1052477714416777,-1.9136526267794478,-0.8489640995029671,-0.3273188026761636,-0.5731404279416892,-0.706152290193002,-0.19975168338123084,-1.4839694198438276,0.23502804469407745,0.270306283075673,0.0818136589314478,-0.2990452788451997
-1.7293682729163098,-0.7528800816435575,-0.6078010175082209,-2.37144342064961,-1.6733380792838415,-0.6582006740161319,-0.19785208678028235,-1.5382807832407865,0.05539816730138331,-2.4081029162173055,-0.6372790377563797,-0.08138119218172508,-0.19978380330941747
-0.5253317681172243,-1.356548432224016,-0.25618172876174683,-1.7100672101519176,-0.7778080050414431,-1.7996207711845633,-0.5227606238504974,-0.6827912131702115,-2.034179494684408,-1.076910930380432,-0.8588705570095532,0.09629000125763318,-0.8815782359677056
0.7301062209997329,0.6013745642686262,0.7685570382999463,1.6879819252021198,0.7896973844454624,0.5785774062046161,1.2743556529293876,0.5056939014225886,1.5720619939267637,0.6000726444320755,0.4390880872759348,0.058450472122058304,1.0740724849121437
-0.1280586123187095,-1.7997800015703413,-2.016851375071435,-1.7141161988406548,-0.7021233038733611,-1.1224581305603754,-1.159917616679126,-0.6306378662205923,-1.4604492439001073,-0.328566594055802,0.10547085875955724,-0.06602176378248271,-0.5186242626237475
-0.03419384107873261,1.911595857712803,1.7805296930660388,0.9009328747535537,0.9594540587372867,-1.5860374226229677,0.5507254206984199,-0.12126672082114966,0.7860377548841968,0.09747939589045322,1.2327460975422422,0.10338625198695803,1.165925363703217
0.1980851745279505,-0.9590036519466797,0.9692715603961717,0.9578855232508956,0.4068983823296407,0.49095483975200377,0.7493901120051225,-0.1957608746783809,1.1843948680700525,0.3899425665617715,1.2994127834810771,0.1030350505682227,-0.2620324865262956
-0.2804385168038102,2.009193371222872,1.2822932321583436,0.26667988525186137,0.4163141434794912,-1.855486632443758,0.5713324047412931,-0.1624096548303755,0.5065203098854466,-0.03191587590172683,0.838179466426631,-0.013979136114940104,0.9012666296814054
0.6155856512375695,2.9411622310569516,2.554576760352486,3.04967627774148,0.5337424299488257,2.1015557697868075,0.4765097943093215,0.9274996606627894,3.1070150917809873,1.008727048116012,1.1891286390259246,0.1278869592362186,2.876635641988574
-0.13677262175181465,-1.8271949815794102,-2.443658021468049,-1.3931709557875163,-1.012814860675846,-0.9955443476766553,-0.9395254580552381,-0.8143946381601402,-1.6893095086295054,-0.25336389638095463,-0.6689791911498953,0.02852295167821776,-0.5944339432650142
0.616329858150437,2.51950135319442,1.7886312059090572,3.334304999390928,1.8173011145430307,3.04862019487605,0.803233289501319,0.9478123817685992,1.0011680535744458,1.0294381127133962,0.48232019427905054,0.10040389106867648,2.0485265389100347
-1.6233355220358097,1.2419902368681508,1.1010613463239534,0.5333905243832207,-0.0009792410843591688,0.6366899606626895,-0.2900582722341641,-1.0674869661084891,0.8790415709556286,0.2754047750016777,0.34458446355329614,0.05136877612262553,0.5976427725086817
-0.5284721667624803,-1.6390931685993244,-0.17900261356391842,-0.6557519377087657,-0.2224963857391331,-0.7388256141680499,0.008693157367460057,-0.5533592396964216,0.14618492968910787,0.02757051043923843,-0.46853573905511037,-0.08153526029316718,-0.7801727886076292
-0.6838392715626916,1.1102994519772216,0.45285715777013036,-0.03471767576773542,0.2626192263648328,0.2431165685116625,1.2799760299470897,-0.05011808795854454,1.126211309230162,0.23369506625355108,1.0124188607522386,-0.035740940824357983,0.9526057237919628
0.3233020617843916,0.5377570333042078,-1.2454556904577965,-0.7629695617319601,-0.14225932534007965,0.6193942728778347,-0.40998614631179303,0.642567248685389,0.4788483534939586,0.30537991933007214,0.7243198401568871,0.13526732551813528,0.5180971946515556
-0.04353525222486099,-1.3725159017299302,0.9089296683322432,1.1567444705238772,-0.040014266588259496,0.7993190405455726,0.1784034118646135,-0.33204971873097944,0.9909360307377448,0.3237345063929549,-1.8641540762722597,-0.0391656485295648,0.11794479773431593
-0.5471762465579538,-1.336075518634817,-2.1974601113859613,-0.9385821377718823,-1.1382543155603992,-0.9088127515093785,-1.1662867637642191,-0.5444313554227764,-1.540214601855001,-0.21151685973862186,0.2038392071220248,-0.12763486669372975,-0.4809116517247942
1.9684020340996276,2.136010255458402,0.8355706709452595,1.1741292544529356,0.8942373798316758,1.4049640255642588,0.7316333696665244,0.9238012075959703,2.1680140529058147,0.3173146909464975,1.2114233114610475,0.04479136869156101,0.3553021526246124
0.384207548706456,1.8760043109653313,1.4965422038497251,0.6394364609707718,1.2818309946508255,0.6986629632013179,0.1253780321789803,-0.06880404066501387,1.1776558748327404,0.133683530547682,1.2611738121581988,0.02337738079238785,0.8056094168680202
0.25726702070394014,-1.0150170165683248,-1.4349474072158854,-0.10755972400016614,-0.4580838006018248,-0.4576889407562301,-0.5201391090834253,0.1251745176174962,-1.4548923334326695,0.04256315674994969,0.7534089629529951,-0.0281317458956295,-0.1625290142162056
-1.4622307578554485,-0.7598038844153701,-0.1349340888451681,-1.3110324419010426,-1.0758930867372287,-0.4134141077877333,-0.19884104897630295,-1.3259806298446426,-0.597848869072946,-0.030605081959058464,-1.5967604203072066,0.033904991617891955,-0.48501353066673275
0.44482085736597793,0.9630978511341125,-0.3454271911819362,-0.1743687868539968,0.2621905432193954,0.06580229009605118,-0.10449847104183088,0.45745531937547235,0.2981947769353994,0.14287232666535102,-0.5644061330038432,0.006972283547640629,-0.23342451980596202
0.6343395006529884,1.2859705686807217,1.1073159687133094,0.4867967438268372,1.0915449941044466,0.3207222097439481,-0.04138511701176568,-0.05988697048224927,0.7699394187201851,0.09444293749984349,1.1670963491064805,-0.06240144991988523,0.5558559772530054
0.5073297505924065,1.985824852763779,1.2283195814707626,0.13930598329752686,0.8504071864371912,0.7662341288466836,0.09660237969727155,0.24623403066251845,1.26431242481288,0.1853738658968359,1.059508200935088,-0.0033763765419522565,0.5850605967940969
-3.526412714425889,0.4033891431094767,0.48976023448553563,0.5411528061019877,-1.5984896556805408,0.5016712968374809,-3.1052926994466956,-3.1109988459649798,-1.9208317108861062,-0.3023520547332656,-0.689552862232344,-0.1707519334039857,-0.9569629556059629
0.4689282663709794,-0.5689147316342373,-1.0530537500420016,-0.5509320491715335,-0.10634431282718046,-0.9698639348726203,-0.03155874487814598,0.2879309991613909,0.33430375273727503,0.07025322585224385,-1.5240094000888833,0.031968118263563765,-0.8685798416431578
-1.4898454330408837,0.4613250148614559,0.14121073815751706,-0.12823240200575048,-1.2619178471127004,0.6945336367045011,-1.2108762577618473,-1.24061793239632,-0.9026679726571053,0.20211312591538044,-0.8603149768768344,-0.013555638936814008,-0.02260548286165842
2.3187320071691646,3.353432745773656,0.44783094188301953,0.7267941564864788,0.49885492340247645,0.25547014147353664,0.8381133852376501,0.7599655563793044,1.874103539590724,0.3766647537518295,1.1187251821227577,-0.046403465542114435,1.0416344596626652
0.01566290378066089,-1.4707949133585982,-1.8728721299014681,-0.606171015367662,-0.7089362844356544,-0.9835900285585216,-1.090880129709969,-0.3230450842775301,-1.647477126288254,-0.17065046472138629,0.30024396704031253,0.02502536868443715,-0.5609412967293368
1.5460075277540208,2.1006901150608126,1.9427226031116318,3.318981077667946,0.8875303730099567,1.9969420409875198,1.1788069933973668,1.678898724452075,1.7129519787971448,0.7385013634144949,2.9300160798370936,0.16062310980788147,1.081784072560258
0.23187644664715557,1.4811523713280133,1.4987863412613258,0.699158398332074,-0.037907179653799826,0.8640242605524447,0.5804505790169867,-0.14577391830842112,1.98729661094568,0.6337279621899748,1.695044660644037,0.07389845627153087,1.4138186067182361
-0.7185146398524134,-0.027211928922269084,0.4079325681955865,0.8321539174341078,-0.2104988353127717,-0.27543594738882443,-0.45270857468092185,-0.4261243515397008,-0.9120691622679846,-0.4912253303378304,0.3003039705639498,0.02606193867460299,0.027863016147683876
1.78166472973302,1.0699663692040167,-0.1243217824086445,0.5981775049704852,0.5544723979544102,0.6030356484009988,0.6338323813643202,1.2504436747031287,1.4644959645237152,0.11588986107976057,-0.018415327196320035,-0.03333139244182459,0.08321131092418613
-0.16197412946403744,-0.6993747810672762,-0.3519152902463813,0.08318229383607913,-0.930480234126897,-0.24238054124923003,-0.5157483142738544,-0.5269457244470768,-0.1468482468755813,-0.2883579276127016,-0.4420364624057485,-0.030542687800609387,-1.0528961277497002
-0.7499944082466474,-1.2734808548780467,-2.9438769779142193,-1.2905462820599007,-1.0857967960658588,-1.3041088822332676,-1.2366849797596737,-0.6580939994281573,-1.6126387112215161,-0.5731069261003802,-0.29250193075328645,0.031219632813914027,-1.306368119399736
-0.6237008323116848,0.6384232189490768,1.1617070143162789,0.6098043982609589,-0.5519769339516966,0.7993843090645452,-1.3654773502866742,-0.37516280412156544,-1.1648690283888332,0.059626714318421654,-1.3328282767544601,-0.017217495222058583,-0.17247172348615203
0.6710154559445152,-0.186525347965459,-0.9054490600329722,-0.4334328764715852,0.49518410589261397,0.5306571352637062,-0.2828952238033526,0.7374147374030307,-0.33277763365043533,0.16668253433476718,-2.0699847111597447,0.012644299119193523,-0.47346807776769206
0.025539241142622682,-1.193571983598328,-1.6689396555063363,-0.00045208476820133046,-0.38726464487508755,-0.28819575275915355,-0.6864283020269228,0.2726198125791012,-1.3830195960640495,-0.0198484397586435,1.2073091684409882,0.03504465065146278,-0.3136579331002819
-2.261932750543994,-1.532435166026569,-0.6406091037216702,-3.6445800261152907,-2.297311711117315,-0.8319349868574906,-1.4617046453348463,-3.4134703420578605,-1.0201619985896266,0.1438984328591161,-1.1528002091300573,0.04248399905549977,-1.099818720754443
0.11164427767249012,0.37729323076135984,1.4083548508517238,0.1005569843192481,0.42286525765226934,0.9491527332945005,0.9840704688848927,-0.04534594689909794,1.5924966959717368,0.25749411496825314,1.599584073942517,0.017218335144118094,0.4938575700556655
-0.5461149921817965,-1.7625932484860014,0.2095353474664606,0.09168310316564111,0.15947241111089364,-0.39753471836201953,-0.4371338468229969,0.22155285685633613,0.017741175801234507,-0.02208423842624245,-1.3402987983767198,0.021281471251406548,-0.8435097716616776
-0.47325775877831305,-1.9987606753189011,-0.007081234404920709,-0.7769674538696809,-0.2630498332681599,-0.5382270047514857,-0.035281046354987994,-0.640037230674643,0.25645380737156515,-0.06620411570804816,-1.1381405472116441,-0.05812811798907612,-0.9003028803981012
0.682080228000155,1.3540766072878618,1.1674558227136727,0.4597883620692623,1.1062491166457118,0.43438547457697696,0.01521235143326025,-0.1492991054135684,0.8597289434794543,0.1737330080501529,1.3873212530619154,0.03259911519164844,0.5926510096232717
-0.31994126607301737,0.6167752187000586,0.22454007628684242,-1.9701918054297052,-1.0332441007705508,-3.1628057272069987,-0.7101735331656204,-1.5323851738207872,-1.2302988298066582,-0.03490113292303347,-1.31502756896377,-0.010777917302006628,-0.9965725621280982
1.9035364799258403,1.637366142972476,0.45031139790701347,0.5955565804186173,0.924356368640955,0.9067089439866441,1.142697678245604,1.2631827549331094,1.7487670539179816,0.3964354931832189,0.1794314799861364,-0.03257214149356705,0.1867494214724542
0.9562689697527738,2.2981151633833843,3.693028449264303,2.5879395418521014,1.9171575076971206,2.6238052600001294,1.242776798328074,2.2786138787151624,2.369952655322592,0.6776856687028582,2.033976876219321,0.25960873391142963,1.5134187648083182
-2.9109747974683216,-1.3342862253483487,-0.37857057097109237,-2.0921450516948896,-1.5230449091104994,-0.06339497900645572,-2.4604627436272692,-2.054888604834883,-1.2645765446892216,-0.15107405531841017,-0.9259607545162241,-0.29803189942794334,-0.03496295282513728
-0.18295400174929663,-1.4941524172849798,-2.130115736391292,-0.5771961223843713,-0.6703724479221271,-0.9425962025951594,-1.0772472091354173,-0.21220339517083225,-1.4659913321329645,-0.2508207471153906,0.271242522955096,-0.13388113463970108,-0.4995130941998731
-1.1233708836772065,-1.4621104019140414,-0.301482048546378,-0.3456092287835457,-0.9281219129936977,-0.8728252466931008,-0.6031369117681038,-0.4619503227579924,-1.2067990908259525,-0.3273614594146299,-1.6792330263650768,-0.0895005987923489,-0.9688843450853086
-0.4826006277893773,1.5459183760054618,0.7138312923908234,-0.5165641862790409,-0.3848114836014187,0.5410726937915509,0.36230276127915,-0.004326606563602804,1.3169550268194223,0.4327026688136782,1.6781668955470543,0.003500972688715409,1.1404010196757082
-0.11021144569877325,-0.13398457346173617,0.7043842014225405,1.9810899996705769,0.7484912174342511,-0.019401093846083586,0.07469550192123287,-0.1429858478960685,0.4973220799392505,0.10853728562929775,-1.6548574167847014,0.04912714519175806,-0.16751633256104678
2.2304749008115485,1.2222216242880353,0.26556020736694325,0.8664185997168533,0.9022979674565916,0.8144343875330458,0.9312272721754076,1.359375537554216,1.5559538713796068,0.4331768722547632,0.3405425424397819,0.15422948869100472,0.36518488184885206
3.393437892708203,4.367542696087621,2.3888843616356863,1.6136977688950076,2.54893905913121,0.5138388554239648,1.473468523338023,2.114135489804256,2.6532544372639513,0.9349284123106751,1.9979021693134886,0.5093642459398448,3.218724753291915
-1.102170886016813,-0.8291794713296825,0.13482895839752423,-1.9053320074547078,-1.328338687573301,0.13098067101453328,-0.22637300902253227,-1.189181893310613,-0.3038796618159135,-0.5604196541813306,-0.7112477571778515,0.013166595101356489,-0.5525834141619916
-0.4577908688424053,-1.629892736846167,-0.5018856531053056,-2.3546585480035795,-1.1386690694569714,-1.4190391983986936,0.19872754627424802,-0.5080322308297683,-2.43256774725082,-1.0929196016190366,-0.7955829100629006,-0.1588980171130972,-0.9908583805342723
-0.034768305092584356,-1.6635933687279207,-2.1238318444361597,-1.5902387058753005,-0.9384806729879023,-1.111305754385992,-0.9720171931106599,-0.50694339086224,-2.0114628311479468,-0.2708802550079093,-0.1293142487116468,0.0435106339678168,-0.629437527193222
-0.31640947772681505,-1.4797236551467277,-2.0305270204487407,-0.5961195145471072,-0.5250654238501253,-1.0898946890929557,-1.1711096214856176,-0.39884295610814463,-2.114623972709265,-0.04206427494697787,0.6262055949711551,0.00010573358611307573,-0.33978878674394863
-0.41142017958207167,-1.3066002818948539,-2.1752453750528455,-1.3127290456338476,-1.2747823618753398,-1.2310349365590243,-1.1882172050945359,-0.43617768869605944,-2.111242642053274,-0.013430746686644873,0.3440739018135032,-0.060910323721925855,-0.4665859004341633
-0.011129075494698323,-1.5001084989728404,-1.8816735056924838,-1.2593707204143152,-0.6853557691302719,-0.7025838359560453,-0.8462371570513478,-0.3106604953468518,-1.457785912689287,0.10661562244718273,0.3403415829269215,0.062153080195033246,-0.5433019238769905
-1.3393013180140407,-0.37775591419466464,-0.17389112030828585,-0.842162736737066,-0.763588778590266,-0.9130930980628668,0.1278064303793427,-1.0976924878511478,-0.6132544584670624,0.1551260247466982,-0.27790583388491846,-0.036945937452579146,0.21082736901214558
1.1757519873216122,2.7047129707452324,1.0762660525951326,1.4971870341545173,1.6738617633588402,0.8691025973825403,0.7563433417315696,0.6001990765969578,1.4174144570187976,0.46503202366332197,0.7972005357696779,0.06280153518956544,1.2978451284838628
-0.47614224036793334,2.4099648199372723,1.5137076083971706,-0.01868235115427526,0.481957817142053,-2.080626594678551,0.03441078432939115,-0.3727636753534898,0.05896969610100828,-0.007109387789646007,0.4399678662186488,0.07605955316685141,1.287316478980808
-0.03004080404708578,-1.353327287614941,0.9801819885511779,0.17682478333564683,0.6139111841640746,0.8594337198562504,0.37090483819354414,-0.38531539392036696,1.34907063931964,0.373572921113551,-0.0006618427297669803,0.14133095600616388,0.2876266984588518
0.7200776600268566,-0.014143094269351798,0.007683534888912812,0.5516835029868203,1.0938426757045088,0.7375329335080459,0.24675037605817313,0.5226605683813492,0.5551663403549333,0.1939827153391929,0.03239111603987926,0.01084182363805465,-0.020785170908913877
1.4515293793318167,0.594719952078174,-0.9436980433632723,0.044397262264974376,0.22088001937993498,-0.6659636323567893,-0.030969657444964334,0.43326518054973967,0.08196726044691693,0.23612253105319633,-0.09630563114200608,0.02838500217017202,-0.4953382027733863
-0.9842557648258907,1.6740624746323247,1.2421389576570236,-0.6506298511682286,0.4448251679084368,0.04614315193249947,1.6129849921379027,-0.6894437460223626,1.760728593211,0.012486328837047728,1.1689099264382905,0.022876643149389184,1.4299206612667896
-1.9236480549614257,-2.7860248119262465,-0.8674634175031031,-1.72653222617538,-2.043017184774702,-0.9210098451422528,-1.1858537193848233,-1.7868318712587161,-0.37123030107287275,-1.3642389716730559,-2.989138819720958,-0.015228429879320556,-1.0951573814107625
-0.7469183879283569,-1.9298242510762063,-0.2260177474430141,-0.741197537387359,-2.008429839756184,-1.2231216395713593,-0.9209425564989862,-1.109966294440027,-0.1622092958387091,-0.03894283956796342,-2.9820076949167484,-0.024334423241929862,-0.34257677644620554
-0.9452797132986599,-0.4867846986824749,0.1009866872002992,-0.399297613479818,-0.8107669583250147,0.260006867136237,-0.23097821796804455,-0.8773394416583081,-0.33976698098574865,-0.0268175022560172,-1.4206192512776594,-0.02145185363116778,-0.30690718602828887
-0.5363623754346434,-1.7144264387365218,-0.4240968196939987,-0.668997665703452,-0.22872102684574205,-0.5887663309658981,-0.2997178536482775,-0.5890077043016857,-0.3899037870961345,0.4117630774706292,-0.2484976012947865,0.03168006796234596,-0.7071799816361941
0.5271888724282487,-0.4688341988278102,-1.3687384346700529,-1.0852620133384416,-0.2169983262439362,-1.1305913687344744,-0.43585521662957044,-0.11635534165320374,-0.5557738946409273,0.10881809767342118,-0.8168356508289517,0.01003173878041306,-0.9606637971664571
0.8674312711864088,1.4418475816585121,0.9470277401256476,0.47701844394258747,1.2632603243903984,0.3881848558778357,0.33672436691303204,-0.08212188564654863,0.8292447620780309,0.24769240010995416,1.138797546719304,0.018703915887098226,0.8763962891977282
-0.8681326083269797,-0.9574631690769456,0.2815040571910018,-0.2923685958598637,-0.4571072133102765,-1.0009012755252316,-0.08974404009472996,-0.6577150201512914,-0.42319568187205325,0.13813624593377521,-0.10884499274789257,0.01619243266655955,-0.5352076606079935
-0.13797036855766137,0.33536702020249015,1.9419501730711717,0.4313910195205566,0.4757099896985003,0.7964845076073993,1.6184640800436803,-0.10585506323207586,1.5347729081215542,0.35866337965553013,2.3134527573386565,0.04983292776806683,0.6555587411935748
-1.0730841406765912,-1.3482743861220987,0.26352459748999935,0.05180205713284921,-1.1901086655422113,-0.45606538328238666,-0.2928153719745267,-0.784484044544968,0.4202041096281675,-0.5256915617051224,0.4587040765831867,-0.10540210583324858,-0.7674880634688047
0.6506127557994076,0.9826130103226751,-0.15314914384908554,0.37159393006935715,0.2804433222008972,-0.1720820931645317,0.08192504695332097,0.2804051286659928,0.4764771039463166,0.11493404232948601,-0.2099173462874671,0.005924403145909301,-0.13065372349642632
-0.6702934049675242,-2.4116104625046457,-0.04424417846732667,-0.11791465761502169,-0.15811180475737072,-0.9204353588302102,-0.6055593554463444,-0.7196198019116289,-0.7422162047416591,-0.22865166362168057,-0.5243185008043009,-0.09318814741576917,-0.9093686959098302
-0.489606833149058,1.8297191473971022,0.8466568942642252,0.056434114145425464,-0.1295554134089293,-2.1398603932399087,-0.42965694272425026,-0.7546207460843852,0.02247785250397608,-0.46162498506044763,0.10269650441749639,-0.06942860934003767,0.718847873854037
1.6299828118536002,0.1147048135463976,1.238932261956442,0.7264200882867186,0.6394283083562429,0.8714917028534952,1.2833445381963005,1.0317161698365167,-0.18276889368891716,0.38063372446275845,0.8949467328020062,0.029841989632178663,1.2209340372588482
-0.696121710211349,-0.759613886095273,0.09483083509089837,-0.3686281032619688,-0.2449004638962086,-0.6744694881684459,0.16554705458486257,-0.37044911622716525,0.23744414405612682,0.24557590342941685,0.19323697336380263,-0.03216842160146269,-0.14574537341664026
-1.1331170000943045,0.08353367003715702,0.006791985241256583,-0.3528233432240733,-0.7433585050233847,-1.3449562449612291,-0.7220247364079115,-2.4198961974426885,-0.7818389436245587,-0.4770428523535117,0.19323160429226444,-0.34562027296724007,-1.3362968247363132
-0.5773100152565165,-0.36883340318273333,0.20939177025588127,-0.6076426245211365,-0.48573587491280495,0.2102331577580319,0.017343144409565452,-0.3266730111405357,-0.06493320705576074,0.013362288499354436,-1.2829200417745033,0.00750717072126767,-0.02412241747706301
-0.053687944878539465,-0.40747315885330954,-1.051497660676768,0.07523430694735402,0.16465738751304645,-0.18574124084410457,-0.01057677296119635,0.09199192704555265,-1.8351848993966513,-0.011989347062384088,-0.6537784906400419,-0.06928356880115144,-0.17583531850030548
0.17994967917956992,-1.013093820933718,-1.5346716604108872,-0.09255311343104247,-0.37639625121606524,-0.5194736342838667,-0.4806283013047909,0.22177816924651986,-1.2746485651973893,0.08361690836686951,0.4658533894081807,0.03636471382297003,-0.23280712458770716
-0.8705433749818865,-1.141205012630542,-2.0874825178094514,-0.8846156748591196,-0.15806798822194745,-0.6834088191183078,-0.34039646085998454,-0.27929157769824897,-2.178173600609363,0.07013668528628642,-1.8997058773824638,0.016436493040657543,-0.4064320725280171
-0.30998720735026936,-1.8308383892000546,0.29626251586919855,0.10564694654403449,-0.14819327851705666,-0.7204387841673774,0.14819265791810018,-0.462891724472154,0.3864813076311514,-0.769838790259738,0.1288159466516744,0.004100988333941297,-0.43527568691817586
-0.24368455946445466,-0.23983815349069315,0.9205673240368356,0.9615868043527005,0.10205454609900094,-0.04687122960652528,0.2278875478802042,0.04397792961862357,0.6358484745708606,0.7629929918873435,-0.3340547030517416,0.04106879158048986,0.3941206185504174
-0.5965181997617605,-0.6732930099733898,-0.43503950751852233,-0.3916384212075112,-0.31230401948301334,0.203779004083222,0.010160108020580896,0.408087932944246,-0.7179091611778778,-0.4731118686357513,-1.246237533945176,-0.03719731833837511,-0.09876734844124362
0.2557866989099421,-0.9841899083891055,-1.6599106050148191,-0.10489607258285912,-0.4639220227718924,-0.5666670854388374,-0.7061564357467515,0.10179643192781246,-1.1752034777718494,-0.36289971635056034,0.5362782234527793,-0.09435765651326318,-0.2321356480837696
-0.03024259884246732,-0.9738709690384955,-1.6263706699811156,-0.1727462642615299,-0.4605200233919702,-0.5128312443260153,-0.5618064045746967,0.21166849024574413,-1.0250285441815827,-0.06531921018057292,1.054854749915022,-0.06397823407903258,-0.22539992236661618
-0.840658772281604,-1.0259866083542712,0.16803445555825927,-0.4571952804271132,-0.4651108176074922,-1.0708943682321765,-0.0507000432094922,-0.8287495117262004,-0.4190757194599912,0.061743083887526556,-0.29839514972396297,-0.13665198140583626,-0.5883324702472116
-0.869351520985365,-0.9048837026738976,0.18463895135403927,-0.36556371343813626,-0.8626123766696805,-0.8745549919432958,-0.18035626558328255,-0.9145197583119281,-0.24307032010983676,0.00934122597824576,-0.6580377059603215,-0.04273277945894129,-0.574532033822551
-0.31355811625331026,-1.408206044179646,-1.886455636442406,-0.3661363265834128,-0.6565861275470039,-0.7401071230705001,-0.6252718034355591,-0.19448835189648278,-2.004871786712902,-0.12622607417572806,0.084608272083828,0.007597226499864388,-0.4719366424303088
-0.03935279291381854,-0.30637679448765187,-0.44426695449795167,-0.2626340965724861,-0.11152781199198206,-0.6600835396033814,0.02220695712396665,0.4501706532901154,-0.7331405174933994,-0.24080387253986876,-0.6035416550779095,-0.08725166775415544,0.2143711048951889
-0.02897681837927351,-0.30913085334623847,0.9289305750223706,0.9798655710734115,0.27747080000298513,0.21634953738190235,0.03383758069067774,0.40694621051118407,1.0501624225809547,0.009561529265095804,0.037516841685606504,-0.04453099892992115,0.05490890064173278
0.27010820205323394,1.6474513424239636,0.6869651699211035,-1.1770616930611952,-0.3033733543469053,-3.2976196983896404,-0.3756447793631297,-0.29575663050636636,0.3073341923263959,0.16434102115868063,0.4688529527497788,0.0834365229443129,0.1850887016879601
0.05959709379563321,1.8179948488519422,2.3394437345277725,0.6230508586472007,0.42732298441774524,1.1502725739513215,-0.14175723061353562,0.1744254788187227,1.325455556769545,0.13796512072026326,0.9266674136075503,-0.011054253574822863,0.7782357135570297
0.04188865652670039,-0.04636804697284896,1.08319045784728,1.1640083083688904,0.2707759108735869,0.1657352575864125,0.06880697979695263,0.12966312404825459,0.8953675864543766,0.18997823540380016,-0.11194507953659112,0.020081120544992916,0.0263988350186911
-0.9068237429518357,-2.95868883846457,0.04911028165124461,-0.6877083475548879,-1.1730786792150079,-1.0943681254450026,-0.42212804446863533,-0.5412935541219648,-0.1753095677030635,-0.8954195344743007,-1.4935342081046352,-0.07004696627457936,-1.1848957797015707
-0.481889088459494,-1.9930271806824027,0.02960377670365329,-0.10809975435000124,-0.3932353256257354,-0.8554114009602924,-0.2825659403680928,-1.2370781584606607,0.3062062577365172,-0.15989562845957042,-1.6408111399805383,-0.019939202187233544,-0.9708069615893895
-1.672525707635925,0.5735435860531614,1.388926070080035,1.0832135043639897,-0.4600990617777117,0.4490381254191096,-0.7399109681261082,-1.3644259751572585,0.9956703153966614,0.09676984007987717,0.9320415165037329,-0.30193311224795044,0.06443921718979251
-1.2917008600290862,-1.4433599552129293,-0.36125318841284354,-1.146172471079562,-1.1523387257917783,-0.24824468848295517,-0.4517523949929617,-1.1839463292005368,-0.44376798351036584,-0.8322821820716167,-1.870156535220385,0.007967593713094375,-0.41707112814454983
-1.6536384263205235,-2.2602500992834877,-0.8360100513161159,-1.7745222266357288,-0.8863086399216099,-1.5087037161608325,-0.7262073032048325,-1.1603568756656673,-0.9998786046888889,-0.1392944800382894,-1.0557332898777287,-0.08620881445925781,-1.3492113655717628
-0.6111153234825987,0.03223809375738102,1.0309210959920245,0.1694396270733947,0.22474810691653857,0.6604072321578861,0.9268702483466931,-0.31435919583024874,0.7055111958986772,-0.031140846216326717,0.5333943114825525,0.09379809192174843,0.5095559523580596
-1.3006318615115657,0.25734066646649584,0.3284028211458484,-1.5558924638780043,-1.0346910292657818,-4.447414268688041,-1.763244607625529,-0.7772446761396713,-1.4602416181802336,-0.4168518771908971,-0.8575047681108121,0.10453763998113556,-0.09508141551632443
0.1031126897461298,1.5583407187399763,0.9235429408494384,-0.5076124511421143,0.12955086610952582,-1.8350922270869425,0.193446665768408,0.32470816397987723,1.1394050432260459,0.22891556561717558,0.750714085953724,-0.025443323003128224,0.7487592526338993
0.27424275989075075,-0.3378215648298567,1.467163780281165,0.76869846001552,0.05520090041475161,1.0736614955234753,0.502765188641432,0.21987998227123162,0.9783681228066171,0.5859163636571932,-1.9543429205626148,0.05494702066657031,0.1621408357059893
-1.110348579144726,-0.35163060654498013,0.07707162638712256,-0.6332583370882399,-0.2820722259024882,0.10970052943875393,0.36174194962458883,-0.7904279042501006,0.15345546291985857,0.2476506724948477,-1.1137385631673453,0.021543415787940258,0.08798360562728098
0.6226141385268419,-0.30190084261586897,1.6270295252050788,2.479484551480402,1.4826328572584306,1.7082103688109458,1.7929255378497244,0.877909762367813,2.291870871641569,0.604050010026743,2.2955077879720687,0.05471055154041893,0.9544019943289455
0.12547821286237903,-1.4534151004412628,0.8466646564839823,0.7200241487918215,0.44051679953984496,-0.23502501716371638,0.410656966895072,-0.2179756853626006,0.8005671803823985,-0.4027816560828229,0.1131303924399739,0.10668856248052579,-0.0350452485015719
-0.14880623558044645,-2.254076701149914,-0.2833361459275088,-0.613452074877504,-0.2732894041221072,-0.44315750978317947,-0.6636803589608624,-0.38507847380436333,-0.03058231142789332,0.010861810850910805,-1.6766068676983314,-0.057958309845740276,-1.049816512835678
-1.4023054092413645,0.25458677127543416,-0.17747541819957824,-2.2998234867123473,-1.0087733909699859,-3.4519617312354973,-1.0755876815350105,-1.6701517886652926,-2.1282837902795935,-0.4631812797838617,-0.6893666176973947,0.06882071703568932,-0.1289078423422244
-0.1338110119326869,1.692781387475423,1.4798839183206052,0.5610005993825486,0.6710773156037451,-1.7232176599568791,0.22987506527867588,-0.29805863684767636,0.4105215305007167,-0.20260255883913494,0.20468616957207109,0.04368460857257664,0.9361828129686829
0.12370215909710774,0.5744223627784393,-0.14298866078464512,0.8448451893186819,0.5161456957904416,-0.659963624875268,1.453793968488462,-0.14415741451602004,0.7996020450608599,0.16337233237611754,0.9408412797236816,-0.04861973097392665,0.2564946018221478
1.7200117147703555,1.521908243715297,0.07558818018477814,0.35275562548130335,0.40991053936873656,0.698120577822491,0.6252284627387094,1.1817607848788614,-0.15088954567624682,0.022037610350331915,0.19544994654470216,0.02606022617391605,1.2384517949307343
1.014466760718367,4.197642118922022,3.050539859951888,1.8289586959122168,3.26155695359947,2.0083742565666842,0.8609173485502187,0.5499077589261449,2.200850288333992,0.2605847602730825,1.5895424135851988,0.10372535636959017,1.5335664366966941
0.5715094408768023,-0.19049206570204757,-0.7745306873057659,1.763238259457673,0.34735911339495557,0.5789476086525246,0.7821724969963545,0.5532998025184496,-0.6474872382701791,0.1692082670734575,1.2499851806575637,0.05220854036975656,-0.025233508089246775
0.08630821426864713,2.1647294930029766,1.5944618426946302,0.5360855429040063,0.30313221817370495,1.0579705143857026,-0.3106957191523783,-0.3043477140804237,0.8453158028258217,0.19319432837629902,0.6930750007979157,-0.11375664623583573,0.5637227906617854
0.3751836473433973,-0.8080060908344523,-1.5698224714236697,-0.08036505344737738,-0.045744423781418186,-0.3734111611291559,-0.3869894942768022,0.12475794764597802,-0.9168816192799972,0.1507302453894065,0.9351321455700479,0.0746648737609697,-0.04667305513673145
0.22694172073207383,-0.2775442060240958,-0.3738208857352017,-0.1385449784994125,-0.011485636079968494,0.23739236044218867,0.0005458355457005225,0.3665544086865459,-1.0531496492853494,-0.15621501853948253,-0.9403665631360165,-0.020010795743825503,0.1558071353798732
1.422245459813987,3.1541100349868385,-0.4963204005515824,0.1600209127301867,0.04226685786878494,0.5227407161213664,0.21894071505456741,-0.645332455965173,-0.199820161944307,0.09498788401057633,0.40887415512439057,-0.10975861795194851,0.17083877679891893
5.258432663366613,6.833429211015399,5.388955505575156,2.0330206559624315,3.621327137615428,2.769925666390142,1.4031088609610585,1.3917354074363701,2.2776988646711427,0.3227275588469476,4.032923152163728,0.26778632567885,2.923085100528939
-0.9105617089824389,-3.1690061054360634,-0.5018292696655002,-1.1428991125079078,-0.7437827511783691,-0.9443087361013104,-0.19641515984562113,-1.1330582786739494,-1.1501155580021443,-0.0669526522503131,-1.3686628557657565,-0.08777370082266213,-1.4738184101773535
-0.06945916156646706,1.6065757145106585,1.153423803296561,0.796604414821292,0.20277769247276914,0.9870400262996554,-0.27799295084913145,-0.612363756062049,0.7866124772430498,-0.28321167291193783,-0.25418073887264153,-0.3075261793627093,0.3673943999492459
-1.4258812841410853,-1.4694640280334799,-0.2947239554388863,-1.0490802884978865,-0.1929613066092134,-1.3323161308457039,-0.189131386684409,-0.8256544089441498,-0.9008049102285361,0.0910362925879761,-0.7534294947406225,-0.09443932960689481,-0.88023852783708
-1.8971608759404626,0.670936509730915,0.19324990524289512,0.2476367271163811,-0.37941313447896374,-0.1579923865949321,-0.7290198889866266,-1.9915963118761364,0.19561241063845541,-0.09915299314746834,0.1038885417070964,-0.024678858752724655,-0.6583758348117893
-1.7549405091783656,0.36460988878738143,0.390398078905063,0.28299905405871356,-0.2648576536243652,0.3191142292506992,-0.5673573009123922,-1.6443262164705084,0.11694669124346967,-0.03581008417687068,-0.3612921522242121,0.012569881991690061,0.3822674733672629
-0.9554400070676472,-1.659818084288595,-0.07306151744366311,-0.10976517421840172,-0.5526435431819925,0.32411401558512204,-0.5089190544446722,-1.1211722746688046,0.07589837076621034,0.08650374970786899,-3.7302498179692267,0.02763871028721841,-0.5325652510866834
-0.15045068354397595,0.7057241869422919,-0.9242987077998825,-2.4979708711497683,-1.5069092062224323,-3.433950477461848,-0.7199352428733578,-1.7300502102133923,-1.722234225005636,-0.32290595872120725,0.044688244037744046,-0.15882081889443914,-0.8887769159522015
-2.6385593238824776,-0.6684303901554086,-0.5268142750859265,-5.454836591768544,-1.8274952360873837,-1.0384633891118897,-1.4170843837912095,-2.2533074009009746,-1.429757121392629,-0.2969277128346989,-1.1811094859749494,-0.11794536563438467,-0.7684694659435709
-0.5820172601876159,-1.8526127451277956,0.2103200595611189,-0.04064250555820765,-1.1169938261995815,0.06335699442463612,-0.3347797830061366,-0.4924680186207925,0.043945501764925905,-0.2454953538067639,0.6143720186739743,-0.2989863724310675,-1.0858642937558605
-0.9845008853988517,-1.0872295513599075,-0.8941856728483822,-2.167995037724678,-0.9445157215402771,-0.9692134101880302,-0.8715664760447622,-1.2184151679924171,-2.1371429905807595,-1.4650268320335695,-0.3852329373116502,-0.19710680753716991,-0.6967170646020938
0.20943009975573265,-0.17824686075146826,-0.3680337231994296,-0.365346500879257,-0.0588661950781372,0.22735574627139923,0.11647036838927306,0.31534533844510504,-1.0384950668764457,-0.12442134256875662,-0.923633681216355,-0.021731887045057643,0.1283977604459506
-0.42375837909394043,-0.19655929774615086,-0.05857318573864176,0.2738743729697955,-0.01529277137040879,-0.6895873884874811,-0.0337651592393458,-0.5304688052926212,-0.9517464269504935,-0.13433451789741724,-1.0002703060706457,-0.10082495686080716,-0.3980970048907006
2.0419757773111473,3.1328473656552136,-0.20209157888104928,-0.1329336727622689,0.19467223580150558,-0.24961261297369164,-0.20646047733672393,0.4905427686285433,0.43064139291851056,-0.1125590761611237,0.7970551808137033,-0.17507388145455882,0.5823716885156724
0.6175456603518169,1.3322456686912725,1.3021575495616224,0.7640231960101259,0.8603807457489889,0.4696204823069274,0.3634721321271112,0.14537878127665158,0.9391498696219384,0.23649936684510767,1.5637485837713916,-0.012531449967581241,0.809941748766125
-1.1988273244617613,-1.0597694853421609,-0.4761841425320341,-0.738690930581393,-0.5088354035547107,-1.3829146304351485,-0.15504064846369958,-0.686696319646823,-0.13470328816626637,0.12837488252643706,-0.35090904308508875,-0.05453176894199311,-0.5619614587568987
0.5027706979586379,-1.0644329306615206,-1.2044408670761106,-0.43425080596210636,-0.05385772740170875,-0.435688902828713,-0.5718182696945344,0.6469884653778798,-0.20156775154432077,-0.2514163356388195,-1.998243975204208,-0.041263536248071525,-1.0228841717237245
0.0772024915595022,-1.3073446325975886,-1.450442191646952,-0.746829825360328,-0.40365315684686526,-0.5689622155941714,-0.8624672779192526,0.4658895454395356,0.040540209863619475,-0.04505623963118213,-3.0254888621830225,-0.07785746960098747,-1.3261893955038657
-1.1860713760228827,-1.614491984737106,-0.6360525001039625,-0.8046047187311989,-0.9839554117252638,-1.2460870136775906,-0.5110682106354377,-1.0350717489693002,0.026008058267697295,0.037659491386730214,-0.35038805569858394,-0.08465861218179477,-0.691122142118402
0.48957865995768873,0.6136030009311315,0.7950189319397842,2.7308798363866913,0.9344087142983661,0.6495776039240363,1.1768531915767946,0.49337824457118074,1.4778238151351817,0.7238410228030342,0.9750643652956931,0.13321122657248946,-0.013135784352974418
0.2969345289484287,0.2522753549061922,-0.01094802233157686,0.22512142377827937,0.30838343868006235,-0.22342076317019133,0.5426811529952101,1.086395267359136,-0.2944459091941826,0.20077899319145617,0.013985454429768729,0.004650064744313924,0.7153280117706808
0.23021336346994067,1.0458227004203946,2.340531499065045,2.5458514375694916,0.36891285484087555,1.366901532026111,0.2539302660467929,0.049850501151393445,0.10560317850568232,0.191217687215863,1.8743286210189884,0.051236655265610304,1.0872500152761735
-0.1706306777635796,-1.8408660717329215,0.30418773372476504,-0.32863240492685375,-0.4654061620035727,0.23457422288445132,0.3167889758610788,-0.8686802662857291,0.44801708036205834,-0.051055687205452026,0.3028416700557703,-0.0007744248449389603,-0.9186013667968412
1.3817315856589836,0.5177638121270058,-0.8918275987481079,-0.07770826063739758,0.21158160679818444,-0.5507000183909097,-0.050349054942942395,0.6122160685321112,0.33762705929706727,0.25343048622003866,-0.017834090893674232,0.12900759325931885,-0.525097055651713
-0.4388873199149708,-1.5682481454744828,0.34070688541810434,-0.06467779970689058,-0.4108478270661241,-0.03638889089485427,-0.2932778008284771,-0.6229149845362795,0.3954899264856553,0.13141451555718153,-1.7902793635971221,0.005935120952781243,-0.24363483807240197
-2.7800264082585153,-3.0977223609750055,-1.6304488352474034,-2.4488124164170575,-1.7885928823240098,-3.3159589121025053,-0.7730474396212957,-2.3973449319244042,-1.7985100888243568,-1.3704334737536392,-3.455814551510072,-0.15314387030718424,-2.550387571275026
0.8754488148281558,0.4425381016338037,0.20880132664926346,0.21552976234014043,0.33828312174261843,0.5262481499742715,0.5619754039651405,1.1216239899640075,-0.3768929689051583,-0.0351450654209799,0.025454193339683018,-0.022596538369802563,1.079604567319621
-1.1771290126142813,0.19197583552553413,0.18046237492519931,-1.681687854954766,-1.0207258741205765,-0.15249733025208118,-0.039598472884649155,-0.934242999863604,0.28320733603348747,0.11615878744619998,0.6878335680227932,0.005461522293691034,-0.24828468070262005
0.27061183982890924,0.16794108353542272,0.6967455644289859,0.6469588987213661,0.4513355071990131,0.3985959027640315,0.03718971700174745,0.26285242349892446,0.8341052147382613,0.23343747219743408,-1.4275183472735806,0.018704989645112788,0.32597421192279513
-1.0896914535504767,-1.5495741301392103,-2.0182927926394365,-0.7429613173432233,-0.7768028341877895,-0.9673792870200448,-0.7601983121104747,-0.26511142192123877,-2.1247020586091088,-0.005860102018858825,-1.4487634135984504,-0.06732082109148092,-0.7630083199018715
-0.26001129891878616,0.09967522542509775,1.076277840279767,0.13476460664998746,0.12556911663359244,0.8078506410936828,0.7559056243533271,-0.68412494897532,1.1669386225705967,0.3077104062477075,0.0632125595936346,0.035639859185450616,0.18513472359666286
0.7192392115419107,1.8984687940481433,1.2451511914303732,0.7009798539367814,0.8187188553287544,0.8168385919085185,0.17146700799154735,0.058083045552484704,1.1445635498651405,0.2533738309362283,1.350894715149059,-0.008094822427051075,0.7196267229691148
-1.6516662038650571,0.9988746956122729,1.0129635705012416,-0.41363845510511743,-0.11821877669517161,0.48688329977345557,-0.2849216732615606,-1.119025929522597,0.7657335723388112,0.2870566094382149,0.12519063379201625,0.030336922474412394,0.6546715821046383
-0.522114413611384,-1.8445624611004154,-0.33645899268009505,0.2332832183940466,-0.2225768821423278,-0.10298316759432463,-0.23498758905347328,-0.5144202862364344,0.183505830378789,0.039096945321264946,-2.342177333877318,-0.057596342191617564,-0.4657425561663695
-0.693453350105685,-2.3446650286758732,-0.5287386437997016,-1.0053181691860984,-1.1909570639114824,-0.9572365316658072,-0.7246505524212906,-1.2402436345290493,-0.47233191476591535,-0.48899642819047184,-2.9245930802000095,-0.048996045444768536,-0.8070273728254768
-0.14337542887130336,-1.725466926465225,0.5992526581461748,0.45285822242058604,-0.02822018658095551,-0.41309147585105777,0.02916739007716788,-0.39373069594355503,0.4412943484036563,-0.04987575316827533,-1.642541720130636,0.030727987325646793,-0.4037150105564959
-0.355304302093573,-1.9514008150032411,0.33263255462296204,0.14352526653092357,-0.2606591813349061,0.02153706208841562,-0.38494677222101015,-0.3159347662352956,0.5685800478403045,-0.14844849048958475,-2.141781474805644,0.012758718385205856,-0.4264379185818446
0.9517499116618031,0.3199431705286002,0.27645830548433054,0.14561579644602402,0.45500541592689436,0.8301424159881816,0.9853276766183422,2.0479108477427825,-0.3029371930436335,0.3650233391555958,-0.21896686356385345,0.06996689301346327,1.2711215944489878
-0.0566759316874151,-0.9666063062016232,-1.396927079312607,-0.4312319532869798,-0.06518333101567499,0.07660012989524859,-0.059164834538241874,0.13763894384662206,-1.5045265831066195,0.06483017371605253,-0.5744239306915551,-0.014794739604694764,-0.5096555495554478
-0.16170241559959123,-0.40503359610990947,0.8563526938167505,1.432801307774563,0.2620916902444635,0.20356734251163677,-0.07622716667544527,0.20231799442114096,1.118347279048628,0.02908361089571064,0.24012565598823127,-0.0037300902623165705,0.05484784122194253
-0.2442925334507081,-1.4054955096899846,-2.0773650767178173,-0.3018415858878548,-1.0157518949803326,-0.6763212842587383,-0.7021359855495394,-0.198984068309138,-1.812804320730114,-0.2580953519492566,0.16555627567577177,-0.018839855719512903,-0.37137646103795197
-0.9529971862035905,-0.9679358857368227,0.21795770722700075,-0.38376409516255894,-0.3781870706684681,-1.0941178383711827,-0.09160425283635655,-0.6520038538677102,-0.5169238888979373,0.10046567809716282,-0.21845095699187367,0.016786648844265256,-0.576843219994464
0.12284389692436287,-0.9997234443603601,0.17280280452454466,0.05991364517921781,0.41246666324583614,-0.01045976124445184,0.0004052995642026362,0.842229509285082,0.2816918446785874,0.09586570850845114,-1.5003635262071875,0.00018360481584546142,-0.47179555172462845
-0.8309497694063207,-1.2992166583294358,0.33732787945074966,-0.20951014403771193,-0.3983257643521452,-0.7487863294702644,0.1877114153071306,-0.4022214356664983,0.24857931613870385,0.03499894776640249,-0.8837808426159124,-0.09510140434192077,-0.6441571644540981
-1.2962165734241717,2.245874213994895,1.5403526286237563,0.03023318280258948,0.2548943539232844,1.3941951988766799,-0.056658420236781235,-0.863630540824185,1.34738273066779,0.4264699867729926,1.0688926953775808,0.06949035649394844,1.122717853712901
-0.7182170481757365,-0.21040213459585275,0.47185937595088023,0.05007002880382862,-0.3238042670571141,-0.7356401104073869,0.45503230762098806,-0.5284047846651325,0.5911950298978224,0.38289280851242236,0.7028613459655185,0.00314457598375153,0.21881924954113655
-0.6223068151266001,-1.722081412986283,0.22848782514765245,0.07425946033301038,-0.5028719833837952,-0.3691541469767172,-0.5203127054728491,-0.8343404427799398,0.03172290944507245,0.0030444979600401287,-2.0321215510326955,-0.029169596803840278,-0.476767788523446
1.6845182457423975,0.904494401844891,2.8485988086178744,4.122302338309431,1.2144312033776403,3.347835811323926,3.1981381628225143,1.3214661907202871,3.2268192016929644,0.9210195106945727,3.08305268964743,0.1893396086168163,1.221308161136177
0.7282893587007292,-0.644352218898841,2.282292808603702,1.6932876362698148,0.6359715243840278,1.2956789583948232,1.2407981544293256,0.4833699628938403,1.63544075223669,1.070268268066251,0.10762995928267229,0.40292379590423966,1.1076982746702722
-1.3686126020907734,-1.5883124205545112,-0.4145483095266133,-1.0713943259542187,-0.19517287994786686,-1.1114309382609404,-0.43554665210424004,-0.9265809555093036,-0.6818936085871731,0.06678959065298035,-0.7453447983095735,-0.09567235615647712,-0.7836296768732266
-0.7015004647039395,-1.82182058194885,-0.031577518684789516,-0.46952087581209423,-0.6317704497461415,-0.8259266455414603,-0.550162559710443,-0.5127200363121099,-0.13986330165889946,0.10072476586663266,-0.6997096222419189,-0.004105141763316641,-0.6733137802805547
-0.8552203597861809,-0.8784899311344554,0.38738483917666594,-0.3719815568885921,-0.29456966071428425,-0.7322596439985664,0.03527179692354467,-0.6654443012585396,-0.3286011317761667,0.1360199279325186,-0.029234648375875368,0.1381856464749823,-0.31218602683666785
-1.0839712146374707,0.411738536507926,0.5297616988565359,-1.6554840345768678,-0.3973097570675113,0.20233489693866835,-0.2023918537759325,-1.3011594040014056,0.6923731841760067,0.15741922897183236,0.916976573406719,-0.10260442897884388,0.29859029198608666
-0.49987765595769607,-1.46146900546944,-1.9351763658061263,-0.25151315885492487,-0.8890333465491942,-0.8026588464287729,-1.006271312105366,-0.18281436906687704,-1.5025055730393309,-0.1713031849089182,0.003887091870807787,0.043670008417943294,-0.5445704673458305
-0.2522927206339471,-1.651266321343525,-2.2064401084396783,-0.82131060065624,-1.0246450707341621,-1.1623895374281954,-1.2367931590533248,-0.7808585514319647,-1.9422663881773283,-0.32506442200470087,0.11249669459777782,-0.05622389400520151,-0.5413684361563192
-2.027645368139881,0.040010831767382654,-0.5978484545886101,-2.7318271755416776,-2.584985990617942,-0.6002201614839335,-0.9511445184890186,-1.1876632595667624,-0.47018829764436076,0.02522563476425902,-1.0579334253703971,-0.04885357475684329,-0.0483894891364293
-0.32228003946003597,-0.34550325400506465,0.5787366392634189,0.8519965680222957,0.0893121991534199,-0.13204340807239834,-0.09508408505159124,-0.23133180800385567,-0.38919755813613943,0.4594536374405854,0.14143385003760672,-0.002056463929669319,0.09022489505690627
0.20961970123119603,0.6390058860182761,0.3000833516492922,1.1158968063218833,0.43532791062361653,-0.01954700736458316,-0.16527834661505453,-0.07453905304764498,0.5257596953164063,0.2282931527549712,-0.32966643958404246,0.015311554951282816,-0.3848603677141686
-0.492973551219588,0.4465196154732257,0.8025741675754803,-0.4461410110371393,0.12235789328503116,0.5149805604128377,0.1708895421998264,-0.6238296225641129,0.4916382703210951,0.22357587385043085,0.3452271690654257,-0.004388831730466336,0.20186878879218254
0.1637333707987433,-1.33222862897001,-1.4561650452496382,-0.5367311493405658,-0.48226314240937257,-0.5599697949245779,-0.4582628335100082,-0.243690874574499,-1.8386539145308132,-0.07874782157052926,-1.1265247636016769,-0.09474330512211761,-1.2551785549513688
-0.09713901068071007,-1.2119770815341162,-1.7195772757456225,-0.17830947493901472,-0.6763836071807116,-0.5746885172553206,-0.5923312512395852,0.024264111955676036,-1.548282301451675,-0.18935380468791768,0.21698556474927408,-0.07052121428074315,-0.3398654433374759
-0.09978679824258307,-2.7890236556467896,-1.4310932316152478,-2.5460992682688977,-1.4985262421324537,-2.3294407240901567,-0.35918984147616567,-0.7650382106086345,-2.009543564333063,-0.8600233425851912,-1.1414244609023443,-0.10663715164021904,-1.7034256490547626
0.8639771504850228,3.267644058240888,2.72102073018853,0.2993613490891746,2.348604023829102,1.6716505377004958,0.4682487198224084,0.3458751069332679,1.276754136083958,0.13842589402053923,1.3441880353754898,0.021409415572157316,1.3662882774866496
1.4574499629003304,2.1655140470977248,-0.9991382189860778,-0.8547789435673298,-0.6569078952301708,-0.6452892241637324,-0.36423060389339096,-0.4496865059921724,0.11646025224950989,-0.33935705102876673,0.10122653413201793,-0.39122215690401685,-0.6545285798474733
0.6890261594097439,1.2067311292803948,0.291178125610976,-0.9987939330503449,-0.03487035070959896,-2.9584252022708672,0.11639731605511369,0.18536917340922335,0.04121185565626032,0.036627925681144355,-0.7411961650089751,-0.02821566436750197,-0.23245413615420052
0.16469145512208339,-1.4422373117304714,-0.7603979043952291,0.15436063780345846,-0.14770202006575545,-0.02286579237875733,-0.21334097108622607,0.2789073710953299,-0.15626410392229448,-0.6386668820953411,-1.3838429903358016,-0.1222836405962396,-0.6954308429880377
-1.4308548150760017,0.5060601221728658,-0.4114960316672093,-2.359526621237035,-2.5478564005678823,0.2034048998806004,-0.8662884243132755,-1.2564371782660275,0.5106774760223924,0.16097004696105927,-0.7014429973829021,-0.3130725130842377,-0.1305188773176633
-0.9476657413885309,-0.7274357237568541,-0.10930777679352713,-0.5076091649243608,-0.4958559528870199,-0.5952697292257408,-0.23876146674207938,-0.6206135633432617,-0.33334445938752555,0.13006467076328893,-1.0055158377738878,-0.009377281531795036,-0.30241240232820726
-1.0855795508762824,0.49079748742644547,0.9066591703959015,0.7155288989658264,-0.6151836341076221,0.2000828610396841,-0.18978990127177287,-0.547147199976413,0.9211177408917703,-0.16024801979410572,0.6640960638530345,-0.11718254554499355,0.2143583730913491
0.6382271326069409,2.036284758284584,3.009450745291284,2.449918850914627,1.0684259113488304,1.7562623562943191,0.9148074916531593,0.9005657100739575,2.267131947128412,0.6141831676727936,1.7404568498020265,0.1554649452456377,1.5880664042655068
-0.5547756359242421,-1.0139667192417094,0.11214460421288898,-0.361086781659267,-0.4153459039953951,-0.7693794437659542,-0.04910627762127363,-0.27446917702029966,0.1633376146175174,0.1871668559081284,-0.08146997286446603,-0.04959141440379125,-0.45806706728827606
0.31379032515894834,-1.2827545194761156,-0.9371905600258873,-0.3136810575901634,-0.3403068269652109,0.06547380821171428,0.06776954760593885,0.1055277261461338,-1.3849408731738937,0.0018862399554604716,-1.6411921589151544,0.00941907643961414,-0.4222465625594164
-0.6179355946769809,-1.818202055080069,0.49391107856244254,-0.1764308536057878,-0.83363497233277,-0.61254145006882,-0.4923520332922799,-0.45784891145303863,0.05697140863941366,-0.1062766272889632,-2.1753166730504017,0.0013805408605710198,-0.4475654605669358
-0.9190756425639199,-1.638692755029123,0.013178463037539683,-1.5657967489021314,-0.6915395588257041,-1.0654139531527962,-0.28602540645800123,-0.9054841400201741,-1.810814677166959,-0.19166520210914317,-0.5701368209737766,-0.12261074250046579,-1.0997722955619813
-0.077409831473164,-1.354655203237069,-0.10450162329672216,0.15099022212916882,-0.17489936461070707,-0.011448299514854127,-0.4757781844117886,0.0980778540563511,-1.4783839730887363,-0.0462245958376055,-1.5801470542029061,-0.03584851739766437,-0.3434626685458028
2.261883378701492,1.6739393628862063,1.0460718782641925,0.7567158404978301,0.7557469956095643,0.8593556420080778,0.6006702257113322,1.8295162052777596,0.39449990428544357,0.3035910693240455,0.5432660625476597,0.04314713664559852,1.2816881727657488
-0.7342607471082979,-1.672068709547942,-0.719628006356458,-2.1588096503411522,-0.6598439098428934,-2.1489534822512524,-0.31998711976196825,-0.8782538734187576,-1.683999816171256,-0.6089732291694316,-0.43053943943077067,-0.08783041633329242,-1.1211728154937737
-1.7617836844807286,1.135308301202021,0.5834469219141952,-1.4149808529138357,-1.244239614604869,0.5702164082405052,-0.09764045810689113,-1.0802873860082278,0.5313865887384033,0.6384770659771228,-0.1006332471925351,-0.03395302095191756,0.8302803859300915
0.366735938602748,-0.50908480252191,0.052219253501647786,0.17006609317303323,0.07054238184122363,0.42072315441263425,-0.15048457012304833,0.5273434881408077,1.006008547844831,0.03910793507859746,-0.01739767285219085,0.03370241569044682,-0.094558525950027
-1.7948290953800705,0.8789109156446325,0.34646381709983376,-1.3725738273079822,-1.6186001451230712,0.4360047422804766,-0.17769115139419842,-1.2134481712394498,0.608454819625347,0.583035672011061,-0.12386812103343095,0.012454108522894407,0.7460771816208339
0.09632247038521904,-0.9867920957663507,-0.5680822663635223,0.39284250818141214,-0.11894926321718631,0.1309344254250432,0.053676406239780226,0.48067619109940196,-1.452454944320747,-0.2755012397439633,-1.8035745120674582,0.03653384306519808,-0.31756878220346857
-0.04898662303846019,-0.9180261645801107,-0.5888787324372161,-0.09321103852345713,-0.128612732825374,-0.295045537347582,-0.4733818706320341,-0.03489884217722449,-1.6949597267269725,-0.1508507986558187,0.06689038259947364,0.0005099681420769663,-0.2539084082698294
0.7574622600354874,-0.7565566909610709,-0.013839204011019334,-0.37306263414289176,0.13415440881909385,-0.7621337121334444,0.051191244766167876,0.6209705923021668,0.18141637659243623,0.1454054925701994,-0.6531210035530643,-0.019789779867666422,-0.6570882810481512
-1.177874448394092,0.20256628688088504,0.886420179498382,0.6513265358951563,-0.40449185903908486,0.1115320012796049,-0.021578713024242017,-0.6762643089336859,0.7561125698514904,0.08571159582429871,0.818843198740441,-0.03339337694381055,0.007993011534627996
0.22511487293199434,0.28049731211736806,0.27670756145690867,0.6111339556125718,0.008234203183609592,-0.10560293775155326,0.09502227569787977,-0.4123157926659204,0.7618283382420326,0.21047002544057453,1.206760183327521,0.02712350388833625,0.13126586259135764
-0.4179620745825943,-1.080251765638693,0.27310912557981076,-0.4775292782855428,0.0355287902930285,-0.5969324710158008,0.0655653074430302,-0.05895034163595278,0.21182330333162092,0.1846561011555605,-1.0076544383677861,0.00318184138741345,-0.48783712217092706
-3.5583659865205277,-0.2079284434481006,-0.5928029316234299,-1.3910474837529991,-1.7453412964037203,-0.09065338627202421,-1.8460631367665092,-0.9566898182960641,-0.7220919319557855,0.05307501439108611,-1.0022220060172387,-0.14491078867706364,-1.7243360972927055
-0.004927509274178609,-0.6927398623761514,0.6860578140362891,0.164396753321764,0.2896910988003947,0.6679246756475832,-0.055440661971871336,-0.4624129837730692,0.5084362137902321,0.3425755206655917,-0.016074671576368698,0.06373880642104064,0.02462723287727882
-0.5691941038394968,-1.4623770873636623,-0.4939729292871844,-1.7132040059287101,-0.4359976594946862,-1.3764396464157231,-0.3157407628967323,-0.6042250622710628,-1.3256625403225835,-0.5665740133392521,0.01408078252027435,0.21695646084275932,-1.079114621735385
-1.3037019068789149,2.209789498414741,1.806594093698594,0.5120334306889629,0.6729835065107586,1.5574908235684655,0.3166600684296443,-0.8509691423990041,1.1191776660899633,0.6015649582686214,1.919965312272414,0.07880626245298314,1.4420845377528002
-1.4554286801261416,-1.826405083272451,0.9798389250381541,-0.8096158990222543,-1.3558458209193003,0.06706205537077037,-1.6513596989411041,-0.9012568711530834,-1.4863632374512965,-0.46122894043102863,-2.2961894510883005,-0.025453931781359795,-0.9994246304687113
-0.3751187328872685,-0.1662738617550996,1.5555483837940518,-0.5362720746065802,0.4411766930374627,1.1246038711440953,1.1504076720375773,-0.3530438576416219,1.1837736388251914,0.09619914296522933,0.8432260521558216,0.03676392720520706,0.7998972429376506
-1.1757595031240233,-1.862848199627931,-0.041965091522110434,-1.2228725388584043,-1.290261559649371,-1.495577359218668,-0.20613811335164228,-1.1424932757876298,-0.39207116550584836,-0.02710692289220689,-0.5001199277252371,-0.0682212306941963,-0.7238962645563557
0.1366080338939921,-1.7049812451553423,-1.5244850249754058,-1.7650792000194389,-0.8626969552124178,-0.38955659435906753,0.1547941616790679,0.3754317392584765,-2.112206723539081,0.003054419770681555,-1.5096003491296952,-0.19178622954744942,-0.745501575836679
-0.2643220135838622,-1.2005441719695877,0.19175089324514072,-0.10459918017512083,-0.23174893762838714,-0.5620245886989869,0.13346636153472996,-0.018454746409422858,0.3170798010234203,0.06710767653356826,-0.6002775490796194,-0.009169040928956962,-0.5571836952978952
0.10060392569233143,-0.5210830704021887,-0.618262216428088,-0.4579370572687023,-0.21686714726163903,-0.22074871603839302,0.0915204461472523,0.22271794562667802,-0.966388175536154,-0.018224672721440155,-1.188416840954063,-0.13657466797960097,-0.15998756422919955
-0.8561499034566803,-0.5042901213190311,0.49582087754220194,0.5801087122930523,-0.3813015650357636,-0.7540070485887633,-0.06361434988108357,-0.2542282468688468,0.27926931959680373,0.14116332717395075,-1.0227138044545425,-0.023096520342708926,-0.08298661810501168
-0.878646262392609,-0.9307878033185586,-0.7450134329303789,-0.6004743017437352,-0.9870602533205725,-0.06691345504640298,-1.8654052851737173,-1.370727876515076,-2.9440866869734594,-0.5208926085155043,-1.9958466267849628,0.05625037406778176,-1.7915816015300032
-0.4963514040850311,0.34463651024632963,0.6911043295973087,-2.2123350866927978,0.48450099711823785,0.30493351517503864,0.6178835265584187,-0.6273536177512465,0.5401482551938128,0.22879048767810073,1.6406053898110986,0.0369430765147424,0.3146785989802123
-0.4046886409076655,-1.2958755127107722,0.07897170047521487,-0.6601234533949494,-0.2779376383086977,-0.7193713843439601,0.08234595823541493,-0.3848093604683204,-0.3657425211633865,0.34385093140984985,0.24446770973826965,-0.049407402205073975,-0.5354041645590528
-0.634980195520394,-0.5484481302408192,-0.7193867650177951,-0.4268838115377972,-0.8056345107406376,-1.352826467722965,-0.1275608247818632,-0.10164888017293482,-0.9159157341612608,0.14634353120474966,-0.48042923213215555,-0.06478184616037962,-0.3251200346252881
0.40486885416166235,1.9891412146948282,2.0742819309715803,2.8424423183816376,0.9061249660804042,1.9300360810984334,1.8500354660959495,0.36646381318776133,2.1908623291774547,0.7235557993553163,2.8498395521423983,0.19998243690778816,1.8365308847001545
-0.014075006741331886,-1.3358356209823654,-1.729094769109765,-0.26462870467337796,-0.6887796375672849,-0.9542796242206045,-0.7722746542264294,-0.18145208796201684,-1.8130703123503673,-0.12600625635486926,0.3054351347766351,0.01576877680645948,-0.5055682996813105
0.53853910708593,-0.8453986391184543,-0.7540070426479604,0.5376541704938025,0.4379041722365137,0.5684843112384748,0.4592573887303782,0.6273061086869952,0.3527163852896128,-0.13024633318974843,-0.48460236968757164,0.02311942736812257,-0.33921177252480356
-0.0005475080220235456,-1.1200674485464375,-1.8375005639916182,-0.4861622707623366,-0.5312080374737788,-0.4517277788434229,-0.6776224514756015,-0.07447060096776112,-1.2145136449806806,-0.2410731277899402,0.7496833517084855,-0.00826618650514216,-0.25621862101601445
-0.09561289341214838,-1.0742903333408242,-1.9055473002204155,-0.11232453379741249,-0.7600455633972566,-0.5476289656701394,-0.8416529166698457,-0.14957583379388473,-1.519357312210163,-0.12313983442830957,0.3418924137966759,-0.2594289777077372,-0.4070721861310045
0.4437909602849849,3.6294896410591893,2.9946586270089677,1.440049057610643,2.367849399135448,1.8446008244306884,0.5561506921606552,0.08150362054299963,1.8098728324628128,0.18535680747901404,0.9854489892211534,-0.08715079657474742,1.840808446570817
0.5232975348643958,2.6591520520744636,1.4157794336477916,0.4188434829764688,0.7429451710684225,1.098052604330911,0.2835976261516203,-0.11226352393239113,1.3891369709651922,0.39161851723859503,1.131646208025567,0.0730697234153437,0.7726075932450799
0.7816310475518305,-1.446760952971979,-0.4019027988483301,-0.7260879383991575,-0.7559501227332901,-1.3949262239300226,1.0844618653581064,0.41183791636101286,-0.6976664899180953,-0.2759973501509779,-0.25202859497991287,0.22843963493593034,-0.6863926611809682
-0.1279195455205627,0.4794275935340879,0.5152237515684424,0.979942456300681,0.21286594932381478,-0.7676658680145112,0.03888176106511511,-0.41069025235974954,-0.46790757181743775,0.053854240174922685,-0.8686558186550004,-0.03096531008758268,0.09166320702268016
-1.3467489875793561,-2.047082561309346,-0.4879093536600057,-1.7575142427746,-0.9296736754482199,-1.2864885896128713,-0.6823596653150807,-1.0253052623644987,-2.1369851015720314,-1.7853507569305498,-1.3531111709597623,-0.09626231286545389,-1.636631995696678
1.3500588727281948,4.256500473025566,2.9519257354627673,1.1854326517784246,3.0373521789013305,3.0560210880073195,0.8612138812523338,0.8912253652919185,0.012085138316680184,0.25025809680318656,0.7086682448018756,0.1524835277674722,1.1971278127096594
0.41715723188593995,1.2869074078594958,1.4267156891886976,1.0496351372357458,0.4041840038148477,0.7313938788619516,0.19117388437967742,0.07547454813495258,1.2751959455913555,0.17162501177181377,1.4413075818116259,0.0353185891047016,0.7122685269416413
-0.05460123085184024,-0.19987975900966876,-0.06312421365278874,-0.36502149353916247,-0.7511277128864701,0.07277622583373963,0.06326328645434431,0.5574376481699033,-1.0070696882435328,-0.37940186026143946,-1.0056261943774816,-0.03635646372141014,0.13802059432840907
0.21540404952803827,-0.4266069107016341,-0.5026848097840169,-0.5184600970570723,-0.1003193734335299,-0.10773336924470236,0.01569375993425235,0.27804215202832383,-0.9739249584156396,-0.012308023396310255,-1.0545506088378738,0.004385907704062363,-0.1266176605294458
-1.938486202446899,0.5631249197556947,-0.9261044125287382,-1.9513694433076314,-0.5345147204282694,-0.544901945224653,-1.4096091190171949,-1.4160320821694201,-1.0386804905373397,-0.937615194909999,-3.3130850309076614,-0.08919433884245055,-2.081791886809903
1.0296945256633785,2.8685997777367525,2.3914089899872324,0.2068900605368743,1.030316753652361,1.4473602458079242,0.5532754982030021,0.49546513812512966,1.4714489407061289,0.28826484518591333,1.619990755181967,0.02162652808707213,1.1351103809708734
1.1675530878263007,-1.2363080232768944,-0.8646909462533788,0.7538368946893348,0.015816767803496765,-1.1011945441634292,0.4611442955710097,0.6741840346837933,-0.22964731444811662,-0.012463728343136622,-0.7654097529604205,-0.0006977437433994245,-0.888145981446788
-2.518724893394651,-0.3791538624734516,-0.7492968243981404,-3.042318667908096,-2.704843830702206,-0.9095476825638777,-0.856718760617595,-3.0305801817691993,-1.2533238343703044,-0.11672911695825566,-1.5928403157352777,-0.007890225580582978,-0.5862415685602982
-1.9028150816683445,0.7378637323218087,0.5149605825489078,-1.6394711530622514,-1.3192703970206072,0.40214471538499413,-0.29800493474014933,-1.3659538406366483,0.6414528950358122,0.47245142298543613,-1.417732428813664,0.11362238430236979,0.48995380259688126
0.06899544388133425,1.8079632390435374,1.5509033640161052,1.6664262339128704,1.5791843939326802,1.4712733022077011,1.2823866280243321,-0.20649165216341817,1.6668810051162213,0.37291859398026844,2.627597208618342,0.004128718009063361,0.6769524001878584
0.4144989487037271,-0.5714931594764088,0.9831796370407877,0.669227185617201,0.19713295907907513,0.8070183535453138,1.1229359104887893,-0.1983045763905263,1.8269733148963294,0.35019490548926924,2.042116989327414,0.0006926496099266913,0.2765145360129989
-0.41057504809875467,-1.1260068983354399,0.1273132668259657,0.5351502108858484,-0.347406613491993,0.10543151098070652,0.3168894356178741,-1.0246512713930054,0.7285904312527016,-0.13143530188542277,0.6888954396763195,0.005254267321692614,-0.7979393851989881
0.692855613959384,-0.2807449683319364,1.3767625021675807,1.3203045355955447,0.45299525848486355,1.0234219280878711,1.3284831960357,-0.046313262074771856,1.5118337195992677,0.2309021164174193,2.3713104270416725,0.48095760406046684,0.5467312749203607
-0.3614467408707262,-0.182037195041517,-0.23654947984860175,0.11692953845304957,0.03159454114955022,-0.44687881199410184,0.15487972359418764,0.3773820238938142,-0.7291899052094151,0.028606112517882105,-0.7477900026022041,0.02476429753626381,0.30389522490065757
0.10752392149620899,-1.0806736993718529,-1.4478703063992888,0.39992866568176805,-0.34253305415467666,-0.3103348482770122,-0.3023661685569418,0.27811351799651884,-1.6992478678085736,-0.0077250826709334385,0.042528479601153066,-0.03409527668224964,-0.29889486287642897
0.2504240599367768,-0.24810259009582103,-0.31763397863186477,-0.2597841253837881,-0.024299324077502286,0.12443618215051372,0.33024426379396277,0.3844630493010886,-0.7933064498286695,0.2702225519481968,-1.0258531907627668,0.08879438513346637,0.05689059691141466
1.2645303626420596,1.098061943229598,2.241965889965908,3.8098345141257663,2.767316501688005,1.5341955869712143,4.628443919859775,3.841977165638623,2.716667261823701,0.8222988889842395,2.6666215893941834,0.30207273647706523,0.5737557174296426
0.030117689795636917,0.42156949977416336,0.823550108406279,1.3111734067312337,0.6284716247242048,0.1919198752463692,0.2060700735592077,-0.1119823324426802,-0.1461237260533703,0.05436104874747495,-0.7834883401328182,0.023790559707106036,0.1698280072659772
-1.0171243329025392,-1.3322395290744802,-0.6843733840016647,-3.1767797277083925,-1.004007536292904,-1.7780478545987155,-1.0201111541910923,-1.2745095361893375,-3.191159447318254,-1.3627331798968632,-2.416073606116439,-0.12181249187302051,-1.768420980053488
-0.9115958367365722,0.035880433566247386,1.2252160532172356,1.0082330504582366,-0.48367277297061967,0.6592672923680707,-0.24370452246732188,-1.0872823803401035,0.891628474748383,0.18575267037687204,0.2650651728170406,-0.389694264638755,-0.030802715813947976
-1.1595812347880563,-1.0294198800501826,-0.8869129049420977,-1.1382745297167762,-0.9231031994682013,-0.26166705443109906,-0.6367438546366366,-1.0258407886271985,-0.6965563900165983,-0.47196525436955394,-1.6525871439940398,-0.004040902842664122,-0.8586755264560794
0.6288851834649943,3.060016076046352,1.6387900565484432,2.4938487118172157,0.048439192781742274,2.241919736893744,1.10897915068186,0.242351732784106,3.418575087933569,0.8665407962709044,1.737126439941736,0.1400352578101835,3.0853859575925813
0.14977211284451183,0.7283923194259921,0.5142998067191286,1.1437818437240397,0.27467668914753535,-0.5813247924507596,0.4078324417984632,-0.2398053959811416,-0.29293058848629394,0.15848243747061738,-0.46844627331735356,0.05454579638084397,0.3163543366167384
0.16918399002170192,-1.2840608589863403,0.5745502050771998,1.2724769928870312,-0.037816247955585566,0.7880661582336242,0.24518162919156675,-0.40279655317077423,1.025388288517586,0.38931394977753764,-1.5956550424038947,0.1376505821762192,-0.12728361004575464
-0.6969900099664099,1.3455393640593523,1.0740229529080294,2.1255394131162517,-0.5917344951314023,1.5744282188199255,-0.30586814020682734,-0.5822478245954128,0.7767507888205971,0.07320650008507074,0.4128073296033674,-0.030251884615152033,0.9419354185785376
0.8616207036047449,-0.5596056685213828,0.2470817561494188,-0.18247325575988121,0.37416763073324966,-0.43774224896941116,0.2037672821921297,0.8905275914750784,0.5439441628549765,0.35396532059466057,-0.4063305999920704,0.11833692234682124,-0.3091201939164765
0.8218828344852145,-1.3820451031529553,-0.8393662858397386,0.25488824006868527,-0.08760462604385494,-1.358980819741781,0.36596035708880253,0.3782133043316813,-0.4882380634502302,-0.07971600540215144,-0.9479254964912415,-0.09245788165859664,-0.9009311950724158
-1.6094907098128977,-1.391718939095994,-0.7764077110660988,-2.4569176055584103,-1.186738784649513,-2.4661911243200305,-1.5185423953898456,-1.4129879439671322,-2.360628222036693,-1.5547378709012023,-1.3221767831461815,-0.18981887713773177,-1.6701247210153898
0.6736538707439064,-0.8340285351505091,-0.31314062155627953,-0.3490075288588802,-0.1614582029538643,-0.9524495133555805,0.12587370394987774,0.39056308472839496,-0.015037816689582552,0.12272118250735928,-0.610436395396763,-0.03534495008333274,-0.828700419381882
-0.08130169597118066,-0.38462052300378374,-0.9344940208823473,0.15061209018976005,0.22571339419525527,-0.1683910776152172,0.31751891334942123,0.11156849334236342,-1.6943780255403054,0.11634656722450429,-0.36296264237646636,0.005161819346249067,-0.06728109672652653
-0.013762710759053986,-0.6335571060059333,0.7185243285615515,0.5630430448458841,0.14606792188534104,-0.13340410555842228,-0.08323222766209964,0.502119624118269,0.198327441946086,1.2809311636119507,-0.9561033127679388,0.04012264631869692,-0.0655138990074111
0.6075157311941599,-0.8929795900985807,0.3139222449382457,0.4023152359753536,0.8303605695074011,1.0590099959874835,0.8950061552480071,1.5351875451414123,1.113332327092325,0.1405561107759261,-0.24390630309625225,0.020394622709912533,-0.020577709738993023
0.6883966783661808,-0.1756241640135541,0.6408900455212118,0.4760529289203179,0.6764022845723151,0.7183210493344814,0.29030904325708334,0.8049519885077867,1.0783377413490478,0.17498923403417896,-0.9507735566681043,0.04840223302650789,0.02408686575402197
-0.2336594355993698,-0.004878506091837209,0.3245112255877918,0.4307859610460905,-0.10425523380567842,-0.21321507962756897,0.18660238796896816,0.934548377043102,-0.06407549033019071,1.047904892322452,-0.17787687351590853,0.003758010152572112,1.004535183380875
1.8737630188252983,0.6134180337418282,-1.1901225014662165,0.15508923812614128,0.09300850058491858,0.44622832351208974,-0.18052390984191635,1.024232791901773,0.9319139689210635,0.021948040416464143,-0.6019181000425791,-0.049670488965283616,-0.4782182918447588
1.6877618266952537,0.4687763041902022,3.5897339485508084,3.925971014842185,1.513270493648015,2.0900974628706983,2.154937813183189,0.509752781460993,2.7860097753996445,1.0414484918034737,3.742029294361257,-0.06617725316590331,1.036305817901933
0.10062645729049113,-1.061369212986384,-1.8051105364994144,-0.3495768455009805,-0.4769256448631901,-0.48837937697962247,-0.7564884455361038,0.18721032347180883,-1.276126789845164,-0.06793013927009374,1.3449232635958797,0.08416961288609949,-0.22602652801019665
-0.3833235859237094,-1.4206748361003374,-2.459129471573979,-1.03771629806996,-0.8360243870755141,-0.848336062770492,-0.8002724405564368,-0.20894643474654798,-1.8541696547176163,-0.09815520417902407,-0.36107111271936465,-0.11542066273719279,-0.7617905119177887
1.7350018465974264,2.894070504529195,1.7213926554225487,1.3592861194820662,1.9730701744577128,1.3550365899110006,0.44201462092291977,1.0804362333110635,1.3711720727254741,0.3186031425534746,2.264820700850235,0.06631028452422458,1.0835285901568001
0.23870020410847947,-0.9401784748979841,-0.6614967831995133,-0.4521687323227525,-0.1526382941969981,-0.061075385144083866,0.1620570590577295,0.7903822889054815,-1.6998506937830498,0.12842161264063578,-0.9897305887808194,0.01925499446948785,-0.22486030596256684
1.5365934326116824,0.6084047945671611,-1.270121272769627,0.9942670716021931,0.04383706805942994,-1.6912922471887173,-0.035685865568618004,0.5955919037495431,0.6873739181759043,0.09568899972635943,-0.8936258075419917,0.07434308404633257,-0.5244960477518743
0.31459956093484337,-0.7358790161007913,-0.09820093843620264,0.14970260774768476,0.1378409198557751,0.39238838344398475,-0.14456071620910532,0.4333760229053183,0.9515475674884191,0.10357151834423556,-0.20981170315088496,0.013957315044632835,-0.24169326939801167
1.624992118977114,-0.7103930581222004,-0.35913790334300666,0.6044934418260041,-0.2692771179197977,0.8522400153415378,0.28695028075870743,1.2505294534776152,0.05678969980915997,0.08180356179558042,1.697380034316124,0.14464860762702303,0.7676989721283057
-0.666777696878546,-0.10526845888389892,0.952523189431522,-0.3906255490524279,-0.21331864766388514,0.33261792988697475,0.21909193558592552,-0.832910413235012,0.9053921730697366,-0.10448211866223982,-0.5303773453588493,-0.014853779477998584,-0.2189094035591309
-1.9341665437719275,0.901359889578695,-0.07936444432267717,-3.0538068528928686,-1.9585449009585298,-0.053256444713204266,-0.9717289269384408,-2.7960185616101247,0.02102091294351137,0.051586486079937016,-1.1292103439584997,0.03289619516374338,-0.4651651754018127
0.0317530227744848,-0.33242495768755265,0.046051269040132604,1.9858426384739059,0.17127361337266234,0.17784295244866782,0.20628723144505384,-0.4318124128541807,0.5733850900539093,0.12181999811928515,-0.7680385851078769,-0.06194812199488907,-0.7024753068646208
0.41847191081602236,-0.5044408494063342,0.35261228303606096,0.3241272400697279,0.2945054389529914,0.5508730229060164,-0.02107807286963275,0.6922842825057967,0.969579284164744,0.042508043596624585,-0.8091927918005323,-0.03349790213616672,-0.07204378816040431
-0.3351281550599057,-0.6873997575431389,-0.5439313516013016,-0.6364344705972407,-0.27030447598727836,-0.3165595128490693,-0.7270667273292525,-0.477085547090715,0.5108041419187147,-0.3673276255504848,-0.19567044575802153,-0.03483494691473118,-0.47185081561057207
0.7604385945934335,0.35708986602982307,1.3174270662167367,1.4778992174555445,0.6723339539489503,0.9166313954396175,1.1449908206197952,0.6719479015112546,1.5156901755885013,0.7145836470521882,-0.062305156125997456,0.021247600057524463,0.10854539626355596
0.6461277487621796,-0.65984800462016,-0.6918593842256817,0.9586844921016342,-0.01757038676361031,0.15812701548863614,0.5844124890196447,0.24161304229715222,-0.9289455851330423,0.13537489149357296,0.8053988120249576,-0.038956858289246984,-0.16937991653672535
-0.3035030512413425,-0.17987105553193647,0.9405093121388926,-0.1964877079670421,-0.015402967988306501,0.5360842298768048,0.8507066792182413,-0.7054077841144885,1.173030347621534,-0.10942933728323413,1.1871108016604557,-0.03436371674036825,0.019547822721198975
0.011679011417371678,-0.3608859144096883,-1.0317337326480387,0.33255581389582306,0.19628544965176836,-0.10193880227083964,0.2133055091121544,0.17011331615684966,-1.7971663084908178,0.08625086045642902,-0.5959892485810756,-0.007780266017006303,-0.07701741800746989
-0.7194159450017226,-2.2705457176547497,-0.4517724813132858,-1.2513865169802576,-0.19814645718395088,-0.8866286316420884,-0.15822289340689574,-0.8372550842613499,-1.0242016437357395,-0.08987951062490335,-0.9555874116553201,-0.08616449881319159,-1.3720234484887783
0.6569361642044451,1.664791112884672,1.446163023166204,2.181661738268126,0.863542584987202,1.2576395099837747,1.6046043945502282,0.43239291137653524,1.175445879649811,0.5931021727937171,0.8116546392244186,0.1031725787394681,1.1537790375296026
0.16062527466824061,-0.8832299269201597,-1.5660919304057541,0.3133288030392335,-0.3013364046082521,-0.5500555103098869,-0.17885446963391996,0.2833081506904111,-1.8377507363368446,-0.5898439555359073,-0.8043113521245929,-0.05484319220892046,-0.9689501047926021
0.20878514023187258,-0.4530564401792879,-0.10861926331728078,0.03694519032646584,0.6294141120313564,0.09336480324078969,0.3071433748322953,0.41539650211110707,0.3372842778844966,0.3703762435307726,-0.8783385746465583,0.04557542019446066,-0.2487056412992792
-1.9097355285540434,0.6025980442648546,-2.8992516034049927,-2.67156505651979,-0.9221247248775845,-4.7264928572022145,-0.9646883400938372,-2.0273937332001513,-2.79491115785773,-1.1505122945739688,-1.4143552989300552,-0.1474551368983358,-1.8172387641958072
0.8260100937934799,2.4385356837169576,1.1737654306641265,0.4288690576288434,0.46588863456880475,-1.071715875789006,0.6232289167069314,0.1811330513676835,1.5688285700200746,0.20489535089323516,1.0306380406045355,0.07154627613283503,1.3094898688493088
0.6109485469802488,-0.8296971308750409,-0.7940888810157777,0.6135719390001355,0.5581963512870588,0.5104991009652925,0.36342372414190327,0.8213454361122825,0.2009745669680544,-0.2046891793598317,-0.43132205670621876,0.05357132250132662,-0.29926873849083985
-1.2935760048386227,-3.1984048743972875,-1.4643500492970154,-0.9284159944113344,-1.6254183249113459,-1.0537412744530268,-1.099886522584905,-1.755229812530387,-0.5295527160392763,-0.8202246425406905,-3.7152562390560178,-0.12284217429450825,-1.055009417919339
-1.1657826743080901,0.46153495945036416,1.2593358209242838,0.7132642460787774,-0.4523356508893064,0.25721265304419727,0.13132177651601115,-0.44163608505390584,0.9524887403809572,0.13362018215547622,0.6291177708722857,-0.07019699378016721,0.21072923953903622
-0.917312555164616,1.1722343582036492,0.930107293800813,0.22608071083804443,-0.49491693837878603,1.2956101335867103,-0.916037755795082,-0.45395453540970465,0.14701688965006418,0.6841074805104613,-0.2916835221244643,0.18298553737540107,0.6094013253221705
0.5564070425811224,-3.124639768516128,-1.3896588634342575,-1.5739450567479558,-1.154365782456524,-1.9701220299934765,0.33336776638248306,-0.03261609994909839,-1.6023991668245037,-0.5582392499730404,-0.9043031000097594,0.3006895095660971,-1.7513883531080663
-1.4210169899864642,-0.7715590968094249,-0.7855785966721466,-1.0160014554020018,-0.8363392721750361,-1.2804899880181375,-0.2413276632709635,-0.29512275871225746,-0.5097349774483073,-0.09228567596447351,-1.267743852894443,0.009212171801935046,-0.2757662624190562
-2.0990236564347935,-0.5373864035605868,0.6248860469460487,-0.5229222027910875,-1.0748967804151797,0.6434297037052198,-1.3663437154679559,-2.531004574104317,-0.4298329990031198,-0.07901668637214851,-0.24841012892597872,-0.06872757704773304,-0.4940418967925426
-0.08528935469208387,-1.1998048417095564,-2.198188624509818,-0.7094255774799321,-0.12914162524251474,-0.19769961533007313,-0.5175466632328203,0.13256259801461262,-1.3773319580163421,0.06925986378996944,-0.00911367700409353,-0.008541644304576821,-0.25766024824096045
-0.05506545194877413,-1.0850251516164278,-2.300031512290136,-0.7208174622516768,-0.19679935072238242,-0.3910484023737567,-0.6593919726468934,-0.11089727118184482,-1.3838473996571783,0.017545408715571642,0.7030900777677176,-0.23029013317828584,-0.27591608327968664
-0.356301029842968,-1.298796602876909,-2.516397323764137,-0.8550188406963004,-0.6238648730035252,-0.2079085196800427,-0.7317333896174226,-0.1010989628464449,-1.6090335600758492,0.07344319647883002,-0.24897245889503716,0.039646655580986,-0.5338760401986333
-1.0951718054181483,-1.5862286203628821,-0.10621041086334218,-0.6879132016279942,-0.6099273074366566,-1.1863927525494042,-0.08628864859386043,-0.9284698420186115,-0.4343610214398035,0.06669645057991143,-0.5001417542705572,-0.02283742486395768,-0.6720574551163656
0.08412036935850584,6.113897317806775,3.3831899217360966,1.5884789275191722,2.805326113887649,4.449634883316337,3.0051346021344782,1.6359830731207814,4.870297117934357,0.9729149156979593,2.2688906589429836,0.1704752522727683,2.9466381517968445
0.384160775799149,-0.7913598975567663,-1.8428432016130278,-0.08882081696194498,0.2276641071405417,0.39692368013564394,-0.051692257961775706,0.23724416160141124,-1.138876302099735,0.10662652706830862,0.7888202209887095,0.03964508773034644,0.08431313530490217
-0.7470487781055271,0.7383833601439578,1.022731738576355,1.038500832180337,-0.5274736372435774,0.23521942586224132,0.20586049060673564,-0.5964784893088252,0.736773554906249,0.13590002092998463,1.4700425012451082,-0.14814720395874864,0.1483533119865591
0.7026188623455042,-0.4390267758397388,0.7902245861648893,0.17038236893221942,0.12762368782837352,-0.47830524854879414,0.40883783575871746,0.4415736844191431,0.2863755790503799,0.3368122051335457,-0.22798617393244058,-0.00919307673220627,-0.14606945785279915
0.10289107044072196,-1.0730709009682244,-1.9838987130066381,-0.6268849427589319,-0.059294566905850346,-0.1558258345468332,-0.4387677217527138,0.132924324113798,-1.415185186339594,0.1370551090891887,0.15186928276774578,0.034698064836233625,-0.23555795462310533
0.042972120795812835,-1.2022799021750687,-2.199931616561694,-0.7689128955266075,-0.3513187511781386,-0.013036324969078916,-0.46191172311936196,0.08276729389197296,-1.259067337507796,0.05853577093557559,0.6473065416064735,-0.003635370849062574,-0.32982714275156866
-0.4259618895428463,-0.7296429115518308,0.22382184925230428,-0.31221555844208015,0.0006030288633579801,-0.7518172180274917,0.28386697684168916,-0.1620941473471209,0.08597941243477783,0.181624184340342,0.14751901138056486,-0.0405168532740532,-0.42959320691297764
0.2321601181081497,-0.07792223271396431,1.20947563068993,0.5164782757865677,0.14025764309076816,-0.040001443368900144,0.6190312669278742,-0.004751722247391516,-0.4553916282017922,0.4827557152085417,-0.13920713078204758,0.07089173120058449,-0.04733878623849398
-0.2798441867915809,-1.6253320373522326,-2.4787673523864293,-1.1348804832503405,-0.6089353302767915,-0.4602567992105873,-0.8627641041385427,-0.21818623320691088,-1.8597780778419433,0.0013694968408283275,-0.860803673008405,-0.012026850054195909,-1.0913024360515802
0.32493399206109136,-1.1687327214565852,-0.7695286221588806,-0.2131480975676742,-0.07165563551631449,0.3401880320548337,0.1990934374593457,0.419898202094741,-1.0945509398506126,0.16826808768039977,-0.6342030536723582,-0.01990830568312149,-0.3497075819631574
0.007628382042101972,-0.47944379034659107,0.06733977298562722,0.2678793837950151,0.1205530871109416,0.3942465091641578,-0.10956393643877366,0.4392765212090065,0.7804905200296909,-0.1374359644941676,-0.38661215030096685,0.02106381341763255,-0.14284487440250815
1.9610450271449773,4.988040356701759,2.8332619112160886,3.0704026204389,3.258972116282934,2.4823498273940965,1.5241045334381569,0.9949945089997101,3.854409421323798,2.2962245585805636,3.061015453096479,0.1757017311966047,5.329215327967476
-0.5394781918655565,-1.5312762378295888,-2.634123885548389,-1.0611690032443342,-0.7431795879426258,-0.2200459676755903,-0.8727403965522536,0.02150936894144657,-1.5182276322258013,-0.22360626235862982,-0.42370575362971663,-0.008964293289722662,-0.6645167716646879
0.4265763736829264,2.892976745771141,2.577274043393425,-0.4647430198681019,1.3721327066292162,1.068635169880775,0.4469647419411277,0.13245683856670656,1.4143013801135946,-0.08160110100224188,1.363741298360077,0.009470681787675553,1.0398498743689721
0.9490786983235737,-0.657270700907231,0.30962002763421176,-0.051737273516806015,0.4427637740892048,-0.4729140674532391,0.07407568015882543,0.4463577796920435,0.1042440657421118,0.3197425806651719,-0.1371962203437256,0.11811243663567837,-0.36856863765544
-0.6628229450173156,-1.638415587357918,-2.8477627492145015,-1.279642396729905,-0.7052520508652864,-0.6725886990608543,-1.119801010538358,-0.8844389450940714,-1.8256281190895889,-0.23476535120176967,-0.9439531011005035,-0.034289791774806656,-0.648332975277703
-0.8811253745460674,0.3521687506687724,0.2199363054293726,-1.570730920774448,-0.7883109241431685,-0.1450280800792906,-0.32083203208736255,-1.0843125286581927,0.5703708430265803,-0.16901739651958148,1.1037924278843112,-0.03432874214214581,-0.20994423490017664
-0.664530118101716,-2.4052188015460136,-2.784710334698126,-1.1054577088987247,-1.1932045052570492,-0.43670274317225743,-1.1236404464088592,-0.2622818963885464,-2.170253605953573,-0.3056861241787878,-0.870905393189233,-0.09617959118215372,-0.8509553150571364
-0.5096415348358763,0.8539661571114427,0.589376096024385,-0.97057310235609,-0.33811237161409924,0.3274801444096698,0.6119346203109145,-1.2941360248490754,1.213303001589504,0.33961448885655654,1.4757880098890097,0.0002618363918737339,0.4721856103594311
0.6039088466556534,-0.24141926720790152,0.4624515726148253,0.5246848334426372,0.587737302936148,0.6574138497462909,0.05901131395172944,0.841949747552733,0.9895339610885517,0.23828993899980558,-0.6956419299113461,0.04993710068002753,0.092071611498379
-0.22844613453153417,-1.4139438970048088,-2.340667034778227,-1.0469258651518936,-0.5837616241979413,-0.2514805101859382,-0.5656946696299647,-0.10954867887155456,-1.7103589354401143,0.060581431461032426,-0.10569604603056279,0.010039551261191553,-0.6873510254469388
0.05720350736946172,-1.1671573200431236,-2.018772717201306,-0.6774696266056142,-0.44833139326319926,0.1372278230800293,-0.3329641423454611,0.12097203378669089,-1.3277626128285194,0.08993393919443611,0.4206357937024181,0.02701585355887398,-0.43820552676864394
-0.08508543354523782,-1.201479061821786,-1.9860973382209584,-0.7303250691382629,-0.4410574611832595,-0.05031366995018389,-0.396611920432705,0.08858773875593516,-1.249597749450606,0.01078393700998277,0.28823731362405763,0.08111043808904167,-0.35654330916056015
1.574898822264125,1.7512501230512538,2.7522500841304027,4.876317995330836,2.70274290781287,2.2079761702122367,2.7700721105389916,0.2175712473737076,2.718593649056274,1.1952737091135022,4.043478323020973,0.21088234416260881,0.9593293370350471
1.6217717324148142,-0.632389250805912,0.39222304061417357,-0.2888004261495857,0.3049396478696469,-0.5923753034075101,0.9202727231647201,0.7192712479102842,0.4363750425441605,0.2801380375131137,0.24834331784694877,0.15404704335197397,-0.09477076172751064
-1.9935531637150175,0.11121561454246853,-0.32362248889325823,-3.5597965421832893,-1.5220096167319246,0.20432021356394714,-0.46068110571035903,-1.3518309492845504,-0.4760533745519612,0.33643698351509455,-0.15865249910365992,0.13664385046861646,0.0264782073472937
-0.7253405659992453,-1.06542300210606,0.6164455214636918,-0.2922851616802575,-0.2984133017826307,-0.7035595669479678,0.06860488714042325,-0.45996484709282726,-0.3808302173595357,0.1403523598902393,0.15888932845348286,0.037741112811490896,-0.42199914154609564
-0.7978233389891425,-1.1186076677326733,0.20214223736392645,-0.34988264115824774,-0.5426429330377789,-0.8733627549882255,-0.07102403756502706,-0.6970745094024783,-0.2916385491545466,0.20314579518958142,-0.044355240578491544,-0.0483829761152932,-0.5650175469138453
-1.4431432250155032,0.3698961118727714,0.31196328782761057,-1.8792833789350045,-1.2204430630425405,0.01385451657490592,-0.19996193059745979,-1.9429096803182944,0.6304115871567693,0.2695160264252788,-0.13944038681013307,0.0512093921763719,0.11982514080229316
0.06981351595255544,-1.157713941744684,-1.6184250332204262,-0.5217194755309417,-0.1386995837078172,-0.010482711403682461,-0.3922968757632448,0.1704162869169118,-1.081291131555077,0.05987436088371196,0.6144941301385151,-0.01443310805971531,-0.18644285319657586
-1.3250089821910171,0.35766832509485535,0.5243838638801956,-1.3882792302960945,-0.569696079433585,0.3175955244689248,-0.5401529712514537,-1.5141869807985822,0.8984184099376821,0.24594992752917774,-0.7419526613193252,-0.04172431606851111,0.08405997706344347
-0.6580591917643325,-1.6078911952914983,-2.4620641161356533,-1.0711926697789584,-0.6925294847795482,-0.6431627602989062,-0.6156019614424763,0.02666678107033171,-1.7453732186501536,-0.13601786155900394,-0.34332764743413374,-0.04865599141572602,-0.5592332660212801
-1.1095406514430781,0.6604528870925103,0.969680761564523,-0.5285285260678374,-0.43080350209661344,0.4173141546389605,-0.5776161575508824,-0.29973356049999395,-0.7872384252414728,0.10813512721512891,-1.0087541543137437,-0.030756780597924676,0.10336236896252046
-1.2899846682894147,0.264190692155001,0.8777890806681374,-1.1557749935430985,-0.5560809767370423,0.5012332625925127,-0.49788846997182,-1.2348772732991105,0.8989268254473184,0.3379747043405142,-0.08308425568095928,0.020347829293459636,0.3538194080157619
0.16584323046612554,-1.00914120341082,-1.527890813806379,-0.5080397252512113,-0.14596668647556924,-0.07991594366826273,-0.15967635731186924,0.5256551013945135,-0.9728521187917794,0.012895666634819159,0.6991903485425024,0.05321996094270926,-0.13577712182822219
-2.8208711629138437,0.08437256188545808,0.24753037948368353,-0.2764808721912818,-1.4565849372749735,0.23856245180178023,-1.6747449499875717,-1.791599204044065,0.22309234895795158,-0.2017288765285372,0.2990541552219334,-0.42241691223190486,-0.6699398622046122
0.12948315455992185,-1.1363095494843507,-2.0550369953866663,-0.5280425120527957,-0.4442041793261241,-0.09022181314681392,-0.5213964080681195,0.17469333033232642,-1.3183746631460318,0.18200444858831663,0.6229255891568029,0.05590742049538274,-0.21797815065733933
-0.3246696148463525,-1.7022086983598355,-2.3091499414341525,-1.0079372479598452,-1.1362305397680028,-0.7930834621905037,-0.646384695188867,0.18127919392737876,-1.7826870045381493,-0.16431059474849866,-0.2386880178092462,-0.05672359855742096,-0.6623116645835238
-1.3668577610649582,1.798584801927209,1.494038631351691,0.8530475117910346,0.2361954866437656,1.0109855080013062,-0.0052487817629136325,-0.21172182862491662,1.3747974216165793,0.5015516818843836,0.6002208656160573,0.04515980396626735,0.9776324861213416
-1.0916077360006355,-0.14944405165759625,-0.05804565784314445,-0.9288789268867629,-1.0886987144590563,0.22903060895830604,-1.3419814249435957,-0.6019184894251843,-1.5575565351245722,0.1574295811205068,-1.933067117600391,0.057703280738917145,-0.5579030879969813
0.38842504298857733,-0.14769781972333346,1.9510529383147752,2.8006133234063686,0.8255959339331215,1.594098283810955,0.908042078365365,0.35471021037445344,1.7800849134314598,0.03284926895207433,2.439359050409662,-0.1321608674521041,-0.17751765880009368
-0.6646932903139127,1.4325272605689763,0.8133920940604163,-0.6325511683549525,-0.2387098132322232,-0.8601601286377343,-0.05700875503994117,0.07416613752539783,0.9627613305543652,0.21473074892199487,0.11118449849593971,-0.06327985424858826,0.7623650837418003
1.6460973014475575,1.5943101706490335,-1.5271686452189974,0.2370652558789072,-0.39318143972040476,-2.2304506655598777,-0.39721222839007775,0.057393550493547364,-0.06706419568301913,0.027122238111268435,-0.13210274021244717,0.06079756671821493,-0.12751334794383082
-2.380984051217222,-0.5406674087927159,-0.7136211118283163,-1.7716961198284598,-1.766660637774039,-0.28243631502070143,-2.537069955940824,-1.8675504354395283,-1.6495407037574072,-0.09275155669699123,-1.3091914822632034,-0.16950436241562578,-0.295017336398208
-1.4405062432708737,1.6558618139511805,1.2408337906936908,1.0246081762566852,0.532351040291186,1.3324194643043699,0.0506502292413885,-0.3869585005923485,1.2483086686014822,0.7182728085284018,1.01215579066736,0.19730842606500826,1.0901555039754345
-0.8776601425664392,-1.3011001558202162,-2.945243425641933,-0.8226680853898224,-0.6736546470266251,-0.6150382126716432,-0.6689097671195241,-0.39093003464578135,-2.1787908429041916,-0.20504359540814113,-0.3302946632213166,-0.04158861452170337,-0.6822032025790151
1.0885249958409828,3.0917226574298304,4.4331911705271345,1.0183890279491121,2.9437399640679374,1.7561408716052154,1.347278122273791,2.66939144738536,1.6215807417053205,0.39348820788087313,4.0764681725015155,1.028178828054677,2.6007707430179137
-1.3767390376106943,1.7472419863778894,1.139212373690162,0.03037315376516862,-0.37917978171595473,0.878497641199372,0.03891354656260875,-1.099187090792693,1.1788360731458916,0.3474209400452672,0.4863724964417309,-0.07263897264272794,1.1529927960894484
0.24553232549870796,-0.6920720746228473,0.04731828573392704,0.029199711245795082,0.9036136100355845,0.0028385421380193888,0.36216131050333694,0.3274425523875592,0.40684048176484394,0.40469730204915527,-0.5503384540794003,-0.005756915362758791,-0.39448532671564146
-0.5055546162629292,-0.10966195151778985,0.7091806291866426,0.8310608295242612,-0.03526968831946658,0.5385627127873401,-0.07529892303825664,-0.9779803304480286,0.940222219772533,0.23698863575390228,0.2387189163588401,0.016153128660387477,0.18507064623499492
4.474708765333311,5.015852953768852,1.9249035384474942,1.4063036131858826,2.039211802058853,1.9324622840780974,1.484501963523734,2.0352785423284185,1.6394213140419578,0.4633503254032175,1.5953041155698404,0.08657635144992862,1.7938854261239372
5.189205320716393,6.4016045275381,1.5962021724258866,1.7524781073764375,1.6043525096613716,2.5607216596355036,2.378109503621753,1.6879857149989244,1.796333560648684,0.5737461278979512,2.2432359239914343,0.10865120286988596,2.0667014783538042
-4.3414124345924305,0.7617262212792412,0.17797066128450545,-2.401181235309535,-2.6521555225090645,-3.6007426219231764,-1.0675205495601727,-1.6619782108060703,-0.6742544627427641,-0.5645785112239214,-0.652936329380609,-0.16774046382763322,-1.5739528564710379
-0.4393640395724732,1.5432105617132044,0.8088621149714003,-0.26443051995192124,0.012797928376951088,-0.4772357627410544,-0.006862238024930609,0.3772540893359109,1.0804875958276292,0.24254089319664562,0.07465160413127803,0.14419549143278146,0.7540445424872451
0.3402052353012064,-1.5773921106504796,-0.7932579881677199,-0.40919697358958523,-0.04915845252599353,-0.1284988116404404,-0.44220337394211007,0.45638321305586327,-0.09724858263313466,-0.545649961452776,-1.3974251948082308,-0.09734905749261907,-1.194382590513754
-0.474114567333729,1.4555235337282324,0.5483675278438669,-0.7601669772605724,-0.10009210810893113,-2.6556403528976564,0.002580641140229995,-0.7434056933964084,-0.38240016261296766,0.021853669959430937,0.14065206862261734,-0.238925440881867,0.2355160982562746
0.704327942406914,-0.39675277494928896,0.8149487368245089,1.8454162422158857,1.3813730027759448,1.2308849221654234,0.4154097120906226,1.5295642489652768,1.4002130105025647,0.13864334732604527,0.9866479465287799,0.028113702215875183,1.1645027002482675
0.7214774448851435,-1.2024508355438916,-1.7872032957699986,-0.6652628818770042,-0.21829541169158698,-0.10361035837817735,-0.5856947392883658,0.6546789714846655,0.2554735853034071,0.139136298520801,-2.506554939028833,-0.06734212921725383,-1.0826474052551203
0.8178753765387876,-0.29746231091829645,1.7137436851890142,2.49803298869429,0.79703080633293,1.8150431525784856,1.8844531660785695,0.7738083213428034,2.8756222273906067,0.3096602200970261,3.5593754196922407,-0.02888498017667905,1.1133613561590512
0.7998761795026561,0.0502093266196445,-1.1694307348804758,-0.21631012310894826,-0.2124888868446255,-0.9235390960435487,-0.17134075573645532,0.29976286256685847,-0.07032517000075633,-0.06180081316864946,-0.8370469832291,-0.004244168097049867,-0.7965672285792728
0.49247215920257287,-0.5611496836371305,-0.4050785612757319,-0.38260912258229735,-0.15591920141544613,-0.0021860239214987784,0.04643808208612921,0.7880313147891624,-1.015323565466485,-0.13832707558008325,-0.9893301815185175,-0.0285475711126087,0.08581706186911708
1.1574871136193785,0.07914979146120867,0.33464716772031433,0.6948039765179986,0.75149685724121,0.9283741973424589,0.38696930060163137,1.2218512214528812,1.2298105962719355,0.3046267939532277,0.24806704833379228,0.013416067922694785,0.1941499109176868
0.8623578663625653,-0.2971577437211656,0.47313500084577953,0.4140591056836355,0.6194143742933454,0.8742225007640407,0.08547114590622704,0.9139588461940485,1.3499473924042347,0.20639262587142465,-0.10904592590794587,0.0012758356032685923,0.024998620726271546
0.813385742167011,2.4382124518618613,0.86276083595999,0.710455571469437,0.7334095179315451,0.8432247997561677,0.2489527636823347,-0.08200158984607295,1.437294980235553,0.20303329637532844,1.2800497024987512,0.029364133410983664,0.7873311387486236
0.20638928172521348,-0.9848131718231726,-1.3393584018809233,0.30104193063718004,-0.25108448972835,-0.27218511254436134,-0.37001499021606926,0.03717390195751151,-1.3427416839976405,0.12376802392497972,0.8778674706424743,0.05957512684955467,-0.2503462481811745
0.9433193339425555,1.3286533485135683,1.4829696636481418,0.929546440158867,0.8420685314487977,0.4294726896306708,0.4057712136553085,0.12995521521506193,0.928569305205666,0.320913938925498,1.408602136018583,-0.043057556479858906,0.7903523686704121
-0.7430108997510332,0.4126141792266733,1.5798158940212386,-0.8775911190448743,0.10069695873522304,0.7688697897891204,1.197916723609281,-0.4803007446560595,1.3913609739374886,-0.10872094583904571,1.9345683496817945,0.022394594132589967,0.4690942209938335
0.3359206035717701,1.2524092616161537,1.236401135412355,1.1808930150416885,0.17038755689902862,1.1632334440920706,0.11229590702543223,0.13766908286889595,1.689289754764824,0.282089482489456,1.5523101667592867,-0.0487136218846878,0.9587343214948972
-0.14949526708340263,0.5655390491738862,1.7853805917325534,0.25130424513623845,0.6182978764722225,0.6037484771908365,1.1822927097573928,-0.2814055245457632,1.45925306078745,0.42280475022775743,1.241438293575387,0.012293929922420252,0.7847303760243167
-0.6655032774636574,-1.0116781634709333,0.3146379365606441,-0.3274618272104352,-0.4548598449291764,-0.9645397638786947,-0.12383625146919962,-0.6450024470366122,-0.3824841493236212,0.2680942195139102,-0.1619879472044866,0.019980159701857143,-0.4863426953757232
-1.1645362106669281,0.29499080232021196,1.4237783363846954,0.794267008536392,-0.9862372899914368,0.3502741290601745,-0.0458709271234046,-0.4655214149841209,0.7915791483138066,0.06742501889355483,0.8110389820677748,0.009758650280224934,0.24902189265470945
-0.8765690355913509,-0.5207355682520816,0.6826192786275515,-1.4481669907812549,-1.464157689349312,0.38458649772296977,-1.796256222164569,-2.361976120244815,-0.8555332161553411,-0.06100991245061681,-0.6991146830340019,-0.08676086306300324,-0.2743659302985504
-0.36828262370260856,2.5672088975094565,1.9209168292983019,0.9177404018289719,0.29177596351235274,1.8120688292156488,-0.24229160673605918,-0.14621175992406085,0.023650883545892027,0.007898390322354473,0.973271815333929,0.04235383429279956,0.9233184932640547
-0.7411024321178491,-0.9748651184268401,0.323846696117867,-0.3178444663596909,-0.5009898456024368,-0.8117602488322238,-0.009016684867415846,-0.4884985019864204,-0.34073611553318595,0.2982972758685032,-0.046964077883555215,0.0728113544909542,-0.41737490554081474
-0.6557421316183171,-1.722862351844346,-3.1785468387154268,-1.6056125745815613,-0.6160858762453104,-0.7422379662660468,-1.2322380298857265,-0.5403990292564007,-1.865892368700911,-0.03662607131111949,-0.11778138696526488,0.004354578837002101,-0.6909508583094512
-1.0732052491701,0.8201975493997129,1.2414522668476111,0.6620710012955693,-0.5073522285046056,0.34905669125314387,0.1887371017504483,-0.8510113012475067,0.9656231506205061,0.12992963508961514,1.3156255370031833,-0.17601494815459262,0.47033173221525637
-1.5399613759428676,1.9310934041176617,1.277582173931102,1.1727282669803953,0.2708057692261515,1.0340932957445166,-0.06965782970138312,-1.0008154010886534,0.8907293077509126,0.6653707745660924,1.5147019403577882,0.049362515144360554,1.0811235285255438
0.5626601328705954,1.4773915066668346,1.573246330889977,1.7932533329589444,0.1960852857495451,1.1570256235610898,0.22034769869590579,0.2597636360970014,2.103726564083352,0.3803994239928821,1.6255112815881143,0.032935493356780775,0.9614971290497727
0.5095689649134874,0.9178212784303145,0.22556567577101916,1.1584183843558034,1.2615826421965743,-0.044506707155766656,1.6568916338889137,0.8604825968230659,1.6273727247832968,0.2824074261891656,1.602936385381553,-0.0023469145510652944,0.3444994391159465
-0.9523799758476932,0.7475366443799187,1.19769593488218,0.9156765176764584,-0.43079572424654744,0.3001495134783909,0.058103148724055975,-0.6822183219369293,0.7797901243907917,0.19303032396826877,1.123348001805134,0.03824714052180454,0.33906927709105533
-0.030328347334871022,0.3955920431659453,1.1624720446310108,0.11971082880213446,0.1442211501288693,0.9598766138182128,0.8517738087806437,-0.40326369806296314,1.564890411451407,0.3640781502896504,0.8512488170997757,0.11216426410505329,0.518755900222394
0.17639392072386603,2.1604482185064513,1.803940627784468,2.0048260981289463,0.684037870735758,1.120954650555375,1.1739822770903507,-0.4649484269512404,1.4467210236582382,0.7000111234927964,3.1638212714980667,0.23860248308965096,0.8852272994751628
-1.4980999279498226,0.9568498109138778,-1.0616371342187954,0.3580623679276969,-1.1602195155336004,0.7728518774696727,-0.7920914182015178,-1.2444875016185042,-0.3174487711543528,0.18381579989205224,-0.835875656886492,0.0028186628527731416,-0.029817950330260714
0.5999119016422061,0.7525696392217651,0.31237390374143925,1.1908470472253652,1.405199275246252,-0.08097259226513825,1.750808412059107,0.6891242670805919,1.6713214623842698,0.24378269232602592,1.80756855096668,0.1289082112895429,0.8263209652554038
-1.1420609288548844,-0.14389499768123232,0.35039411090392,-2.5427613598739525,-0.5277007067529484,0.29462720184483465,0.47730067896527323,-1.3676762599166894,0.153147756755352,0.33085785765899345,-0.1362523508816958,0.025807891878713424,0.2561098692980078
2.449054504792051,0.191946492512814,0.3273219282715582,1.9083543058396835,0.4053617323619416,-0.14808913136056295,1.7269003976987571,2.294318679618236,0.5653224711546986,0.00975079605795651,1.1438210765590582,0.3016707822183768,0.457940125635101
-0.31790022015209407,0.10677671914971947,1.2030670513486905,-0.053899679229750044,0.24855379208870637,1.015610351919507,1.0308003120564133,-0.5435708450337147,1.3961489050105835,0.0963777603457371,1.5146885753329846,0.008091181085652063,0.2913593898987812
-1.142825408715548,-0.5749776459969063,-0.19075325785566943,-0.8509627496839192,-0.6671469510905443,-0.4730418966469977,-0.17863780156812734,-1.0374205441571152,-0.7268337995408929,0.01763782330659321,-0.6775430967601843,-0.017742481669669782,-0.28374682146279756
-0.6432469984850225,-0.2760966035389962,0.6661935517634263,-0.4105208845656467,-0.2829476437376192,0.24248006125789187,0.1911187045770284,-0.8914486870635299,0.8100094817908636,-0.6550540176171086,-0.29661591194156156,-0.02303604990890657,-0.2964444648665247
-0.0008720950583099712,0.22877553944527687,-0.17735238320763325,0.20525702917599117,0.6603064063887318,-0.28377430653846303,0.3579485225812013,0.5156647475666575,-0.31006722385180174,0.298699118391766,-0.3335245734075498,-0.04257954187406646,0.47227420150250615
0.796686921795287,0.014514494797525349,0.7835006868368429,0.5083432466078862,0.8703350447118283,0.8840291814940672,0.4218711916714285,0.7799586338032453,1.129195156265826,0.2132183638820425,0.4397826612571304,0.008319904798020904,0.21342733245860376
0.025376462141414105,0.38543885386212623,0.6582244735863061,0.6308194315123062,0.15463929886774463,0.7657797691412269,0.5007094327313825,-0.20323356975853035,1.0736836788575683,0.25304906240069414,1.7342579386134946,-0.01015175490640103,0.4579953032129238
0.2540271183491375,-0.8522716702877853,0.13312345993524013,-0.03882315499320018,0.025503728573158833,0.44916698699040974,-0.3622067295252864,0.31717583296044427,0.7177202511560691,0.07206038189586245,-0.5602366213329757,-0.018805046606188005,-0.6330317342452084
-0.7596265217434203,0.343078001530634,0.8052030946573034,0.7655235385920646,-0.7587873352955402,0.3406590185185066,0.041784638183501754,-0.9255409380990182,0.937604344912494,0.007890926204207751,1.1726624447810983,0.006772246509790334,0.43079612916749394
-1.2707500294821028,-0.5697057090554802,0.9208368719783093,0.9612261177470081,-0.7657271462772045,0.08420711114019577,-0.5330399474382607,-1.2752873245388683,0.454992569044957,-0.03405352646510843,-0.2864936415468238,-0.13335821856537627,-0.2706847249395733
0.6052637186364476,0.028243583350494053,0.7575894744751146,1.2866422540761735,0.6340788737322308,1.146910223349308,0.5373201221269036,1.0850906422791173,1.353005773268847,0.28835441962660596,0.20514754957163747,-0.04257447559703403,0.5617016347270044
0.4625183502857625,0.13476439913657182,-0.8649572169873865,-0.9743081691530011,-0.03083653106457663,-0.9000857756793912,-0.4656270008045248,0.280368904495974,-0.09602089882168612,0.1489513285178691,-0.385898350972113,-0.06555610192862033,-0.8165508330649595
0.6185413736073921,-0.313117991159088,0.5725143760716956,1.1114654130840467,0.8668935419531125,0.6939345452275462,0.47125697703721614,0.33257581759658117,1.4758451867024025,0.1792767657890605,-0.5629131125350897,-0.006036403468654996,0.19391317346760648
0.40524336719264575,1.2093058585277243,1.334154702891699,0.9823936015527899,0.33203272115749605,0.8160296542435472,0.15522664656552168,-0.09895248951183427,1.1840500582997788,0.24163102596765385,1.2104051037326764,0.04972486982329005,0.46718490029167786
-0.21800079632498737,-1.3334792419378123,-2.2889065090288767,-0.7226346567366272,-0.7838181450343431,-0.3424692417880416,-0.703106753797555,-0.12966882603255928,-1.5038506881209717,-0.10688712478511869,-0.09256217625328444,-0.006952148169382609,-0.46055894000119424
-1.7648686826591273,0.01208868579421607,-1.5809108809764605,-0.2575624930284296,-1.0634631121037008,0.37116896526836274,-0.8316789734679174,-5.929074280256042,-2.178044732796648,-1.467668837332684,-2.70308320600436,-0.45689419179378693,-1.3752402729898074
-1.6341162173905306,0.1963271350116054,0.5345374579044679,-0.05333111494210437,-0.8677499087610175,0.38204231800705496,-0.8349135598017728,-1.0462348076592507,-1.289350056298232,0.1936899184264863,-1.0937317610524282,0.032468146145757625,-0.6749443633814293
-0.6809693669452744,-1.874038687130022,-1.0305307006926483,-2.5031408702543323,-1.573022594605314,-2.2670007632564135,-0.13455270400426028,-0.8073010469564339,-2.383327727022115,-1.5089690451355027,-1.1067575838354728,-0.18180297163547943,-1.0969166485354718
-0.12696773933453673,1.6357834838744665,0.27326841475183383,1.0934748719865457,-0.19724834489610238,0.7793166083469987,-0.0909064294340917,-0.29827705817374706,1.503320487830788,0.05385139165860083,0.08584408874054321,0.028480668338015547,0.5018901984595383
-0.9868092304804466,1.7441725746061034,1.311903815917257,1.4672854949596026,0.22263040805390716,1.1324592224280865,-0.11797177319880572,-0.8334306424581963,0.8730136585980655,0.4027392572976854,-0.036649559602244995,0.05105048427203048,0.9850490590598846
-0.6313322535498691,2.279597420497384,1.9400909995722284,0.846754280471036,0.15966862679666113,1.6381917656885667,0.06879809724787889,-0.2847230898009407,0.36321338589096247,0.17261405482681264,0.6137907258338399,0.0270783085769246,1.030022056898516
-1.8421895914059132,1.0503742813370711,-0.778715996714826,0.4571382716406758,-0.894030088419612,0.30431228250058157,-0.41686687332164085,-1.2419520753906623,0.531963345901523,-0.19420589714621506,-0.7049254634112327,-0.07353933834936481,-0.29526964469036704
0.6068854202257675,1.743039780306216,1.8448721356783062,1.2728204328706487,0.36929484337309604,1.5679045823692448,0.6007892152832613,0.45134879695717245,1.8974248872154078,0.37204694736852445,1.3886291979511993,0.12185271402820971,1.1058093399652797
-1.3433870090740836,1.6763224365867462,1.357779566396752,1.1046429879942703,0.11919184276471945,1.312582879852917,-0.14604905803325688,-0.5478500156223567,1.1555828804408923,0.31403405535655715,0.1025482923315009,0.045721066880764064,0.8832059479018465
2.4514654841149843,1.6004503091771358,2.6760279063906314,3.332130198510777,0.4324756818958039,3.1000032040181877,1.0291872691453647,2.1114898119134726,3.3316822139559212,0.9577749312886346,2.9678113858381088,0.13195461640936415,1.47409832689342
-1.655994424406543,-1.5523384185316456,-1.46526138786718,-1.1897261360417013,-1.255241603610727,-0.22039667023656284,-1.9470489042172103,-0.9515455368042198,-0.5410172159899956,-1.0437109125928126,-2.0193410642721896,-0.2683429586605374,-1.5317176610730692
-1.0276953056245113,-1.4548085737366798,-0.5665684132267618,-2.3691657126720784,-1.7443825342286274,-0.49502799401046793,-1.0731654048125105,-1.0313958354133907,-2.6480124027406173,-2.133564613272643,-1.1185419847205695,-0.014658775312386194,-0.9090717178241658
-1.9969971330652732,1.4771527655112249,-1.6700254738289455,-0.2568007449728124,-1.2828247626244815,0.5687050019838432,-0.4806614658169239,-1.4211362233946823,-0.895838747341962,-0.8791804517878012,-0.9903134213046481,-0.05923585024714067,-0.826953245363095
1.124430503573579,2.120929369655334,1.7434178105203644,3.4589560975531466,1.299562658408476,2.220496083131164,1.5312370911033613,2.367823840754832,3.461166720329267,0.47322744381872717,2.2304422037236185,0.10194812558746587,2.6262476656844638
-0.2382132142994346,1.3857762502247672,0.31981941505024825,1.1083788135771948,-0.6429937375843939,0.7357096354699593,-0.21962650162064376,-0.5089870277613711,1.4122046694288857,-0.006494412135539813,-0.04652448786319124,0.05921474576487938,0.5688297556925358
-0.8267183462300131,1.7878133890488084,-0.07110140904991159,-1.6172796371012614,-1.1580566718801857,0.4584067622352288,-0.12191713467912955,-0.6752369172508933,1.1020455919076795,-0.3215288684149791,0.9872972052497789,-0.03399465170947623,0.8481201164535661
-2.2179561829613528,-1.3041974501756748,-1.6909115417788014,-3.7625147059316646,-4.505628610755732,-0.6887626660977387,-1.8059472413925037,-3.822178315891781,-1.07337632118,-0.5675125154759737,-0.5706583243380817,-0.06457435628088827,-1.60307888552443
-1.9126603654813432,-0.28041658274764725,-0.2047531773915721,-2.464608120513536,-2.157689999741139,0.33154809201757107,-1.4079476152531183,-2.528987916838895,-0.11491119399666783,0.0273193013885369,-2.924591594468285,0.017170653231442075,-0.917572116285252
-1.4190399816839228,-1.0596774212488285,-1.280518983663577,-2.4176392819189156,-1.6825112997287783,-0.38354573384910406,-1.9603802080354131,-1.3288881384208802,-2.0123118768549633,-2.0793468499219876,-1.1752570542988054,-0.14990691354472396,-1.5155892010307355
-2.1666456129259632,-0.6374615252121454,-0.3385419860885789,-0.711819204082195,-1.6219536415554794,0.44098748541954486,-1.4435872353158061,-2.5604524573419862,-2.7314972318900326,-0.4260997607791796,-2.026910230958213,0.009071853531317465,-1.234873551573449
-0.6225763903017568,1.9268329829989104,1.4880487211276257,1.4681416675212995,0.08461003616503954,1.8832757673531557,-0.11967600190339413,0.14684197791774442,1.9249283850356003,0.42329779804606615,0.9496279539690458,0.06218951644789836,0.8580704161871433
0.5390219411225472,1.8005424599173583,1.5249896834055994,2.2173173537032884,0.727010192202094,1.2553071440451053,0.3806442247851131,0.4429565036483108,2.3523643182729015,0.3514043583991265,1.7557235203274626,5.371859504123123e-05,1.7083752953649187
0.45033879951884337,2.877216210442388,3.320867284372347,1.8153224285717846,0.21023874511062685,2.8727932518110095,0.8051076360900575,0.0924328712053182,0.5363842990704709,0.4670732102734555,1.2155409370673202,0.07143521306932797,1.0635754888070126
0.11074563402591991,-0.8101864944663572,0.9325022974517196,0.820010599678434,0.3046765225608316,0.4140912213038084,0.9214650432553346,-0.4239726031949331,0.8737301094392831,0.11389857339970229,2.092937142260683,0.2424151783361515,-0.10334277515428952
0.16168880723365073,-1.0636696442131266,0.9530894898814665,1.873372207486537,0.3667384633292547,0.3972659859710579,0.5682392110352197,-0.17199721944104476,0.6420889100391003,0.027256856040718605,-1.0050764330900794,0.06076043466261279,-0.4577258213940596
0.17649669161273365,-1.14310791908039,0.3022815994571687,-1.2762499225993331,-0.22096262309648507,-0.9571746578176197,0.44902174932261296,-0.32926200037408215,-1.4722985184140918,-0.2781431093408417,0.6353652328170009,0.3426500215391731,-0.4594374528703177
-1.2837566336691895,-0.2816676146474979,0.14863752261321578,-2.9186405665706836,-0.32661774203491706,-0.35307273328873423,-0.8118059780070973,-1.5683028729203052,0.39771876693470415,-0.18598367744953265,1.0458852404681969,-0.18486541841386092,-0.6415340137041897
-3.441163740321321,0.020823754681946933,-0.3351136900324167,-4.687640181177088,-1.6993771692898334,-0.7056367732098119,-1.8587784048053433,-3.0522042674545404,-0.3875046083496677,0.002594558816765322,-1.8375641653034833,-0.04289915222519387,-0.6285462555703188
3.734299592628247,2.779645872001743,-0.37996190759430926,3.1737157370357045,1.6174814489996063,1.1302911454573688,0.18328590251350155,2.1854974536038942,2.7481402419274676,0.4094064000947402,1.463467407400927,0.009839766382550345,0.4048339264392335
-0.9532800370273695,1.1659263998166556,1.2381547578248302,-0.141428879244874,-0.19644518382795562,0.481739229658722,-0.47713957113317323,-0.13699992696030283,0.9210810327240166,-0.27829226707729204,0.7259773657036326,-0.0434766167071132,-0.10972507867703404
0.3435518351678428,2.675825471920996,1.6148619635470418,2.9192868279991666,0.7479558814646833,2.1291013117952065,-0.014766779995212857,0.8120458000122259,2.059874201295897,0.555516472236357,1.9317140563303197,0.049395240794660254,2.2490460674812653
0.7667269463154178,-0.6787232453981412,0.1643571081162534,-0.05670532520446511,0.5720950221486985,0.4958466823440458,0.06312498399108234,0.8259726271491189,0.9646332967389996,-0.038560332043044696,-1.1187397777630634,0.048200355085298484,-0.24312694533676332
-0.48813450009251624,1.5873772951422465,1.3861030812341615,0.019260174788845057,-0.02168533495058194,1.3782405824069346,0.1985938512215702,0.3001505284166583,1.535351078738976,0.08544161162908294,1.0003191028742326,0.05416571435622038,0.7643273161553465
-0.21056614840842997,-1.8630718047986738,0.4176958534302604,-0.03388288621777782,-0.3668356905577497,-0.7545394153070326,0.10963097263877793,-0.5106458061416118,0.2209820794524988,-0.7534680584280027,0.06180176631728598,-0.04256543441054722,-0.5318990770680829
-1.213844081594919,1.431741190966115,-0.010636972239654973,1.3310612950887946,-1.5133207422820847,0.454489899971005,-0.682716301608727,-0.9259183979505262,0.6413408134380976,-1.061231403437236,-0.4649941899596403,-0.025271335355937494,0.4673788278151511
0.09033574970038079,0.8519448110139154,-0.06577460499894305,0.4451237935179637,0.18158336700198968,-0.25580868378799004,-0.41169584840380896,-0.2338594109130402,0.09016022827579734,-0.16860489403932455,-0.4882144964853716,-0.0015991978518045125,-0.10846349125003643
-1.726576615817224,0.3138287104288531,0.20289262388677637,-0.1984774858305334,-1.234734119095374,-0.0675981877588978,-1.7428041304184847,-0.8442922850749975,-1.0447341947971533,-1.0429831866694927,-1.7210747903316383,-0.12022774262172674,-1.069333852150012
-2.635264773449809,-1.4635595637306364,-0.9866145553739949,-4.255498657104455,-2.3185965993643434,-1.5059448911254811,-1.6900351309414126,-2.5462309672730052,-0.5447588612268578,0.011510736154288857,-0.9715298275209757,0.015511030227256186,-0.8135471820704534
-1.0226131522024258,0.16846526872444267,0.8827790840922128,1.0398534795497025,-0.9394908142290335,-0.32138136856568367,-0.3819931197546731,-0.41852247612318016,0.6963363916362222,-0.15128772780441474,0.25700694016336145,0.005874546368916785,-0.5135215196652443
-0.7317555804943872,-2.121811919841372,-0.20964950972560076,0.4412747556802869,-0.2697611529751318,-0.12155068587136657,-0.20390320054501196,-0.7565076800799257,0.14538717040817983,-0.8439566047225769,-0.7178023484460491,-0.09729098830139268,-0.6069345952289749
-0.2867278457544226,-1.6423874147978816,0.7305247689920686,0.5285124197366853,0.2978697800090433,0.11646604517164337,0.30993157550097555,-0.2914775616929143,1.0571597423523456,-0.5308658826286491,1.6510470574375031,-0.09601534896685424,-1.0094577985192237
0.7706977554224428,2.9271947643393643,1.5430847174795863,0.45167072657185275,1.6772424957616667,1.194315734710803,-0.013478535870090212,0.04345143062424719,-1.526411133701913,-0.41453666043829984,-0.5230013916838088,-0.008947722058639881,0.70131051352765
-0.020399851351458807,2.2387938269100984,1.9126768155670208,1.5531929029423432,0.4280397877198024,1.5318669513012797,0.6825755582180703,0.6596152624286091,2.4549178981837922,0.1508308395254427,1.6634870265952,0.09222198634874051,1.5383681460149168
-0.516955021152842,-1.724824491030175,0.05974774643520094,-0.2436917027036866,-0.45497196709478466,-0.3140074660980867,-0.5535491278407991,-0.30291653027913223,-0.3954580839710413,-0.023966335747132264,-2.9826273934928604,-0.033903708814436384,-0.47188616170056363
0.8778907979460845,-0.7755747171900131,1.8043194613075397,2.1761821857092176,0.5673462146352459,1.0688483773994568,1.6556957535489667,0.5462286006858469,2.3780206650839597,-0.62726772915559,2.616820742475231,0.024101664388759388,0.02575448919048816
-0.24437047988693747,-1.8186990350552108,0.7034165128348911,0.4096836943769206,0.0658849000128814,-0.2842276981573863,0.289189995184489,-0.4418748584819128,0.5929893487960927,-0.47966120481335867,-0.4116049392164374,-0.03919091340620072,-0.29559605558066526
-0.3358805008787506,-1.7837782850300168,0.1510652089003835,0.289347988606379,-0.034881093018662476,-0.6562172103388649,0.2784403930269439,-0.7691226236682592,0.49447966383614894,-0.15048091701193086,-0.2880741782306642,-0.09909252985716896,-0.5441907819324276
1.1988374103554005,-0.026323212131133582,1.5388836645195259,1.0549598890853424,0.7015961940508957,1.9458584587058674,1.264281524883376,0.6231313985710342,2.303404992897477,0.5094750627244099,1.4231700894158954,0.6453213891143803,0.6106949902072342
-0.9389008738788674,-2.229648176399318,0.23426960492506618,-0.22848299552065632,-0.3433394991241707,-0.6709492899420566,-0.7109668061194114,-0.6436392873406618,-0.2824625532181624,-0.07283877934794869,-1.710799028903712,-0.07250890612395272,-0.9482486496969228
-0.061261755437072636,1.483258573577687,1.3506913056560899,-0.04767994307395486,0.5083512825976748,-0.06519080661754642,2.243425265874506,-0.6436651165426395,2.0882381957122638,0.39737179449448995,1.6918644198485546,-0.22256823991011407,1.464994420470256
-0.019093247170870426,2.4871343787894062,1.3356131328243974,4.824889096540088,1.8451437255734993,3.4857315335955676,-0.3299451662713868,0.21154020361291861,2.2859682535333565,0.702225337646281,2.8959635279296583,0.08215221916739322,0.9327723692026405
-0.1623162760021579,-1.5790734485197917,1.0165941856673453,0.5199024012940936,-0.305963546601124,0.5678063271763837,0.6151024312968365,-0.5353246345616773,0.3940733666128169,0.39555374468146404,0.8468350303540421,-0.0013580238715641402,-0.3844255779678415
-2.9872442030135753,-0.7697007634485555,-0.29086107878790535,-2.665577911034537,-1.2561843945655147,-0.7042545429125635,-1.8757262724850117,-3.690916173872021,-0.39576270409808,0.11678210078583406,-0.30914376538091637,-0.5073745632300981,-0.23393092160837525
-0.0747472268596499,-0.5691899462127022,0.8325613294668597,0.8470988164886109,-0.7015496755944978,0.4103516339029495,0.4696785690995038,-1.1337887687448207,0.871131250632203,-0.20908023834668304,2.0221512307764757,-0.14491196674036086,-0.7556111249048264
-0.6117075470335677,-2.4583046607952554,-0.029203163901757874,0.4805244018147804,-0.37048919281042697,-1.1090205232726618,0.0083279883561449,-0.8973739157417894,-0.5893147233014718,-1.4692370547850926,1.2423848016412615,-0.3029279505458867,-1.2331128840800372
-0.6815275374005759,-1.752237112981061,-0.6716278471000906,-2.207758393074489,-1.0951514073771735,-1.694045043714966,0.0996344174196323,-0.6681436296086758,-2.143206714872375,-0.911122493642486,-1.216024023999926,-0.11214782829965575,-0.9568457970017982
1.598597893860295,-1.0344343117433086,-0.23382001830963425,0.5766811402664623,0.20016297149342585,-0.8841714954769446,1.0231775318282756,1.0322881286063543,-0.318887077692327,0.03697301863899661,0.10194821204162302,-0.02817793624449732,-0.5073947458108886
-1.5408830527117885,0.7300052103783107,0.6802876875702188,0.6541974303519562,-0.5233569408870404,0.3375667640354692,-0.8278004975171969,-1.4175907936751744,0.676423774358506,0.15262711224068573,0.6986863597932582,-0.4148605308780033,-0.031111236569833833
-1.20067260907756,0.19139029835816462,1.1827030260441829,-0.7814108245687871,-1.1746131923898229,0.5840409508513081,-0.4209702991608842,-1.3921655979116134,-0.2875217790234213,-0.5812520639732891,-0.2268614932656702,0.009822394710758508,0.5936250773574125
1.5641032278972367,0.9153249645196936,0.40340089461067674,0.5778908603294337,1.1013549939377438,0.9688153929100373,0.682637964295896,0.8982162982028803,1.7020705443548243,0.28684066730732505,0.3988121800880051,0.010363802080456607,0.4744205931002379
-0.4082945798058063,-1.8834283942760277,-3.111009556585406,-0.882489635896507,-1.0345083151245493,-0.9040535656626645,-1.7065322680062505,-1.1145848408204295,0.14802714255741897,-0.9918394570088842,-0.1360238767554984,-0.42003996267811305,-1.5998365878122345
-0.8959381829706646,1.0337800247530038,0.41906512812918273,0.37947836977274446,-0.49320541314211575,0.9505283862779225,-0.7606387814894943,-0.9627430321604736,-0.39469921513719286,0.20367515639039788,-0.5274842000017981,0.059972932149863066,0.539807040073081
0.16050599524945336,-0.36009793734617745,-1.7626409343974148,-0.3687406642337897,-0.28612887221686034,-0.4785930561637765,0.005485135140802933,-0.13443031416067655,-1.8366359879577066,0.01755156950404247,-0.4320716670310747,-0.005996139311464553,-0.32153451971308733
-0.5088061176230096,-1.6959205686238912,0.07491191620472815,-0.33858651609677426,-0.4272013988438993,-0.26601694535282955,-0.6706237332918682,-0.2860910856739308,-0.19969228199165728,-0.08938335533150371,-2.419360580379143,0.024446682265649274,-0.4315186957906309
0.5793282974565712,0.04586772959368915,-1.4222114415816032,1.2269893446137816,0.18446717693729114,0.27415642781745786,0.15609684172293375,0.28047838604368747,-1.359846866707473,0.11167099509051893,1.1331144304966114,-0.05277118006300758,-0.03827268477270583
-1.1236209486026525,-2.310665214234161,-1.989932589144446,-3.077693187594931,-1.1701861580498774,-4.20845419916169,-0.7204893511342298,-2.932034742744096,-4.1859079511432595,-1.3606019708612518,-2.187093768406452,-0.15544765083002854,-3.005992788282327
0.15316700618688225,-2.7960201481776306,-0.962014778331957,-1.3427276320468324,-0.21363441843280764,-1.6147000918038086,0.7524552672723721,0.11837104640642387,-1.3667837394003035,-0.3662778934857082,-0.6874549285839829,-0.0451140230387035,-1.3079179650889194
1.5064741809531634,-0.6233765133936603,-0.07082512159133329,0.41525553345395666,-0.2340905974249149,-0.5885285928811775,0.787270235947346,1.320856195676606,-0.2012645069556311,-0.08658417443046355,1.126054875374927,-0.10967627732186686,-0.322673151929242
-1.1829100744108048,1.2795932510764234,1.1953956980444493,0.9049453014264708,-0.4200443433266547,1.173281527650025,-0.7354532032866133,-0.5657735409272007,-0.3229624286252591,0.4965344486437323,-0.19499961863220153,0.07549513778752746,0.608961044979385
1.6183315807994871,-0.9800199391723918,1.0663335470353357,-0.16073921149725923,1.133362108024562,0.5881563688411064,0.28225009023160164,1.2355996407635716,1.304017719691102,0.26745854114208156,-0.7698958928060408,-0.003336933129725766,-0.18971112480826877
2.2658453025089367,1.6369641394281966,-1.136768214253502,0.9551971633887537,0.6678262262982835,0.9642406417031049,0.43169677153333197,0.9895705707485063,1.6278296335589972,0.023056616512023658,0.5343295718351793,0.10206866972407097,0.3049106845166534
0.9877463971466446,-0.6690267258975653,1.0265536420130066,0.13033927615059324,1.1156660378305243,0.608300938005818,0.23614101000181917,1.3748224471113644,1.3427462407475756,0.38416371327579113,-1.0625086237174561,0.06399515159712682,-0.01717734546905071
-2.2172478364938346,0.8584102177843711,-0.5930785641873562,-0.42571709216831044,-1.7885700517736325,-0.24535055863412314,-2.9215803526259125,-2.1452997887745084,-2.789340036287646,0.08680791844355149,-0.781664667250459,0.021725121627872032,-0.26845185987871223
0.39153950288193307,-2.4288142865849656,-0.8521450006964411,-1.528383345703801,-1.1683404855957873,-2.069487383399521,0.5902137208463518,0.28767377517625903,-1.784444163901111,-0.5028004043564821,-0.5574458343344223,0.18898198850271808,-1.342934098324428
-0.967074994800043,-1.2791520486598733,-0.1063334307589361,-1.4904682903687678,-0.6743308867638312,-1.1418918869305505,-0.4955344983179951,-1.0556702556448156,-1.9675449878375773,-1.2452187523318246,-0.746099061987932,-0.06815073512442828,-1.2249668044527064
0.1896179875599531,-0.9732830863478333,-0.6134540932801449,-0.257583509156765,0.16053735635786617,-0.1308919428516593,0.28724187257531514,0.2392495714430698,-0.9579202815151723,0.051113028218710936,-1.2765906321067209,-0.020204193813131287,-0.24581326068689416
1.2354189812270404,0.4798585451068356,0.4187583122707697,0.554096207584565,0.9901860697939993,0.9116760772663272,0.47372240808275,1.411588444884142,1.8605973840854138,0.09260390043724323,0.9270399717298443,0.028686730448130613,0.2828551394441941
-0.9237139218574804,0.4049649273544652,1.065475528705348,0.5598146307489109,0.011116113782239498,0.570809359997511,-0.18971189430397423,-0.6929327685520467,0.9031506901762137,0.2614078931877804,-0.2735530198556887,0.039747224360859645,0.30626961989793927
-0.6731894128779985,-0.1119290930001686,0.9935933427864477,-1.2635326943965628,0.2308997000043745,0.37644828009988285,1.4663937089015315,-0.3344481521580989,0.9899109816468423,-0.0728337898173938,1.2291023732138437,0.0008433539443649046,0.14349925174856457
-0.9199231151897561,-1.4563820894013366,0.05215285204816609,-1.2451000111130996,-0.595908189900478,-1.034448666000066,-0.23521624967223043,-0.7120127465672946,-1.9473479895598982,-1.05746786052982,-0.8496045589126233,-0.0679380134120583,-0.9060326943110623
1.7425788741962365,1.703779308196778,2.953293215741352,3.117084069597638,0.6619934460789791,2.1744279261316275,2.6391148417474084,1.2685318395003884,4.494259909654501,0.8986032723713042,5.259152294490487,-0.059032919463287446,1.2436312166611767
-0.36611745639548965,1.7369490822575364,1.8937563336837202,3.097515038867584,-0.7308374356281839,1.5575387580247804,0.13886673411716602,0.37318169598312423,1.295358820822504,0.3570559350007938,0.6024577344007171,-0.07113565225956134,1.167539190938955
0.5149756576224335,0.27917317857267354,2.6689677275683628,1.8241008670312457,0.4125920923046456,1.348136482599398,1.9740671238380796,0.6770761081855743,2.2856947383253523,0.44418557006425946,3.188558097694897,0.01213254076428717,0.6929707333802556
0.9471183229871613,-0.11205002394168545,1.7121888349510521,3.0170495822901535,0.5874169658949702,1.8535586936557147,1.5281258237850852,0.8966748049042912,2.223230370100225,0.5292466222867372,4.539217736309446,0.00782403372202308,0.8420019042264257
-0.2187407740122742,-3.078746050588993,-1.3852488539455876,-1.559796041163047,-1.5605006414030984,-2.324886734748984,-0.498223438905552,-0.35484242766604024,-2.5563370387664888,-0.7725386667484416,-1.0086274298942748,0.12877582266409357,-2.811617791442615
3.5927615068805046,3.3787545590772705,0.3485597035027521,4.530422672574772,0.9715248509905199,-0.4750520759044835,0.5418203829571656,1.7060125495291631,2.9148014100278825,0.4744411294481769,1.1584815937829103,0.1512127710913773,0.9307722645061501
0.40288034239913223,-2.031330856906457,-1.4148706168448555,-0.5956281279296511,-0.4699508593156416,-1.9386884813300438,-0.007278092637037264,-0.3348418306735241,-0.7914350741035824,-0.5651022330200716,-1.272742734279277,0.030110278695097376,-1.537704181684595
-0.3917812516597203,-1.5858458269361617,-0.25578158805974655,-2.2334317612239265,-0.8527813160510009,-1.573913808238382,-0.11368290730415737,-0.583363278974365,-2.4582714738738214,-0.6053146011247815,-0.5797312638029043,-0.08398016053665847,-1.1346815804842236
-0.5335652856575326,-1.6323370716172376,-0.6932610053988172,-2.411601053766855,-1.1588009668555523,-2.3033350001617032,0.08192258648807184,-0.6202699968441286,-2.325416406100201,-1.0064312020797903,-0.9879805241587262,0.02265370567329223,-1.097156452481221
-0.6172793896094015,-2.692372466723124,-2.273294517699526,-2.1026307946650515,-1.5158451193022644,-2.583042992277898,-0.17029226348153317,-0.16559525390724736,-2.024906276282337,-1.333982371983325,-1.1307771877882378,-0.1305392059502708,-1.8460489228134978
-1.130074171952567,-3.185899614777623,-0.9805718767047958,-2.539957497242528,-0.9626384919876645,-1.8327758531361664,0.13059577683297302,-1.4117548483501503,-3.097759556057346,-1.170618889268177,-1.3013387351721108,-0.02765996696530941,-1.859804237043071
-0.8018619999077379,-1.4210867366657798,-0.5462354151961496,-2.178399409689009,-0.6813386315805838,-1.5314306020089943,-0.24085619603645883,-0.7298841057153831,-1.8824739691232222,-0.5385702183940966,-0.5790034441243753,-0.09259079315233985,-1.0291030679617283
-0.6630475365605929,-1.3235865446759592,-0.4004152056210054,-1.921684020988695,-0.5354882147245936,-1.3977709461407117,-0.22292513449650464,-0.6691416923104164,-1.5918302943386755,-0.47380057270923204,-0.3136168349006524,-0.09453138899213323,-0.9127863823493116
0.16119385685073218,-3.1151901142068934,-1.7630460611942946,-2.110970625544691,-1.7545079568494115,-1.7903370637912306,0.016390462090364735,0.10985428222610302,-2.2588546099560327,-0.6681309509230778,-0.2997163548713757,-0.0307880897737212,-2.344033983546412
0.27388948238558236,0.377347921882756,0.7447348833627375,0.5892072377361669,0.23517661077436053,0.09797016674445722,0.096207518438136,0.1254068857439173,0.44423778348861054,0.19016925205217877,-0.0003921524013599366,0.020651485130915317,0.22735392455270295
1.3632040226943274,1.3493654812127351,0.6602543457804457,0.6706145771779118,1.5458915776138509,1.4601205861252833,0.6926225047760332,0.7706086288827161,1.4528991272090934,0.45640132356642027,0.29135874799918376,0.01246788040217428,0.32935276560381876
-0.2241674653420017,-1.488109832523753,-0.9052341073389267,-2.5846293649894907,-1.7126612912356436,-1.659033425014932,0.3093501843377534,-0.8051140287805661,-2.7985580539253236,-0.8213846754117146,-0.5595402077399194,-0.16507124498331305,-1.2272251497128872
0.7864726955067213,0.5068091842966775,-0.5427335045543603,0.20238883000087102,1.1536509400021493,0.5100528940558434,0.35289869790431133,0.5639218496777016,0.5006384362453699,0.0577078960660017,-0.7773713898824322,-0.005178415154934717,0.06554835901673257
0.14695180758782142,-0.7828336456831959,-0.3410119286792665,-0.26889882361050704,-0.06527728824643421,-0.24387802960260568,0.022024223744455326,-0.08822063588614885,-1.5086932254034198,-0.02648813264522087,0.811209114702781,-0.014542919616214916,-0.11112397210840655
1.0557296302280803,-1.1997853188104153,-0.8469515756222727,0.5710603078976014,0.058272886785368065,-1.0836549629245158,0.5133838561142329,0.6262651644890299,-0.2986229077029405,-0.05331046911629123,-0.6825287658863495,-0.029160215644838457,-0.8929688696387328
-0.17867705411432933,-0.748239725483064,-0.2768964517013067,-1.5582628511427903,-0.7018119672897993,-1.0830474595060675,-0.08420727639174504,-0.04902617998472931,-1.589369774538403,-0.9894805047961158,-0.09307320203192335,-0.14360092774809644,-0.7533233132161613
-0.9770975651203965,-1.583700299710553,-0.8369983330876051,-2.779541324824612,-1.940086195307991,-1.782336971025603,0.1028509862327741,-0.49349975398741663,-2.831201797138589,-0.9828314779522932,-1.442358651622716,-0.23696904120190698,-1.3107462174212559
1.670987272334492,0.9491274165778629,4.838733702581893,4.369543284708374,1.9191995954347982,2.476243175296889,2.850262188351868,1.2965276969881314,3.4534800452938192,0.7565330662304124,4.0802256961901575,-0.0009163304188080831,2.087658626203839
2.503575677839108,3.14859892040698,2.9341298476485025,3.8566421593560114,2.050922424773324,2.34023469200513,1.9025063315921256,0.47985686624034624,3.463798411179128,0.6243821343210425,3.588950192229823,0.01899699085857752,1.3111522210394557
1.0555099527323102,0.3825705957236803,0.9478593204845672,2.634167886522547,0.4507463920783872,0.37833435064647336,1.9729122064417846,0.20151863241516468,1.5406554748143793,-1.082747700821298,2.364960095243425,0.0015201241833468554,0.8538871983265399
0.2012002688341049,-0.701613291730173,0.8104348543762333,1.5166334143529334,-0.2470445518578508,-0.035775897086391034,0.6302535214295817,-0.07251743120477645,0.9959473947771927,-0.5719724830860894,0.6421571104774355,-0.04669392260050193,0.16884813137352472
-2.0090925397366903,0.19488738053607635,0.08495400036581696,-2.5025502224965024,-0.9416786627274837,-0.1254018612441399,-0.7256063946957387,-1.712395707789498,0.34113323031045084,0.15901382880156026,-2.131231397202031,-0.03767568624759499,-0.2539332303503115
1.1170826344419686,1.0421150024069683,2.7544842694441067,2.5334556929032415,1.257909003986149,1.8183272150689216,2.152175806503122,0.4796102405406743,3.1804948452019337,0.9089649220245578,3.7434590394029192,-0.050665119394349686,0.4472409669532337
0.39236624280223625,-0.5444296770496294,0.13830068678232943,0.2625364475914588,0.32550004566838553,0.46581246995237763,-0.043622728388032106,0.5466418499623735,0.8472773115036802,0.1263910160348233,-1.623828743478904,-0.05053742117455428,-0.1585568423411395
-0.98541129971531,-0.16677646914548755,-0.9974739113307769,-0.6888671679668024,-0.6565868271864018,0.25300656736375654,-0.8727150516659542,-1.2367356130061669,0.4184382247324619,-0.6760666172555649,0.16979080301812952,0.001996832824726069,-1.345180554515682
0.15538204457921287,-2.6547993800007847,-1.474839898192634,-2.2092765801151595,-2.247843716552792,-2.381476183516077,-0.13337111783990027,-0.11404040617143944,-1.8260152271185588,-0.7023807925288565,-1.0424579357384292,0.0043146303417677485,-1.6129894173424693
-1.642491631652746,-2.7399377055523084,-0.9491942264688097,-0.1303828280219911,-2.0307263199162358,-3.3043492617333925,-0.8597404429507957,-2.0521120587250006,-1.062030363764821,-1.2593177192355507,0.8100031616875075,-0.3538663173368616,-0.8785087268064832
0.14715656966747093,-0.4435614625178278,2.2967902028021245,0.0344120264281003,1.0720188576341352,0.8681957382046515,2.64931965281152,0.2239199273381383,2.2797387201652035,0.5142074039117952,1.5154714237016416,0.17166919460054497,0.43176602135826325
2.615612160112295,1.5239914428675554,3.235578532565592,2.866420841493851,1.671882055271935,2.234013898541841,3.0029475696622914,1.1542596811537322,3.103038075484543,1.253720238903124,4.67572312452106,0.01110044308834616,0.905797436499658
0.29206904314639454,-3.9947074300288747,-1.8810516446187262,-2.001214186633523,-1.347657359135078,-2.3147636963706457,0.3103606811610777,-0.07651945056445482,-3.00141622401153,-0.6980201938008475,-1.1853332317299727,-0.13800299060737917,-2.488923668615106
-0.7997811558581372,-1.2900111340627902,-0.5370497342491418,-2.044868743993445,-0.8050085658311018,-2.019950261287287,-0.6550142680206853,-1.0670106940077513,-2.623735815378605,-1.4713142358563422,-1.4879691980005652,-0.04358939544944497,-1.5933238241602927
-0.34803089722965114,-1.7085536847747345,-0.5780174170843221,-1.9807783217888533,-0.9882125785998588,-1.5551591495667692,-0.009304699017925022,-0.6762618056803736,-2.331847901442606,-0.9057383295508209,-1.1334114083492508,0.2024095558732127,-1.0729145154155169
-0.1927860089857131,-1.470274904860804,-0.5198972362225567,-2.127407411799973,-0.7001448702038681,-1.3774384089259226,0.3382072809858559,-0.4044399688967192,-2.184569236132989,-0.8156154893113611,-0.6406211306925655,0.2410826355366346,-0.9308086356696571
-2.639639745573513,-1.9464218818991337,-1.7564793981849731,-4.386085240364902,-2.573749685312828,-3.5502112522064193,-2.4371526635557217,-2.592509491116378,-2.5636115878251275,-2.312773356484767,-3.0152801425987863,-0.24570424290373932,-3.303486802255891
-0.13652501535886483,-1.0552914948549326,0.581962370777813,-1.0003871494117709,0.3616130219280925,-0.987667471807864,0.2091265650569564,-0.030677143780048946,-1.8058545055343869,-0.9629189509851859,0.01026330450342773,0.28614397996674396,-0.5141284116512783
0.5076692476904848,0.0247762632049206,-1.5615196449049593,1.0199792412513247,0.15693013863638047,0.4781913121903522,0.1413762119668536,0.23478718750747962,-1.5779128696722913,0.1471989681742465,1.037275102497337,-0.01873940856752185,-0.06766191799116007
-0.15807615674902784,-0.8028058883039437,-0.2721682322615136,0.10013447699447488,-0.05776883000430341,0.48447234513134574,-0.3748254009373746,0.20783351497052044,0.8083924372701182,-0.6112687947075917,0.025524556008426194,-0.04770564486945253,-0.21704954031958348
-0.47175108065156063,1.660052915313281,1.3452718222521554,0.10461784591484397,0.5599304864524554,1.1507682745526029,0.6489506400733563,0.07501126186922198,1.4988613416575312,0.5042519038838024,2.0660053278301436,0.07008482281480798,1.1311190743268364
1.8545000698184593,-0.4519310868487485,-0.38743230066288065,1.0385679290606638,0.09451841096083312,-0.26469019186398435,2.6246136793820196,2.044064526538778,0.9022808025104716,-0.07562524618943117,1.7046244522727405,0.26297567851996667,-0.4115141998650506
-0.8371072091922785,1.3418966883184233,0.36331506333934765,0.48437429457385506,-0.933439796463483,0.4344747833519555,-0.49959893325576565,-0.8683164750794982,1.1489109030565143,-0.15411483936749082,-0.14657489730252163,-0.38302379662481445,0.3188138828261031
0.1539725810799023,1.365090174567368,1.1116255078102568,1.5332917532899104,-0.0730239690242645,1.2179137873246022,0.1322495827756616,0.029122843892416855,2.060884140503541,0.3218244068241781,1.46119821302541,-0.000912142838351541,0.8496756110627515
1.3677604884431804,0.3592677739983061,2.3750312539231446,2.3480516026427765,1.3850752856794541,1.5119604535455193,3.220263716506306,0.52044965775787,2.4070089044900516,0.45079663479545473,4.582009333191542,0.15296747468955207,0.7921698034372332
1.4057786371020808,-0.9778010741184049,0.15004983255173998,-0.25448392368853084,0.5275638540287036,0.672128053402735,0.36062348797193,1.093361782962974,0.9277713891945315,0.2743269125188495,-0.7129840354696434,-0.13147115173361576,-0.40321753934543164
1.2037610051885712,-0.69660001481728,0.5585063569796166,0.1332853819764893,1.086089708735106,0.8248839818735401,0.2373893505417638,1.0777437199028728,1.250979970717647,0.30547213049075156,-0.8791865622042677,0.11701400264373257,-0.054127833773123274
1.4051178573489755,-0.4300535437755753,0.5208030559386436,-0.3654893544578226,0.8944736134022888,0.597298421598971,0.19999731612281824,1.0659268352060787,0.8311420690221711,0.15163321242409028,-0.7004667750196272,0.02064144468555853,-0.1639114230216687
-0.3453399274358526,-1.2391725257706523,-1.2919402658980752,-0.5501292698682907,-0.8101500635803679,-0.009741369524401546,-1.7660164818898516,-0.9232542250621029,-0.38701398412528865,-0.7093097280835111,-0.5775197696508582,-0.353475179066623,-0.5084016223310027
1.1782962755274233,0.41858767914896217,1.8979130020070203,3.7922493955417957,0.5327112981977148,0.953637180500664,0.7155278472193622,1.1954275741169438,1.0553920075845802,0.3820886526924248,2.2860848351053167,0.06735630003631955,0.9605437768897461
0.15614204942636814,-0.3895595816813875,-0.8823364499420858,-0.25625938296525014,0.04765167848478696,-0.055261709334768594,0.07124536989593055,-0.045095692134151835,-1.8161074922495102,0.1066707989564424,0.7043690390765873,-0.021846650157951633,-0.052284220567800986
0.5112449079839928,0.634248097036034,1.8834293828278572,3.3234634300627897,0.8392326112251935,0.7531794380613914,0.6675625064731056,1.0905569300224953,1.3599615257548998,0.30534220224453346,2.6537326896211337,0.036132296169073284,0.18483667392231945
2.615262994888342,1.4270806175723885,3.602932637603953,5.378570098025052,1.6933844582100088,2.7339654134100093,3.858113843617804,1.0840480777121975,3.7273507477826846,1.9532142648307809,4.9180072788092195,0.07846377423007223,1.2611575334025027
0.9010103856042648,0.28594770571967165,1.7686808731913986,5.164821303773206,0.6274734263145365,0.414903611677647,0.88888543730136,0.7926446057659473,1.4132883728342132,0.36206084596510557,1.9653654780016379,0.05604506162616115,0.25321870733207735
0.5909679527580738,1.7534550250756247,1.5604262819265324,1.1283717606661636,0.888040568116121,0.45497431139461725,3.8641344871232284,-0.29856288880420234,2.912578981304541,0.4575905532131177,1.5174449556507172,0.1269179075537251,2.7981776758733523
0.6902810068363842,0.4052440731392968,-0.6949995283311645,-0.20663772759182997,0.7729604882979763,0.3191042873419872,0.20381560901490353,0.5205971884812849,0.4420641559828072,0.07351234894310531,-0.6006173364675811,-0.05309567008245117,-0.17776923878972103
0.7581962747602828,3.1205389501420884,2.1065400820836007,0.44607910478694573,1.8050197250359794,1.4091002542323747,-0.1988596806962353,-0.009381068223673596,-1.4118259362708256,-0.16933552528912613,-0.448576794620086,-0.01374162908850438,0.9423156433831902
-0.33531598745483066,0.9048224513362061,1.9780448040966359,-0.47786140979422875,0.6813736807094474,1.149057432002802,1.1640658943717266,0.23189753260308266,1.431865289540599,0.5104371097029392,1.6485050700692878,0.11867794044677998,1.0206760986480445
-0.20570726644040815,0.7421390142602222,0.6607464905838585,0.21438051975539169,0.395207772096619,0.9806617794144484,-0.33306541762780395,-0.16316299254048827,-0.6831661767973048,-0.8973867637700297,0.787329526617347,0.07463041868681712,0.9115743400601465
-0.8317038868616026,1.6124859318571783,1.960905074433734,1.0489783615132589,0.589193403024433,1.5675222992177844,-0.34074240882777507,-0.6185556167881523,1.4057878824276855,1.0857790201095248,1.76825374411626,0.08265745094770349,1.5816386592108753
-0.10778987131288481,1.6814707660685395,1.8607558287209318,2.0734683688253988,0.3491400059674763,2.3080124556278396,0.398246418656264,0.4192125126998872,2.095669449281155,0.40799009012989695,0.7372880311760429,0.02665945790501108,0.8879306257940413
0.87799841170044,-2.279674335752821,-0.7706063207554528,0.3446629978493889,-0.4678572726860229,-1.7890246082532555,0.6703521212812564,1.0179607698294824,-0.8829083041342287,-0.2501843752696489,-0.27691985313399026,-0.06270350348670035,-0.9512785640637679
-0.5266241297606999,-1.1010565536857273,-0.23094821510086236,0.8727157207718118,-0.2504327352476927,-1.0089898225747878,-0.14414068320714357,-0.6738091287653273,-0.4009393791474092,-0.27853682314795947,-1.6290263909554217,-0.05130340302492387,-1.111281937502014
0.33148395652882745,1.7722728406720691,0.7201974083710876,1.5985339645115242,-0.17525513970241374,1.1070976750653547,0.1006916328886938,0.2364966575045966,2.276201303491317,0.25491720131546663,0.7577371868449779,-0.10652517959475524,0.986246972875152
-0.34571250040291096,-1.1917768326236144,-0.1296685608616099,-1.997185264728032,-0.580819881866272,-1.2324161781939782,-0.12314719207636601,-0.43087699704907007,-2.4309856362594298,-0.9585070168211439,-0.4961765676255649,-0.03905738337586326,-0.7594416847581873
-0.23066679777887972,-1.1525428545958778,-0.40382473083885606,-1.9605891169770624,-0.5909900407353416,-1.3028456319853046,0.1883744531792277,-0.37770496938248266,-2.3946962613501177,-0.7762837722600024,-0.46538282117651164,-0.0116730326548633,-0.8182929466393157
0.4697160173259261,-0.7657425088515608,0.3368117693151969,-1.014662565200383,-0.5068659766044259,-1.02997684784544,0.8563779554852388,0.5014672305121916,-1.2507777325674476,-0.08396998300475807,-0.3937127587071154,0.08673874853812676,-0.31065457131894714
-0.585856382428772,0.29498758260160685,0.12084546676992118,0.1590513573482815,-0.5984919901228406,-0.4487405213633449,-0.8926465124114313,-0.8879930858779699,0.6099982546081041,0.008682354626879558,-0.154348304539712,-0.2454432753613219,0.247290263538404
0.6251192753498132,-1.3362817571244923,-0.40136179152410484,-0.20906070010245054,-0.06907281176807989,0.4018149728853151,-0.3477068571102185,0.39696395245044397,0.8790827101562172,-0.0167527927949818,-0.2656408877075754,0.01299307555839841,-0.3320601754216479
0.9383885357386641,-0.25883468563513207,0.3192401398464831,0.3814542517053066,0.4212429964071554,-0.17491292137782008,1.3729101487414705,1.4621218077026097,1.048705616242045,-0.13741718501163028,1.778229912746077,-0.05348682465445682,-0.2101950385465494
-0.4210792104615312,-0.8468899612692703,-0.04360882908416294,-1.006130191325728,-0.18438408421249028,-1.2779029795693027,-0.14358917972745588,-0.782550640534092,-1.9448116518663146,-0.8747407365429939,-0.3784034645071046,0.09145837454228761,-0.6985915818688871
-0.3055333295298947,-0.81965904370209,0.4740735861532287,0.926850441200141,0.13922034297707586,-0.3109175889757981,0.052736942381856736,-0.6054956572171716,0.016741246101187754,-0.08000487028362434,-1.7169837506663883,-0.016617660902233558,-0.5680093929432851
0.4168922125381263,-0.4635387826229756,-0.9410007275061473,-0.07906262848228733,0.103875915224457,0.554447277033404,0.7028841918485704,0.04632369983605003,-0.40633998690664563,0.17918839812634457,1.1900380521777296,0.025662450416582733,-0.16314862238256156
0.34331707851961263,-1.2222975755306995,-1.2242905701050122,-0.03660577723394246,-0.3324776130200675,0.22018097734389205,-0.7424692874463896,0.12986782766671648,0.5756603399700383,-0.12787630271373526,-0.16272982648729034,0.023104429778435916,-0.6934633290452056
-1.8963070322071307,-0.8089573999959975,-0.8366631968810946,-3.6468350259499207,-2.1972088918069175,-0.6084246065038151,-0.46372130684761514,-2.6068789052213024,-1.4887256224277534,-0.0031579408502310008,-1.6625620255414917,-0.21703717126873234,-0.4900414629704836
-0.5031340404868955,-0.32602160902072985,-2.5566178702366433,-1.8068629094337423,-0.6503027667053458,-0.0594294263241398,0.1134360993167179,-0.6399366803917415,-1.0018703692468507,0.13296138336830252,0.081382014435302,0.09558303502491781,-0.38836941128079283
0.8720748746208845,-0.775764220366772,0.7922818605728552,0.7742147250077687,0.9725712895336458,0.08866470288950948,1.051872938001373,0.20320447488222268,0.7328030839267498,0.1391701844494997,1.1413244915394012,0.009492366173201115,0.15846445900750236
-0.8292376581703622,0.6403461699586154,0.5275241379108695,-0.08128870922037303,-0.11236451452235793,-0.40778936780859826,0.315308103011921,-0.5350577703770251,0.5148577338759789,0.355175734577804,0.5513757459814144,-0.01055045429875867,1.4466810245015143
-0.5152234657859016,-0.6407549791511458,0.3762583787553013,1.2063244582210773,-0.10954093318122131,-0.16011315542428445,-0.7532088984903464,-0.2694859964773058,-0.27756649312589105,0.5967356231844879,0.272032095157386,0.015011687709742903,-0.09210846247668897
-0.5261510100515765,-0.3363166534621269,0.30128391411491773,-0.4188012820580561,-0.396993210926238,0.381151919435037,0.18643366593376012,-0.3046012946769284,-0.08358746742596848,-0.02272316528329002,-1.3982970392812661,-0.011653945799140872,-0.033765393308777814
-1.07945875200831,-0.4376515863662482,0.1427979447133839,-0.8878754390602827,0.026673477496175713,-0.8819868698920538,0.04031521713697454,-0.903140613551562,-0.5865346897887583,0.016860610234758076,0.18478868725632003,-0.08524382700471002,-0.04252097821897934
-1.9341770973035857,-2.0734756549980693,-2.0541647932047233,-2.5125294701995644,-1.3932624589708733,-1.1111903456482104,-1.4106380029878993,-3.300943995689869,-1.6437567158364172,-0.7934032085232644,-3.842162362316676,-0.21912426344843372,-1.3842278161924333
-1.9822197595921658,-0.8093711059685381,-1.0408981088533373,-1.893070031288856,-1.4492222646442758,-1.2884596499040102,-0.32310023393068055,-2.024663539091902,-0.9373112187169804,-0.3178561790980813,-0.9327753885074827,-0.1372473424256573,-0.6931540768060627
-0.49060866981408474,-0.10857180744797615,0.3028400214971043,-0.1526541718330959,-0.022129743150694048,-0.6875902982847762,0.13442353305562094,-0.2221199930808507,0.4096461839311653,0.6639911005141523,0.4271843647201442,-0.054383469466378696,0.4071641090103528
-0.9433633440549277,-0.37167407026592014,0.11384096641429801,-0.5030181686437896,-0.3372541404802662,-0.9711300046447044,0.3197862969672618,-0.7621259396054989,-0.40106999022317014,0.11323784645000057,0.010759859356201353,0.11608750409860574,0.2318902770714421
0.25084028716276713,-0.9302888585324399,0.31256412775566195,0.2161534629415513,0.4108624125172436,0.7553410305860196,0.08855880620475443,0.6902884872525462,0.7755785267985064,-0.06944026000888298,-0.9365428448592625,-0.02512711575112523,-0.6240539139822229
-1.478875948114114,1.3491034305949385,1.147601229845442,1.0625472045365152,0.20550759793983572,0.8464266562622247,-0.2718402064486872,-0.8019051636082846,0.8188901039353935,0.33994201378586386,0.5410538259665998,0.05073654986090127,0.7753756721924421
-0.5874948602612129,-2.0786870281224967,-0.10122098335608226,-0.8729203769730198,-0.19756700552016906,-0.6808099116082301,-0.03996906039279161,-0.531672868103358,-0.23632322142469805,0.20490172663496597,-1.0922702552585142,-0.0004165018968180462,-0.792556444430051
0.6793287905729892,-0.8855051642609761,-1.0113470517854308,-0.09474315514994995,0.5347565982568389,-0.16529392759807207,-0.11401610798875073,0.7128485714610561,0.13838133539073164,-0.039640165223067444,-1.3254146051487057,-0.0282380246391727,-0.7706373203064624
-1.5511101333269224,-0.4343579428958604,-0.5166518768796231,-1.0475634237606493,-0.6522254555082571,-1.1331417913930235,-0.2133455924195652,-1.3460940869662188,-0.5633311763998226,-0.06070867066375088,-0.3486833947814174,-0.06607189355650916,-0.03400616222707973
-1.0627586983475423,-0.4576261431474187,-0.2739250452731115,-0.5558034488228926,-1.0653106186580326,-1.106917797009357,-0.3282572013724388,-1.3894164164718759,-0.22413768872980855,0.12954156184103344,-0.14884491598337057,-0.04775511536798961,0.34217163888634083
-0.8933369981352653,-0.14452534285943128,0.15966791030899097,-0.5406641121586371,-0.35384218198402473,-0.7996259258040744,0.40136906892216445,-0.8045952032415918,-0.35322407133670314,0.12512603836547992,-0.041173951183187056,0.0897783162853577,0.5492625491476308
-0.6578313933597465,-1.774033574308786,-0.19766345304669813,-0.8087907879002806,-0.1807403741086213,-0.790438347773161,-0.04970270290712099,-0.7106233005047157,0.08185651762281645,-0.04952568706254369,-0.9897178778918979,-0.09295372678872406,-0.9866665231622758
0.2019387446396933,-0.6012610380898695,1.0679874011310229,1.232788293098695,0.4974154951706684,0.2666757507792985,0.3193531403416354,0.4400221606222395,1.3989968731798905,0.060773617724060265,-0.3314400786020431,-0.018971745191504116,0.2162689279586387
-0.3548217770599553,-2.2143662229527,-0.018795694401746377,-0.4017482859563703,-0.2714853502935472,-0.3781634327507992,-0.7347749619572685,-0.1836621932217127,0.24027013031274277,-0.20598668459363076,-2.004752055222117,-0.09171427336599064,-0.7602265188056562
0.1214652030850346,-0.6994651854837622,-0.39373157896179084,-0.14789853724056023,-0.17332702996649052,0.17491118890724866,-0.08397150753221168,0.2920420930410425,-1.1749477603814256,-0.15181199600842468,-1.3905349931154507,-0.011822329947155825,-0.22672227792209018
-0.8927703605162809,0.07474526731452598,-0.04900123379038025,-0.5912628355805969,-0.5850698752253732,-0.8535155132164557,0.009526845428368291,-0.7106272924246473,0.4953807941097248,0.3293488879866588,-0.13330448252821545,0.07260604344980998,0.19775052275456906
-1.4852691811079988,0.15963230003143614,-0.2493275908323832,-0.3249250521650537,-1.4640814792613193,-0.3188457370937491,-1.1274199814162502,-1.8252698159254055,-0.7759431504030687,-0.19429960993480763,0.16224421741337394,-0.15151963809239943,0.007441837262465735
0.4091522263999408,-0.65009975341485,-0.28215178934520946,-0.13072023416714126,-0.036439067675059486,0.31273721773487817,-0.045177633102155425,0.27163078830370474,-0.9052586647870745,-0.07431346976896751,-1.195039128848455,0.006968719325701023,-0.12593018811247836
-0.05930029876866484,-1.6824765952367389,0.002397699406137698,-0.2318878996594705,-0.0028985223628115123,-0.42355036884753233,-0.11442100013088852,0.12076226777513512,0.15561980974679396,0.06765312846737093,-1.1592352682587488,0.10834084639312803,-0.7198106656016576
-0.011516022375112215,-0.9394715837935088,-0.12976144258398573,-0.10767364972180477,0.15056252691118666,0.3513691835321435,-0.39577134160945826,0.020450568158024224,0.6559832221779248,-0.08850071973038011,-1.3096697186461341,-0.038048865094315265,-0.45184398273497606
-1.205620273951855,0.232413852641152,0.0872693536058069,-1.7705466555232285,-0.9924578872379948,-0.2240583885543876,-0.14937857562262152,-1.9776080337958406,0.7744304634713467,0.05148532135619055,1.1547241648467668,0.006379241083696866,-0.07807943903530636
-1.4243048787023873,0.06875499045786752,0.06967900068136965,-2.0737429938455008,-0.8982657310133799,-0.13755132493873437,-0.17794225116454376,-1.7170146482794857,0.6197020788007004,0.2594895668010898,0.8109469261579216,-0.02638695290726102,-0.1495226218843729
