TEMP,PR,PET,RH,WS,GHI,SM,ST,DEM,SLP,Pre_NDVI,PV_Area,AI
-0.3597810735077494,-0.6916073564941889,-0.456096709712098,-0.024808690608996573,-0.9036418321883928,-1.5281395365473716,0.4330304319049335,-0.41576700306704484,-0.9322496773343946,-0.4919931329797126,-0.9803198570261402,-0.18587702703662218,0.9338350393100536
0.06817869784724374,0.0693618371875749,0.5225659465686314,-0.12001281144097455,-0.05698601016153886,-0.36571448579534055,1.249081714928357,0.13455137279919444,-1.1608187528130491,0.10120635001816686,-0.8073552949623102,0.01928969470473627,-0.3376913700977134
-0.12177872340194885,-0.7627987053343614,-3.371702279348651,-1.4974917420294753,-1.7823119808433365,-3.9598461253020085,-0.6870374303042063,-1.1119296462792485,1.375311309536402,-1.094756359805146,-0.6223210829056592,-0.13224312416898698,-0.43809790203968685
0.8398809247629508,1.6159650676345665,0.2124771895332057,1.4947340249880736,0.6893283639868927,1.3280586537542858,1.4423341919704245,0.6008082849289187,3.5007389000347935,2.3856620232057244,0.5200656161612519,1.025324555554738,3.656940177157521
0.5408332145534869,1.0041708218885794,0.6509052337675044,1.041117524816137,0.5459762874545739,0.012503742666708137,-0.6390210855102892,0.3093394766634122,-0.7154986544926134,0.12215205569958533,2.002030044929901,-0.056845970533581175,1.8995798270580257
0.512041154635242,1.0627984075082675,-0.3030135425345766,0.7665764702090786,0.03799676479461284,-0.44472342521366137,0.10211851799757106,0.24331313045281489,1.6296368858756292,-0.23055675099189907,0.49845736064016805,0.04935732163488852,2.2035928927155
0.1944515949880912,1.081649378914024,-0.3688340309039792,0.6065391196258781,0.09909106542770216,-0.391502925222222,-0.02187812773200373,0.19599962666837714,1.3682397983668166,-0.2455209678732273,0.22060448737789143,-0.12454173336633387,2.02077474624022
0.2533865657790252,1.4339346207843886,-0.3012081417544848,0.7489324089760581,0.19509390565463236,-0.028610130424300988,0.004330396063418871,0.26744146718022715,1.0056823865086253,-0.17154769811779264,0.5429622547556128,-0.08226459091011831,1.9796971768068359
-0.07294792922420643,0.08844736275470091,0.6113874215436064,-0.03887455515511746,-0.11044096488712551,-0.44303047848244514,1.4343255895345166,-0.021717476446388426,-1.3799695517112398,0.10672122089502709,-0.9620904082246126,-0.026079996827886434,-0.31551138786495553
0.015140324814452056,0.036654226760276486,0.5376190230550453,-0.29397763038674973,-0.13399029700602932,0.13712483720336524,1.6702982591816946,0.10607014704547403,-1.2382511766989615,0.2733081800749319,-0.5316258417639053,-0.02449755170175596,-0.02317415199604706
-0.014924181562123964,0.166351899953766,0.15561869738313056,-0.060223905325142844,-0.16007911730764662,0.07255021815809114,1.6911570038222195,0.015424392433423133,-1.5366141657313956,0.3201142648607492,0.4305143821467128,-0.030542708588764164,-0.17587850845108438
0.18675958040687768,0.32266316923105876,0.43318760910950993,0.09274390206154848,0.06040700702100153,0.1268405925296247,1.5404128368074692,0.27678810154501776,-0.9989077843322112,0.48313342496131856,0.6134773930172536,-0.005714262526275358,0.013292650636803035
0.7869411930400464,1.1221391583425508,2.271640347998796,1.2954735152889039,0.2760578291811463,2.2417345540639433,-0.1214750401396306,0.8600653752089582,-0.9114411310567002,0.013162542135558243,-0.1906219508871436,0.040699675339274176,1.3860090552736075
-0.010858359423259079,0.10942987161998946,-1.6565047620712885,-0.30354913892120944,-0.47444298156951054,-0.7364785897633475,1.2534539060548153,-0.43774862285910376,2.5436293942160493,-1.317117609354771,-0.2997434704450683,-0.11117507493640799,1.348897207255682
0.0014560808831205227,0.5102659016599257,0.27496667386343066,1.0212669333898359,0.2655005691386758,0.2987305515776905,1.1269210855652476,-0.07667545021511613,1.9496810284857122,-0.35912415057938124,2.041307856061806,-0.08707877131385956,-0.6934798119155068
0.33213320765333876,-0.11809855783565178,1.1152510050146114,0.46429876955536503,0.12160431205812422,-0.2658306575980453,1.3606787156065305,0.32023299624212076,-0.43245072403508766,0.15597872002464205,-1.469677509257777,0.034474021356759775,-0.012886384849746987
0.20978646952451924,-0.39336538660443476,0.7886476440386225,0.27970863280196984,-0.0031938848737628448,-0.665080561393665,0.9325175619332323,0.1814754287153483,-0.973860585196978,0.08304655347019446,-0.5529017506374253,-0.035214519180978364,-0.09531818556392345
0.049505577688622814,-0.2038982053266631,0.5690458527041806,0.1295298701141857,-0.04936625763101299,0.34911786771793335,1.284666911442247,0.044906244347285774,-1.2341522985055218,0.27547932201375563,0.08525390969278906,-0.0028913579943278624,-0.32100131737223525
0.26061926982469014,-0.09452517682789924,0.8434458403775675,0.03108601197082957,0.14441307114023305,0.18329928992833516,0.8368225289581139,0.2072255703879313,-0.7614373403622045,0.04294131212039961,-0.23309793965684053,-0.022046964283411748,0.012762048588030749
-0.02488633718238113,0.02424834828358138,0.6470157176370007,-0.2836305620661006,-0.14938386618366664,0.1558376463254292,1.9063337281335977,0.16556074592595305,-1.0497600210137252,0.20010345459812223,-0.888291218784741,-0.019188447704331653,-0.36341242591953926
0.03952150482994808,-0.1197469744872716,0.5792095218247011,0.4106494844715216,0.01325856131915426,-0.19123325285812212,1.615354729214062,0.1493381057762438,-1.2105645314572997,0.3008265631449306,-0.03340253165509141,0.004322909443742769,-0.22920558470611774
0.21054797370297212,0.11304831085519666,0.39937637085405486,-0.33850777241401375,0.006125329982282496,-0.13981641041735812,1.607363394695437,0.21907876005189283,-1.0463237621635197,0.33817004300446984,0.39220239700025145,-0.01998125305709728,-0.22361504397458504
0.1682470895877728,-0.21503373925470648,0.6660729262108604,-0.20603246187066873,-0.13388339318335063,-0.37630565303946967,1.0099262649421064,0.14437532983978998,-1.7652215157356115,0.30597994343584617,-0.03176287792933494,-0.0063591106525725406,-0.28547104541315804
0.031760783819481775,-0.48184439302215143,0.29044304040157143,-0.5432555178035466,-0.26766825363660857,-0.6357940779077924,0.7836067498889232,-0.10827410738915219,-1.7124733441943925,0.2223237858133182,-0.36506027064907065,-0.04280918852840035,-0.2032302621410538
0.3720603235360857,0.32099371357510464,0.21041519035895653,-0.1211917810136866,-0.014862919199383836,-0.569092290047556,1.174187620840449,0.2171645497799748,-0.9040996556832561,0.09459400430839088,0.7229772243483199,-0.019367008935142784,0.044798347813387616
0.1156561566609889,-0.29465945865027615,0.9792613251010575,0.6860990290969817,-0.08523089452853638,-0.3997314711122051,0.9310628526285291,0.25205587390034156,-1.3817091160847081,0.35387027845614494,-0.24445043863107774,-0.027457392352322734,0.14876375932453423
0.7743586705707843,0.483390484906526,0.8786066211697957,0.5913643446481891,-0.039429564548449335,-0.07394330443814374,1.763020367394719,0.3162038642349136,-1.0849776090102063,0.007768936057885534,0.7811180722527207,-0.019516489832765598,0.0638421247314868
0.09701712572740198,0.3832160959723923,0.23646825264518453,-0.012476713148256293,-0.23175769555278944,-0.03785633105163774,1.6786114147947067,0.08445306153140132,-1.2080866309007012,0.2546428856791723,1.4167890038631026,-0.0048214422704447,0.04947568924269749
0.157040862624223,0.1950298534499273,0.242369163920068,0.4960321534052491,-0.1326627272905574,-0.19602547565061185,1.3064088791629507,0.32031091787697136,-1.2153146775791217,0.08983233467365287,0.6436788143465916,-0.02090492027087349,-0.7149559199380584
0.1989066466611499,0.3034996078080601,0.3610753511264919,0.5022523102743757,-0.07826315225722887,-0.2967815464983386,1.1946559355076816,0.3134106286449565,-1.2583434956272443,-0.03974426470076039,0.843929090803075,0.03541738051455476,-0.5897171255780589
0.15100970499631436,0.3313701486090817,0.23095658124321028,0.3861697614544795,-0.09085196104728517,-0.3258111767108656,1.2083532223312392,0.34286526491658553,-1.1805604916873076,0.006143625634204921,0.7164358387970261,0.00449503572450749,-0.46630279142616526
0.13248196820831962,0.35286192684123907,0.43064302187412984,0.21182913021287994,-0.058350224925412135,-0.3094137147814036,1.5752246661898166,0.3629463384466038,-1.1185905132691065,0.20374161002743577,-0.2429272684454917,-0.0021642309923967343,-0.8556509291794566
0.19256217722211855,-0.2072168934127936,0.12245932902623397,-0.10824440518808033,0.04853189669187283,-0.3935792496283022,1.3369235637959924,0.17183935596400668,-0.8144638599476055,0.091951483061744,0.3553647578631838,0.018215077795709227,-0.36201618535961544
0.18152391126275877,-0.21395846979899544,0.26681724930337325,-0.13262146712591247,0.08385615288952576,-0.5263906047369042,1.2818049099699909,0.13887973862389708,-0.8597581652520846,0.08516592524531798,0.4145219136650362,0.01042059684793142,-0.33567099211530554
0.28500043921379575,-0.18147577560920677,0.2079100324420465,-0.13386934799866534,0.016870792994482686,-0.41687650752357297,1.3199784443568854,0.1843894794707496,-0.8831800036070248,0.08800167434434934,0.401163223857681,-0.02013842908872497,-0.31482209298552744
0.20687786205568268,-0.2008065912727682,0.400951045701901,-0.20960718707491946,-0.06545714730603819,-0.48351131799113417,0.9036545646004378,0.07617082003659259,-1.4490768051075023,-0.05906416700945968,0.5431269138063199,-0.016542939162916555,-0.3101183462567213
0.2537553160844576,-0.25273880672848054,0.10755367496982224,-0.12241708651081568,0.012048573291136178,-0.3506966337458127,0.8643110097944737,0.21163037335914048,-1.426577138770372,-0.0697036219026065,0.4648389920364651,-0.00017640852472844415,-0.29669696382453875
0.3143650751188399,-0.14466171844862397,0.23515888351533146,-0.3257362331972561,-0.026745762004413684,-0.33301957057064596,0.9145950412357019,0.1448494442086667,-1.465295919538993,-0.05751846794245971,0.4494590873742062,-0.01367678402302176,-0.34257709797989155
0.23273172703830308,-0.34115307767358094,0.4499885495834882,-0.42488020546320415,-0.024048491773816343,-0.34285035183135837,1.098181760230412,0.1559689828194678,-1.4748660428692688,-0.05698614534197569,0.44266648340970277,-0.010413527904181942,-0.34651516151097106
0.00184756742117712,0.3666927077352172,1.0254425069731143,0.8489578873136394,0.20134455226361744,1.4529178221741068,-2.6890697381179782,0.12389842645109941,-2.2737820141690053,0.4677654895921134,-2.874935824282261,0.20224467184705028,1.3000100060034958
-0.697968076918688,-0.2461691705085751,-0.3613373528182921,-0.009604240088827064,-0.5317462318970096,0.6975854350222895,-3.6896111280853967,-1.1241992206085063,-3.828911369339459,-0.13967726243349415,-3.975765630630776,-0.10833829452594124,0.3188155345018539
-1.8371890556988204,-1.7339684326853597,-4.5003129645770725,-0.3730247686935279,-1.7411433154305755,-1.36593066832982,-4.769418653974102,-1.9731590248220086,-3.8247062986282003,-0.9300076123319259,-5.374291083117328,-0.2796177580688771,-0.14725438520829714
-0.6811324063895478,-1.0303506713546815,-0.7108363228508581,-1.3636349810458097,-0.8696937182105873,-1.7809433514759365,-3.5487335572376235,-0.3291984119762977,-3.7580286154901197,-0.02385108399825782,-1.1415562976498361,-0.05098176491239826,-1.3144035329436883
-1.271036772498758,-2.632354862548204,-0.998117659833386,-1.6021618558901052,-1.101488069090992,-1.1468087878574926,-3.874262476231282,-0.37332476883505783,-3.5050254119078934,-0.15579957649266957,-3.9735832786042655,-0.01881721120017275,-0.9668347746454591
-1.5278409926758874,-1.3258165977320944,-0.7062770983540556,-2.042628290109957,-1.0203183698426521,-1.8121868383196285,-3.686702256489338,-0.8326469577890305,-4.231855587942734,-0.17063967179300063,-3.372274951902736,-0.04663814291254513,-0.9136932570047471
-0.8541646691970528,-1.8901455498445374,-0.7414788288457523,-1.6082698170721743,-0.6424463352441995,-2.0555745739986504,-3.6712871700970258,-0.37499479889455756,-4.020629388069114,-0.06212150376031379,-2.3396187314096206,-0.05122226984240115,-0.9559080909026991
0.0830608236106734,0.17010564970576925,0.8692933320052301,-0.0510370627466019,-0.2894930420712465,1.9148244023229926,-0.4572236041983382,0.14253315387500642,-0.930840214615455,-0.11638965324240025,-2.1445739622403774,-0.038225637503589115,-0.32673199739928055
-0.17774451171332564,0.15959844979845603,0.04120119249538742,-0.30425463326766883,-0.2569741457835902,1.315865357466003,-0.6077018219072164,-0.26979578580448615,-1.608469658658529,-0.2855956705944198,-3.694058416788661,-0.12167620357235956,-0.5589832224069524
0.4061074930822684,0.7096464991347037,1.184862401617898,0.23495709923509922,0.04817717071208688,2.232505709478217,-0.5342720078118144,0.6087067575121505,-0.9148214989026182,0.14006919361650955,-1.24669361591753,-0.03522682058210996,0.3642156634365933
0.13468711318137744,0.3779679296579624,1.1488002909792376,0.11847632728206614,-0.11433069474684701,1.9243856413414082,-0.03438504125198569,0.567427310573144,-0.9154321537539365,0.0365933611130134,-1.167870845878497,-0.013707990595657095,0.2257860848266216
0.37207500430134427,0.3235456496502997,1.054871842290999,0.16521167994166405,-0.09033392290067345,1.6889121895893995,-0.22494273844588963,0.42160339111565726,-1.1317044429191285,-0.08041426932956607,-0.10501365370582784,-0.026154228249150972,0.16823286820823943
-0.3409108477091004,-0.40728162787880545,0.4988560734011439,-0.45793656360332136,-0.5792090027960434,1.750479137665437,-0.9127744302355373,-0.7443822701958318,-1.472921694549215,-0.02379067438085462,-4.21924373849321,-0.06920022559869615,-0.4522177018028581
0.3473119212591297,0.35649464898742717,1.1984668392659579,0.35977132783581817,-0.1994928368512127,2.924753349543446,-0.24265506368233927,0.4922601531352848,-0.7415988112323816,-0.004649757002997597,-0.5089799148646288,0.018914906426022435,0.2649013916418577
0.34023103720818965,0.45199900074137594,1.1426970851876672,0.10017765911709942,-0.08026066682598966,2.0547685224768553,-0.3047308640487285,0.3390540521312505,-0.82825301026615,-0.00016380638918930514,-1.1257056760710353,-0.05254015997880029,0.14690814649065334
0.16727187232812873,0.4752464580111617,1.0646038176667771,0.15253655187475187,-0.010309884208254565,2.625304101001367,-0.05554672629158541,0.6604346948890532,-0.7795992980255851,0.24504761365087063,-0.07759318491340511,0.10910360247724588,0.645637519488939
0.08580130652421046,0.3564093224453326,0.9625015713455571,-0.04062089674899151,-0.1283925380899259,2.6597539370507004,-0.4027010119041531,0.18191782051749109,-0.7577934191851982,0.0033927613558868736,-1.6697620389600185,0.007636480336594858,0.09383393115260524
0.25466536304008014,0.3257482684569226,0.9327541819566656,-0.006851976449187552,-0.16378679833685356,2.214983359725318,-0.24814123077266345,0.4302119958338636,-1.0762414534379627,-0.013542708788688018,-1.1732878721981415,0.04218954577188314,0.11783078935825166
0.62743063531816,0.8682458634907381,1.5524665627007683,0.21539814567762525,0.13358968688123352,2.425167142171412,-0.25446969069333547,0.49824933789929166,-0.2715168476767009,0.10276047736820243,-0.27890979368550073,0.15520315916898356,0.4392657244805661
0.18499000113871347,0.30078974221988264,1.0909918860521997,-0.05268341466060117,-0.11110399799421415,2.0338167083977416,-0.39424142431985165,0.5187620357144626,-1.0616063945843943,-0.019033800558083593,-0.12954229472411993,0.0744863003725186,0.2708468951222798
0.11435786542275708,0.058138641919940705,0.8737310634377518,-0.4390845131542948,-0.3213114218858796,1.7715050646404011,-0.7970616738425775,0.04418685803293362,-1.6635918333350372,-0.11176019328956815,-0.295809239409864,0.018115625274884996,-0.04214859267075859
0.6245550976551344,0.5964992822949877,1.0669396074281798,0.1677109919619073,0.07054909479571515,3.491123730504057,-0.05866885821567845,0.4863592124347471,-0.5161604119066355,0.2812361065374637,-0.33021173885661276,0.016009625592786403,0.5262832406646987
0.3514723492113666,1.1294510644371623,1.11374646560082,0.6126129028273538,0.19943250221200282,2.741288255640409,0.04997193994724916,0.9975476555280492,-0.9154120685884521,0.2278895700360752,-0.014852446027927938,0.03777442651076454,0.4803827830962837
0.4461768166896783,0.2721000413801005,0.9516395423007713,-0.02090623383720723,-0.1562667016628094,2.085052862973212,-0.3594940653026828,0.21745405466554468,-1.2866462726744876,0.08831803891549082,0.08812378873440635,0.23279911994752972,0.32845531262328015
0.5626121557534982,0.7216125474200169,1.3161835952625713,0.29369498750712314,-0.0032182582496251833,2.0024110096982786,0.5837789233825686,0.45657585029697245,-0.6558460765559642,0.243620741399419,0.14612835367727592,-0.022200496410951082,0.5093868588149132
0.7021675588744176,0.5978547975834871,1.4116880895994186,0.13359892374939392,0.06095574049796494,2.0523504926305676,-0.06120410254794273,1.196071639588206,-0.6321076897221306,0.2584754642849374,-0.3130173426638874,0.11127067634835854,0.269373228672064
-0.1053831190305452,-0.2786968459540771,0.36600813180311687,-0.6474465808944984,-0.2680247592465537,1.2974171202929896,-0.9543632084038107,-0.3700301613979457,-1.7128669643303795,-0.16394806337491089,-0.7468091606203884,0.0886689021221052,-0.3672353600850331
0.2900666203722358,-0.020954152004172326,0.8166510954763118,-0.08854412974479292,-0.1337670551592277,0.8438818485734776,-0.199363309427475,0.23035218784482123,-1.7973340987362387,0.10631983596831546,0.012136181317166341,0.11477562782768572,-0.11684435668194457
-0.1939493703479981,-0.12474437406338328,0.4806230069132934,-0.4661236607438572,-0.4490391399556152,0.6695254358328465,-0.5327303499531831,0.05203088353801921,-1.7306106819248652,-0.24533415457130303,-0.6235418786636244,-0.024524526580029977,-0.27106087997245293
0.3023664279302788,0.14136016862363435,0.8942588212408332,0.046383336453388276,0.177158228748271,1.4567739617245061,-0.03713833208506306,0.20552284746948218,-1.5820527755184512,0.11270415130330035,-0.22481333408194282,0.14715525171150343,-0.15973206454318842
0.4993797337765702,0.1753598103247997,1.1676158823507525,0.15555788277493177,-0.0003135494277296659,1.0769864861656808,-0.04892994531016395,0.4440222815589771,-1.4136697322647607,-0.0009617589414120079,-0.45347849988792494,0.00750842922367154,-0.003291577454656469
0.08020821133680223,-0.12292582466577501,0.8492535549029707,-0.14250438725782755,-0.1888195383233121,0.7180908007298906,-0.19689500161964046,0.2379155958345573,-1.9511120126261892,-0.022091843351307944,-0.14276833426000357,0.06466175577965452,-0.2698422463062321
0.01398610413177961,-0.05090393290130636,0.6631291435938329,-0.11165460548363626,-0.19583086030040348,0.7074024053331878,-0.2816734184252306,0.153680925483091,-1.8740143562501501,-0.027858306634136354,-0.3802587581663911,0.05548044517946728,-0.19165711897942744
0.2636176864347526,0.06788854589685797,0.9716061100084334,-0.010926837179706364,-0.1445971648001836,0.7291478459454243,-0.09519056282937527,0.23002897452200866,-1.6182881124206405,0.12947530191572793,-0.2617424729396589,0.019830002358131555,-0.19675779988057904
-0.3681248023154008,-0.11480895804034337,0.4703457415300524,-0.5595859200704014,-0.696197824095531,0.40306901562441566,-0.5829102508051114,-0.1957943959717846,-2.137212308852209,-0.2699077474698425,-0.45712024631496107,-0.14847429158579978,-0.7379446139466018
-0.05382863017419962,-0.3487952207018518,0.24751596092763872,-0.32493634244737535,-0.6737991543217667,0.10081837421904007,-0.5591348813515569,0.17942547798467173,-2.271695679051077,-0.45015733882474407,-0.5475370830002552,-0.06358666064528136,-0.3789199398975406
0.1743720932253118,0.14850286027313098,0.9890502366547782,-0.036109773673945016,-0.16320967682016393,1.0046197509569013,-0.15333278459600275,0.1394910539593547,-1.5442886582182511,-0.03981905359981788,-0.4131068829664339,-0.013515740829623443,-0.07137047342749114
0.09685213768440809,-0.007587971788727598,0.8792028024316659,-0.16744806200278828,-0.2258279788121581,0.9036004865893887,-0.37618678577968645,0.08258795923553408,-1.7402477361396367,-0.15871305001382194,-0.5344388638538982,-0.015110971330561558,-0.2784090879901002
-0.36484475539958416,-0.30640605902389817,0.4660274292290624,-1.0125403511358633,-0.37773266435148084,0.7700493915618343,-1.2596297709242856,-0.6223031740993935,-2.5193373022582897,-0.2776542285884111,-0.7394349679350853,-0.11065118370435416,-0.31891145541746596
0.01568407213004909,-0.03653003669343893,0.865614764349949,-0.24394446511442464,-0.3367187800775799,0.6458975785970689,-0.3868726280605834,-0.00789208794426599,-1.8480558801488955,-0.1362015273825576,-0.3415196206855277,-0.02077328205315592,-0.3444859469754415
0.09145798820795287,0.11317275468829181,1.0155072662637883,-0.1538704193155801,-0.20684045857335953,0.9229214960802344,-0.17867107003306348,0.16527741907423157,-1.5029924744812566,-0.09615764502332444,-0.4643142437934874,-0.0070944298834851,-0.1712594267312023
0.21241688974770812,0.09777793736507502,0.8054273132534906,-0.08337476371787489,-0.2026165073220101,0.6571889870189545,-0.038545558809613224,0.26640175097932406,-1.6970905087795112,-0.03077826470602305,-0.3086446528322996,0.00783026368046792,-0.05567444180448845
0.42754487873468955,0.6882676769896514,0.6641101894838114,0.6896009076883397,-0.05485551521906437,-0.02037738441696572,1.5827571978916724,0.3747355523167386,-1.3562824788151513,0.04514688910399034,0.9814378989984589,-0.02041791218850333,-0.23156289953531464
0.22733015713993363,0.02856500210550925,0.6061350906060802,-0.43413524917482094,-0.16406264185698505,1.3304462173431078,-0.5737313013259944,-0.016924488212809834,-1.731601437772107,0.00420521505694431,-0.45032018354214326,0.4303008348008412,-0.03086309460547952
0.06532416232447646,0.11902491539354527,0.7565501242855358,-0.11762513890448553,-0.2291218807631069,1.3481270195900774,-0.32003347322241305,0.1974541120163891,-1.5652250525805476,-0.09153615565556623,-0.4563708997165992,-0.0031125711359911096,-0.13767151165029234
0.1478414361344444,0.2558237973083226,0.19678402730781167,-0.23751280520732218,-0.13798279220341814,-0.2825877745139101,1.468071393124345,0.31490349197760253,-1.0415886173852615,0.09668643720137582,1.3660413197179635,-0.020790851393507632,-0.7020637439584566
0.15370710884427866,0.359298284397357,0.05629737218221023,0.3400793598933767,-0.04016547882929447,-0.29523188848669324,1.3372039877468098,0.1653760562578423,-1.1669794391095638,0.10837955799678117,1.1530021556590997,-0.01724716508140156,-0.4516088279036599
0.14689813068602237,0.44795716258438517,0.2875510094376901,0.1658359616601631,-0.0701511990899842,-0.23253993596881628,1.4615049086490437,0.27560543613715294,-1.4500845548469163,0.10401020254111956,1.018236303310841,-0.004905732410649449,-0.38718999192015163
0.07051122329404774,0.37299550477104876,0.1703578341048625,0.07520572190897329,-0.10926431034174218,-0.10122376521117987,1.3665183898806574,0.27237150035384616,-0.899006124486526,0.2870069773453804,1.6573482976253664,0.0019612882255263253,0.0013153446217378179
0.12042409281349824,0.17530954238855176,0.25817747423218357,0.21359121582781282,-0.12854963016178866,-0.028166043742870277,1.5491593520653744,0.27942085015277063,-0.9220075874242725,0.2785056042340066,1.218411801647809,0.006152530102990735,-0.1328835387196807
0.35351668947790227,0.7299112217107582,0.7144027054713419,0.5728838240634647,-0.20958636295360844,0.39283726578578326,2.5952472013504146,0.355242992369458,-1.424431369334666,0.4143099071354503,1.5616192943551055,0.0016962513203422223,0.14382211955367688
-0.2268005026478527,0.62565284934464,0.7819633862365865,-0.6003088576377681,-0.7164676546419242,-0.04264718128678709,-3.3072973654217406,0.017868680971053725,-2.606825712329915,-0.21705647775489426,-2.1695133734918723,-0.04272874707925235,0.7318107913858776
-0.22908198521175013,0.9141983092038166,0.6060238996872472,-0.5097227039014817,-0.7896230719944772,-0.23237035624682909,-2.4649268168619733,0.21336796855191806,-2.3861796564889493,-0.19731076956105725,0.3556256235310706,-0.03932709384606115,0.48393592234028276
0.2724290504616996,-0.3734447786294751,1.168229950305281,0.8593755519648806,-0.47253947134854063,-0.3655464694493762,1.4207366528165426,0.20443384371801385,-1.1658612764502563,-0.1229124120239995,-0.4938394090378036,0.009741256215299175,-0.9955168234474127
-0.31746470768935986,-0.2611153857492739,-1.350988745622647,-0.17698434788216322,-1.0736696334529876,0.4449476802581921,-3.12178440713065,-1.095397054547858,-0.35448529768010806,0.0875511937040008,-3.2287961956708595,-0.008489523988424064,-0.2436115636278151
0.21724467233030326,0.5925435928229449,-0.40707910417941295,-0.23273076936757808,-1.091061872795431,-0.8537824058082575,-3.075617797980085,-0.4317919528872395,-0.5746630936767906,0.655546882967982,-3.8718933802548188,-0.11361358504431945,0.7444786475722988
-0.1485730439615954,-0.929670932589668,0.4091112974358515,-0.4794123031416288,-1.4696177768288186,-0.9317669397965075,-3.4337530141654944,-0.15034410313599653,-2.373326119755705,-0.28439204866765055,-2.61453872237251,0.09837307790035585,-0.9318598200225581
-0.10130863396347396,0.4644226523157621,0.6318122085214903,0.39728031582716433,-0.6499821886151198,-0.5596243500150739,1.4327428188061133,0.010317656885211616,-1.4085280888796683,0.5346693406450664,0.15297433161797622,-9.82163411875625e-05,-0.4977883208543061
0.20607528414680717,0.6930977441432578,1.0766533164886962,1.0110565167872443,-0.38738841245571765,-0.1859157592668715,1.903751365228867,0.19630033098782101,-1.2755040642908877,0.43104472024573226,0.42768426672555493,-0.0027390124917857886,-1.1673984793594316
0.1376281686872244,0.37821420204308287,0.36892996530152034,0.11200379120703362,-0.13215484643665465,-0.4588331978343841,1.5853521040475205,0.3347473903010704,-1.2851082287201037,0.07758249806964573,1.402850521851538,0.010603805871473384,-0.4468105843673563
0.19118966686125433,0.2809879217545191,0.4918559491996549,0.01853418112732476,-0.227961428741821,-0.3201206497134019,1.6213679331489317,0.43659836724814444,-1.2363413622271684,-0.06061685790411301,1.423621220861872,0.009993270273424053,-0.8916608424919347
0.30336843644475775,0.1265682454655568,0.33810408334351255,0.22796126005239797,1.1977489648914588,0.28867416207782093,0.7777913828514929,0.2774793941444817,3.2197897772118456,0.1791028994321822,1.7079183196017724,0.2132471966898689,0.5155671645307707
0.24356312442984843,0.260589618291706,0.3138463505233326,0.48553895380554946,-0.11435116190670265,-0.18952790653126111,1.4926416728974108,0.3995456594911715,-1.349838501819306,-0.027868588752785996,1.3017308918366002,-0.010892923906859475,-0.9519155156115691
0.2553890740892127,0.015296784995330714,0.24284007606407007,0.912042483828134,1.470005544034971,-0.09050910688936706,0.8072273818672528,0.15945852641223204,2.876007547750034,0.4034569860674029,0.8544428808780182,-0.10960954199234638,0.3698904725184872
0.38503877688199273,0.14769889604300257,0.3406661372176474,1.1253092680778352,1.6987984035495256,-0.11795271818112177,0.8172654543641128,0.2622073911006251,2.874220507637495,0.4014255629438494,1.0214618697876316,-0.09343077940245467,0.49254832299219253
0.4494446737350274,-0.10144673799061124,0.786448629270308,0.11700018804002967,0.5101959773691165,0.014713320857327992,0.5961491259596207,0.5828791519026786,1.5216275712133696,0.04691884373935536,4.174778407783142,-0.003125496716756061,0.4162223066648262
0.275354925757274,0.09586591198109089,0.32199609000339297,0.6424579898309377,1.6902991506105494,-0.249591771363177,0.7556812819476343,0.30962604823936196,2.720990202632836,0.27221385092681494,0.23666256971657265,-0.041796521936646736,0.41175534334344166
0.22905203028995944,-0.3038657533439497,0.20999240688255255,-0.252920503825363,1.3243127767938294,-0.30566667144393755,0.35238602205076147,0.14776202428568552,2.929554354820607,0.05770641921915947,1.866609908194385,0.06198558372859315,-0.035447489623394425
-0.008890409652764504,0.9501603940915732,0.6097616987882389,0.7243372999142027,-0.15057652374626035,-0.24523403792642068,2.194296705938048,0.5449184115437998,-1.3698462493055397,0.8139509410830217,2.0391872278595753,0.021766858695902655,0.21557241023518153
0.21979100964239062,0.2555402959583119,0.9429838264795644,-0.022028257319082867,-0.2339893837449037,1.6897840558385684,-0.06469971221250795,0.22314980891636674,-0.893785575457538,0.009089249531841846,-0.6411146113897366,-0.034116781188382114,0.05003665947355332
0.3183266986006249,0.4517584773308286,1.2049104443875447,0.09041813935256664,-0.24365542223263129,1.539099203907988,-0.24824996042530995,0.3533816724363715,-0.7530211444105955,0.137798158876184,-1.1423306878459538,-0.011507430654536447,0.16939031644620814
-0.6314758200995211,-1.3149326628995022,0.4149736787228743,-1.3091170913736443,-0.5908011035734995,0.6174652066459464,-1.3818245035704848,-0.16650484811152438,-2.024064606181346,-0.2362671945766649,-1.0715556977906575,0.0017844878571728418,-1.3935376926801277
0.4458561279045209,0.13486028023788513,0.4830308965779842,0.3977200473162036,1.4260368375242172,0.21762714991552956,1.0008253355231138,0.21787574355283545,3.2107577349338685,0.740790786507229,2.158209054910889,0.060081698277758284,0.32380771847959194
0.02290297979488962,-0.32552251419880324,1.2893059316277504,-0.7635166814711148,-0.07065328435868852,1.7238068038240695,-1.2438955627386976,0.22903713819156923,-1.2268010616007574,-0.06267848259251986,-1.7625584484202166,-0.011528879457877762,-0.13514071445705156
0.2872245944581098,0.08590750131135175,0.5911073676776142,-0.09213558060427501,-0.18938456171502677,0.3229885625777144,0.5334299084420002,0.17934295375262282,-1.6284713511479394,-0.05740135866527754,0.36672461018380176,0.009710499805708754,-0.05944482770489734
0.10618919202540476,0.3006162598677393,1.019614338639399,-0.3897083810023549,-0.2170529562317662,1.8192567827428379,-1.3160424014465473,0.12216644409914607,-1.2295444612137765,0.10421409855338022,-0.44441312368648755,0.03347057536399613,0.07230270268783598
-0.7547724585711129,-0.9819941639781204,-1.2822509526373405,-0.3778316109875838,-0.6406265184878268,-0.2730709740178037,-3.767733665683513,-0.15077196745615865,-3.0940097992417104,-0.1328398199938236,-1.4179633941946344,0.016687281264716584,-1.0341448772315762
-0.19395636475438066,-0.19013366114244679,0.054766743135535124,-0.27151064491934257,1.1833413926760354,-0.7190344852902409,0.09615800493500265,0.21510979627879945,2.3700251628292928,0.031721422908206814,0.000610524286619797,-0.17221493556267706,-0.10989799757281123
0.22827521600139633,0.015299380784854278,0.8022867798236096,-0.0238517082694711,-0.13051700102268823,1.2944082436110413,-0.25174854321715734,0.1617406959329836,-1.1622544716427934,-0.0402342157738491,-0.7061106026674517,0.02035768518017389,0.06941556507307625
0.10617209500529695,-0.08425158917696934,0.565224112620991,-0.03461892461300734,-0.2390027649379853,0.8116514626952509,-0.3727954204452949,0.2611793998556418,-1.7175158975397546,-0.16931802578891317,-0.5653316779827906,-0.000659120136665001,-0.2157313783208115
0.23785257399703064,0.2879949366135729,1.0036513239214482,0.03168174031345783,-0.13129269664382762,1.0785990418416138,-0.2553785152205577,0.30925891964334185,-1.6625162912938203,-0.07631671216545839,-0.39653089565845817,0.008756706356588293,-0.0339878409386922
0.1776277974356587,0.20326831363658937,0.8450275224509337,0.003658302085888046,-0.16037704435325909,1.1343510079254502,-0.3440407846139149,0.35835065109862235,-1.5554393448690986,-0.04382809350784447,-0.34952893684100783,0.01341827583395774,0.08602256241151032
0.2869529723169076,0.27307866167212413,0.9769619041743377,0.01534380991412839,-0.1482925337982467,1.3552041459500068,-0.11028279536041533,0.2980959447380156,-1.5187784421371502,-0.03511512117253415,-0.34967020236990515,0.02904996456009233,-0.13786305647653843
0.3561790029694222,0.35458101467953784,1.0478798580852646,0.13468352931551633,-0.0930556415321512,1.277666141925794,0.021135207816647968,0.46607629511194937,-1.450866703276212,-0.03790720519713237,-0.3974295611021162,0.012513369793175744,0.16231073847079333
0.5510734904898951,0.06368862400141857,1.5253099502236322,-0.057332985813393175,-0.017930560633540187,1.722277125124302,0.12381744834594416,0.7045006088198472,-1.204825741298781,0.11122545229891939,0.05599929248603682,-0.003919907464749418,0.18348919320709267
-0.07946332146517099,-0.08391365831717851,0.63990562175711,-0.5022404698468745,-0.4296616373112839,1.2821017786578481,-0.5695902035985555,0.004748870429272461,-1.8889227176289485,-0.29938809567648506,-0.731037512964362,0.08691866295877838,-0.3299385634059502
0.3540067968271776,0.556328545414015,1.1116721564422674,0.05875857829840641,-0.07159141081178358,1.980090558620998,-0.07034665661657018,0.5105523001040435,-1.0254186183679845,0.004200090250362597,-0.02256156069330036,0.019432897488845396,0.2696228665105689
0.46365390066885304,0.605975359292287,1.0340324473293085,0.1525370402944584,-0.011413345479716779,2.441290873805475,-0.14145486410293312,0.44894162968525475,-1.0874729729278216,0.06663261025264451,0.2547205743421283,-0.051410729473249775,0.2878656883289417
0.5643785763969128,0.23105557974169233,1.1383870231701678,0.010804724090525785,-0.040012311685002445,2.1082749819589983,0.04162681011017412,0.6514214032707323,-1.2083244833184612,0.06390109907628774,0.11957562145104424,-0.007725895153772323,0.047172026723468014
-0.624294095934472,-0.666957153687771,-0.21813110515889197,-1.0610194093739203,-0.3726775622548948,0.4909950541166796,-1.242256115876759,-0.7652970078965236,-2.1461343056268785,-0.8212276987772849,-0.9952735530709226,-0.05822997081869589,-0.5154490235075353
-0.08735638825947209,-0.7824107658211141,0.3160290439659729,-0.25504721971875455,-0.3533090527986901,0.8165051784079214,-1.035125258056344,-0.15955895506776868,-1.9062904062918906,-0.6919680167144785,-0.7492687779675341,-0.09086737411821057,-0.3120894827569524
-0.5600678780480908,-0.9427815722322299,0.03946808169000869,-0.9542576473369261,-0.7198822288851567,0.7680211908101207,-1.4667203398713735,-0.8178988580742023,-1.860534725528366,-0.3181112030267508,-1.0813945924400141,0.034278605321370434,-0.39612715908765983
0.5103483633966082,0.5825689048723625,0.653268022119171,0.727554750226231,-0.06997828855903616,-0.00014348777631931518,1.8869461271161632,0.6403915656461483,-1.1267555181475148,0.3129761503864491,1.42591687330407,-0.009296531548930545,-0.5589488784741199
-0.07694334270225636,0.17339314059302624,0.309669976198218,0.16968596837897254,-0.08326269610577994,-0.36584492424709925,1.4931957115853822,0.020802240271328303,-1.4173006386868652,0.0022657574123392038,1.2747582344897088,-0.03436814045999189,-1.0304877733884172
0.20366470077282017,0.4223289116161564,0.0576355139890479,0.2088022746021548,-0.07067188848327428,-0.24524316209471897,1.4897910501600966,0.2899000029555625,-1.404118553876049,0.1479075049629643,0.9321337450026638,0.030906848152064362,-0.2991641225541631
-0.3121950032779327,0.28853998308173484,0.6859970475215877,-0.8039871331537144,-0.603262980149852,-0.6303393513098773,-3.280451884167268,0.10679393252150882,-3.3662843680588734,-0.15664814542616823,-1.4340883123409003,0.027150856305120645,-0.10483505551392827
0.2135506899142638,0.8952203375706449,1.261739992358101,0.44977161974749635,-0.25360370549062883,0.1843122343977706,-2.848047711886466,0.8602694115529043,-2.1860132750987797,0.12450011205264477,-1.1090870469658531,-0.01585601343333516,0.672347751684073
-0.22199369944890765,0.7393589699123467,0.5805847123079003,-0.524449092647992,-0.5883896611465347,-0.2966821114987963,-2.399147302586482,0.15770484377112653,-2.8211117723992922,-0.18103663062521574,0.5502073265312034,0.15067288192402978,0.4992171500752578
0.9832019360280699,0.5960575727435452,3.782859320619868,3.2796729122754185,0.30401182765968976,0.23831408342087876,0.484103652291621,0.9455749590839777,-0.6683793515629239,0.02894180881946036,-0.6256204530751953,0.10120439026401268,0.998311556254824
0.10147201167005636,0.5485358955876696,-0.6074788550297834,0.6148983660971539,-1.2111646032395462,0.5790846646064892,-2.2027698444130115,-0.6802834750887834,0.08164795325965522,-0.14523525784568247,-0.20299369657774344,-0.09704706337716858,0.8272252635011036
-0.021708780396212317,0.24857088933284915,-1.0051986278096836,0.04836992773951749,-1.7699958308423973,-0.04352396316929821,-2.8404069292483225,-1.0664945542124205,0.08062351613615944,-0.2629013103914136,-2.2665409930774736,0.1718000110782062,-0.006333211323039335
-0.15083016563413876,0.21953158272430304,-1.0638083190755505,-0.2548550065223956,-1.3232812082788183,0.5851886289520194,-3.1340931648269503,-1.4289311506014526,-0.20050377605224237,-0.023312571942288817,-5.101597332504267,-0.026270317859016415,0.038000997576552065
0.9400782143635055,0.7930839056490611,1.0227710152645075,1.5520000712583881,2.314920132938359,1.2786993762923193,1.2421110893196114,0.7508106715987539,4.63626180880082,0.7757299746666102,2.322166349605346,0.4194405053804317,0.23369985273728774
-0.05800224240403611,-0.28975508849136544,0.019869509577854567,0.33880085559768824,0.46171896009809443,-0.024178891591210314,-0.1002038121016489,0.122659917206814,0.8272464345695657,-0.1629988296040229,4.1583784489250855,-0.03303607705670088,0.03590949863350634
-0.7930110102105472,-0.49129342308319696,0.13794485805556178,-0.31982278795240254,0.16950715637817573,-1.0101643487076375,-0.524796733814809,-0.6856738060050543,0.8512112877988776,-0.04927964706698237,3.117383891264391,-0.08091296108180852,-0.8268759366088648
0.3545503530578895,2.0542096778905643,-0.1735498743700895,1.8073644624795346,1.3731175495083963,1.077627044270436,-0.8659901157218135,0.34772325968680284,1.7948201800986294,0.03122716568927797,0.32227084800704486,-0.01504143009065754,1.8153298336971133
-0.48176966601335963,-0.2246302651888175,-1.9267343373790697,1.312067776786991,0.27336901000493935,0.012750830319968673,-2.135879647680559,-0.996566714883213,0.61367305360631,-0.37831901385293665,-3.3797801860621086,-0.11972926838918488,0.6085727303195746
-0.09111227306744295,0.3740416981657553,-0.6673116786426139,1.9927978921474687,0.8502001743944776,0.994553402246804,-1.4855109329128426,-0.43380312364962376,1.389067049895724,-0.04344975542070145,-1.9133448701320834,-0.01587099573005806,1.008757953913882
-0.19001204269627733,0.4785191442910582,-0.5669739199150352,0.6131453859205873,1.2451822371211732,0.7759910917292454,-0.8510774593582996,0.08196465388561279,-1.083018263598076,-0.11545148546600507,-3.1142897457463867,-0.03214933115368097,1.3807732292130173
0.26618024126936984,0.35913870683715976,-0.4804599207784569,0.7121617236262602,1.3268043837303085,1.235915508933572,-0.3392835619300605,-0.022342468655875216,0.30108824204963935,-0.14154726944087692,-1.7657071514044786,-0.06626759312633021,1.4063482455391847
0.47622405032316834,0.5447018807681485,-0.37332193498396227,1.3039428603887138,1.6116074057078607,1.462632983519385,-0.7644879779881901,0.019179370085605156,0.04883121348710538,-0.05241177526302622,-2.6064706655643466,-0.06187318173340622,1.8545923543928398
0.058096320648263616,0.20198925639916612,-0.9563108466824308,0.675680274941131,0.7142330575755073,1.2103494424538477,-0.5789872664533972,-0.22706115890501277,-0.34368820770850594,-0.2651903104916627,-1.653059444445082,-0.098215082421278,1.072141283435954
0.049312577448371406,0.28019328396767373,-0.6245390824528616,0.45271374197159375,1.0950220845650054,0.7763616755666833,-0.5473062403096506,-0.0837951574634968,-0.24145786333932634,-0.19332915015311716,-1.931723492629826,-0.0544297582801017,0.8480174130786003
0.3599006164270555,0.5318083760525203,-0.3800235974209176,1.4301394018722284,1.3482748936520272,0.9695970118087198,-0.5933078430768929,-0.053705305812052656,0.11610702019909198,-0.07494575926516628,-2.2329700579851255,-0.08445968977175648,1.4668016973531084
-0.33378728639541416,-0.1373623062370138,-0.4094765275240772,-0.4947149211095854,0.37762050521766966,0.45262369030672633,-0.6275616189775365,-0.3222474219432724,-1.2208465795255163,-0.37840084414670466,-1.2257519249468003,-0.16683080201088984,0.18753718004458475
0.24046061242827102,0.7745250394164274,-0.5680528222086528,1.2764947918021226,1.881784669208444,1.4485716253436274,-0.5233215928481271,0.2930323646186539,-0.2577085491921753,-0.0773086790471441,-2.151628089135306,0.01752296332735532,1.7695154641785973
0.3898899103152671,0.5385112553162295,-0.10078206900921136,1.0338071820295105,0.9889822607373612,1.7936052757273946,0.02511533262622032,0.06724617654250713,1.0900575664980954,-0.05560416706734244,-0.9406571044596945,-0.075368370876337,1.405966444577401
0.7528542869579462,1.1399999943686032,-0.008021838742618859,1.4055866558228927,1.5674625909152544,2.4821541518790435,-0.09084829668928365,0.47890093527527317,1.1085907595956492,0.2703835430306691,-0.5205666093652447,0.38948247738182523,1.8716395363418594
0.558327409084369,0.9338960535958825,-0.6274072753451766,1.3151773843148515,0.9740013515731941,1.5208433566692596,-1.2092063134717235,0.2937256681531047,2.3275983749888836,-0.15006762938160031,-0.005213274218970048,-0.026836326032256115,1.8713678389156445
0.4678703282713992,1.3590457030491803,-0.615475861048326,1.8457851316417664,1.043404910377123,1.6733342980148476,-1.6242803779813566,0.059051808760139296,1.7659178301443654,-0.19653323994742491,-0.16746209531013545,-0.10087904148528148,1.9659731037231778
0.2796130018189758,0.2079414126597758,-0.3317075948355099,0.863906804112614,0.4457008475499848,2.227065183642424,-1.1747641796385873,-0.12783747098408635,2.157207502307785,-0.22192891204936646,-1.7571048547244734,-0.01258030089239274,0.7081612958298583
0.08335510311648246,-0.40819605284267013,-0.8669378337088146,0.17015161319221878,0.11513786775473919,1.5229966763396647,-1.2879307049792261,-0.5263512445054948,1.9197195632735058,-0.5599311171078847,-1.467777045325686,-0.12109031276673897,0.3719527248231075
1.011371811865829,0.7876928582083847,-0.6741123055470074,1.8051453233561991,0.8449959383542753,2.129971152885506,-1.5160489007447744,-0.01447886303791579,2.327909584957071,0.4040249588071474,-1.6598090404535948,-0.03243514384453483,0.9376123037789432
0.6965149858738814,2.106767694337501,-0.9420595967159087,3.251449364230502,1.5046131611905162,2.242115650463642,-0.5774731104086257,0.5323220619321282,2.037441336594315,0.49744977125509937,0.659908155031347,-0.015612066886905196,2.565380467593721
0.6841482822410759,0.7289890818748002,0.20484521892128738,0.44172124001300994,2.252549542722602,2.248802339396336,0.567984819928598,0.7622796274607796,-0.05080394205430319,-0.07005759043619023,-0.55001142040102,0.048879474660692125,1.1202955100085175
0.8888913786074973,0.9131646743416787,0.28848040638698474,0.7639454249013212,2.0303962546017846,2.5138861759286373,0.7108072676747622,0.6703060815328107,0.2605331578167773,0.11316575252192274,-0.13902208207019925,-0.016505713941426265,0.9602691991854874
1.2482710902744698,0.837960394680914,0.5032638317812234,0.44599972046187353,2.0459612928775863,2.3478370422952706,0.5748804685183697,0.5723202217349576,-0.6703305397099918,0.08977633172853122,4.627304151644868e-05,0.07748794543970788,1.2954226320857805
0.6198040055649148,0.434617147969289,0.4505546334251348,0.3742768308132267,2.486396232741989,2.01755417868288,0.37420871660216826,0.9786756162847292,-0.18639864089381356,0.10048126650663729,0.11854940149933113,-0.027636387618258644,1.6678662904258819
0.7167430670342095,0.37232368309982133,0.6559896724319294,0.3944972106990302,1.851316311906816,2.2273992726196425,0.3788462266450126,0.511654461433904,-0.6942550017726088,-0.03037619477758804,-0.22574674823010968,-0.05883249044211363,1.2519204903300858
0.867479226589203,0.43818816614130285,0.9549550361020701,0.10303849877272207,2.222985605530234,3.1039582331571722,0.683365940308819,0.5178174546360971,-0.7714902879152863,0.05929703946535782,-0.04125407405818523,-0.014033730957243239,1.5024445454817679
0.6404871428245679,0.34441860406969965,0.7049686167068369,0.11570826393707338,1.8084384272816694,2.6519984884829153,1.1808529928631875,0.6536335269015074,-0.5455953663711746,0.02201185030345296,0.23757386163808414,-0.04313989611446033,0.8630870676868492
-0.03251456025522191,-0.6287837109776834,0.1641668131812992,-0.9778165855693324,0.8076428419537841,-1.3989125229909811,-0.3860475175615607,-0.09271064208716982,-1.286922742085428,-0.059266874889532674,3.982581396013396,0.01268096706881712,-0.5343746274916662
-0.35136139765950947,-0.6944755857108006,-0.7899590993362171,-1.5435075460563203,0.5830081353456867,-1.791757380774038,-0.4867635522468482,-0.39689762310719945,-1.7396092529605247,-0.19125637288580447,2.2885977771741124,-0.022504905819660106,-1.0071574694768062
0.1158144174164368,-0.4621618670421754,-0.11187708989406626,-0.8581335107925244,0.43460714031528264,-1.3069829611625108,-0.35581837034629044,-0.2108406346472394,-0.7900425836366294,-0.2018626013367127,2.255870270742518,-0.01759848266684765,-0.5349494554014463
0.5171958423664587,-0.22307326068713657,0.16366349408584135,-0.4183152700960638,0.6473619987194736,-0.7257536676764071,-0.08926130355232285,0.2491823961130447,-0.318665366138642,0.24988904725191075,1.698215863139679,-0.007224593224624802,-0.011452912652037196
0.8168989074051691,-0.21896163440102495,0.33963653788591397,-0.10645627487916492,1.027216248959303,-0.6069370581696016,-0.29891615945199085,0.5416249486576352,-0.20177915973821647,0.10937523582225876,1.5651674625857006,0.052467995586080715,0.011242556330592691
0.4300001503454729,0.1513332082848581,-0.3220921753171004,1.4761170582214573,0.7211315882299097,2.3268361727789877,-0.9119194123800847,-0.0686006831708882,2.096598202693793,-0.038136396978257325,-1.2859760409355578,-0.08947426727041594,1.0764535434906268
0.3731800532579008,0.4994252070650043,-0.4996605949931677,1.5367805408179345,0.7621761016868469,2.527456224045406,-1.1647052700921066,0.08042176067725644,2.300235258380158,-0.03862290394285485,-1.3825203712460488,-0.0733773462567479,1.2139052889289126
-0.13303840081000495,-0.21286635109016463,-1.186586710812731,0.3540279500496885,0.044625822781688605,1.7596792358216933,-1.8562172237400791,-0.1361205480299476,0.6253842312113072,-0.3475966909610564,-1.2411501973287926,-0.11810099613956276,0.02900860995778603
-0.467095694447764,0.39483393201087097,-1.0022150653973219,1.5608911866694695,0.6013913464866993,0.7426207912402848,-1.7051853113300683,-0.3811834853214935,1.2146050332507328,-0.4638321606049107,-1.1665589491510764,-0.11459798727132783,0.8383327339931081
-0.31649167745270645,0.6627710726060386,-0.6061147095469965,-0.11707509336165255,1.1337518399777924,0.9104813797001001,-1.913918244789044,0.19414035430074572,1.5301426345622162,-0.15149770763806172,-2.2432262753633165,-0.03840492689775096,0.918005127594289
-0.5470310532881154,-0.28858281278154924,-1.0081593964362725,-0.5795120290625425,0.16977030737222054,0.32706265551865943,-2.6150518683747697,-0.13637114901199107,1.1351889582650943,-0.45465953413862725,-2.1613984294189144,-0.11350946412783935,0.6498652234202663
0.9823594225363596,1.68859334587223,0.14241840654363233,2.2661287705165645,2.44072093152648,1.9410394036449081,-0.06821534111474943,0.6298720326005586,1.4678086199466551,0.26428040835282046,-0.5603803376149802,-0.006007456866403459,2.2697349621262406
0.5247846101550385,0.9608567069186313,0.1276404529934126,0.9508314049326708,2.05124614464533,1.60066142323013,-0.839124182556859,0.35878815968417477,0.6726428041648531,0.010732043090586963,-0.8248483746861006,-0.035645632499622014,1.7504841144983139
0.7552461532389536,1.1818136513786806,0.4326313368862288,1.926252716479616,3.0762234345326815,2.577940819209648,-0.7020117782847957,0.8143840455025849,-0.16709041881788933,0.16947848347946992,-1.1840492223053138,-0.032159868044675216,2.6685996261249394
0.5938953067884888,0.4761786065530031,0.49926552966237053,0.3750576348437204,2.527822170670972,2.538804645317917,-0.6908412778305094,0.6372789528826254,0.027612282675173523,0.3875265783542352,-0.49928436270397547,-0.015646886633088244,1.7904313732031736
0.6373716043856822,0.6378613508472012,0.5116993874477017,0.822426896760654,1.5991878070392544,2.0213269638011444,0.2627809641686164,0.4540660056637395,-0.7093370620109555,0.0744569825236169,-0.4185223230936874,-0.024506797692220986,1.3915472514192668
0.6052114161171226,0.5101907808199111,0.7456756544423601,0.3074446731402228,2.0861259725979626,3.1356552712624484,-0.3589709963380462,0.7479230205104166,-0.5896651743538679,-0.03624810497586914,-0.5775453686884917,0.021045025329933558,1.3240490688849238
0.49722233126871274,0.4129163819251375,0.7279751395232351,0.46361070410503696,2.130127156240244,2.75325048388758,-0.24770173920370228,0.5418272936333799,-0.532010404938418,-0.17360487644560638,-0.6832479564938696,-0.04414403379273928,0.9791465159236559
0.5154720204339053,0.5566008204263115,0.5207435348102203,0.1041372415175041,1.9305332477152761,2.6892075051553546,-0.27307464425555517,0.46385113100986936,-0.5604882510047823,-0.09827321862801915,-0.5675563604224265,-0.049399750347042276,1.0496759872407553
0.5017436120638417,0.598622128918974,0.8326681741057999,0.02208535219335735,1.8657596999541342,2.4002697642644253,0.7837377901520166,0.6364460970425152,-0.5574910229868774,0.13201807530596835,0.018088970894718392,-0.018631155998963405,1.684668454844505
0.6022549245506524,0.41205722465904226,0.5630168035688499,-0.28136051649693417,1.9050291592265576,2.2017049493392307,0.6715030866644036,0.49625418836406116,-0.6471425831348944,-0.025842599625595666,0.11819757170043885,-0.061408870165339656,0.9342687101113716
0.1202666050257784,0.7968636253248486,-0.5681765376662629,1.2283220517035156,1.4580429564581978,-0.08452061467804008,-1.6808346858449899,0.21525546580760022,0.8243987725587151,-0.16486143534640882,-0.5612830730822558,-0.01741389501839863,1.5916137830343922
-0.06856525635864176,-0.7752648721531861,-0.15039897574318778,-0.6625979651572804,-0.4134658991762747,-0.9353954104861862,-0.2448864801973104,0.011338838991295223,0.8708347234944813,-0.17724876268482254,0.4711824943135594,0.03370267546735698,-0.3270126161248318
0.25593669016017695,-0.3493360350234435,0.13099442682022033,0.07949349645835652,-0.1404929422804464,0.3152188684387754,0.013621128678528679,0.28678830701961305,2.2268594927731384,0.03236943743139922,-0.25460395662683166,0.1972210051709166,0.021103584438096727
-0.4364018228194781,-0.8256176284115969,-1.0190904373820457,-0.9174666603809842,-0.40628671703342767,0.4745958271519179,-2.012321388605568,-0.06826714103834493,1.9011471799952504,-0.38102613398391344,-1.1782325559895903,-0.03656918289243348,-0.08142575090751059
1.7283009668770761,1.2582831791695213,1.1102410950144337,0.5217961378307598,2.3086907770815825,1.8925844421827551,-0.01833108233339669,0.7609221992905564,-0.5041305300831379,0.3732006464888236,0.5413448566550181,0.040774296909674,1.938644078494463
0.9766673222825758,2.695950399507872,0.5665379462070348,1.7138306533390033,2.4394078468764215,0.9613964847527031,-1.4663947998846156,0.9380145113294324,1.6597851897993436,-0.1283372855496904,-1.8381867566104566,-0.07216593223416969,1.9094880454081837
0.041073353850386254,0.506149431042787,1.005933065047591,0.31660903848811167,1.8394524850696317,0.8991814552609703,-1.8042526300365307,0.25175129754417047,-0.13907223630489562,0.031231413480515318,-0.317961267657164,-0.01334296008882432,0.8478678980480052
-0.3135395780935262,-0.7576817307010706,0.3289408811073129,-1.4414869759883737,0.572589029195822,-0.5342314334081797,-1.3210089516919108,-0.020795335421700853,-2.10939908996121,-0.15289275907859615,0.7801791154712229,-0.061142198559310725,-0.8123282221280453
-0.051711278070126515,-0.8094494913391669,0.29375285712096644,-1.3130863230892766,0.6208642997419357,-0.6168450090030415,-1.6971844763420003,-0.1134664280817378,-2.206235634760491,-0.25078238713671447,0.1998459396019784,-0.06885518553964279,-0.9146082062566548
-0.028309259464602048,-0.746879263970768,0.5913147502102785,-1.0403925441213262,0.656042825974679,-0.386616607257165,-1.4015636845491826,0.22397917622596855,-1.9531720821618928,-0.13706042746702832,1.5129537036822223,-0.03867400623495802,-0.7649288418692434
0.3205100670746631,-0.08951203479535057,0.4275263145741902,-0.49491406058219983,0.43391801720588563,-0.9741146383015439,-0.6409143897994525,0.3644864393553386,0.7098775367428446,0.10594480151931451,1.8518785616879658,-0.036722278861949974,0.18973455087281754
0.1750478912170769,-0.5450243380779607,0.24185274057607684,-0.23826055847160102,-0.02927673710665346,0.02055406458158456,-0.366643367641502,0.3028275840362119,2.073197910481442,0.0029824141490582606,-0.2533195652978288,-0.03981063009498452,-0.07621909120223577
-0.016845403047175092,-0.9159746536079589,0.05436305482871827,-1.0097577803271514,-0.2958816116717126,-0.48760771455657154,-0.41912232318479165,0.05164549621287733,1.4725978527062886,-0.2423607533580313,0.3182282527774156,-0.09411577574287859,-0.40948471200290243
-1.2828886753719093,-0.23837969537617434,-1.5124040752463044,0.628952063224537,0.43867956893829013,0.07666756215764006,-2.471960596090907,-0.334110340442405,0.5342192171995216,-0.9305341959680017,-1.6730198467957478,-0.11170040285318257,0.5023951889434828
0.06653244436511557,0.847270619786448,0.3157621531969765,-0.25719532129665224,1.725338179631572,0.6171663981225962,-1.7382371043217266,0.41343544178124947,-0.5744651769551758,-0.039427459646637214,0.331340613101816,0.11829594150185585,1.0847689727611014
-0.5491302443844162,-0.2589770783370155,0.43916002044350727,-0.385452670407378,0.08840111463537638,-1.3736773788132188,-1.957929869351081,0.1561450604618424,1.17217641590577,-0.10090276681818083,-0.20217702731697096,-0.06610068118096218,0.31658785836564163
-0.8207451351318096,-0.3916650709271845,0.3176221870299842,-0.4421034996087354,0.5840915766389421,-1.5268980204251912,-2.153609494699372,-0.055506254424237546,0.5636657145443477,-0.09065312293358148,-0.1440462051487218,-0.06629864805895437,-0.35050131178047095
-0.8775395881780422,-0.3876490884522597,-1.339126115191676,-0.1209625463746487,-0.34054541787080883,-2.0167264251090176,-1.967488250430002,-0.5201018559032432,0.2648862602132268,-0.33829852978052144,-0.5499343027138252,-0.1261621275533819,-0.03478325649268096
0.46625633821512263,-0.14955076407434215,0.9904802750506333,0.8672858144725777,0.38176700150801063,-0.3727029371530645,-1.5186075752482024,0.11560170790904932,1.2686353188204684,0.295044190372444,0.5832900215297315,-0.04794390057317081,0.6732016498667913
0.3018093339265843,0.4807872287732446,0.9414246423128579,0.5714614294919494,1.3075926259801625,0.49596884476279635,-0.7135909140953377,0.4479070753210947,1.298735029772959,0.7713884770787427,1.6521596325157835,-0.014716737135830918,0.687629279135209
0.5143366251451277,0.7579746551242554,1.792049860680062,1.3672422269462712,0.9352663902653793,0.10664577917402832,-0.8454829435029793,0.6523490138962452,1.4483807819160737,0.3240359154871355,2.00410519112419,0.054758894414537546,0.6687632642774324
-0.5656981985674552,-0.11719063755538735,-1.3959316648408355,-0.3341396562827544,0.5491557394521726,-0.3902970795426517,-2.487366416189405,0.06721888172647181,1.1282634798152786,-0.2826728706206714,-1.0705259418911814,-0.02432316604277338,0.1217553903152132
0.02440977856516828,-1.069328881766026,-0.019699071887880584,-0.9893735581062116,0.6581535299919131,-1.2855183970659143,-1.0576440857485354,0.0594138455225361,-0.8787242596549913,-0.11830220831868551,1.636695617371135,-0.045336184240877556,-0.9594000085360478
0.032802024697884895,-0.5248133828470276,0.46253877471821997,-0.6621796616880844,0.9397504343247662,-0.40727923279524686,-0.8435207197380562,0.24503619443314767,0.15354826374807282,-0.07833896358497441,0.01156821082553092,-0.038655971392161294,-0.47276628696670137
-0.11049501580030976,-0.5331071188093887,0.08571022824487755,-1.0108245138135843,0.604272666197891,-0.2295597304600395,-0.693359327437356,0.40636870830164584,0.3661944213054247,-0.03649188247198863,-0.8442276545883054,0.14422121456255094,-0.6916279428379818
-0.07483047364848772,-0.6806255631060858,0.18621539979086563,-0.9461263900798643,0.6739176647178831,-0.19302342888588708,-1.3039674281028824,0.20316089587182642,0.4315298242892866,-0.1161134831395208,-0.8890845138641696,0.24057247978842092,-0.5103861675489072
0.1428905011858377,-0.7089134098584248,-0.0024139374484204693,-1.0464557889435027,0.7003902887159751,-0.8163765728028698,-0.49191558043886385,0.08356158787902021,-0.712556086991293,-0.0430525626387033,2.126183825941342,-0.041680809889609524,-0.7175142698020984
0.3452249603045898,-0.3766076505235912,0.17159495876584613,-0.6332045649768164,0.6228510957568264,-0.646302083822795,-0.15694976406482364,0.21304960606412757,-0.5659196806409295,-0.018624097280100872,3.0221924203220336,-0.0014859460377030355,-0.2886276277351296
0.136312219252189,-0.6729982858968694,-0.2938873817254273,-0.8610791088154331,0.34914483760276604,-1.0597401093029315,-0.44488246895476347,-0.12000801439707479,-0.604904821746879,-0.055926429860087015,2.338240149862443,0.010988589337923398,-0.7268944830851007
-0.14207176321186138,-0.822990934776349,-0.6198888701397096,-1.0239093484672612,0.05374080115618803,-1.2105948096042913,-0.3016003912392385,-0.1052367136016902,-0.8408968423270724,-0.12961719044018535,2.7721548625888928,-0.056506421346113944,-1.0086681829941355
-0.08392865387645243,-1.1691157668290868,-0.6932789599791999,-1.310898945297166,-0.0595453956531775,-1.6663547516032116,-0.5165777603710174,-0.37660565698545223,-1.0122544020794646,-0.18722613110827896,2.1014738340003216,0.026605959401672857,-1.1014991198464608
-0.06375383166596307,-0.8635726869763393,-0.5379779794336191,-1.1093454667455,0.18598825493620508,-1.7607392505287303,-0.4775971942058661,-0.19622728930113628,-0.681831657331851,-0.19066498803181775,2.1289774562433985,-0.06461470107910118,-1.106837307980491
-0.3590248543864839,-1.4962117840978317,-0.1625688666363972,-1.5948697488977468,0.028350822190340148,-1.6551277422099118,-1.0232074875427253,-0.28600797704731434,-0.5512514290161844,-0.2088634422513294,1.2784449061187393,-0.011138485605026512,-0.9496954372289798
-0.2773513400722812,-1.0427621474158428,-0.4336289238151061,-1.4906061075151795,-0.04203831050234544,-1.8153449845117418,-0.4064272119311823,-0.24564746287961794,-0.6268300831504167,-0.13438599465466616,2.2454643062176185,0.09676181904661152,-1.07266385121478
0.0352854818824884,-0.9174253249504708,-0.49480334178337615,-0.8980224439967424,0.04826285185085401,-1.4554115300666952,-0.5858574952842255,-0.09208971317340099,-0.8242510370879124,-0.15061520384417632,2.8113669900746188,-0.031376785690792754,-0.8963537539158845
-0.5015298037841501,-1.2719840378829068,-0.32187996449595735,-1.7647156096242058,-0.0212208930014943,-1.7213555454198894,-0.3916153866967135,-0.3267883242316182,-0.8554558686676644,-0.07011819314237472,1.4623202032689004,-0.07678841761908385,-0.9606473636078751
-0.2742803696718894,-1.02053183751931,-0.4105828404514533,-1.5209665274855475,0.3568652177984931,-1.6448662865032548,-0.533183906816153,-0.24507755256982314,-0.8187592254077187,0.0022573983529582276,2.006516948063444,0.007919932261316357,-1.1274392688972876
-1.5941383961453617,-2.401130124115282,-1.7062306898283879,-2.4065229198393507,-0.4127468538651657,-2.689218760467031,-1.8589584457863952,-1.2600173122472027,-0.6952687738209755,-0.6009229742228571,-1.2400963455029865,-0.3999025821183912,-1.8783023558898517
-0.2621836142862837,-1.2558850293513386,-0.41692142928226134,-1.046795676411647,0.20687862946962327,-1.7384431589487945,-0.3612059131549257,-0.4955164813364132,-1.0233492624757088,-0.20386911300269678,2.5270084401802158,-0.01327425924129785,-1.027525574859335
-0.10089594613708966,-0.8226814141569451,-0.035553511114428955,-1.1921102999942377,0.7772457764631446,-0.8685692108277645,-0.6006257190961494,-0.15132270462914477,-1.9995610547153693,0.07146752686006946,0.4672983901290636,-0.040224138237535983,-0.8526453990566858
-0.15140939761625805,-0.7597073038289737,0.10268730263018779,-1.0640021691517905,0.5716860893161763,-1.2681697342249874,-0.04351745969305428,0.0716750775738102,-0.6805390118626463,0.17186160815620996,2.5287176902136856,-0.02775058752029319,-0.6589422663813456
-0.0011197751005075764,-0.9229728473350407,0.2034736382526655,-1.107918021578031,0.740673078893839,-0.9297758800996883,-0.65751418684661,-0.20056448907074004,-2.485190070533038,0.020953395944606126,0.7249645736766979,-0.04995501648893378,-0.7947473329766139
-0.3397426823257572,-0.9869407142781552,-0.3498313168498377,-1.4736141796078943,0.16653647615574305,-1.542388069621391,-0.12403682427791256,-0.2991796077239431,-0.8662879369319936,-0.12570510419085645,2.4627066183085042,-0.05879105062741366,-1.1348240750810752
0.2144449728965345,-0.5473412702760351,0.30242824273390895,-0.48842247217997087,0.6271032151310808,-0.9189467350227964,0.13737862903003892,0.37202672666042236,1.6280945062492456,0.2619983663151248,0.9195676139783528,-0.061945149527034844,-0.6017885753077765
0.11773742146065663,-0.6074583413369127,0.19949252708815032,-0.6822630749829116,0.37857412609685626,-1.0580400417310494,0.2039898993866519,0.08341902992895073,0.9361712585110217,0.44229807058814913,0.7860277466548401,0.22103928992421273,-0.5923500335878796
0.10148217383565176,-0.6368687326140292,0.21555318829603498,-0.6803891922047155,0.361496199567078,-1.0112164015664409,0.054548275129248536,0.20776304518390035,1.2861038728989653,0.21785168188106685,0.743826870371898,0.01026398971883787,-0.7343124642771566
-0.1275946747263273,-0.8430319962764368,-0.036027379742720064,-0.964140152938457,0.09489380793594243,-1.4291403722007656,-0.0028166227063371155,-0.13463954656798804,0.6447382450440071,0.2312249482847337,0.4939780860342498,-0.09255381787402761,-1.0743754098988654
0.18016121763218595,-0.5140820357544966,0.3058412359913606,-0.507713840007782,0.3604136521462351,-0.8597383559898781,0.25300662107455246,0.21290403697225785,0.8953916687714971,0.06349462147802122,3.2158380060518788,-0.04271270114618048,-0.5197943391236994
1.0243015501016959,0.2046677381886789,0.5230584055154274,0.07056059147024296,0.18616206755344236,-0.1955411127235537,0.15224218931669992,0.5058764991371167,3.6175869384842616,0.11875518825215593,0.34159707385011845,0.08776422864033118,0.35289229253772647
0.27358573607996933,-0.2483210780404301,0.05305033997322101,-0.3898051640888056,-0.0425542940675386,-0.7015406573310287,-0.0647993517987846,0.31964605024084436,2.8320155250891634,-0.0641615831624304,0.24460761070096249,-0.10152657948227395,-0.033151092875438555
0.5972066059015276,0.1827445565878102,0.1900947927895727,-0.00811453109193188,0.5265429118940502,-0.4264213189348163,0.29090755774458454,0.5334441427363912,3.5566779406130724,0.266626762410419,0.13138041152670554,-0.02322741509622163,0.30045233341140887
-0.27858865713390224,-1.195630470390121,-0.5842513492858659,-1.0471827192614889,-0.36825600481488646,-1.5122601503713267,-0.8382006789847382,-0.047734709362395766,2.1796448590058,-0.3613511880963215,-0.28480413004962923,-0.1710557141765538,-0.7437460440397261
-0.0057679846023932935,-1.1523604077364622,-0.35465847693797614,-0.9409959566650082,-0.3303045589425085,-1.525491345160537,-0.7152442440628595,-0.17216568639708885,1.8305043501148208,-0.1713069008813344,0.48589186602686,-0.11923664790164278,-0.9550073988802941
0.2709734359057621,-0.48215705320083824,0.8092882348002042,0.737925996351987,0.7277932309856019,-0.7423215070325466,-0.6391226897595658,0.14534984786011698,-0.12276010667180842,0.07825378843893606,2.1827066584097015,-0.028657568614516033,-0.013068517279914661
0.25467027354933724,-0.49529682626844285,0.6377026670907314,0.5493475036400679,0.976303146497036,-0.6800977189047263,-0.6694192736368213,0.36995731708438423,-0.6402449612598865,-0.03103720186174752,2.5925052742597963,-0.056279546802656594,-0.12625273220396294
0.10664346082963877,-0.7859816937603882,0.27042486698780627,0.2367862370134228,0.7884409025280427,-1.427404385985186,-0.9698881476827794,-0.2550299369761098,-0.9213091999499335,-0.2701979300917851,1.037534025226099,-0.15234376921421966,-0.6540335969176765
0.6928941975937535,-0.1988291959112717,0.7034265438456916,0.7220141550950291,1.4677721657386666,-0.8496268424246873,-0.5701783944956128,0.3071716110987795,-0.4039024549971024,-0.010811197287403065,2.7501966510563056,0.031968734277826316,-0.10680060009058148
-5.0908818788847165,-2.462133525320743,-1.5414088384377667,-3.6705979381036014,-0.8751453955730217,-3.0532302603912016,-2.0326698747028904,-2.713555059724799,-1.1906765140530966,-0.6323320267427093,-3.0597928166948267,-0.1668235457952445,-2.4625935544777247
0.24979854942402918,0.2351730068814424,0.3421824202996988,1.1701848227354799,1.4942061915445246,0.16045398345527556,1.1450531228062593,0.39220966336524316,2.9105165426101944,0.3359700927914432,0.6335424648525403,0.03653278646473246,-0.041380419880151655
0.10370039553484983,-0.4286767848829427,-0.1308432284939207,-0.7523755118178408,0.2876968196800186,-1.0643483771683853,-0.16097982022186944,-0.16372295265499912,-0.37410277872139375,0.057121088601027874,2.237227073649152,0.014515020514113956,-0.2506880583707243
0.530912081822753,-0.2897619086483285,1.0267105365316904,0.35812457604644193,0.35246901618316767,-0.05684538622904155,0.14124909603140437,0.05143501387081206,1.30827542334795,0.21673619255630505,3.8883220234554665,0.006582177426252099,0.6392477909941225
0.060436629232846824,-0.5623499017084634,-0.2229119370484519,0.572200583125361,1.1452530134831453,-0.7552256546314392,0.2854293983191667,-0.41016984551110214,2.020216582516829,-0.02404051698951247,1.5084169988044434,-0.07839777704638735,-0.9327965451983941
0.18899171045877866,-0.2617673383135761,0.08356593104493279,0.42222035134832075,1.2146222454785478,-0.23939245532577236,0.6234429264016863,-0.03572826377012666,2.572298823424304,0.0569725642694781,2.462524735165967,-0.07788730315760611,0.03506165925827282
0.1788665266583365,0.1484222100250836,0.1732565045636148,1.1842726287607934,1.6667906203338256,-0.2899582209624352,1.2586221278065608,0.2647649621239139,2.490794569786845,0.2563109452142897,-0.4067513727096633,-0.007939123134646224,-0.0543473469165879
-0.2785235834028572,-0.15919497254304601,0.7761903695203363,0.25699774270049386,0.6964132989011704,-0.11397158939494845,-0.46476331755932815,0.2707760468228823,1.9177892422686433,0.1101954796175577,4.489396509121482,0.0734742477939775,0.3749467658944843
0.4542258688497047,0.48335365495644506,0.8485304824149028,1.4414814829298608,2.1649862866807315,0.797780561409891,1.6430451527155105,0.3856043693133527,2.7716175024511496,0.06855673146227145,2.480493229955642,-0.05580730545334508,0.18307680230070306
0.04677825975335318,-0.3442626047931199,0.22775817418884906,0.42328408900337905,1.3315912176058105,0.010326562250136407,0.8139510259932528,-0.18626201251728683,2.4591418448333733,0.002657506443146428,2.0814951774788404,-0.08741579096039961,0.014754646006557515
0.428420823819728,1.064575066306732,0.9592469568798941,2.126595167125472,1.8149217037328833,0.3791741338579191,2.290602540270321,0.39754083439190363,2.572162554001229,0.257902629810075,3.1585616537390475,0.04784939176609962,0.05895997924523219
1.4094418786341947,0.4745494611343989,0.5150924081324291,1.226616183540059,2.233730089989388,0.5874592063845032,1.3523852363094273,0.21242942417661345,3.5385973770316266,0.850771317736556,2.7668933568863814,0.026746220696303686,0.7111830835292738
0.46889478499276765,0.4452235528019567,0.4763326839254134,1.2178348465015496,1.8325137818759931,0.6743177383703487,1.6672069015110738,0.436727489970314,2.79629093606232,0.4172482525412406,1.4238328939117488,0.017867431015604247,0.534558853349752
0.5375298429208082,0.2516278645872242,0.4592910652266195,0.9416744554425692,1.6280454497939596,0.6226305452154746,1.734599833689216,0.34018479343503716,2.9973060904256994,0.6422453995752669,2.123417928420628,0.01174227295857349,0.37518548358749193
0.11194768935545445,1.4144560155893364,0.8965321579389277,1.6445590413092739,3.2357865401812727,0.4535904320246643,2.5879375450520055,0.31924601577222333,2.6928109493541226,0.6577011477978277,3.613988692992263,0.03804564279814553,0.7148061837690571
0.6259374771039523,0.07434068562359442,0.4305438928554456,0.8495559341150025,1.6641026972958608,0.574915750007042,1.2139335468804666,0.23622340424710686,2.8515467920899393,0.3323313808223852,1.7987760087112998,0.18734931324091222,0.21961568204996507
-0.10267427066134086,-0.44520375352611563,0.1562114742439655,0.8501426269517588,1.0896135255487427,-0.39198373300282086,0.7689677686399473,-0.22307635435834516,1.3863012664827208,-0.24099147005420601,0.4525532294209633,-0.10592704989429978,-0.6344954397736324
-0.10004040312435901,-0.49724949669092905,-0.03626263617951822,-0.5037397145635139,0.7395041414443404,-0.34626411892991105,0.43238365975725956,-0.10102974996384662,1.603853203955417,-0.30533376440716276,2.940245099705127,0.010295809718469797,-0.25277478329009484
-0.5365280703517293,-0.46465901936404413,0.04945607437131304,-0.681997064793896,0.85589235991343,-0.4684117046697064,0.4723642842885522,-0.5756284050426134,1.7188532214001235,-0.2808451252203021,3.4077187579399384,0.0613951931169463,-0.11773883605065444
-0.02306147067497171,-0.5445264434369486,-0.14443208960868015,-0.18944473183817334,0.759556984466811,-0.261633161254641,0.6939059675526287,-0.4455583042837676,1.59412792167885,-0.2887643631583907,3.3456898589080395,0.0012942746524802946,0.12568162377923725
0.28227967132193355,0.6670264580830314,0.7129349692905735,1.8505311937609479,1.394612515154812,0.8007149388154765,1.7897780692970582,0.2877274765219124,2.3370810393042243,0.07111680150187288,3.379049320393759,-0.006077288743108595,0.7509622158617195
-0.4248233002258671,-0.4905865144067341,-0.1352988869645116,-0.8021053864527493,0.7126226551954945,-0.46208368057799043,0.5519906416535382,-0.3992091881390662,1.502450367016718,-0.29562679657712565,3.17718486391215,0.015552336565322388,-0.27023495976502687
-0.4168087178396267,-0.28497584098846535,-0.28840129516501406,-0.6456443732211159,-0.04066471691864236,-0.7131201927012039,0.47317309756245873,-0.29300806660463824,0.07479653961232133,-0.09227292464425167,2.008268308614174,0.0035033699347534505,-0.6818472191458568
0.028270814793391243,-0.13777396130065137,0.07572142049101076,-0.46291121341857244,-0.06384095419612194,-0.5844312106579955,0.42808311854592623,-0.021670249537047253,1.1349394325663644,-0.1014284180570395,2.243327248602484,0.17634750512118144,-0.2457969855186013
0.8146371626698724,0.07914491844880908,0.22424946069924356,-0.22051654040606478,0.7755692297065009,-0.7751168166649428,0.20918680229741674,0.17141614256530174,-0.2893705938508114,0.3827291168789897,2.9818111959120466,0.019343165542102518,-0.031639884840697144
-0.18313162470650346,-0.6711669435310696,0.31883653727722255,-0.5564411689211718,0.7207169694660438,-1.078781584616647,-0.8663580979769014,0.0004858207733680928,-1.088998232267073,-0.05089346910723376,0.7623856963745008,-0.018474317837196077,-0.6839774071047499
-1.1012756480669812,-1.9811409822768635,-1.1186051971703357,-2.2810912783800936,-0.5298564834675441,-1.9143981290246468,-1.0368659676663166,-1.2392638310603796,-1.4216658521707481,-0.3065575278270989,-0.046185718497468296,-0.13262767285832927,-1.1507718681088752
-0.6790663610367724,-1.4676093489754323,-1.5856786108648198,-2.134019247031668,-1.5814095139110258,-1.6826179385945825,-0.7764468231186683,-0.8741509546204989,-1.8157602424381514,-0.3536774880392477,0.35999469938791456,-0.06718912105696899,-1.0699569531400792
-1.0440624662157556,-2.0188366982847863,-0.649326087870739,-1.6974611650785019,-0.44552724746780265,-1.6767900298277123,-1.0197346494543469,-0.5877292972632375,-2.122896062499947,0.07147117813221286,0.3621388950379979,-0.03922090047711716,-1.215816686236196
0.05802112431472376,-0.5106178771952786,0.33827933145324784,0.7661613003919937,0.18846065919018443,-1.0770634407032695,-0.7141620260984118,-0.040525360308173726,-8.406138771934992e-05,-0.09148365294198617,0.9867977136564959,-0.008179441871535421,-0.42159110058254246
0.017726753449274338,0.29736696551450426,0.6180469124888383,1.1947754445972125,1.3500248222653237,0.3515219427800427,1.2089929206110535,-0.1948151297618947,2.128508659932349,-0.2360360000354963,2.2251946675394563,-0.10023008147875467,0.162767233527783
0.5263746782350872,0.5188945333721738,0.36106520554568206,1.4339826586883933,2.0696549645645748,0.7823154060107965,1.7678389538762478,0.5766472413246004,2.543546792460191,0.6455151786531014,2.18892117884217,0.11453471290775469,0.21040874763495387
0.4093320223823603,0.8116217441153194,0.8887755820693239,1.6407974347285927,1.6024630688110162,1.1306824757841722,1.8626435834479826,0.47971521831634956,2.167477699468533,0.01729982054999304,2.618098629142882,0.11386446311345513,0.6734966559376979
0.8536446593639752,-0.07371121332566775,0.6174151032459405,-0.1925640666598662,1.0698152102478258,-0.6677928603347391,-0.21616304597817362,0.3515181474646345,-0.2062722909864452,0.021231603013972335,2.5177079200165142,-0.0027473112071552982,0.05246928073879739
0.4461665394979839,-0.21651028878158984,0.21689362413767305,-0.48822943519231754,0.8744102569141733,-0.5713882661398707,-0.3029923851415515,0.12765217365541798,-0.48881810569049183,-0.07005606763271814,2.7345943305449976,-0.05240284975411161,-0.16266302125011056
0.18505523015020622,-0.7827810563540292,-0.04320459108489257,-1.041860986744157,0.8468004349650191,-0.9606205198168757,-1.0711435382533816,-0.02063616905257948,-0.7967194578517227,-0.0921016182010579,2.2187920265122205,-0.046870184861537406,-0.7899921567168915
-0.4861762847722275,-0.6717993645756767,-0.09589680359168488,-1.0306999123607403,0.6458394202596455,-1.6249185586341708,-2.1405077939296215,-0.26035350609118024,0.1127573269447828,-0.1300032318935134,0.04961282453758431,-0.10572282315516429,-0.4368159417733679
-0.902999883865058,-0.2653371336781938,-0.9529254810750069,0.11617991046695456,0.3788499605928598,-0.8687457774708877,-2.6958243316739234,-0.6417513845691509,0.4016327676497813,-0.5372729318512655,-1.0119871894230084,-0.13161355432666216,-0.2889876128429185
-0.3708901393625679,-0.6442585368780418,0.25730439437630903,-0.6603984587701659,0.7905773584560181,-0.9504262882119251,-1.883854983701215,-0.09402106102555992,-0.9273394498668817,-0.1906096206926223,-0.1994550090324548,-0.04441976304579939,-0.09559121415432952
1.0036607025832762,0.17955489278874448,0.9929128407345461,0.6528607398457823,0.8914340641835913,-0.3996711759641766,0.33178583200400075,0.6468393716267826,0.04510701154565634,0.5341841785930511,2.568537373309955,0.08827511879201572,0.43545902146336923
0.13405097876313252,-0.5433891782262879,-0.27101540993485185,-0.897751083828302,0.4122475189322398,-1.2833771681495836,-0.345763727804232,-0.13072732099331916,-0.7559502877564065,-0.0712917146500614,2.718555587309723,-0.009305453216657017,-0.43729281833912764
-0.015135124010137316,0.07571574871635262,0.3728606701155917,1.0524559111417169,1.2736245224728355,0.30044256683956416,1.2169304398261014,0.0807160210981965,2.5584757460757266,0.10502167701514237,1.7333061941413006,-0.043550459949506536,-0.07235515344784477
-0.253955958193789,0.2882610046035714,0.22019894231731685,0.9453341380713712,1.4024146158237834,-0.26726393065829257,1.6073016470101553,-0.29114586934654246,1.8580517820486178,-0.09983561341340347,-0.023437060089781945,-0.047901894093180575,-0.6085540196154682
-1.2596344585323502,0.6410480008191534,-0.9527682242811554,-2.521846242614297,-1.0049658335160672,-1.5343837361725876,1.7067757825998382,-2.380276377818858,2.3825652713525214,-0.4806863084176762,1.4228369763296926,-0.15535647945064637,-3.1026821492964194
-0.04766523483105827,-0.0337194488042345,0.16380797263027913,0.7825654583714076,1.0623528501701847,0.21031957120117217,1.221531613818887,-0.12235586196184162,2.625712330992231,0.022226758197777627,1.7160154540795416,-0.19745956130739714,-0.2597998728685912
0.11021464943678848,0.4774098410271109,0.5215103348499786,1.0528424909121048,1.390064639898224,0.5661852650137411,1.5948583471485307,0.020527263650049435,2.005848232628778,-0.20405369476415236,2.305828905894111,-0.13478031432463078,0.42174965420944815
-0.23049641812530666,-0.5690698376484213,0.5206806407589464,0.9124649293989768,0.33823753157423603,-0.2154870857298374,-0.20296909881031347,-0.05880785558993616,0.8855013377664407,-0.14187576460031165,1.516124134747725,-0.056136316772964316,-0.32805681857176955
-0.23067549728115797,-0.4023444256471056,-0.07478501443958134,-0.21154441519950828,0.19937150309276244,-0.03804850304913194,0.6724135006483023,-0.413829618477159,1.3331034147118528,-0.1553153923510885,4.37108947857904,-0.02229874077460015,0.07075741823762646
0.042260757525347845,-0.5046090628258472,0.4009305698745367,-0.3224785431764192,0.1258148548917638,-0.7350146303750161,-0.2669518913359692,0.0662023903646816,1.392291135954567,0.204142963555124,2.45150561275685,-0.02912751914933341,-0.4195959815103561
-0.39726144456822016,-0.9587692136493408,-0.33182502330280844,-1.1703356599052337,-0.19672356169567343,-1.4073224092543957,-0.42282841364542645,-0.6194573735352605,1.2634773310118665,-0.18854063346671582,2.416480352727489,-0.06397194057599537,-0.6643625003265009
-0.3416858534432121,-0.6896941775331895,-0.5278164244236216,-0.5328100542869004,-0.5504863913667697,-1.3214369454752244,-0.5625669713287303,-0.16999733128067535,1.8497235509318608,-0.13581357187488005,1.5973065610871549,-0.07168850090044233,-0.7135825541387829
0.1804626761335465,0.08387576034292575,0.18597251199185846,-0.19497927274968882,1.4251453942691699,0.3882647134901751,0.7324458489546346,0.2551949285322593,3.437339387622971,0.36290855379982134,1.9628944087338942,-0.06280234844734275,0.36337886207944003
0.22089027864961983,0.02370611455601939,0.210506369366,-0.1613660285187264,1.413985489052203,0.503748720984699,0.5471776338045795,0.2196198209033658,3.359251892139307,0.3431208446435629,1.857128187343478,-0.11294311155565083,0.3961018964296412
1.1348358634900721,0.14111039496958264,0.6849095319625402,0.6006468582774203,0.6351426646723929,0.05332519939479753,1.583743281468956,0.8417673451722495,3.7851761054071704,0.02602706052569877,0.8994644598580067,-0.019888758950142367,0.30651409077665076
0.44082768595570515,-0.026131098075873223,0.2907976766473925,1.5959906277955616,0.2811182314623146,0.31822956424930876,0.2284102053283197,0.5844439853500162,1.0792553479586622,0.036539957256366724,4.026078193039737,0.012025240216300772,-0.172600035249359
-0.41662961627356715,-0.6633753063788433,0.6833212845384454,0.7921624791704946,0.3778243172717176,-0.0015414660144597765,-0.2595649343522061,-0.08119840370905067,0.9673910639859322,-0.2291547747313354,1.6714820148268097,0.027089123340944314,-0.3077226388578613
0.030306175144182337,-0.7049822356489799,0.6447121147749324,1.3314812925695962,0.24691635912284246,-0.5109507900657548,0.1578260796827574,0.13763270369834368,-0.4838220724168543,-0.13398159772985505,1.0787444624646259,-0.04625025644484509,-0.31663653091734484
0.06749030182758958,0.9551088007663687,0.47506013233214617,0.48977522700197174,-0.4335560232131845,0.01666942234047565,1.8574429661097627,0.2067762286981774,2.39198063799387,0.2949330153181735,2.2028530226182195,-0.0003020154850349825,-0.253427404973449
0.10582972684254238,0.7405634862225915,0.10627213388474455,0.48063622508611914,-0.45948355073523206,-0.07894620118352269,1.5205290462252574,0.03482879579895067,2.5968501726889777,0.29424954643783474,2.657500799424532,-0.006973714533572329,-0.5436289160698653
0.2504189149021272,0.521970172494443,0.6039264152488775,1.363521901610204,1.2791110140550883,0.16346932305954384,2.300400900486857,1.3983554951577553,4.490702200427445,0.43980664805095215,1.0717334186368521,0.004428418699858858,0.5957483469187799
0.2692737526291359,0.12675039010639794,0.284566023076574,-0.2527638297962646,0.1614330114713974,-0.14141566037821277,0.8719360040521454,0.3612680016954739,3.197756572113269,-0.11795450241408403,1.9945553884789757,-0.03497083498992838,0.30291848128454535
0.17579662946052854,0.5195611260210478,0.22425998628346455,-0.05497595188000965,0.6651287625843865,0.3220894993800258,1.098405168797407,0.218451751332937,2.5675678616317197,0.013296165035830556,1.231795016970072,-0.0677592790675246,0.4289938148669902
-0.16509103569926503,0.2292891188917888,-0.13965840697702447,0.6375042488777803,0.3710501613799069,0.14116833550234634,1.1466445605094646,-0.04717208479220673,2.565776235155968,-0.2461383149845318,1.5695143530424684,-0.09309032732827809,0.03293869639436399
-0.3652874476980003,-0.28355909099543664,-0.09240378258749847,-0.6889094020229659,-0.1283208493391672,-0.622931751350148,0.515706406335036,0.10557369405300242,2.568291909102765,-0.07877279329682817,1.2631332943826497,-0.015970968491294313,-0.19063578734174372
-0.022759118500269113,-0.34922772092123844,-0.31762747949092734,-0.7392795426884871,-0.3199263933973594,-0.35971729878232706,0.4700859464663596,-0.07056086173901953,2.723900399313619,0.06362647312796786,1.2551822073136765,-0.08935503108219972,-0.0067891069687904875
-0.6403142843126424,1.1495135504172909,-0.6469581322133955,-1.1545550293082165,-0.6413731759827999,-0.9633937009548149,2.1972959475302027,-1.8642296936083587,2.671577035278703,0.013718718542820899,2.023294950443216,-0.018721645603784184,-2.445884478151177
0.3258483640611585,0.33991395103020783,0.3593972533599784,-0.15809472192492754,1.496672389426579,0.14170935314976524,0.8394103865015012,0.34308015430967026,3.598896714955983,0.31263697489164755,1.760994528597221,-0.07592488710147621,0.7195328072158412
0.44554712594279827,0.3251279213000089,0.319139011644034,-0.10502202574784539,1.8327094713174228,0.06779411588174601,0.9404295639279816,0.449383118211602,3.6251503842551673,0.5706372442334476,-0.700583945373073,0.2612445875164121,0.33303858528845015
0.1852088945079594,-0.2515084623441926,0.0573474757238808,0.22910180938223176,0.5212708588099729,-0.29634589807233874,0.3609399094163544,0.3298309822794464,3.0452594996409283,-0.0639049925748259,1.2354482417170785,-0.07253425291635927,-0.523328699929019
0.43224914339991893,0.7001728136330426,0.6133822581792867,0.09633318598692603,1.3469841117649854,0.8737844205006127,1.6377374402061105,0.5173011582158504,4.429701734596035,0.4517823944292545,1.8231498803115551,-0.08744923648010515,0.5310975892179542
1.6883653277013861,1.355880756793906,1.0552447446114899,0.5510271446644843,1.615306637214704,0.4969061814724572,1.232204764073508,0.9421755817191055,4.533568994067869,0.7005903380922973,2.1962262326002944,0.004437002822135796,0.9932622089712986
0.10884771654589305,-0.12981355457670174,0.07118752412808445,-0.33490887300033756,1.1410588204889143,0.3018231324561767,0.5723596505137779,0.23243781512292724,3.3069282107469116,0.051560102157657,1.686246423986223,-0.10279875489572704,0.19430130479934926
0.08589622645224959,0.2831258272421029,0.3095802580606605,1.2982590628767179,1.003374068364501,0.3107531690483704,0.696660147520403,0.21514828926987117,3.2861262290510855,0.04266792104579537,2.64933312110189,-0.005848744923455613,0.33894482165885464
-0.1141781313355182,-0.1981804401603424,-0.3594055090410015,0.010296776828666365,0.8833092546638928,-0.06500384982675331,0.1227711969614029,0.007323881584322894,2.53400168829908,-0.12771656512800192,1.9615415150485929,-0.04343507431137053,0.13346636508487997
0.03671815416361741,0.21489965786950468,0.20553029070711773,1.1510416253376752,0.9313401044336046,0.07864140901404132,0.6002083316445349,0.12996963084364926,2.9078366115544396,0.023153517286603628,1.985367490532291,-0.029577065413403793,0.5474841313033052
-0.2351754650804732,0.014010548016263521,-0.5136394234653563,0.5585581245542403,-0.35623107724512615,-0.35588869786717797,1.188110265900484,-0.2254630215445329,1.1008052495163352,-0.091240364515947,4.056703008611996,0.016074509086708315,-0.9873134566470981
-0.6247808021100032,0.04592770700498175,-0.1264415615279641,0.8641047942348651,0.0007741684285509612,-0.04191323281783202,0.8424210910230043,-0.3346268389280883,0.9915204842761164,-0.2774431598502109,2.8288210617078255,-0.020627096206881204,-0.3864228129324812
-0.3993943075085471,0.13701073939394637,0.1607006335941453,0.4571059065089664,0.23404154059942814,-0.02414750930232295,1.1647505714206232,-0.34990850504798204,1.2320767697257302,-0.2622650325251745,2.9875559829718745,-0.07082954417241545,-0.42351510000311665
0.49734609147326825,0.5223522858057792,0.7877695802681977,1.4733822702274968,1.0120606551402145,0.3290064287972119,0.9122863579831192,0.30161637945255915,3.008167895698506,-0.0013677607947547947,2.3296011584733303,-0.06191108886669919,0.48493248655564286
0.7177356812099203,1.336327394273959,0.827595182504091,2.242738101944948,1.5087575948165937,0.967872285215805,1.3142779294608369,0.3521164901865027,2.823937547369343,0.24123313465466056,3.4164003745259515,-0.003435664003093845,0.37595782147720447
0.4331982777867881,0.615796033723487,0.7335031736828387,1.8907621189382755,1.1909383150604036,0.9297821558204787,1.1379081149213013,0.40214715262978434,2.939395404439419,0.4478199584264717,2.388439983549631,-0.06226486495075142,1.1436822802604487
0.23903470317522654,0.4131932010718931,0.5810190867922371,1.7223050446197805,1.1293521228432657,0.5205022273709373,0.8591449472390941,0.2520252191606495,3.0241531176068306,0.15442522268431885,2.6710850350103446,0.2198926553854512,0.5956129763151207
0.1483975604569747,0.7598662018144711,0.8415171274046104,1.486756997962172,1.3381687210810682,0.6791738888828289,2.270626986457243,0.38853988087839564,2.22323891122308,0.02676962200138311,1.7308001234465176,0.048059563442237115,-0.4273182284335295
0.20292121571695668,0.39785966711429266,0.7880119805948607,1.4024541079439226,1.3002998093112064,0.49533192103004314,1.3522058962771877,0.13529621345094506,2.056386674259686,0.06664408429111887,2.822766725270905,0.11871989879550185,0.3617162121118358
0.008831764979081126,0.3667787781005933,0.6695728617979007,1.0599809200337365,1.5144650474025145,0.5145317441245747,1.1692356410363896,0.05314612513821985,2.045574329195337,-0.035546012932641445,2.7730615854242617,0.11366159011299432,0.298231172197395
-0.17536776845446894,1.7429173890728922,-0.3888819230741097,-0.8562820793843517,-0.47846875591358784,-0.13252727799531497,2.4547869046798176,-1.66822312772481,2.3147677402974414,0.5728033932857213,3.048189725462968,-0.031905618812371465,-2.5232603402146037
-0.4339157931444546,1.8329806143935354,-0.2977688024327574,-0.3380032207206305,-0.547361139720306,-0.052548855437586584,2.883064752254221,-1.8205322975116889,3.076713172156985,-0.0942708732467144,2.0878352835277716,-0.01925600469940237,-2.862106101583276
-0.015307671970998273,1.3445447866701414,-0.12613890282188858,-0.6206160338947343,-0.3775644543518624,-0.26057753120238586,2.612293946418083,-0.8437671262646718,2.65026530943811,0.8053559788709713,2.7655216480460423,0.010793124333851776,-1.1314256818727073
0.2918875242097097,2.096484301700774,-0.2349678385174935,-0.9128479640786019,-0.46583867093962106,0.1961292705095064,3.2304539876431226,-1.4952912655638326,3.9066137086455197,-0.027393602178328487,2.737703026535197,0.032323779092273824,-2.0878786024461604
-0.7416524992852164,0.2098446460513192,-0.506810576651866,-0.6375908537902352,-0.535494765203653,-1.1787250902884017,1.1329249938057424,0.1773026879763024,-0.22272857102461988,0.04983385182399718,-0.4540129427353128,-0.08355285663468139,0.011614847100443224
-0.34123692732614797,0.43257476188242444,-0.35220945806966886,-0.17442706602522068,-0.28306138711671036,-0.8123447273609539,1.383945438674547,0.31616137797633787,-0.4541533190932952,1.0092313485427034,0.12032922234179239,0.25133129359119455,0.23197030048299994
-0.8661786617095478,-0.757603502593831,-0.6259110783868367,-0.9808162375777544,-1.2947574653776575,-1.6016833229259482,0.8164162696515107,-0.20720008212348656,-0.7429013872902012,-0.3407264365623188,-0.7523827329593608,0.08899598530907595,-0.49556106481080264
1.2559270325002982,1.9352158666184789,0.015118519677263211,1.2438620891991177,-0.08771459807331371,1.567636974829559,3.9565439326326466,0.10411245205336145,3.3116164221914683,0.91627546786848,2.9371784547250717,0.01343174749260962,0.39892015340117104
1.2238773456588388,3.6069000022951516,0.626162840494265,2.1700455176995854,-0.09115331582932,1.2203631237604553,3.3903685568666297,0.1571643495963265,4.336955850518619,1.1964101237296643,1.7987101216717722,0.0774191660123566,0.15998139904811975
-1.575952571578091,-0.5341422929625133,-1.4162215196546948,-0.9986357366840818,-1.17175440206283,-1.4904578588531712,0.5833887279800709,-0.4697356308368035,0.5365116328835331,-0.1960119601424472,-0.07122866337045308,-0.12109570966955892,-1.2436376358809265
-0.7764656220635191,0.04969528258571184,-0.7039743404147318,-0.5627797135752108,-0.5735987503029819,-1.1228700830740852,1.281712371312702,0.12048347672861483,-0.3335527656874102,0.4202899827539093,-0.25598220144450257,-0.1194237490722703,-0.5487284668110726
-0.6041724531994096,0.02773601960390806,-0.42907141567259616,-0.31693039583973603,-0.4265350957225182,-1.2489684536142482,1.4983259329593017,0.07331578339036143,-1.64973207043846,0.4761165731689996,0.41047073728922334,-0.06689621768374408,-0.24725754695323618
-0.7805820488650352,-0.7393619048983481,-2.985293266357233,-2.3141625984965093,-2.1756452452070594,-3.1851259055857852,-0.5336065866192802,-0.7326245236469224,-3.778023285696593,-1.2286742671630864,-0.17688718440735507,-0.3462897160411295,-1.4639729312295102
-0.5586160929030223,-0.29803680649596376,-0.4753970057931212,-0.341784009325525,-0.49591703161855943,-1.1899896754872883,1.5523627743683754,-0.03653959194715654,-1.9656757337734514,0.4777964382835975,0.6668027085221063,-0.021358789776762335,-0.31290985164956897
-0.5009829857769525,-0.11890913710049876,-0.5059973161305404,-0.6131344903969309,-0.386554822564746,-1.3126922868802733,1.144900613354726,0.053543317401781705,-1.9926140207683456,1.0890585318445745,-0.09398621931879059,-0.05137925307680333,-0.14012430696955153
0.4535661759641438,-0.07952592313082692,-0.07062084478533101,-0.32578884858017165,-0.18263766911915613,-0.9508212769166049,0.7256218855300298,0.2788798804632905,0.7914206962649608,0.15300414437221146,0.6222314787645717,-0.026857336953075447,-0.0284367883319242
0.26376783557546624,0.10514585143783016,-0.252803950017939,-0.6133039961656971,-0.31074878916713516,-1.0995280038689574,0.8473499085629981,0.1779881342909196,1.1289660444912601,0.23571385842541023,0.7602168358743397,-0.10031337295348451,-0.09607953399575003
0.4361720398513393,0.5443156055040244,0.018754634680743825,-0.1889499153352033,-0.08489459474260602,-0.3068294001805283,1.4136711319111699,0.4676583623234181,0.23655806766564236,0.4004507406697505,0.8308522991411803,-0.026541131101548654,0.29123185478254326
0.42267737502439157,0.4608924999884847,0.0926968224781254,-0.2569218034586973,-0.10187971655848536,-0.2920598521818304,1.2881011337155683,0.3935552373456046,0.5204195787943899,0.25646703924362846,1.0783444357497824,0.2096970809882299,0.3190934013332135
0.6065650435061088,0.7119634465495539,0.5483618635058195,0.1989734574681562,-0.17089505999659493,-0.28540390323381876,1.2902741846431875,0.44716498720252684,1.0330075914795616,0.11550952844321732,0.5495062214901876,0.01187844421507579,0.3782769678998739
0.02539088952872475,0.3731485609306643,-0.336114735150089,-0.4304515126026751,-0.26890591447965967,-0.6342360118724822,1.0920718986158158,0.26699721501933216,1.2565905531092234,0.3489359613445898,0.5539257284046872,-0.014942431157041093,0.10316825095564129
0.25443180113927366,0.16416292495611629,-0.35402794101689417,-0.6147542844454034,-0.24094000903165178,-1.1474688189983784,1.022713153047694,0.15805827098432934,0.6954517577402292,-0.13719840091394475,0.1706329840871816,-0.06277758489259415,0.04221747158043487
0.47854059255992376,0.8737422595204165,0.08390173537035775,0.032388296279693946,0.009336575821248892,0.7733219266036109,1.6203155176786492,0.5052784064577683,0.7090792248734373,0.004260856659255118,-0.32487730561884937,-0.07355596184109649,0.3716056132554594
0.4979389532457572,0.6206325179989088,0.09384056852923495,-0.09487561423331507,-0.07691757037614777,0.5809045015205627,1.437467872943315,0.3856118902310522,0.6891729127315599,0.008744741741360838,-0.10999331987100763,-0.00933748295841129,0.2590919055975973
0.31996999478898935,0.5665538416451049,0.06613573569183535,-0.39208114444381675,-0.14526922911302084,0.37726773806537195,1.2471677015576923,0.22176744193459566,0.5718432820329649,-0.05556821888985327,-0.14547709365892736,-0.05096547405183741,-0.022257707690199278
0.6255038782711038,1.0425156007241456,0.161583648713616,-0.11881763539070055,0.14276892618483136,0.7208653474045502,1.5004999609094942,0.610024825641885,0.8804362112263007,0.07879216681751958,-0.02609807983247772,0.09238338892296369,0.5915163636424887
0.36065940593524515,0.38586479073907765,-0.08549948297389245,-0.4301695639759095,-0.1633832556800916,-0.6866051396737912,1.1794056264492168,0.21100785221180166,1.1045664162783777,-0.1346284911853985,0.12616109487212573,0.39518930715819206,0.22747375586458174
0.1377888593119052,0.2359634160555691,-0.2808199741867268,-0.6212965806325279,-0.2879835344902758,-0.8778266321402044,1.1415359260255675,0.16436484320089226,1.0655146401996411,-0.07989121758741227,0.04234405408406425,-0.0792991228210222,0.06694713374341128
0.15128969679793544,0.25110424747897525,-0.40317352045223953,-0.6545579595511987,-0.5375069685580416,-1.0283053636002457,1.1045906755524788,0.07553318431290486,1.1157259278164968,-0.19992860058632983,-0.14107301077701973,-0.09542655156200958,-0.009049109622008297
0.4660463137117527,0.7190795596368197,0.24112902729668562,-0.023071771250623825,-0.1573833224311887,0.44160519106106644,1.4656164057521772,0.34547845600793775,0.8804290032531654,0.0007593059156917942,0.02043647655699811,-0.09428598204420673,0.09732162397354845
0.42646343357550603,0.7878763903139366,0.3001275193877519,0.06301883104981641,0.11792419417864758,0.4998173403926194,1.883793038802428,0.5052178127887761,0.9084241608509586,0.21699553211426575,0.020099443755009123,0.4779385087566658,0.25595319242009684
-0.384272703267634,0.20120553307131764,-0.42809529261767054,-0.3961515885560464,-0.5412071828699361,-0.7570243043121362,1.0648918110701358,0.11629433809572626,1.4939633186461612,0.2969237116372419,0.8486425188545964,-0.023208037588952388,0.20033458457328368
0.394941101088706,0.5248842067268884,-0.042228600900206366,-0.2652055416007837,-0.13444415263805748,0.5226093978274409,1.3678729118406772,0.2837711810951846,0.9777361515143682,-0.05686479055633161,-0.47558582015076856,-0.11828704063366685,0.017921921872637366
-0.006869484417968345,0.21723702557281496,-0.24011299581370416,-0.5320563143336527,-0.21966003150989624,-0.41841966675128783,1.3686048990048263,0.028572570466332905,0.775677618564417,-0.07310029983830939,-0.38017655381932836,-0.049489656586406916,0.09558347146337237
0.21567461961983797,0.48275218532989833,-0.06993372265870358,-0.42293132705200037,-0.23620681652592276,-0.2856679977517989,1.4949989330985893,0.2998979135535451,0.9900393792283203,-0.050345554460460865,0.21362619632441138,-0.01565578322443701,0.21565992545646928
0.45612593130518975,0.5139156602478274,-0.013999414280470912,-0.21447618529821433,-0.1282799436203723,0.36882345842197534,1.492239779908106,0.3696562215147747,0.921839140748812,-0.035320338220852975,-0.2541503851260577,-0.11610181809609964,0.12623007408498477
0.32037411728977333,0.4774439518898724,-0.07882350568556114,-0.44867849790491143,-0.11399797540623707,-0.19692223755228844,1.4946376488316393,0.23666083181069958,0.33540777139055233,-0.043931130070446356,0.23128157820656062,-0.1059927618808838,0.21915623077398366
0.2637414185485494,0.5767770429178037,0.0831749217983127,-0.2565820001603831,-0.056974470746807,-0.14955560768023138,1.6584245776943858,0.40028231252605717,1.0127867890356308,0.021087867917699885,0.21101995442269572,0.43956135383600137,0.5769505072892124
0.5994878379410752,1.3068538825834795,0.630535653896837,0.4560732093148141,0.2678193554809939,0.07468729976668116,2.152216768603151,1.1637259267001516,2.4245455035774244,0.060490542188183206,0.19644903903723598,0.3218916288214839,1.4499511804918037
-0.202256926376269,0.25895958115864137,-0.3880891458064111,-0.5945604191420393,-0.3581335797947313,-0.8630823442112241,1.3892337547915266,0.11696532843427526,0.9316701095261509,0.04505211100085739,-0.057361789311592894,-0.0692596362489794,0.009619212381334785
0.5987258998211474,1.016494969202516,0.39633928227600546,-0.014685015464201681,-0.034253517040051605,-0.4095804478021131,1.9077007602843352,0.5081594934749106,2.1439066160930738,0.39833578813924575,0.33504177017240866,0.13247850756833549,0.8785506412397244
0.552954602610682,0.671916825970531,0.41710893127782683,-0.15892877536929312,0.10886452029381556,0.6952835453203358,1.6730348946878477,0.4631856883482801,0.9113451090599926,0.08505898822150708,-0.1732740031878671,-0.07390458332012524,0.46772263335477976
0.15209315721669955,0.38727233244106174,-0.340511691879688,-0.5619242966180252,-0.48786231860725415,-0.12903650666690536,1.4647839116232675,0.08620189299186072,0.3973048671516071,-0.1459879936339955,-0.7297264630792457,-0.10605193121462235,-0.08908372641644537
0.14178876431400128,-0.12281175702758551,0.4965367013236715,0.08412976389336915,0.2563867407571524,-0.09452226303724783,1.0001007478482402,0.054860587046585,1.1616152311535548,-0.03451320393942301,4.183175279373406,0.011940704845926872,0.15189497079234573
-0.10948644349765452,-0.42618284292933,0.012538174476681683,-0.5029547287378874,0.037459781532072176,-0.3621942508593203,0.6672981431045465,-0.5771296406868431,0.9454844348153308,-0.31103908286326454,4.043597613518231,-0.054907825603667026,-0.7012877569720151
-0.16351742721110998,0.45102793398727137,-0.3429210223288585,-0.41521530738514345,-0.45902734705143516,0.3661337341414763,1.5851762558369793,0.13921048718970266,0.9602080131482535,-0.20456407023904233,-0.5024151479292455,-0.12068370493853263,-0.15161604525107475
-0.066671100651535,0.6014699921105056,-0.11821728867996069,-0.2611714956542063,-0.3076176906563343,0.42951692771632205,1.7213322045322925,0.345992516024659,1.2445288655632691,-0.050911412017626834,-0.3315726171402883,0.03327003232720825,-0.133672480634931
-0.18508480332998778,0.6629245832490009,-0.12965741989513244,-0.0541043468740665,-0.2927560212100959,0.12349281690186932,1.784253357580035,0.26893704353314307,1.462767609073263,-0.02356881131211081,-0.08670578396930875,0.12480638424865902,0.13457523053098064
-0.33832789779175054,0.4166719500606672,-0.2776899241283537,-0.20432076492760742,-0.39370110424545895,-0.08135256930047452,1.578688497040421,0.2597985128913488,1.729894266947069,-0.006489452062588564,-0.11866323380006683,-0.004306529805892079,0.11067511599976569
-0.3862134058690734,0.5427404019298652,0.04109427346485769,-0.25129776446769636,-0.4088982490253531,-0.17785163092582182,1.5772394138077894,0.2627439869619493,1.5328298366949378,-0.03797096533079947,-0.37346119904994146,-0.10171266043662208,0.24886129625555536
-0.8708026141673327,-0.24904463880695404,-0.8399997474056566,-0.5003353725798015,-0.8608383094881558,-1.1081231390229531,0.6808755856866224,-0.1969191507663993,1.6091780411855627,0.11306914536799824,-0.02282289739491208,-0.058461808715429595,-0.40899941519834093
0.018833032262821823,0.9008362956448559,0.3456059097974666,0.06825204183037085,-0.17052551016728906,0.16044943086078586,2.466017809603363,0.1937630094246317,-0.7435812241190838,0.372959620003692,1.9232293571428292,0.04391869956937929,0.07250985353460734
0.27867193855241773,0.468889243769356,0.024590079457395615,-0.3996115926280617,-0.1618337518825298,0.015477408422157193,1.642561363256019,0.22106877150583187,0.7654893188613159,-0.00938448124979104,0.03996815688804619,0.10941567989014511,0.3160630240136138
-0.07482933187753803,0.09391869741181536,0.18348630320384282,0.0021733828075229202,0.07872586123438324,-0.1750226593338366,0.8929998739529399,0.12082056460591664,-1.1704265085680206,0.21048678372262242,2.902679113121703,-0.03587639768918354,0.09634114651940745
-0.09640982496448706,0.15479940991745222,-0.20009947101844267,-0.35188348946472015,-0.5082245588504398,-0.736730079704689,1.0945808385716131,0.13130635730508308,0.9291194015389512,0.21161155910024207,1.3038501269784237,-0.08870470839863026,0.3373135115723643
0.10384149042785992,0.1363001539749611,-0.3890244843458965,-0.8604442751925023,-0.3672120518216657,-1.0199319363225046,1.057280032983464,0.18913721104669912,0.7910187420724997,-0.20647395055741075,-0.08019615796394643,-0.16384882965021663,-0.21349759130117793
0.42755162442361755,0.44839303600084435,0.0004364764237674537,-0.42717677938958815,-0.11778914168684024,-0.08202280707760819,1.575243394582843,0.2968777317310579,0.4210811955605946,-0.021226112333436742,0.15987146130349084,0.17461484158385748,0.1720701628126619
0.5446979868324059,0.6578887599225466,-0.17930867375185078,2.445846824798112,1.4031790987283201,1.8289081260561946,-1.0679009440665448,0.12271485692976662,0.7112662495093209,0.3904528772075558,-3.1168017891525395,-0.020249483686768453,2.0020441874199446
-0.2279176734274047,0.19887218720900526,-0.3560491167971243,-0.5298682652620805,-0.4756893867192169,-0.7628829733706596,1.2103222206146975,0.13828997421285344,1.7197783282295702,0.02944260839217648,-0.037481749744361345,-0.06544223526596199,-0.08159562850836662
-0.330773194030755,0.28404290017878836,-0.37354937769886504,-0.5179956018314179,-0.5273223086384438,-0.9779196453787797,1.141242921948692,-0.0038209054360373276,1.4949968101715458,0.034035665711336205,-0.0941070292134667,-0.10114674806387892,0.1712965877002312
-0.1180418848639561,0.24712501549989804,-0.3411422663119932,-0.5381107869061332,-0.30718056923399384,-0.756457596362258,1.163143850151035,0.3051596952793707,1.4668422006293094,0.19749005505711656,-0.018007119341442883,-0.08777367189474819,0.01936573275727101
0.4353028535522107,0.7576196955620418,-0.20231749787150563,-0.22809578677484155,-0.04888223422949927,-0.23694152908865362,1.4864622152555322,0.7533475571953587,2.165744163280146,0.37571356559793134,0.36654541515641753,0.14184427293431412,0.5699738106307469
0.09876444946276024,0.5121983100763626,-0.10454250555123291,-0.2938515394294841,-0.1861905980981991,-0.4198779170908449,1.3306614113583541,0.556902565817452,1.992277680931406,0.10142628301141982,0.16425558157575632,-0.02984726534845932,0.42082213524418566
0.28753377158401755,1.115094647684859,0.8645552156513765,0.7721257014112133,0.023018838321376203,0.5450891341082753,2.8678395606949927,0.48485598452182305,-0.13156886120430267,0.6075725835986021,2.0001187613373625,-0.012916163126420596,0.19884677386739177
0.28501930190767627,0.35931338581980915,0.5591922123771574,1.4569377088474318,1.2641259248585748,0.3715303334117763,1.1458763174764401,0.20396407588281576,2.586597738673704,0.17910639536256595,3.1851582199955977,0.00479815768388403,0.5695406696376284
-0.033794338992382836,-0.15887559109367427,0.045845544178866625,-0.21357021814005253,-0.2934272867699878,-0.7545555271984387,-0.24701080991369148,0.1276931272897248,0.7043775352018159,-0.017339044211225514,1.9973179034992223,-0.019880977363015157,-0.6275961309226438
-0.07843696162932456,0.5262694729429982,-0.43272602978886826,-0.2924263229852336,-0.7225782280849913,-0.6778557182165483,0.5562599283260189,-0.28289701555338187,2.446372356969449,0.20451265355365147,2.6839675758365122,-0.02683569342725832,0.29079567544162255
-0.27215152819123545,-0.37688468334575503,-0.11529045544357776,-0.01426197743767663,0.11812277456745507,-0.43521072474204825,0.7878898827462559,-0.41922024913960015,1.4995221002110177,-0.2214225086321436,3.287520691170874,0.02008695866395195,-0.3310388028021489
0.15650626266271706,0.3139124630971089,0.6395597674025019,1.3018853597446445,1.6681700983043346,0.6480860811223587,1.0085031934599913,-0.07035191925863378,1.917536332800778,-0.0426989770680668,3.43463080830872,-0.03116169129601778,-0.21258181731630524
-0.010886975721352702,0.2923090404116859,-0.5159548111063322,-0.04073251258478397,-0.7730205005076193,-0.4280754947170822,0.5221256410878978,-0.3725647883613903,2.9855385298406083,0.014808887019753643,1.9484982009366572,0.0813440933207879,0.324440205421092
-0.0353087788292519,0.2741475601721969,0.21529499280990833,0.5072373133763259,-0.3833697685806288,-0.012025846946570558,0.7019750604478437,0.11993929355508746,2.0221326752317443,0.18058489193829388,2.709589029529856,-0.008095000819820446,0.26093428707888555
-0.10808002224088546,0.525997214373201,0.15794089233709704,0.5301565329813296,-0.34895221691578615,-0.1486475684436867,0.7808181167890625,0.1191788294393984,1.9911301165984736,0.1874103421309134,2.3847588433873748,0.013900562965621354,0.16682133385704617
-0.14950882801165188,0.009519031833236448,0.04908953532421342,0.4565071199006505,-0.6835238249868981,-0.6151404302184367,0.5580395032641374,-0.0784775463765901,1.7296768366514395,0.04883526645704274,2.8255083994650176,-0.08049035447856608,-0.4079118569153879
0.025351458887259277,0.8745693908300665,0.49562276007607564,0.2549955529636804,-0.202714670744414,0.3593406475066309,1.251829659235146,0.18449755337296253,2.7389643891569637,0.2905815399955543,2.0496695036886052,0.008968179072770774,0.24281317319100085
-0.05753397009128496,0.38577217748285164,-0.3991966258465416,0.06941236435435719,-0.3772917616222467,-0.24152180447657084,1.4695721148430476,0.0809805282877965,2.3108091167484712,0.3683408266844021,1.5812341877342098,0.00819066434788186,0.43031366116263786
-0.24652101922832012,0.5490070071966491,-0.03742759355861298,0.015551569978189258,-0.3094872050696156,-0.20321651074776628,1.8851221665077742,0.2581916662326288,1.7157696508047064,0.46996933208985436,1.4869385458730786,0.13129185720036401,-0.019333667067500566
0.057504292858971545,0.5629909451554218,-0.30603026576805853,-0.032078894921060766,-0.5797471266503754,-0.1539394121182461,2.284548432568295,0.1448868560666839,1.938471819685979,0.26190825468964046,1.4658978293929248,-0.03230928819730069,-0.09802327922441902
0.07647413016089974,-0.4317565892843736,0.14390587005143365,-0.7663379657713489,0.09402567494350177,-0.974472798710275,-0.28677974424531893,0.10372911610744065,1.5544845011654411,0.4548923315532092,1.4758007023535253,-0.010800977408265158,-0.5906709632929417
-0.13707681280353834,0.9566886740488315,0.4932132092283832,0.19720170880667856,-0.2751746687024005,-0.1294144821653349,1.9831961889844385,0.39795237102649256,-1.7686870859542654,1.0046881183123009,1.696922693229798,-0.0017646533343940298,-1.2151995686503747
0.011503518407957393,0.4719166509600148,0.5322492724791581,0.4894649887457489,-0.1835209415532234,-0.33581762440916574,1.687388572827913,0.3945509007614518,-1.8451998099074183,0.5638085334810118,1.6392551238079454,-0.023352290156504345,-1.07947422893097
0.3791693303185618,-0.0948865221865064,1.3045273255743088,1.0908902661429927,-0.2722761753915499,0.13621849348975554,1.6591109507106658,0.15160359250692018,-1.36074149312555,0.31344790005642503,-0.09870865395810048,-0.02052148390457868,-0.7932628192762946
0.054691631896421344,1.0887586700212621,1.09443690142646,-0.18329004186464268,-0.868904214938585,0.7024514972682422,-2.6015810045543017,0.46347369989431975,-2.176370346713294,-0.1759039137884975,-1.5397834977186802,-0.008758061478535433,0.7559894345271296
1.2840059833601118,0.4611512398388651,1.5846437485184934,0.028384710313855834,0.31661897634466496,-0.08951498527493731,2.7599206747011182,0.34514435939904725,-0.3343342222811446,0.27289120246863197,0.24159980484180968,0.005238261007600424,0.17692490416630685
0.5791703395235042,0.17816628760451256,0.5069895198061647,0.6936989467798008,0.13387227246434327,0.27488196363465656,-0.154669621232897,0.5730986506481551,2.59307644165121,0.17401517508137548,0.34213177034217435,0.05123531174121613,0.3568396096293713
-0.4325859518701004,-0.1381163838961058,-0.23380407794482164,0.2779836327396333,-0.37312853061076673,-0.47564377069990676,0.5938297184556722,-0.10984112808894797,1.0888944030346144,-0.05275051773422293,1.811416867088733,-0.07098804876208312,-0.31711060681276865
-0.22040186593516004,1.1929052799924582,-0.5335890415290163,0.7079273110741953,-0.49270027743859424,-0.32368100232341235,1.8635424841857626,-0.6064199807598359,2.4979084105023905,0.2936293737222958,1.7790796638838948,-0.061966694382329775,-0.3658882660832672
0.06746599103841515,0.2612849942408501,-0.3972098670247942,-0.17608767360759273,-0.6435757728924766,-0.3819710816039395,-0.19685530193977885,-0.11823713182264729,2.6154013980614637,-0.008926662727155575,2.083409663228731,-0.0724295529981868,0.5226620774943797
0.1428768158238381,0.34434370878359505,-0.44766212465241534,-0.25478091846013223,-0.7170717110991891,-0.421449471825941,-0.11338968871782217,-0.1039708068366679,2.596154254690433,0.10239978813152345,2.629234268709811,-0.005342075429442884,0.3851837363746016
0.14851180135375905,0.46822503421714323,-0.46475603197339116,-0.11087298179821434,-0.6408338351252799,-0.07765512352291916,0.05223270269679931,-0.15472016338621164,3.058392084296275,0.04272631696839299,2.671477464103243,-0.03956218002726221,0.4981693138647824
0.22992153758907488,-0.020705296946689617,0.23791182600996574,-0.5238975986952172,0.25935391290423776,-0.4853013349096806,0.924460175577551,0.08565379726183066,0.8309016323710481,0.23735677670997873,3.016830283022589,0.016388130434271106,-0.07154728458676901
-0.11023504176487535,1.0713321248400542,-0.09324757153789183,-0.04326825931047402,-0.38065062626265,-0.1539743283059861,2.3085417968583193,0.10296183198379959,1.1379608650257191,0.31973469894172424,1.6619102682390565,-0.048046386875212094,0.3434515483139292
-0.2865486715661569,-0.023894353261631338,-0.3215733898638023,-0.3439557916846953,-0.4031043764017522,-0.42454223560065846,1.5963323549626187,0.0019865463984510712,1.030614756639633,0.16907347147456475,1.7560929871143562,-0.053229770086084795,-0.10052508048299286
0.05734114713604672,0.33334183292566905,-0.38424798215015077,-0.5659416491103669,-0.4419569978128291,-0.9059985801029122,0.9272094140305287,0.19067408462313737,1.6599490359187539,0.468636172297928,0.5311644901283499,-0.09415610861964521,-0.007909265046732308
-0.3011791951023042,0.40733308062267803,-0.11355149349197734,-0.29575536056835616,-0.4371569550358174,0.03846053378553021,1.651684191621219,0.15990005058546863,1.2905974310812436,-0.17332985602629689,-0.24916599580500687,-0.09086673134110036,-0.07247661488130702
0.44967359162039244,1.2026137982846963,0.6611978636857949,0.20848990685927385,0.007946900141735849,0.762276533397122,1.2831568491986642,0.7196909999319661,2.7986454244185657,0.2526896748753884,2.7414480246313753,-0.02299326311176042,0.9191253143114353
0.022192557185060375,1.9868924854970023,-0.036699927553741546,-0.3950643483363091,-0.6413587034472992,-0.34170557445018657,2.0518273808020684,-0.9505327193144085,4.0798227057052365,0.11972962099127477,2.7185806984045646,0.08751317791226837,-1.6602358097758976
-0.19890929235352417,1.263988833253582,-0.3540667352949581,-0.7579154272098094,-0.33288001425978214,-0.06345916438640814,2.2267215811305983,-1.2700868183581364,-1.0478840598888284,1.2521515689469462,1.8751505803296138,-0.005679337320228443,-0.9703555805153314
-1.2268019446202867,0.31294514463386613,-2.1258792783402733,-1.9855610849325447,-1.3561087697361494,-0.6457537072410601,1.3051586737463041,-3.3449437193448346,-1.0610968024987313,0.016996841912882213,0.13393050776898038,-0.09435177199232078,-2.2931079528025458
-0.14927272821880042,0.7054859405942262,-0.20227268857984912,-0.9036021026285985,-0.4627568236893665,-0.026180400140583426,2.277868586913166,-0.5625983257281283,-1.8150203927844342,0.7600667330684762,1.3679930487326866,-0.030605957422198564,-2.196581227966688
-0.9128601843444633,-0.041127793028847316,-0.7119369253681764,-1.3713002175868798,-1.0805085711357076,-1.5876112007970618,2.2934364645948846,-1.6336103523046601,-2.095478241519692,-0.06433222798164942,0.7870431017296181,0.010382325583034114,-2.135585899555849
-0.40014648291075405,0.44917249466292586,-0.5554415471158508,-1.1531997875672666,-1.0331628341434733,-0.4922733602134717,2.01778395985874,-1.063295892758502,-2.203744480111119,0.3262228802063812,1.5793207245847836,-0.011227709667550205,-1.9686778511158702
-0.7477180532334992,0.29737726962193844,-0.18480073142382838,-1.1230681779070033,-0.878675090816493,-1.3391475519144704,1.7810969980847497,-1.368569256772494,0.022295281684750576,0.6209069099044425,2.396347389780502,0.009521415006990148,-3.137045144078632
-0.26872322553975725,1.4145669603192563,-0.2599067543457366,0.111129993746678,-0.45844547647568923,0.23403651463281772,2.4151593365220143,-0.6885026479284797,-1.4638538515588475,0.6401554545573886,1.0952844716173906,-0.006103318619231369,-0.6259605533226084
-0.2703306045641916,-0.38813573249926164,0.06928835779325002,-1.4938146460863455,-0.8931451637215084,-2.3132826536712763,1.8477750096283851,-0.06590335063377599,-1.6536349505206778,0.3473964356030856,1.9793106999351748,-0.004489688074423219,-3.392919229757455
-0.3444385519509927,0.9214282327642044,-0.5467057721523776,0.14950619037780483,-0.5080195255287818,-0.22612026104496596,1.8229900654860671,-0.46075856206317756,-1.2158046000450848,0.6319225604221641,0.41382430603520715,-0.02102241599104472,-0.3791992354289526
-0.9279536389787163,-0.4041198274224167,0.2378292681882157,-0.8920605374220758,-0.8848338212124589,-1.8219356684842039,1.4110810175610498,-0.062457256227110874,-1.9268410738438577,0.5452278719832088,2.227989696545733,-0.008980138452930553,-3.2499283716279175
0.003160970691177748,1.192188308540111,-0.20367723537919405,0.4671338599123475,-0.4211408540751372,-0.021865393909522232,2.9860475424470176,-0.2076718253983806,-1.7924701627281803,1.2366151009872555,1.7391196741225814,-0.018492699655600613,-1.2548234341955846
-0.12202525539323693,0.4212399163345496,0.6189465495457666,-0.1316662596145438,-0.09801087075016562,-0.07101024140914282,1.8387156140121321,0.39619634738191967,-1.8356181561005198,0.5572438516964515,1.4797513884140385,0.0038724461942911802,-1.654042666010145
0.001868032423986205,0.3974452099100583,0.5465331082066727,-0.01774904831829987,-0.08359199009732242,-0.31666875723335497,1.971450587215109,0.46964740588640186,-1.9855427351956156,0.4783924728300835,1.6114432839821609,0.014418778084218455,-2.149433884732425
-0.4767696755679532,0.07957430191596775,0.5686544844471952,-0.8172002114997141,-0.6801327542701942,-0.9402035108891629,1.997335274513396,0.1588830930056672,-1.813501437845536,0.5559600545445249,1.5594255599400233,0.005735064778063092,-2.7626143127224507
0.10179724010121491,0.15743304220752577,0.3414491654373706,-0.1935227848899862,0.08812405935178197,-0.11955471904327461,2.0027814006867506,0.4369799170270562,-1.8564445793173379,0.43149292512486376,1.818620875055591,-0.002238701677156797,-2.089365052700871
-0.15377300645224745,0.49590792207771694,0.5721591444603269,0.33347141740740166,-0.11820501142698865,-0.06159613104123195,2.294871858000342,0.39854802622873753,-2.1424225593420365,0.8068202016668188,2.279002322013386,-0.011971058803092805,-1.4135379920734303
-0.09517035653400746,0.09353677184217496,0.50809474671363,-0.33007690703806775,0.02680333808271425,-0.1369895346628295,1.5181998093095088,0.23377717657842567,-2.019088942489277,0.2680734528290729,1.5158611802177295,-0.02591699540615089,-1.8400790444637336
0.24763558738451014,2.439704561407367,0.08942208361294537,0.8625918136045544,-0.13405225665981169,0.4596675306330952,3.3183281199095966,0.09260894110736752,-1.2803025312669989,0.35194059235250796,1.3292520648282435,-0.0334555187717906,0.13090948255629184
0.5748783751928968,2.1183778833401288,0.45681139380567576,1.3876151549847178,0.1964770757810522,0.8591296516286415,2.8397725181426448,0.18284569039009504,-1.3895330567958044,0.26616235013637285,1.4308828198878716,0.03799084804538206,0.7785863691702894
0.13315091585223043,1.3368058253245219,-0.23853758879419817,0.7881940863664365,-0.5927867339137527,-0.4626853213252292,2.100759126769586,-0.5493496328561256,2.020606800011463,0.3884992949105799,2.1289233916635735,-0.010639767406715215,-0.405738790269113
-0.4438475344143807,-0.3754976241538919,0.6615599891388165,0.4806783198730813,-1.1643487559455554,-0.7403584933022246,1.3964281032638,-0.001737581990245454,-2.256502860710024,0.669100854985623,-0.41559510056757254,-0.05374903703522359,-1.3973059816544664
-0.5740991611975347,-1.1336597814178093,0.48766957976751857,0.2149190192576497,-1.2574278612362426,-1.0944217238937402,1.057568147700901,-0.4101573741322177,-1.7113378015771095,0.18365461207408873,-0.3893209073361421,-0.002241336248504656,-0.7539619395447275
-0.17974828371053764,-0.8510542618866181,1.5996808912713707,1.2601698276084947,-0.37824351328735556,-1.0450645373658172,0.7699304512722625,-0.06595027823311586,-1.6895817042752688,0.4933273477479816,-0.46304593022809254,-0.07183453818679676,-0.4199278421306777
0.1926896115878804,-0.4015638085775491,1.5558743032719942,1.3814658210447268,-0.2954532526257552,-0.8035744458271398,0.42779906790289624,0.29372293658658033,-1.9655504793963492,0.4187651102648427,-0.757289518333144,0.004969995614762104,-0.3608656215864338
-0.13419427251546737,-0.37372376484485964,0.39095478754904556,1.2108373689951584,-0.6880995320332133,-0.9413116125100187,-0.030438089663576823,-0.09081475419716696,-1.3544704462743054,0.33199881805624387,-1.6275900203196536,0.004613163336697491,0.17665563944623688
-0.2978250718127109,-0.45294477738026095,0.19777636056765907,1.0857962517962891,-0.7039124849179966,-0.9282937308142171,-0.19946257545302318,-0.012508970726695256,-1.6417603773623703,0.3440122321972416,-1.2986725387722255,0.07240939045480128,0.09467404205041625
-0.30940862517752166,-1.041133343018591,0.061647560442797816,-0.16386533817897242,-1.097765375153265,-0.8187176885145406,-2.057845045419202,-0.03870553669778414,-2.0391108548206587,0.2926255435962229,-2.3121821896483503,0.05385876182621968,-0.07514804584491576
-0.39021356921229117,-1.1676945371253207,0.1275367206842121,-0.13540828374628391,-1.464277893482811,-0.02323102916332171,-2.9646330166059647,-0.04244959053066045,-1.7931321891304104,-0.29935950631327507,-3.1617476683141046,-0.006102765738032749,0.044147802252425795
-0.22094663269300424,-0.23250641645346246,-0.011180679032372139,0.8815600353758781,-0.9061415975639184,0.2155814670109086,-0.39632044064501915,-0.06170630736069546,-0.6106226385860807,-0.008885212879007077,-1.1410247298945775,0.010871647779519421,0.26966654055441425
0.16135129774765422,-0.04996166098448968,0.27682045100515507,1.647511286107927,-0.39445795992285837,1.0521771152897013,0.38625915510528197,0.33273055829832127,-0.24771367398090646,0.4887358696893273,-0.780893237824655,0.04724357990134108,1.0797985482391796
-0.15413488833233716,-0.4221350862075472,-0.17770607120150486,0.57530320302635,-1.0896486800257117,0.39541975657610834,-0.5665677541512478,-0.14218968546690627,-0.750215467208893,-0.0915069826412947,-2.178126020175146,-0.005502558486122207,0.16478778600485786
0.8248814962245524,0.2756311332041192,0.36600942961147265,1.9537426964762727,-0.7995753896401989,0.8275958505210779,0.1402826792436343,0.46289499504802145,-0.839640073992519,0.36602974907081154,-1.4645132390647708,0.027028527704791923,0.8945746500583162
-0.4042455219130756,-1.5915876419800854,0.01697474148693597,-1.427961262998482,-1.5436097415991954,-0.4854474261175429,-3.3616009582320436,-0.12007350205857723,-2.3219605956676728,-0.21575547547286583,-3.5953001771158446,0.14580948770977556,-0.46175626280614057
-0.467169623810591,-1.4951105828277977,-0.8220280269978363,-1.321682889872334,-1.3595025724555472,-0.8024447268164819,-3.0234808604688284,-0.4638629090532455,-1.3581029568478054,0.25803035009186714,-2.1670925698558694,-0.09320025246486893,-0.799671166612663
-0.5461681340220903,-1.29801828256653,-0.6037833474540253,-1.2328994980195744,-1.3959924692044867,-0.7643228616668947,-3.11657493298149,-0.6443162704440246,-1.0883345295178395,0.17915324911992578,-1.5405244075631106,0.0741696364029,-1.2457018016775452
-0.7476832516615589,-0.8410941218802085,-0.44716219335897933,-0.23357777195465237,-1.2759251132224583,0.5249329503801549,-1.9771808261910664,-0.33217291305255564,-1.0358150280261824,-0.03741760766237154,-2.1023205423437887,-0.045078631349218364,-0.5439850216389943
-0.22712049466661288,-1.8012137874650458,-0.8606039075077407,-1.478371201544069,-1.803852150070274,-0.39787370660652716,-3.8501763057475915,-0.7592417135845041,-1.6258921077304207,-0.2666599328339928,-3.198469556982422,0.003109422745183175,-0.8164375293094459
-0.8253331106813211,-1.5733027272350675,-0.704069618818143,-1.9176139262836012,-1.457425081422035,-0.5343964746879001,-4.250544235489539,-0.8588200124855051,-0.8622270637026265,-0.17745499038758375,-3.3775712730766596,-0.10264045124252649,-0.9419935803663813
-0.3043852032834872,-0.614847262006046,-0.43711051859685945,-0.9645827265383882,-0.714038876377874,-1.4666337496161246,-3.0857530587590816,-0.11823206931973496,-2.397069167272809,0.5983122931912334,-2.3434178599275444,0.09408612606477822,-0.3217895330473159
-0.4414596741687919,-0.784924049626829,-1.0477481791154584,-1.3019199120636202,-1.240096191224746,0.37985181710061927,-2.884364143947346,-0.5590851834644047,-1.971417904336833,0.051715005104326486,-2.6348744798415447,-0.08924410833252802,-1.4217694222813264
-0.027678272198471823,-0.16411634091184377,-0.460418607434258,-0.5440670994586415,-0.7786827809115254,-1.0330692711146545,-3.0486043540108945,-0.0948050023325616,-2.0140547689733403,0.7537775832937201,-3.2990069149507,-0.07663265989575944,-0.20755926950627732
-0.3520665568791123,-0.8962099969832017,-0.7226626392324559,-1.2248522949286014,-1.5314809717646696,0.35983516552951195,-2.2932750350604247,-0.6309805739598553,-1.7049223207444366,-0.09705219330473078,-2.145213994198582,0.04531402697786692,-1.0846806379480078
-0.06889718035080779,-0.10772342394623488,0.1491560728516843,0.6878995090257375,-0.7166982034159203,0.8888022455733476,1.3695731015751755,0.168547158587931,-0.78145578294682,-0.031822144079746484,-1.6960632359526226,-0.07720807210542263,0.3903668412773144
1.450758698411906,1.3987714245501492,0.3106414871124758,0.5330200730409059,0.39096608065534366,1.4101218527395072,-1.69108235274959,-0.047649776020294216,-0.08676604198912782,0.15832542017619639,-1.402152035163922,0.1231845101879702,1.2359189262246297
0.47726262479089204,0.5260331648096649,-0.3488566576803309,0.36387448268269895,-0.7943752010394303,0.9520820011302001,-2.1866909692162233,-0.15756781754808294,-0.247057486892057,0.009865075450701026,-2.5113485017315385,-0.09557854379785974,0.7578345794748101
0.19632339286514466,0.7939925786583788,0.2198390020057559,0.633143235458475,-0.16926679441187953,-0.4997595813104676,2.8190987071301787,0.4637781346289233,-1.1340093255074077,0.9984271505806182,0.19271087510511292,0.04128007270085305,0.015894867248005325
-1.0515238512736849,-1.855234962902549,-1.0731904002128994,-1.5706442946143866,-1.4654969558942443,-0.10945321588932229,-4.0387169925951305,-0.8707338047798514,-0.42140624173451197,-0.15589836153770903,-2.641488689480143,-0.05307805188000206,-0.8401625444269224
0.14376076819556255,-0.19933550049757776,0.32220884440363284,0.8472417400058149,-0.24169886840093469,0.1232726671391477,1.7582909277071141,0.3321995588826637,-1.4295279530735898,-0.20602867712784154,-0.20598045626215436,-0.027729383072712308,0.08099250299597371
-1.0628417354998076,-1.6109352714640817,-1.1165663191883102,-1.70525003926725,-1.922892126216967,-0.8105790548274913,-3.958246041034969,-1.3997944210738773,-0.6530305828619751,-0.4246883081422291,-2.074201224007541,-0.16067231435897877,-1.1462140347943124
-0.16791329570632,-1.8057032646844167,-1.384332234194088,-2.171864438815456,-1.8538486789420452,-1.2867523341708713,-3.3807319068380943,-1.1696763433722985,-0.4999054226838052,-0.34554425347079004,-2.313670016384373,-0.014381333538848413,-1.1048410856175341
0.0269461234131207,0.14016182746479497,0.07130366095083036,0.25004810630240365,-0.7194115356190335,1.0193601945818713,0.8211252593787179,0.05514984054801364,-0.2923727115191934,0.025371371210656097,-0.6749790548377982,0.08384037233268223,0.6122921252478329
-0.9206161055320666,-2.4933311061923282,-1.424934875725044,-2.9543217636841446,-1.9669195041960725,-0.7241037967459607,-3.3188626242392805,-2.132587841406672,-1.0937177660906068,-0.4007580536055483,-3.437377827807019,-0.2098291081076279,-1.902729032144675
0.033130485557226676,0.2729600758208997,0.29016318337267466,0.2873475200155129,-0.6196196374442013,0.7416418382556489,1.7120238230294649,0.41785177642893473,-0.5935231626013086,0.06833966524340214,-0.2490160018909309,0.03586997541392015,0.5305304076460501
0.07218986400817003,0.4021884360961201,0.41418193012475946,0.01044084664072019,-0.5152447941723384,0.7761773145974927,1.5382663923005262,0.31927988822882386,-0.5631977942265155,0.0016067256995786607,-0.14872443928279824,0.004800296497738092,0.5468738931748601
0.2074676313572045,0.16281129429789468,0.21526052027112919,0.5540940391432698,-0.4558807792224818,1.3631900579223617,1.047894366969251,0.3959533148403797,-0.04216553223526313,0.07568588196610415,-0.4621883633567225,-0.002458407403901217,0.37036566482235994
-0.25438727615090717,-0.0036067507312530253,0.12099237611620792,0.44536033088962246,-0.5307783811487671,0.5564685373235909,1.5066347278530396,0.5462021772638478,-0.5234683634687424,0.27871353505308616,-0.44551548104215855,0.08346757218655602,0.3685314157036028
-0.15054014738804355,0.48925580938450175,0.2890388681563651,0.4919335493740316,-0.3174647319409996,1.7197820841634854,1.1928990660318073,0.2492991898120897,-0.34308941483497635,0.09360396527374787,-0.5643695500141219,0.033979902427332905,0.8144461112096906
-0.09181395553673298,0.31840266073433077,0.18378753364189626,-0.014632176230661586,-0.609582147293,0.562818938835731,1.3216776024855466,0.21155838902832733,-0.7391620659983407,0.037954878257070196,-0.419032624742637,-0.08482096709517967,0.3490352558230773
-0.09879146273247905,0.25366208711225124,0.1266283880401817,0.42026857642974286,-0.2645079682591474,1.456109570691155,0.8144275397786663,0.2657239955208368,-0.17431950344341918,0.37160951141061044,-0.599111240656736,0.046275165097581075,0.8451879744893976
-0.12179523275078602,-0.09105332369760928,0.27438455767101694,-0.08210632544890457,-0.6341717453425131,0.833710308706698,1.3109579562737297,0.19560371651779862,-0.6502034710026864,-0.05769122808964723,-0.5651699277706859,-0.06165902483328768,0.42824683325986057
-0.2643433524016292,0.2328234953632476,-0.12548575841511286,-0.0789206983718193,-0.3867932068701419,-1.0799372771806601,2.061614283406072,0.1921019874293253,-1.560922777090843,0.2715468555344787,0.026524618072435186,0.10681851922637893,-0.21920302731476526
-0.8852451943688923,-0.9551640001808605,-0.1539436858240516,-0.32642947863063054,-1.189309056614422,0.12361681696337963,0.3900229281000793,-0.5534859143839115,-1.1914624927534412,-0.42349762507352157,-1.1041032735724,-0.10589482480608334,-0.21355574141153036
-0.5401614728352676,-0.42534313025263437,-0.17926556283245898,-0.38800533959642053,-1.0704880300071093,0.7733295993579344,0.4215154417417943,-0.28061576377445213,0.08782988053694776,-0.13010442335003372,-1.4896948131949956,-0.09995270808796505,0.20080369417089974
-1.0423335220064556,-0.5900791034480142,-0.7519078908032841,-1.0930839195816469,-1.078200627537444,-2.0911221908415767,0.9380897965416727,0.0234582600763275,-1.613147422628891,-0.6761692794324415,-0.505443125627935,-0.12911792885356896,-1.063072130622653
-1.1646142713963568,-0.8009470114070508,-0.7925089534294483,-1.2909114623318114,-1.4493480313574478,-2.0974905389619787,0.7619255000275249,-0.23343913759260135,-1.536152428618839,-0.7497119170132402,-0.6467303507107617,0.05478790867297594,-1.0800059243995281
-1.2070549403110309,-0.8864396313138099,-0.8555657465776636,-0.3750940039285665,-1.0649857919908952,-1.8960812060390078,1.1668500427001467,-0.15046249446924773,-1.5347368531891457,-0.6922830113454257,-0.5745213537999531,-0.06103139457965469,-0.8795568604879856
-1.3228287224688877,-0.7826073867775913,-0.7195264794460188,-0.516539262729283,-1.0459282113518564,-2.0127325570257377,0.8778002466696009,-0.01751671129009787,-2.0346510293076023,-0.6746275847337933,-0.7666758088301868,-0.08286401870143079,-1.371371437475189
-0.9357898134231153,-2.173365936566455,-2.0324225799413407,-2.4624085588556617,-2.7831205999235515,-2.2477756988334776,-4.396955310932048,-1.417659777522915,-1.740549159241426,-0.3275547913839627,-4.487528665434154,-0.23897015937810975,-1.6356606715457098
-0.07164900482735709,0.16141303724402353,0.04700352169004171,0.3533986431691381,-0.2709866004726953,0.9138232200220224,1.7076020148282662,0.30289570022063944,-0.9403842559575829,-0.005963039655859277,-0.5663336636840055,0.02051939570344988,0.6434430137245604
-1.1564200693746616,-1.046988959546822,-0.8778102440112787,-0.7111582450061622,-1.4534127487433666,-2.137650810262809,1.049748049981685,-0.10316893431151083,-1.7747515049406022,-0.8420615353900939,-0.680647944902691,0.0012513015558941974,-1.607777487287401
-1.2510508438267016,-1.1735921617990568,-0.8783638557512313,-1.335287632168167,-2.1116546157941536,-2.1126297269445953,0.03643146062890685,-0.33589144710761804,-1.2661734657620802,-0.9607409919257689,-1.039690137686622,-0.05291654773987849,-0.7670642429905842
-0.8583336261007936,-0.6401598827737487,-0.5047075320930324,-0.6978186992995652,-1.0660740735568106,-1.7322878544337843,1.3558446841097125,0.023273860083168625,-1.5811817150045602,-0.5917605582500498,-0.43051386518352136,-0.044186222047234686,-0.7596398420999241
-0.2628203158877376,-0.08463322766642596,-0.05788805867545299,0.03934835925387844,-0.6969016696067732,1.767890681206869,0.12574662481693338,-0.0724220399310191,-0.4520725911131335,0.002612698877023381,-1.7028133849178757,-0.08962587721283652,0.292753239869554
-1.440142348208982,-0.9676949017080996,-0.7665888644020177,-1.1685078744450579,-1.4488879112604387,-2.3668343028136416,1.1287867784231072,-0.3194895382044423,-1.7538090028562063,-0.9724092339258643,-0.8463193471150267,-0.10130461697777116,-1.2708547069789429
-0.008641616777620351,-0.6033071508093014,-0.8136318823824537,-0.5173003530771368,-0.6159393721886188,-0.012569488397695968,-2.4143906029562157,-0.7554153419317058,-0.7172713571507485,0.08881610863376409,-1.5881976336095898,-0.020928725206500156,-0.1566660981687406
0.1893487510431765,-0.3835706323488719,-0.6470109709838614,-0.3634536207560451,-0.5193733326521599,0.03264712086050873,-2.2536150113984736,-0.5894279193753997,-0.7782656458801487,0.11871138648336967,-1.4760535808424984,-0.026874102454943056,-0.18740090855086844
-0.26462328389390477,-0.19723439256712383,-0.31373679454334913,-0.3126783947574182,-0.8146607243802605,1.231610534486568,0.5538037591991531,-0.13529021642998687,-0.7313031184497394,-0.14192092254499186,-1.2221991187478938,-0.05667203884106126,0.19580876521766177
-0.16608796173913612,-0.7496988957670205,-1.3371674319522249,-0.7780437112501303,-0.7030939023300177,-0.18780132053575166,-3.38330324404666,-0.8336663562105967,-0.8157101228000183,-0.018575057312846192,-3.049381573461514,0.11338415826567336,-0.7418231214686399
-0.019034923263308,0.3404115368612112,0.12320062698072021,0.30881609571890706,-0.2420547839906066,2.6231867340248494,0.5699293349890248,-0.018725283534990478,0.015315926826765969,0.271197873635942,-0.9538674210249963,0.020677568467540947,0.7010858473450774
0.1686548917456012,-0.40630745332584617,-0.779761181071194,-0.5600234627030374,-0.6100640786180479,0.2005978216075649,-2.6644951614747865,-0.5628941495923533,-0.6232351872149028,0.21567984200289675,-2.255352135606938,-0.057228352003730824,-0.41400529571084504
0.08685335197175544,0.0035941712672097584,-0.1887651870585977,0.22379579725261362,-0.6859896979139497,2.786497030904931,0.2526544861785239,0.6278919734981737,0.07927177344862785,0.06998352391231394,-1.2451208094683375,-0.03777942825005269,0.6227417064665091
-1.1905241834144626,-1.2364739214520282,-1.1279750155295352,-0.9798771921162392,-1.2062569145020097,-2.320016366579673,0.9584424338427685,-0.3593602769061302,-1.4908829012466596,-0.39033328301014586,-0.895112678825131,-0.06188682691556299,-0.7860813525660583
-0.5378268766356632,-1.052193576497958,-1.2430824471037416,-1.5852321136597955,-1.714875365645211,-1.1985159837733956,-3.8318213175692497,-2.0641267497630578,-0.3494606165499944,-0.37084546583704636,-5.350159427622954,-0.20452893083087276,-0.3171625174018037
-0.3598657440083721,-1.3385526270362444,-1.306600528949251,-1.0464150242336712,-2.004627521439559,-0.7154509950967299,-3.836673299995149,-1.8884070251571639,-0.43060984670753694,-0.3476348485559639,-3.6931718201940464,-0.1530284940658346,-0.829738980734514
-1.0117055950774294,-1.2483947119970498,-0.7782648993583605,-0.9501221758688592,-1.0025685009929455,-1.8022606447442537,0.8693965950815216,-0.13273203563721228,-1.2105313177867278,-0.6509421440560579,-0.6835675689396966,-0.09319284332502217,-1.1840542374041658
-0.1858266759244725,-1.2203259950022523,-1.305009003232958,-0.6186604027491477,-0.7791386414091618,0.23303417652586678,-3.3850296865677887,-0.46245262343332993,-1.7124692748580126,-0.016686649378389082,-3.7205148212787598,-0.06720633071899001,-0.5079632341101143
-0.1409496489674267,0.08055000010619144,0.08340782104577457,0.011834061432422778,-0.5360532844113188,0.7323443203585014,1.0020033310560719,0.05563243047127288,-0.009863523536672216,0.21964954235901438,-0.3116098317421145,-0.05607063951177733,0.7052811378188845
-1.02752675780923,-1.2871804303712109,-0.6702200684546388,-0.945304500737952,-1.474224141675772,-2.6615856495328867,0.7982901776230168,-0.1603503070864826,-1.1288318474378645,-0.8541633771985975,-0.41194532635207803,-0.11862892780401227,-1.2643640360691486
-0.5915629093649072,-0.822225189963614,-0.5953310229437839,-0.2760543655562731,-0.7477759628419558,-1.8310706551398874,1.9147703537976157,0.11932894124028574,-0.9811627484488095,-0.4719472712061057,-0.23627324763995908,-0.036959338524741,-0.6294936109742978
-0.6260005410170804,0.38014194993612677,-0.12603510674140944,0.03543666840673213,-0.3552178886703527,-1.0789132710546254,1.6345032356585005,0.2803184163580752,-0.45671657171721275,-0.2044455327378172,-0.13139144374238745,0.19214657321882736,0.1097599091743015
-0.10153496463058716,0.18084372391303372,0.13852588318391815,0.120910347805669,-0.7232610088115972,0.8492371086041547,1.216280812255314,0.015149222597893678,0.07412154812469249,-0.023956376266562315,-1.296033467282024,-0.028471174765792116,0.6447141684477941
-1.2536571598425508,-1.3013782549817632,-1.1195355748995728,-1.0169999520972164,-1.207792960359818,-2.0231916180708343,0.815899363549995,-0.41202114206117885,-0.9812534564560177,-0.879763817476471,-0.7743712094338195,-0.028137622869366594,-0.8143651266934145
-0.5982372228956471,-1.001721914334533,-1.0058470097776606,-1.1480556867002614,-1.1755363888174502,-0.21355968611884033,-1.5109981428350632,-0.8062868758027132,-0.24772329569225096,-0.16630750614089074,-2.08871362860211,-0.09099016939910749,-1.3181805648458087
-0.923895579718907,-0.9893773515173234,-1.0771597141927727,-0.6206348022347726,-0.9736617160808402,-1.7995013324153193,1.2259168849797504,-0.49305487959542216,-0.7689335645342039,-0.9546452076920668,-0.8306978219186164,-0.08202715416982145,-0.6568628050433474
0.2136348427433728,-0.33900140087844605,-0.4301485163790897,-0.38159441682354855,-0.7162249216380427,-0.09608777804558893,-2.1799062764686012,-0.38545689848976006,0.7671934000806262,0.06281735892304115,-0.8187539214961644,0.2560920652576411,-0.1510859504564562
0.11648899863215366,-0.42162639650050554,-1.006063316455628,-0.4720463121946279,-0.6842781042669797,-0.34628044949275344,-2.022749972555062,-0.3054613352494522,0.7299658912332315,0.07386977267710287,-0.813867945185759,-0.15016901152156714,-0.18375864835093839
-0.8074430082621984,-1.0047923944642148,-0.8150316673320614,-0.10461602666725715,-0.7799580716085622,-2.085233710177321,1.256625454130246,-0.21908675163363409,-0.6387046339202463,-0.5600824092961072,-0.4632702977789775,-0.07358541818232182,-0.8438647485150594
-0.7656675128840531,-0.7119607609381071,-0.6553190490371911,-0.201324572399414,-0.7911338049078931,-1.409823671177599,1.2369283517844611,-0.0456412294948111,-0.9868371775739875,-0.3610438019588279,-0.5179718222877838,-0.0898462528434013,-0.8108964827837837
-0.3549179695039574,-0.4724181553993063,-0.3815715803857892,-0.07181217489725296,-0.5873042834105177,-1.0451269049673444,1.6026900599009564,0.14425710060530236,-1.6317656220337893,-0.17007603392703458,-0.1842701460622872,-0.02228679843531508,-0.31496331068751815
-0.6043698551153969,-0.5225596075668,-0.5511294539867795,-0.04004670924662305,-0.654295950812391,-1.4157735734068169,1.5725948693194534,0.0378054661640069,-0.3691932241768679,-0.45792088738280445,-0.2953292137963905,-0.0642958583641384,-0.46841445978265267
-0.3390757688212519,-0.38221285860157683,-0.16290216214644404,0.018332690174380956,-0.16839580301816273,-0.7437356520216499,2.0289337123019826,0.10118120315277741,-0.34179878517467954,-0.06840839448798866,-0.28175986302421546,-0.0508957562476604,0.12105844617950615
0.20988629716862403,-0.5827596655720845,-0.8976727993124063,-0.5596111149035601,-0.8230449913255871,-0.5215693388237723,-2.2919612362401356,-0.551512876474816,0.56789887285067,0.06512301634169283,-2.172528576215522,-0.011117413617774078,-0.034542657375439205
-0.4437117933895853,-0.6781410107934951,-0.3675128732254314,-0.43707371008789386,-1.0768398923385476,-0.05507398181103377,0.39940391398604136,-0.23431801375156894,-0.8120287972367887,-0.16420291243043414,-0.9543372765235189,-0.11500345236647666,-0.06347557083600096
-0.6587346294995708,-0.7564383196489265,-0.6222728520388612,-0.10082923088947106,-0.6416988512640817,-1.1288265559444617,1.4643899173139492,0.0008024345858332585,-0.5410701143369079,-0.26320696234185653,-0.3731905404330853,-0.1029097627848386,-0.3736432701077623
-0.3833782541115458,-0.4347484582595318,-0.33094260469337705,0.3575518021836048,-0.4790459198866867,-0.8148930533395872,1.9325742561390828,0.3900283711597633,-0.2696976903355162,-0.24043025422272177,-0.14002465717649715,-0.0744901758295277,-0.19099050842225554
-0.5301953881906551,-0.531803650002823,-0.3934399451356794,-0.12051049233052057,-0.47033804026121906,-0.9101865784671261,1.767977448113056,0.21017980323276586,-0.4787428718854467,-0.19957158579698045,-0.5301361663041946,0.023964245268661095,-0.2242071913500937
-0.5942919353139587,-0.7264074296949224,-0.7594115397054702,-0.7499174860867464,-0.9326558830201006,-0.8874029959262245,0.054453478922239645,-0.25303968684126943,-1.668662369556001,-0.1637383059934817,-1.005030045418793,-0.02767892359807676,-0.6181450436202189
-0.29810714312777353,-0.26155186249771056,-0.40548559148951113,-0.409019048112548,-0.6470474922962282,0.8142202758468273,0.09722246417361823,0.024326394126336574,-0.8396688656767624,-0.07358086330298749,-1.273227426472844,-0.09241879108361897,0.05567284510677888
-0.26809242528190647,-0.21470407177590656,-0.05367485320299043,0.22349178309604106,-0.32670753734393265,-0.325429444892539,2.032967152240582,0.22509565229010242,-0.042459125735072746,-0.16941909601666133,-0.06973055843056895,0.10425829374244337,-0.09177764147468329
0.9625040766586443,0.09147426893831126,-0.03431666173351308,0.028730210974398478,-0.18245490680603935,0.5562941109916815,-1.0817713411959509,-0.11577876610319231,1.5067562432768236,0.28860471652406766,-0.5614845064882602,-0.028497433837813606,0.7868108513444247
0.07078700133392382,-0.00446013002139002,-0.14485500320688724,-0.4045243354478024,-0.5903347632299282,1.7876970110197243,0.7874373877007099,0.1571932921620707,-0.7558079703529883,-0.03100739751632013,-1.7436980925629741,-0.06879343811112139,0.6732260607710727
-0.18701306878640844,-0.18209518016678183,-0.11134187824558468,0.08418480212179316,-0.5865755798010571,-0.3364471679067035,1.7924401023311327,0.20513178843073557,-0.9612563585888387,-0.01519995135798436,-0.2102385575686479,-0.05335219983089097,-0.0317543291729978
-0.16873101441448352,-0.03931212864816188,-0.28602932464848785,-0.6534187042563119,-0.496838814343533,1.76775631916554,0.5646310928469109,0.14365264254932597,-1.3958000669359327,-0.014073881668349074,-1.4700624606463437,-0.10104012900239086,0.2678991027942135
-0.15385665461990147,-0.3202156699629915,-0.5052254084890916,-0.779940143858807,-0.5266561296996145,1.153996719205752,0.06764211444753328,-0.05198256755351181,-1.674678018106044,0.018861396940321542,-1.1409884786015998,-0.02504759518222686,0.1238277416577976
-0.007518124651784857,-0.13240025149244397,-0.1514714333911737,-0.501652060996534,-0.4331643296462589,1.1249219972986932,0.7872282551844707,0.16178076771605346,-0.9404285399564026,0.018585179008853776,-0.706195083760346,0.3042488105377803,0.34069328796739384
0.17403208079126986,0.04872540328444719,0.039598445199015994,-0.15759619644532596,-0.2372272522033503,1.3166618700573847,1.4799452320900228,0.38991490649628546,-0.9769112231240918,-0.021290133630649855,-0.8136168094843419,-0.0737595136763735,0.751773712842001
-0.057227225698944624,-0.16426072357325924,-0.24863798831693001,-0.28777966070713273,-0.20857472819793565,1.0053185420514392,1.2746094597648412,0.1321745696343068,-1.2208833760607778,-0.052032763558543395,-0.5909507552420513,0.04637512265083684,0.16497624680762074
-0.2997669860167015,-0.29497891586429126,-0.9551116675666224,-0.0015083399601280763,-0.7025835825337307,-0.3461202268799146,-3.519950819198146,-0.7762799005914066,0.08538902766433439,-0.11135843199522538,-3.312235924334058,-0.04179503854260675,0.032192535709796764
-0.013599596899520247,0.03625203230573483,-1.232868806217901,0.2778437862617688,-0.8297609873405761,0.04191319233530921,-3.0431218024726134,-0.9499550828161757,0.05811010168658364,-0.1987394259414739,-4.243598156590014,-0.09031158732922953,-0.010082128245073207
-0.3999791012362887,-0.2721090479019202,-0.5163954794650071,-0.7982526877812214,-0.6494237383775826,1.1066988502308308,0.059291815953329254,-0.07744800249580296,-0.7372586117022568,-0.12146341028002396,-1.6833205593677443,0.2999985106858529,-0.12315419104985065
0.3798545676123143,0.0595930764358491,-0.4683278232430004,-0.2155848342159556,-0.1038225689737333,1.1653520162998594,0.6735605077942214,0.3331862257229577,-0.7598131985212156,0.015196592869857965,-0.9842078791103428,-0.050795243563544416,0.24149492655673802
0.4262730623564372,0.1704141216921723,-0.405782520684103,0.0034041914447314006,0.02756364582779099,1.127019218650336,1.2435277804877198,0.30710379194726956,-0.8097493050961447,0.019082115533658153,-0.9268603428732605,0.18430320538063005,0.6717200083720187
0.02052251964704029,-0.22519707667693073,-0.3005987411742615,-0.3125956596439291,-0.2588776525518754,0.6301461068499419,0.774356772015906,0.18772071063104598,-0.9524804180560424,-0.11860054830296177,-0.8263191883467758,0.15516735428944234,0.1801521002371898
-0.17106399958228902,-0.20877748380208183,-0.5349542136811133,-0.4194158220472228,-0.33259160048483566,0.6837983975114508,0.5006437411557676,0.11231632298996876,-1.0441155644009508,-0.07767895728918828,-1.1564860849444651,0.01082446873084538,0.1879338058725827
-0.13606733510115493,-0.35600492757563995,-0.5584190996562959,-0.3301279074336506,-0.2276208146432569,-0.10557268041444733,0.45276295607806083,0.03810649445642614,-1.093994895888803,-0.07240010646352961,-0.6425759847323772,0.3242678326264852,-0.10369391901340967
-0.33336792617661154,-0.4429804377120712,-0.9741279656623695,-0.66828111585359,-0.36627404129740576,-0.009868033294462567,0.03041318834138403,-0.18265373773174357,-1.292364791552795,-0.16613786128129704,-0.7853370615772696,-0.03575600349202029,-0.2533623943746918
-0.30678775494090377,-0.7516956948840785,-1.149936486963286,-0.7839995815563534,-0.3481404674332588,-0.892888220186966,0.1776714757157282,-0.3167121251512113,-1.5473992883890038,-0.2907263310393319,-0.9947398427998029,-0.13126416928290077,-1.0467587977942698
-0.30633779705812525,-0.5340560593991541,-0.8470971529056421,-0.6915271584154106,-0.4107648017412674,-0.14682802758955707,-0.005125320409424631,-0.12980022992292006,-1.1183843533249778,-0.12407989885502808,-0.8874663750959252,0.10211741083806053,-0.46130251627247276
-0.10964730586753127,-0.38083644435922104,-0.6514995592227207,-0.44975085730405717,-0.4083788169837659,0.2358755159150395,-0.8548498286397404,-0.25270537914087376,-0.7492791291724685,0.0561464537581842,-0.8544635985111299,0.5442059572669677,-0.2566348906937573
-0.4271420170221892,-1.1554728455639751,-1.4029295741699432,-0.7881780417304901,-0.6060682563623413,-0.3798625886455798,-1.7273708035408832,-0.510609776775042,-1.6351040784502406,-0.338691886342648,-0.7366045203303091,-0.06349252612950906,-0.6210149688227102
0.22720222845363114,-0.04171700261921317,-0.7053698053392066,0.14214590237838112,-0.25497929890433113,0.10206551657006559,-1.8375916161108765,0.0829300590490716,-0.38807920365904774,-0.06374667150485848,-0.64562550546886,0.42914931486257246,0.10245982996808983
-0.46308593979622753,-0.6438339609828675,-0.32078695675927316,-0.9533359970426601,-0.6474013890755467,0.735418331065836,0.4760462724577843,-0.029824628589364428,-1.3033041997015893,-0.3558988473729955,-0.6461616421992785,-0.09462031032734865,-0.2213438894661764
-0.4994424044920339,-0.1462373382018672,-0.8056877974319893,0.5467657515075472,-0.924497741470631,0.0764424259231115,-2.753687781880403,-1.070170957572862,0.2740179501075505,-0.15453652355043832,-3.4069262272590355,0.07692956411046899,0.31581270911730813
1.400043470218467,1.883857497809869,-0.04758326592286028,2.482694253032613,0.14494995437252026,0.7047665594973498,-0.9808229241230418,0.37026300408256546,2.517151697614334,-0.06240665225622547,-0.49194000064136667,0.06785757060835346,1.2909821232635943
1.0937997304337719,1.3435037068070637,-0.024711110517899995,1.5745518695081897,0.1295289835902965,0.6110340329647683,-2.0106281572181937,-0.2467005790909753,1.371086005737177,-0.17847506440762018,-0.9468080465148927,0.11570742903173802,1.4762156971688902
1.0038931817913224,1.2461034922167242,-0.26197226549395275,2.3546546094305816,0.4765718540176748,0.7206494707841841,-1.471504356712103,0.6689835100248458,1.4663996311080536,0.1614012455650502,-0.5735078245070244,0.3602053273872783,1.3550280547276552
-0.01779292169958359,0.7247658000979573,-1.3543314319362654,1.3747867760698622,0.21694411876714886,1.4505496213880058,-2.261508881165646,-0.4840168681492407,-0.4306234034430238,0.0964452343382355,-2.376500418931246,-0.09651372085532378,0.8223479797530712
0.932226546692093,2.566722373837192,0.13249035260174435,1.651612208459733,0.26386646307590944,0.4677231868490988,-1.0021073538096001,-0.17455178094769114,1.68676434586756,0.24678832728234623,-0.12983549281851284,0.0051993647052182386,1.897208259059116
0.6727172101847827,0.5591000495633729,0.49973296690007885,2.2806962864235456,0.4439773720316588,0.9024822356117268,-0.25556085932585926,0.5288165686165706,1.7811273594304085,0.22955435317475356,-0.9959726230324143,0.3152173543157468,1.2018113449816072
-0.29850347754778334,-1.0249395485946702,-1.8649267821057909,-0.29075608374550943,-0.619642780822598,0.33941399000947264,-2.268151730563906,-0.4830268375906679,-0.6859383121381205,-0.6337597944670255,-0.9812040215689277,-0.15337450398882435,-0.4833397559456838
-0.954268752536219,-0.5409810371045025,-2.5704454680195914,-0.2947654965100808,-0.8261750089237467,1.0877898744845558,-2.811290628746567,-0.9226599527171087,-4.1564221596195265,-0.15495160294696683,-4.933529254906913,-0.22584177515676457,-0.5200364068574791
-0.42698716473765663,0.3854010783373896,-1.6277155102116778,1.490065699662599,0.2947510707202472,0.9817782383919175,-1.9852667479092883,-0.7339977622042516,-1.6017528635087528,-0.12356390216594776,-2.4549843810033054,0.17612833102854583,0.7309877330395911
0.20299979377641444,-0.4239924164416476,-1.0088107250858513,0.9599633594312602,-0.10517541915902665,0.6837858566357236,-0.941412125206035,0.272139747419084,-0.6642133042754396,-0.07936049498151991,-0.36650589678229556,-0.04139629474427142,0.01846443690256124
0.21425129030624188,0.7140612881847964,-0.03641973103707025,3.4450134276640085,1.7840260034489137,1.0428664156784202,-1.0042320398117106,0.042727225582218836,-1.4484665244698733,0.17491963917596476,-1.3511784072696331,-0.1075894662499842,1.5312638135611392
-0.27015320813335075,0.06946468866585434,-1.389660003310483,1.5925720360052469,-0.344906412314934,0.2997847730945797,-2.8324310087474682,-0.7303705749583121,0.8165580965907107,0.17784533344959433,-4.231540186081548,-0.13094006537071737,0.4062613298402476
0.36311532275958186,1.3569582268233515,-0.9334261385341072,3.2018311065456113,1.8038229614020223,1.3704762466531248,-1.533314448228727,0.3748727062230721,-1.3453845353362461,0.2899945972559767,-1.8072058252679808,0.07669947189382365,2.337771151433181
-0.01049784397085505,0.47173740569502104,-1.223045316837314,1.2429073304393223,-0.42643516863696296,0.1717881384667837,-1.9108523565634252,-0.46097203949828536,1.0889924396207142,-0.24321795923635361,-1.2112252076063308,-0.15072492465066406,0.646422733005343
0.3352916775395472,1.5692197360941726,-0.6591807612352487,4.271650469396264,1.9400539890645687,1.622495642273376,-1.1055554760682087,0.13877209737069077,-1.4507945579280046,0.4733267255106733,-1.8643472318258136,-0.0005220293734843771,1.7520101079396495
-0.18346842327776053,0.5052373013909287,-0.9816914672577857,0.9485650334439963,-0.27015824764268476,-0.29110305526811203,-2.885714847636668,-0.513873301597131,0.21853568611343188,0.06387679698825288,-4.131284248168424,-0.1663816114947096,0.5122774806996393
-0.6650910360283322,-0.4504499391145592,-1.0818537886161357,0.7093152191324367,-0.759614438785033,0.6422119105741797,-2.638405560827296,-1.4658933615798337,0.7445138959058872,-0.22853713049449853,-5.664271718879334,-0.17982020906793578,0.8087120753319726
-0.08210570050662169,0.6223183103868116,-1.0064496400779008,1.4489094009115882,0.1458918008363495,-0.2812724566961536,-2.777663417197764,-0.3968145241153736,0.5672372976338699,0.3496760283312243,-3.84158817135108,0.2569355596216499,0.67345853850142
-0.07367952775831028,0.4432817327903791,-1.0223736860334045,1.9427760248770936,0.1259550307008127,0.7671635075342946,-2.594627987871774,-0.3468947274703532,1.0038889418977002,0.3116470272652805,-3.473793928169955,-0.04618148622206528,0.5683371315937902
-0.7068254454616297,0.048368483173867896,-1.382420577582282,1.5617486237320637,0.16433004849279925,0.25849419500730514,-2.7702952159735528,-1.228001887448934,0.5681748545200874,-0.18290343918708263,-3.840982296795894,-0.11953646663330601,0.39153049399765816
-0.3046339263290995,1.0181294525269833,-0.650410906697313,0.5613518643213643,-0.5757562247342948,-0.7011339548271563,1.730822044207404,-0.5438456360198971,1.990809851909677,0.3722428869269788,2.1271182537917053,-0.04463307519132889,-0.26799675319654254
-0.09716918478409456,1.3762672896838437,-0.49489580056319643,0.9435199840180578,-0.4308610883769062,-0.4985472922378946,2.3125318452902137,-0.65146049902257,2.210366254167425,0.5073757736695309,2.04984961562376,-0.041788105070591025,-0.2664967361589276
-0.3574554706323478,0.6684729685116974,-0.6454872058445795,0.25959926498226005,-0.6706784623902705,-1.013571353894141,1.71915104432135,-0.5600397426086577,1.5126260773340858,0.23246978454602255,1.4223187688075831,-0.03900680293122093,0.18773866447620088
-0.27474122087885106,0.7303579422986757,-0.6729954058614869,0.10672802567171565,-0.5704273773150312,-0.5201263200874545,1.5186779986963506,-0.1599213036356701,0.9971307257583573,0.29116712551357027,1.8770997936237184,-0.05659356844507985,-0.3024379186704755
0.0970805911626666,1.1529918779432773,-0.0662370710457779,0.5356333826715126,-0.39425639185123157,-0.39239708918767685,2.2780429171832894,0.1845286399467536,1.6076578737619434,0.5175377645359062,2.353820091720877,0.020583269040410683,-0.10499096608617237
-0.0022722118223706092,1.3811838280202615,-0.2539886884029127,0.6935007040699323,-0.2809505267886236,-0.2107111791955928,2.307128406727893,-0.28867784044808803,1.9003078550421115,0.362211745130933,1.5825839991122483,0.015554117029532799,0.27759136375453736
0.5353579924183174,0.26087995537970626,0.15648453491739941,0.28326306129391826,0.11642753455529192,-0.5070174242307743,-0.3264610677781621,0.4939883558897093,2.484972685811938,0.10114015858930839,0.059897241037752985,0.008355867811996006,0.35799483343958843
-0.183790724505153,-0.3406392092423305,-0.07686610641164907,-0.6460031897274571,-0.15116769268177455,-1.0807235498778107,-0.11507699237205096,-0.20784473108541637,0.4248023930254082,-0.09492773896600631,1.580070237274178,-0.031175101200739568,-0.473812968219734
-0.18095299711761378,-0.34522701407782735,-0.018908446512909412,-0.5011960040146692,0.0996758930685205,-1.017101620061116,0.48288260642439124,-0.24362857853269412,-0.6700080872720316,0.25061023642929897,1.902771916542616,-0.02529670016529663,-0.2506086461908288
-0.3403215589374305,-0.11755430840524944,-0.003752579609863539,-0.07581938833463928,-0.0302023750574638,-0.9599561825699896,0.29391943990149433,0.03493657716756904,-1.4857118667796674,-0.1746288819755946,2.594218945667769,-0.013867582671551353,-0.19795148770635335
-0.09760185486274889,-0.5253467119257483,-0.06196106563218778,-0.7222222112983258,0.1447104287680446,-1.0505275176253377,-0.3330844044473229,-0.14817044789230255,-0.21463608102666015,0.4632505893055349,2.173468281595657,-0.06404592942446474,-0.37417159862402416
0.3468403338972065,-0.20409961290243595,0.13473101221956305,-0.6576310133437316,0.33980006474277213,-0.9403258700648117,-0.3493993620243337,0.6389992480694007,1.7263203312032342,0.604342286556752,0.5572772621922193,0.015281114046358284,0.01552205907077426
-0.08353898362256584,-0.20288826797778403,-0.14126258059094346,-0.1620973987039179,-0.2157030786046137,-1.1917165576056061,0.02673479283642432,-0.13863519990713227,-1.4503438912652844,-0.16091698052982487,2.4833951957151292,-0.04242506824640767,-0.3209870307809777
-0.05514725902893901,-0.5466747315072765,0.04029336804472329,-0.35391222260530214,0.13252059166837088,-1.2409360826124125,-0.0035556259854799205,-0.24305966868789664,-1.154317724989313,0.23472691615370833,1.534872439285326,-0.013985281481097227,-0.3920695812281014
-0.11022570059169075,-0.6319912784060256,-0.24895077913585636,-0.6601196913328022,0.09435571430354478,-1.1687639545188802,-0.09767486565435933,-0.3826546113441387,-1.4104962436523705,0.21813968139907547,1.6570729895256875,-0.029743294315412575,-0.46412635910428246
-0.1280771734524104,-0.4963542205157381,0.013594178451846049,-0.631609233049676,0.059393858337360945,-1.1124092954976694,-0.0829306628596451,-0.3233559020339616,-0.7414061319145063,0.0086832335808625,2.3910126384213153,-0.062034796090382795,-0.43433877872199667
-0.1501769365297838,-0.7139685027922194,-0.21419935272075238,-0.9997953534923079,0.06623537883369461,-1.3333096238525792,-0.4621361645114504,-0.20998839932700822,0.20167415358229643,0.26566642358485193,0.7166292356937709,-0.11973891238888923,-0.5602848126314995
-0.037214734650010045,-0.3627623207774012,0.055327136110928356,-0.7221246617773752,0.340438423914214,-1.0847843734661322,-0.2530091277913501,-0.11236214735338268,0.059506621910259155,0.3419672837253246,1.5388120489194987,-0.03768222123746644,-0.23689208884826968
-0.18745812068020715,-0.7781612766063256,-0.4352892876768278,-0.7383865476529009,0.12844310788696425,-1.3047885615937416,-0.5001401545479893,-0.32616409199881485,0.14713269817642866,0.2629457297114035,0.9221270416040593,-0.03712521460424697,-0.4867145067287814
-0.11336705507089682,-0.8610381626544726,-0.03901953752566548,-0.8283508649261461,0.09355446162323151,-1.2205070811810175,-0.392448739372194,-0.326382904406637,-0.13985201259609314,0.06253897100117886,1.646496871035132,-0.09267371256628806,-0.515673318703969
0.029014431178155855,-0.6096092158928513,-0.14638929200772602,-0.5129502336577408,0.2288457526752932,-1.2533982465964637,-0.36820866351326287,-0.04963428702101948,0.668520638688157,0.29263965339658576,1.2602876723831935,-0.03144453799765966,-0.47642962107227915
0.013289869913003528,-0.6900435460307118,-0.030252182208415548,-0.7130940683175705,0.13482391758459722,-1.2152416749940154,0.29928942187223584,-0.15226895976811647,-0.6321177169142495,0.2754625187886672,1.424270456398113,0.002472528111603466,-0.49387855160774446
0.21594064720130207,-0.7413343974492618,0.04504663353527173,-0.9470192274311557,-0.005641457351545396,-1.2392479510362155,0.04937512383382343,0.0002672173439834946,-0.4395485269309332,0.003776059995612199,1.2310082946702212,-0.07035199920284665,-0.5257627209669185
0.3804210884134389,-0.26246677795683737,0.4115230057212627,-0.050406322203990425,0.33160383882777134,-0.7011453760079003,0.5739879729029619,0.2792651389063233,-0.1988254784264911,0.1452383814565837,2.8790390535309496,-0.03028723148577328,-0.4311838720832021
0.8342820032106505,1.1376853548155892,0.570230294154543,0.4722687852796581,1.0108273371929926,0.04544656920660674,0.584533358140745,0.8394254325309561,-0.09115498800451587,0.6288391270861029,3.717860048846859,0.023739831849104925,1.3829187312598028
0.8081983508035129,0.007418227234027543,0.13644495085657893,0.08723623228362881,0.7598979946246578,-0.7802274726020793,0.14107953388450886,0.2800106487785363,-0.603639168030479,-0.25030392387364486,2.5509730841892044,-0.03863335049969871,0.33406228886089406
0.11985198713942531,0.701699546237166,1.5363703887940694,0.9311633811228803,0.05887126620807163,0.4080484498271512,1.647664477866557,0.3247978295054701,-1.4167031412851068,0.7357640808261928,1.0451877268082983,-0.023946582776908,-0.38621680410785797
0.1380197186664574,0.7665561593561948,1.4621604461129754,0.7449761733661098,0.09760566456657327,0.3202490994975801,1.561963436040613,0.3103801678607448,-1.286419519979714,0.772087720642901,1.0341360410882365,-0.018693238733750086,-0.166075637060114
0.8072881357237284,0.5284191017898008,1.042295153942994,2.109640806475655,0.4665969389376954,0.6657668385478774,0.6043237445627648,0.37113847322762017,0.5003733015350169,-0.07022227687243777,4.3090573556193466,-0.152897863258711,0.7470697690267115
0.5877178825531154,0.4447175528222902,0.6542775703583742,2.283281357456516,1.1812843835498723,0.6414930664727256,0.612065842981295,1.1306599639604487,0.37733086936149957,0.1303102105007403,4.668501267144456,-0.03555003549593207,1.3914467767491518
1.3948426658018596,0.9036361056317885,1.6343737735630322,2.63492712569837,1.887551106940954,1.0747425841778104,0.7553362826030287,1.2544217144056329,0.7768938636645258,0.30207917348585184,4.882189397343125,0.09616721012422606,1.5051927330200046
0.6956510161422192,0.5059300379061864,0.9095361182652412,2.013021807277368,1.5717172726419655,0.996674632743622,0.900935789121108,0.8446982455584737,0.009075201783950061,0.08498893210974863,4.379399198860758,-0.07002830014460576,1.1978417015220553
0.9881115343256133,0.2726437584869564,0.9052599130239751,1.5740162384220295,1.0116908613908,1.024536266101835,1.1040996000522543,1.3355209996002826,-0.4330248926569602,0.12346976497314059,4.740719881271944,-0.02673960375703066,1.4249643553441596
0.6814342820354633,0.3960455485557517,0.5294096377057333,0.051288667818945304,1.1101466358515129,0.42522842431234004,0.6113866021090912,0.4662527154251516,-0.505946488401128,0.1551112997562935,3.8999309835324265,0.018664507702406748,0.7149972945679393
-0.6836558153780385,-1.0041722550905416,-0.26038014797649045,-1.1421435293925202,0.4984624513176581,-1.3735555791296061,-1.0592661408810982,-0.29329812794380516,-0.9851112682465462,-0.15795099882202013,2.372464745010559,-0.08618039046103741,-1.3368978992590885
-0.04677792806178324,0.7729973646232653,0.1503157024189002,-0.16443013637326656,-0.24180342887424755,0.18700022322332696,2.228232552807572,0.12762462600341262,-0.3861073422907954,0.22526414098632008,1.048726596085148,0.0027564546590050673,0.2643053766464194
-0.1640775063809835,0.8426650430676008,-0.7372297936015657,0.44400544337100467,-0.5121987535607898,-0.6747139756774736,1.8472760037539733,-1.1298547249721986,2.677483551984446,0.09186163403507737,1.188362116815729,-0.05125758066773399,-0.3952601659360029
-0.032318821307271754,0.6295176255537407,-0.35929925443708066,0.19103326951774455,-0.3441742991635368,-0.1850997799469364,0.8066326903189633,-0.3815914210977241,2.8708409438106344,0.2584374757090376,2.091292480476614,-0.06240578629800839,0.5829824945496188
0.183613368442489,0.3225677184553608,-0.6642993137747459,-0.33345680394313376,-0.6290593368456598,-0.5476390869315302,-0.17975787841921884,-0.1532133988839471,2.069245578036126,0.13860210291730862,2.9783004916500717,-0.043538055906279315,0.2754938238465952
0.05875280580379917,0.44830043106132916,-0.4780684865674831,-0.29746878533727594,-0.64418636461099,-0.3754833161722248,-0.12825786535110748,-0.2097938319409472,2.5712509904232705,0.17284209278101714,2.405094566761205,0.005721431486308425,0.602915338356462
-0.016501645427197304,0.17233655589632696,-0.5496237648547523,-0.24160300884913222,-0.639503351243006,-0.6959259241488245,-0.3276274975202976,-0.16109037153422834,2.265882810268343,0.12926898858199515,2.8280891645606605,-0.0533078603156739,0.3334517884916728
-0.08504466421384772,0.109897566354937,-0.5520101794683272,-0.24701640336256878,-0.8721251889566581,-0.667776482583334,0.5595726940242781,-0.20262722935734515,1.7319974854919649,0.11624112863611,2.0032746836853526,-0.07264362084782791,-0.3136413715841869
-0.6489625985961821,0.49512513803576863,-0.976091359614188,0.15284601616052315,-0.6551309808550612,-0.5314517628929268,1.0858892446187218,-0.5576970013924356,1.9420406255208782,0.10205079536057177,1.6123839828061564,-0.08778482998203903,-0.4728396412606038
-0.23002472289734419,1.5869893853821684,-0.2677209003238629,-1.1270638766532972,-0.6489200216573147,-0.09758092416450403,1.6741500744637514,-1.396314007759922,2.143436454859459,0.6321506895114564,2.736245909161452,-0.02353101929028833,-2.3830843101835084
-0.12372763488959117,1.4178853973829082,-0.28283236983749604,-0.5912637314127971,0.24783562142091486,-0.034713025695333834,1.8230765321581726,-1.3954863679647032,3.3390448398536288,-0.08738305276466742,1.676201732507389,0.007668323047045196,-1.6504331257949691
-0.12045041258032946,0.17598869145537407,-0.5646007752263297,-0.1503040214746985,-0.581958524660311,-0.6013764987627254,0.5564647336386972,-0.3148681591513257,2.0842490599097476,0.14695944626194735,1.7499605360947963,0.007394267336155089,0.009906990298897978
0.1777452133585596,0.8087606229177778,1.7892050307192322,2.1628986993018127,1.6942247580209124,1.3888457808757408,3.9720425415846217,0.7614023499139065,3.622428128598777,1.1052413222235111,0.6610354739831141,0.045678033605218306,2.3983174114534638
-0.04145712872449728,-0.05214366794667318,-0.7346361652803092,1.2185105823611635,-0.21796761408344734,0.5127709962350006,2.740163872318549,-0.5632939694376871,3.3982870977294324,-0.832168315500021,-0.15083944796170629,-0.006313086062048784,1.8742701726562037
0.7947687061544916,0.714659462266912,2.2592878739659983,2.9975325860424595,0.08867111653399948,2.9653532758701804,4.360922993415864,0.5837404709361078,1.0963161505800154,0.29702716646509064,-0.21183775497289986,-0.08347782280296101,1.3147329682732622
0.7970732457382188,0.8464541878168368,2.640403303811327,3.0344697200662147,0.2618315508144182,2.2568941254334316,4.563524767707826,0.6351409432633469,0.7717539666468899,0.3047633327316079,0.08671875721671515,-0.08220287299973683,1.1176345164711692
0.2819985105490518,0.15095399562528153,-0.37637252401870963,1.9737572287354201,-0.030710365985934154,1.0134252176361367,4.413564443424758,0.013627080226110169,3.9988848604841363,-0.5890500423550191,0.1928755754113405,0.16740063927705484,2.4459945169256803
0.5773142695902951,0.0591318250302639,0.5336283664550218,1.44780220046329,-0.0913579986844625,0.32072119975772995,0.9725373883059043,0.6170822066513614,0.9774604685594223,1.2100979495027824,0.44871052169654946,0.0006848314332051291,1.1755785192497492
-0.3626786349858675,-1.164550177370612,-3.0253143445531734,-2.017611520990419,-1.4682495377812947,-3.4799615541747264,-1.607197783871864,-1.1583003788296553,0.9956120216701587,-1.6489900363293584,-0.5164932924565965,0.20864429876932672,-0.5935266303902287
-0.8789792894856591,-2.3129000848029846,-2.893906821839821,-1.4566913369535988,-2.0412811677789104,-4.205139274532493,-1.4710304113653385,-1.3176331377872783,0.08867410202096698,-1.7586452721814725,-0.7329511471273791,-0.038789867817734774,-0.9651432409913588
-0.7272178309819557,-2.485087585324525,-2.9657690170329682,-2.555332139939483,-1.4526221049866739,-3.3180196577714125,-0.7302489494521999,-1.5758065908997216,1.1344667556555939,-1.690981540089059,-0.7884901667417338,-0.10975643700299166,-0.004374760416750223
-0.10869954011609986,-1.9204304757450399,-3.2530114993106367,-2.0161870731102924,-1.40658365716899,-4.345939928909972,-0.08660690677455733,-1.5226223383378241,1.2630790685888174,-1.5344797233098908,-0.3574703384470194,-0.14202469709846707,-1.5777279611728672
-0.27898000481383256,-1.1857669860543683,-3.15135032141426,-1.5896052936024758,-1.297285380139947,-2.659295343591107,0.033210586321850616,-0.9470373384600196,0.654428215570127,-1.2706171438460132,-0.6355267208022998,-0.035546189513471445,-0.6477781664743089
-0.47914452507212346,-0.38460529854158987,-1.363338818463704,-0.7533472774796084,-3.1612850430248205,-1.5904130181778844,-2.7281432325548183,-1.529611304268862,0.20143703439842087,-0.914398102808951,-0.4629696051502186,-0.07876562064642914,0.28057534710943904
-0.011031984327774956,-0.4702105142812555,-1.3931434841107369,-0.3716633081513769,-2.832006713443487,-1.5426626876772693,-2.5427853962000357,-1.1593760036819407,0.23582771466993227,-0.6551571770674657,-0.27934869389877537,-0.08075037620625358,-0.08846151382765835
-0.09369270869841181,-0.5184848044140057,-1.9467019103643384,-1.7746093400681602,-1.3399450086119273,-3.0418929404154826,-1.9762465810739538,-0.7904815970940723,1.7271981737648856,-1.08033902073693,-0.7339836913207544,-0.11798632389969287,-0.12679247559565635
-0.1104131851790267,-0.7166792883235028,-2.2874735865824753,-1.9978514429189578,-1.1439340668068163,-2.663377298854498,-1.7351113229493298,-0.816801738409429,1.8033407988740753,-0.9773237863762512,0.3253707868191932,-0.11931048737838866,-0.7651642317428358
-0.0945850540604442,-0.9023955834584516,-2.410397821220362,-1.9436225087035244,-1.2641068658625916,-3.168475974115751,-1.6820295666328944,-0.7984746614709084,1.7968465678424879,-0.8856536477198824,0.3426144242198725,-0.09255286913830793,-0.3156141711145433
0.26198461011828245,0.3785272149027635,0.6837771820308018,-0.21001292133652094,0.013715677385528972,0.11050765671042956,1.451258404455148,0.22385825401689438,-0.9188404331418377,0.5427251279581754,0.5108768421359776,0.021356964651495305,-0.003974175717578237
0.10842435171620701,-0.3191463220512703,0.3442709308241803,-0.16737036533757213,-0.25738388268690976,0.10803669118115472,1.0033443899193983,-0.009655475492278706,-1.6347139359068952,0.2771683085616677,-0.2003665587926905,-0.029698019979728665,-0.34907951544866783
0.09462511462366426,-0.14139651183763313,0.867022297322336,-0.28186623627940816,-0.05424533677183913,0.14366817104733642,0.9528075652869625,0.12311336532649077,-1.4068610437442026,0.35278483287534773,-0.10064043305917755,-0.003058417535697417,-0.16627507945005265
0.1084417404014514,0.21566294865682722,0.32579929063614044,0.15133951848709146,-0.21507287772165407,0.037335294613407864,1.5388875159031399,0.10246788551099595,-0.9315453037930033,0.2596039365459648,1.163945143599477,-0.02542509591517355,-0.017112860348489592
0.43838234026709344,0.7057882324357826,0.8380280777760264,0.8771895787192301,-0.16085969812547177,-0.25310907929100923,2.1308271496349738,0.5095542994452017,-1.0330569857317535,0.5431023727895484,0.84235576496563,0.01564528585515084,-0.5133466677709171
0.4493479099647245,-0.3143550533759925,2.5281250334241316,1.7956879114838213,-0.23348153714194086,-0.007130563507477563,1.3530012070594561,0.37619985040277243,-0.9940775977685631,0.519468438949229,-0.7807935318249899,0.10690687600523223,0.01621667175708959
0.2066777126563505,-0.5903368349626867,1.7839300489534315,1.3398859158354917,-0.5430990866375053,-0.4897568221938694,0.807788577470411,0.28551739757311434,-1.3409889081011839,0.43503436323772676,-0.6150512018815306,-0.02855622247896258,-0.6252212780838212
0.6727886674232367,1.3043748415427077,1.6331211933162477,1.590256278358607,0.021253606147236467,0.43245422837634884,2.0062139959002123,1.0598986518082933,-0.9765877992121713,0.7537618517172007,2.5464877223833984,0.1012876063036835,0.4082221679079038
0.3765669301369535,0.5395849263740495,0.9198066395707429,1.1471982211495437,-0.3539284742313127,0.31025059729607574,1.1319354476107075,0.4884967561666335,-1.0822363453586066,0.4571399747290543,0.9312942975169674,0.0010058705508709182,-0.16071325348897134
0.42332288629064946,0.45053316901127477,1.0156919502052997,1.3013345561704288,-0.2555217184788651,0.20769660220274516,1.2995739114398346,0.5048819122577294,-0.9826628378106074,0.6300029611587524,0.7678228450411311,-0.0007490671881371153,0.08123411849761991
0.22652293474827367,-0.04468795771814057,0.30428899262307435,-0.4748045525741245,0.18226967048313886,-0.4006815972510311,0.817895060726959,0.20888399741301933,1.4733306626385696,0.5340710382142829,2.587587658755688,0.026251440621498447,-0.30800902748894343
0.323186102328408,-0.12281933463902926,0.268939915917193,-0.47520681482222354,0.10873108693398535,-0.5909633538747827,0.5904925927292141,0.3680931548401715,1.8937953668336074,0.4414247320561362,2.145039104532657,-0.0018987675476819356,-0.198951322707451
-0.6261787677882239,-0.543035338640006,-0.5055378615411208,-0.8934140643643007,-0.22894645521624213,-0.6382651512428291,-0.05913794707920818,-0.027580552319995948,2.276327902123125,0.242224680977977,1.365152414666696,-0.08533370303921411,-0.8157645768910233
0.8026518838524093,-0.2670573655495214,0.5023213083710935,0.0457802448287192,0.818842090351714,-0.49492435014806724,1.0590800579823554,0.3208871608227491,-0.9125083797300858,-0.08746722555615823,2.8974615528962264,-0.03002728856763716,0.05405008702176733
0.7578572962298573,-0.2559509266535235,0.7118900928325537,0.002471589717703621,0.7682240172113395,-0.46181903997539653,0.8602942502177835,0.3800303898689646,-1.0404158731663804,-0.06101038252158702,2.757833987721759,0.02400434112331525,0.18490046243597216
0.1924915942146132,-1.1951379494110332,-0.2622763179594445,-0.980738390815289,0.7182722096672904,-1.2618781061853381,-0.46419101637374205,-0.08303531634310872,-1.5270875275921485,0.22471243776122307,1.9637229645210834,0.00011191251377262425,-0.6314231203535259
0.4108436425237193,-0.17044702205030876,0.4015327327698469,0.22536896977573628,0.020480952737852887,0.5079002670426336,0.05038558797600366,0.3437043897864511,2.3261390850517074,0.22213292834969856,-0.22195807735849604,-0.041990465770682585,0.034893931966378605
-0.07897107592887334,-0.6555232930173062,0.3072628527538229,-0.6204524128749552,1.185294212638401,-1.5478971898069398,-1.7161148879677062,-0.014412443801864109,-0.20673485363264466,-0.07823431330991701,0.48048335965929734,-0.03420001706625852,-0.46630604486809
0.9092381687234672,0.41132445701397935,0.529717916527556,0.1296925937829332,1.0028124022835656,-0.42420707854649264,0.5379409413670916,0.5673609888584662,-0.5951183793797262,0.05639597844746375,3.140316987891371,0.010675542728147636,0.25240606710418223
0.19872746911210315,-0.8634200667103545,0.18140939062668215,-0.8818098086129045,0.8198095657448801,-1.0256954629636472,-0.9301540718020662,0.015506705257834616,-0.9374353604215303,-0.11999637252030279,1.3510390406122643,-0.03987778880633405,-0.8230881342095221
0.4682919329917059,-0.6695141870756116,0.3848718184310322,-0.6185622387927853,1.029656404374788,-0.8448069864677061,-0.8657106288869141,0.08254388223091762,-0.7427214369581395,-0.0386853244848964,0.9924548562264276,0.07006214819175903,-0.4975660884338947
0.4971975549300096,0.19735441787582342,1.3719808236913131,1.8823058509050563,0.9762756427770687,0.9180140765145838,-0.0354616839273108,0.14267758704721933,1.846581417694688,-0.008895705139471403,1.093252948925106,-0.018853802846537704,-0.12792749808169887
0.467975316530404,0.29382824089171167,1.5399735417718898,2.0044342803484247,1.4384359468550731,1.1250587683833304,0.06133944104943017,0.1099330788654172,1.1051259022325068,0.013779809806081782,0.5340721274612262,0.042082538991752565,0.014614952318370462
0.5842865888422565,0.01809641397609887,1.4778359764928208,1.851775498705295,1.743846715235462,0.7921000997163357,-0.006093773255642088,0.3414678789592451,1.1127725322275532,0.24150619229508782,1.3169881398556755,0.09018770543754935,0.017160766921523338
-0.6935898887366057,0.11380395256810721,-0.08301952524524611,0.8828639206538598,-0.10440186707923815,0.23938650538265296,0.8267109852408367,-0.14899064351597582,1.2089836700374466,-0.20002537731857348,2.607285062951139,-0.021814612291960342,-0.7154520402414105
-0.5006726387163829,0.1018737772376172,0.14745013727806525,0.8598589205493532,0.07562664044296576,0.05392164779413081,1.2648742085509004,-0.26196118767476734,1.236072016477378,-0.21769371884668048,2.9007672466275594,-0.051356073850765606,-0.9896830248553307
0.01272183449007569,-0.2264650695025922,0.04294558067495632,-0.4658797688078551,0.7578261224408116,-0.23856554040167902,0.4430634017743999,0.22281788767470662,2.8515783052881147,-0.049172201167481826,2.232257763970023,0.0190782373026014,-0.5891418626097341
0.07280407595344723,-0.26453374121131173,0.009384787167526158,-0.4552182284525286,0.7912269078339969,-0.2648666081225707,0.49998474636529067,0.22857470999885768,3.0892712579802097,-0.017919816284750922,2.6327193050148594,-0.07274961935149313,-0.6083964510148187
0.3137785045903487,0.9363562282692227,0.3206611486182859,-0.21385275327186623,-0.04442750295184331,0.1592009680407744,1.9316878272582676,0.4110254267872209,1.6757356555232157,0.07473594503166771,0.08412250369994173,-0.017188801823390887,0.39289254909070837
0.23044213031522118,0.8250518876169293,-0.0472916959174392,-0.1551398291759606,-0.2916962215221591,0.1072093571153366,1.6385906935415955,0.3263823938431839,1.983113698737903,-0.0023867091039816188,0.07153148543762242,0.0301084236914499,0.30840288170716845
0.4161977376685374,0.5195848478397562,0.16477390519550258,-0.2088438997246947,-0.020571723893905727,-0.32525785114564426,1.407353442556535,0.66149466878838,1.2886893771247316,0.4845932658689303,0.5187613265619925,0.05352547950111323,0.3501419681786662
-0.9193918190244589,-0.15346496306618468,-0.7154368512332443,-0.5027717754053366,-0.6150416184961796,-1.1133054781405052,0.9426421956997362,-0.020185120920133297,1.2303379649451625,-0.012714810068201719,-0.08141049702548314,-0.11028671671843361,-0.3939155368848392
-0.8443296647444366,-0.12111141757936113,-0.7516270626543297,-0.4523192849651807,-0.722777012227517,-1.1103145330880455,1.0792707923515183,0.03873157417919063,1.2580442781591166,0.07855655371935837,-0.07145250576858715,-0.0802696322608325,-0.4320591070606476
-0.15710010360098553,0.4464073055206488,-0.15597770800503585,-0.439240429400363,-0.4011682161352495,-0.37933437932230957,1.507139200244306,0.2849434424615982,1.0515259143430742,-0.17138181150890905,-0.5516979650066545,-0.05821961089244327,0.21386878616280025
0.43644916033372283,0.6434021843183372,0.6125739792351508,0.10265116690658031,0.16385828086278495,-0.6417945894950796,1.1670634783274079,0.26786926414403645,-0.855575230535534,-0.0709521918329929,1.2611072825674072,0.016028905587477865,0.2444104817861484
-0.2462456965198119,-0.7120471142532511,-0.03692785247642963,-0.8470250719221721,-0.13489348778604632,-1.3739229259536498,-0.4314397595926292,-0.4166272170883085,0.9229862178593048,0.27213557680965295,1.1930904865885772,-0.0776694485814207,-0.5958705236974897
0.8638309840961463,0.6532754470325179,1.1169929363019766,0.4028313453371327,0.1944004677391301,1.83145770240989,0.11973608752816085,0.3618054068916376,-0.5610947595174528,0.0648243266789036,-0.36112116787582643,-0.006821724393715595,0.20873990383620053
-0.6184274908332413,-0.1904487440123275,0.6345025836660836,-0.4791055947342991,-0.7065049404286159,2.2060538701389714,-1.0385608677995493,-0.6580337704284789,-1.892709740764953,-0.1524256272381172,-3.344453264326633,-0.1254564050885124,-0.43841856650232036
0.05654305930352865,-0.279775900376133,-0.5819487655669864,-0.05441504897135829,-0.14830411987379194,-0.5210715694539247,-0.13079668649989695,0.1426737992289579,2.561896091190477,0.2330919403489679,1.5047505353391175,-0.04395608594227171,-0.3738859452803929
-0.3195082205630995,-0.5313910504114916,0.311834251650402,-0.5485363342695765,-0.289177171683146,0.9872347595330536,-0.8695732040041024,-0.18354491179537347,-1.6463519454794004,-0.1635647573914482,-0.7160703939996247,-0.012821305285518392,-0.4514439122554742
0.8636159186727471,0.9511465783086087,1.0646171180293382,0.5323686738519203,0.24205166090797223,2.2952630783803762,0.42598455986628914,0.6524362873337748,-0.7943277135320627,0.1710897468935905,-0.008350529792822038,0.20419248833838433,0.36544600111432385
0.095121884155087,0.006249636761430138,0.2271038179575568,-0.02807410844084293,-0.12477657497498312,0.18172573608139317,1.6421442769229826,0.09069639898733131,-1.3996804105614618,0.3941793343724891,0.3144749747640971,-0.02961688025544091,-0.14928003027103842
0.11378750119979178,-0.06566322577392882,1.0978219058178362,0.9814560158737002,0.5955345301423222,0.04891080127615063,0.33214899139944465,0.4816089140339239,1.3984505749069571,0.2122936220482613,2.656576868500043,0.043864169450890854,0.5523562804754408
0.5611126749248556,0.006984291332256439,-0.597595105778633,0.6970432997722592,0.6570086290459665,2.2489731916557587,-1.3581956478125519,-0.13980122576260723,2.5715509503386498,0.0705249669547712,-1.8288972033829323,-0.061593332681804815,1.443353653890598
-0.3787256962267888,0.103005904989938,-0.8744611187920801,-0.4825583872374976,0.5758133663506144,0.5530002304761568,-2.088686191452563,0.0035508747367809144,1.2747342722428339,-0.22029892896146822,-2.430829536048696,0.012884531499196968,0.8486821110355147
0.23580387169702177,0.5574243678763096,0.4734342685786801,-0.1735075189581968,1.7688145252741458,1.6881241041235628,-1.3941209098629446,0.40592553538787696,-0.09115132503625414,-0.059914748280619684,-0.5470831364703677,-0.0199625581057948,1.3201265749645728
-0.6136797364449338,-0.2296995819266886,0.018183858219741198,-0.32601371235524607,0.766794918885765,-1.2212774402420552,-2.0140857343453296,-0.06881672147764933,0.5493629715012179,-0.013214802431563514,-0.344746250560921,-0.03806706159789525,0.03724668716804855
0.734489648792789,0.3709333116230038,0.3920372213195596,0.09662051848963728,1.0279633447196748,-0.005069217041341729,0.6532334461301151,0.2954094459054373,-0.811311072445371,-0.37581265113109524,3.7239130827334384,-0.010080862069088438,0.2506738245176773
0.41125097291440604,-0.3890424233975096,0.012816457098039457,-0.5654886126399249,0.835284757347674,-0.747815017359228,-0.25280802503642097,0.08671001525388827,-0.5793018507916065,-0.07703919911653627,2.240068011003443,0.010519874819243935,-0.2465481432672176
0.221853153534337,-0.549899140868543,-0.09101910185948427,-0.8672480874270616,0.8347462670091125,-0.8238877808178464,-0.396443310353077,0.15845601373041665,-0.6734096432404801,-0.12392136541091732,2.519702017905397,-0.015129458728349901,-0.44099770498875945
-0.3958392728839277,-0.556367055732343,-1.4399509221501647,-0.9503796542228924,-0.8398851020867004,-0.58610994850751,-3.260650390990389,-0.8746309304671984,-0.5913241393310534,-0.13034085767343648,-3.2830031228908862,-0.1137159573679997,-0.5095644347193753
-0.8346424814660309,-1.2148888672551967,-1.2819543233927753,-0.8465434730228864,-1.2953111273800542,-2.0540272388483083,0.6624035493993303,-0.3393853269266482,-0.8329881177195865,-0.3427678908154161,-0.7343142274658506,0.27156394478580387,-1.282512448473523
-0.9857482335351716,-1.1887481921683585,-1.102517446206572,-1.1721565475420923,-1.115893411369632,-1.9247597042861808,0.9345009815397982,-0.3681285971144421,-1.0990627124520123,-0.2230269924856515,-0.6251980919095997,-0.03702141195095871,-0.8878091304154236
0.8074115849695066,0.877067293684102,0.16825462996907933,2.334647714537569,0.16117501464827605,0.8558519873659436,-1.5220212719843,0.41730765744992016,1.8594280204363176,0.2930479063869765,-2.0010520331944446,0.2811653913909364,1.1836009594316903
0.4056197935260004,-0.0944902055193153,0.4035210564773943,-0.17127875530988795,0.5059343486941523,-0.5873387752721704,0.3566714629768911,0.12085674732923514,0.39024000014799337,0.04034091194988129,3.1533343096098134,-0.026448508939809275,0.09717628578758898
0.6431263978085998,0.38181059193900907,0.3424061859709519,0.11315833742212912,1.0344428094383329,-0.5266502758529451,0.3095509520017853,0.3706662571285336,-0.5711357342089629,-0.029347444626813143,3.82803007023202,0.02086465160983317,0.2952608688568905
0.9227516966825351,0.4686437222754787,0.5264890051229547,0.1356828284993146,1.0057662442761162,-0.37472719504290986,0.40807640840195947,0.37208576295317874,-0.3820632438454775,-0.07559270096011458,2.88292234871433,-0.015692999604054743,0.35616593294052623
-0.038847909196176346,-0.9752937506273801,-0.3943772403254277,-0.7112141389348029,-0.6080970548602961,-1.4685563887086592,0.20391060703537545,-0.19007135790462296,2.46654614649506,-0.1374220943024072,-1.5090200051799834,-0.10149243244590855,-0.4249620536383655
-0.345550726307556,-0.6940779841898217,-0.6771312779353724,-1.0999955868483005,-0.07173781107076325,-1.7558171687440742,0.07454632567448757,-0.04014191602460209,2.39741461342925,-0.48026298719458294,-1.2289859704973383,-0.1320142775980964,-0.2624657137909285
-0.1497572423103783,-0.9151352894192356,-0.3119758400765972,-0.6373226923785277,-0.16936580189607223,-1.7004239516901887,0.052822348865576935,-0.10170676735022828,2.4504905925277214,-0.2575639604870229,-1.6591846677888602,0.09263079423043452,-0.7943527145994206
0.8104054767069303,0.43448429949478096,3.255661774833376,3.049442884560881,0.49267268066397957,2.582345279124048,4.354935495083532,0.9327270804635349,1.137879061332593,0.4645721051935106,0.5621423786247353,0.05413992227055115,1.4629056901060453
0.6897465853372383,0.6338785697695698,-0.441322044538748,1.7998847331406758,0.5869250476981204,1.418008440636202,5.215076125761907,0.0239364853056355,4.2090247968687775,-0.5408429875809494,-0.2992931382295987,0.03739948567003012,2.6807945020693458
-0.06711687890191881,-0.4291626755365481,0.17656299168554435,0.6935448061343696,-0.6500031145320584,-0.3850209850724784,0.5204828879371699,-0.2524834985203215,-0.34696297913168883,0.6660898329731488,-0.013651610122372827,-0.17928301377221936,0.16540839312701577
-0.0035344701606987005,-0.04372750140467865,-0.907840973241772,-0.3413906969668137,-2.4724785219143244,-1.305704352509541,-2.3020850198560714,-0.9379163857813304,-0.06389941477734186,-0.5111423465640594,-0.6304700239944373,-0.07877464072364909,-0.038783727530907385
-0.09719643421471123,-0.30860097519587726,-0.7193200483830232,-0.4088294343717604,-0.011079025564508281,-0.37078074800988886,0.468422362257002,0.07610647337821616,-1.085431587005862,-0.056234920681971653,-0.7529883297894977,0.2896780524503749,-0.11126804029594897
-0.1320800423316864,-0.2393558886797272,-0.5402595465260351,-0.3949443905972616,-0.16909829237498342,0.06942962273800124,0.5630185708465675,0.1206008022692468,-1.1267879603117599,-0.11319913735406267,-0.7121665903029498,0.32699285498199354,-0.03406969958243685
-0.27916693763083056,-0.47608936468967133,-0.8443769095005053,-0.6157666007812239,-0.2991733770212159,-0.29838159010538634,0.10337525002813594,-0.05963198403310441,-1.1211647901844437,-0.19103425909402882,-1.0590846869696136,0.13137347614651335,-0.2080415436661699
-0.2669227566104382,-0.9805835484146761,-0.7026314902657437,-1.4004254239619085,-0.5072484858665202,-2.007746842184311,-0.6108239830080938,-0.3837902358743466,-0.9579585306149804,-0.2687958525364393,1.865588477190274,-0.026803140404323696,-1.029216857385149
0.6023279232718047,0.5686270722664065,0.29564123126005526,-0.00652470817065086,-0.023814348202302056,0.5481578078265819,1.4667433872301547,0.35987791253305546,0.9115424285999807,0.02693456465999295,-0.05466656056232771,-0.01811528681984356,0.14799804045922219
0.4733624618029635,0.6821210051053722,0.12953810709683838,-0.06947224006056779,-0.04568046577792198,0.5221127798139222,1.4161998897708123,0.3534779813549378,0.648356927561884,0.014357763740958453,-0.07546372463512749,0.24291279532429236,0.24197625423574623
-0.31066950823490824,0.5044492382908033,-0.7042824039546152,-0.3642883433018707,-0.5939316193676659,-0.5409608308256912,2.1647750906294423,-0.07966780564023385,1.449051364303256,0.2119340244494378,0.9115202459734346,-0.05585938296591232,-0.07103117321203979
